consumer_id,recommender_id,cycle,satisfaction_score,rec_state,controlled
370,popular_1_exp_Experiment_1_seed_42,1,0.0436741788757223,connected,mainstream
577,popular_1_exp_Experiment_1_seed_42,1,0.04452498857908108,connected,mainstream
557,popular_1_exp_Experiment_1_seed_42,1,0.06281445090655902,connected,mainstream
397,popular_1_exp_Experiment_1_seed_42,1,0.05134481210027649,connected,mainstream
108,popular_1_exp_Experiment_1_seed_42,1,0.04554096348386668,connected,mainstream
321,popular_1_exp_Experiment_1_seed_42,1,0.04313218523275664,connected,mainstream
551,popular_1_exp_Experiment_1_seed_42,1,0.041282666632760305,connected,mainstream
7,popular_1_exp_Experiment_1_seed_42,1,0.016565613863440583,connected,niche
420,popular_1_exp_Experiment_1_seed_42,1,0.05450629409922425,connected,mainstream
517,popular_1_exp_Experiment_1_seed_42,1,0.05389615258448397,connected,mainstream
274,popular_1_exp_Experiment_1_seed_42,1,0.04450648785581932,connected,mainstream
484,popular_1_exp_Experiment_1_seed_42,1,0.04471762676549767,connected,mainstream
96,popular_1_exp_Experiment_1_seed_42,1,0.05467587434178913,connected,mainstream
64,popular_1_exp_Experiment_1_seed_42,1,0.04943993413015437,connected,mainstream
527,popular_1_exp_Experiment_1_seed_42,1,0.05003613503621602,connected,mainstream
152,popular_1_exp_Experiment_1_seed_42,1,0.0618714954605564,connected,mainstream
335,popular_1_exp_Experiment_1_seed_42,1,0.04935035534375023,connected,mainstream
305,popular_1_exp_Experiment_1_seed_42,1,0.05439426630047919,connected,mainstream
407,popular_1_exp_Experiment_1_seed_42,1,0.05453518252305462,connected,mainstream
408,popular_1_exp_Experiment_1_seed_42,1,0.05348181603440344,connected,mainstream
249,popular_1_exp_Experiment_1_seed_42,1,0.04883425359331684,connected,mainstream
148,popular_1_exp_Experiment_1_seed_42,1,0.06312184430092033,connected,mainstream
33,popular_1_exp_Experiment_1_seed_42,1,0.012834104968930393,connected,niche
2,popular_1_exp_Experiment_1_seed_42,1,0.011453990442302104,connected,niche
239,popular_1_exp_Experiment_1_seed_42,1,0.04463537234085301,connected,mainstream
175,popular_1_exp_Experiment_1_seed_42,1,0.04924301814422761,connected,mainstream
89,popular_1_exp_Experiment_1_seed_42,1,0.047590242390473936,connected,mainstream
507,popular_1_exp_Experiment_1_seed_42,1,0.047995513710716114,connected,mainstream
109,popular_1_exp_Experiment_1_seed_42,1,0.04864191724772943,connected,mainstream
257,popular_1_exp_Experiment_1_seed_42,1,0.049070647234625196,connected,mainstream
98,popular_1_exp_Experiment_1_seed_42,1,0.05037320737608999,connected,mainstream
49,popular_1_exp_Experiment_1_seed_42,1,0.021874084145976257,connected,niche
462,popular_1_exp_Experiment_1_seed_42,1,0.05261698177663902,connected,mainstream
313,popular_1_exp_Experiment_1_seed_42,1,0.04603610254350535,connected,mainstream
552,popular_1_exp_Experiment_1_seed_42,1,0.05791551646596316,connected,mainstream
235,popular_1_exp_Experiment_1_seed_42,1,0.05317946803360494,connected,mainstream
258,popular_1_exp_Experiment_1_seed_42,1,0.049349023986935574,connected,mainstream
133,popular_1_exp_Experiment_1_seed_42,1,0.04744490101259477,connected,mainstream
30,popular_1_exp_Experiment_1_seed_42,1,0.012664556408179393,connected,niche
220,popular_1_exp_Experiment_1_seed_42,1,0.048629002233756165,connected,mainstream
22,popular_1_exp_Experiment_1_seed_42,1,0.017518140758088423,connected,niche
134,popular_1_exp_Experiment_1_seed_42,1,0.060664010306853346,connected,mainstream
260,popular_1_exp_Experiment_1_seed_42,1,0.050599882059901964,connected,mainstream
107,popular_1_exp_Experiment_1_seed_42,1,0.05349604455085805,connected,mainstream
158,popular_1_exp_Experiment_1_seed_42,1,0.05109264445430609,connected,mainstream
276,popular_1_exp_Experiment_1_seed_42,1,0.04590735043343169,connected,mainstream
307,popular_1_exp_Experiment_1_seed_42,1,0.049208982457124996,connected,mainstream
358,popular_1_exp_Experiment_1_seed_42,1,0.0531671774223376,connected,mainstream
284,popular_1_exp_Experiment_1_seed_42,1,0.05005341191068725,connected,mainstream
590,popular_1_exp_Experiment_1_seed_42,1,0.0404651688421489,connected,mainstream
308,popular_1_exp_Experiment_1_seed_42,1,0.05039849037492337,connected,mainstream
92,popular_1_exp_Experiment_1_seed_42,1,0.056258011888959715,connected,mainstream
250,popular_1_exp_Experiment_1_seed_42,1,0.04742864133901242,connected,mainstream
78,popular_1_exp_Experiment_1_seed_42,1,0.043791814838969496,connected,mainstream
585,popular_1_exp_Experiment_1_seed_42,1,0.047860318588653285,connected,mainstream
111,popular_1_exp_Experiment_1_seed_42,1,0.05463788089012236,connected,mainstream
275,popular_1_exp_Experiment_1_seed_42,1,0.04971775070473675,connected,mainstream
264,popular_1_exp_Experiment_1_seed_42,1,0.04420458259771811,connected,mainstream
339,popular_1_exp_Experiment_1_seed_42,1,0.05469977220779628,connected,mainstream
184,popular_1_exp_Experiment_1_seed_42,1,0.04727005651186539,connected,mainstream
173,popular_1_exp_Experiment_1_seed_42,1,0.04785820940831916,connected,mainstream
289,popular_1_exp_Experiment_1_seed_42,1,0.0425970273751252,connected,mainstream
142,popular_1_exp_Experiment_1_seed_42,1,0.04875426379905648,connected,mainstream
116,popular_1_exp_Experiment_1_seed_42,1,0.04492487828792021,connected,mainstream
437,popular_1_exp_Experiment_1_seed_42,1,0.04515041430252852,connected,mainstream
247,popular_1_exp_Experiment_1_seed_42,1,0.04615810404072495,connected,mainstream
452,popular_1_exp_Experiment_1_seed_42,1,0.049708813647663296,connected,mainstream
132,popular_1_exp_Experiment_1_seed_42,1,0.05414089142608539,connected,mainstream
37,popular_1_exp_Experiment_1_seed_42,1,0.011708085963056995,connected,niche
338,popular_1_exp_Experiment_1_seed_42,1,0.059229124800713545,connected,mainstream
231,popular_1_exp_Experiment_1_seed_42,1,0.05516044420211369,connected,mainstream
4,popular_1_exp_Experiment_1_seed_42,1,0.019057644547190323,connected,niche
57,popular_1_exp_Experiment_1_seed_42,1,0.012322968917764335,connected,niche
10,popular_1_exp_Experiment_1_seed_42,1,0.01690551521386824,connected,niche
179,popular_1_exp_Experiment_1_seed_42,1,0.052087314440945415,connected,mainstream
106,popular_1_exp_Experiment_1_seed_42,1,0.04639193385598953,connected,mainstream
114,popular_1_exp_Experiment_1_seed_42,1,0.05235643859671004,connected,mainstream
149,popular_1_exp_Experiment_1_seed_42,1,0.06174469035250763,connected,mainstream
268,popular_1_exp_Experiment_1_seed_42,1,0.04437177966457994,connected,mainstream
554,popular_1_exp_Experiment_1_seed_42,1,0.04829419405102014,connected,mainstream
572,popular_1_exp_Experiment_1_seed_42,1,0.04741128021159913,connected,mainstream
556,popular_1_exp_Experiment_1_seed_42,1,0.04488417583936441,connected,mainstream
477,popular_1_exp_Experiment_1_seed_42,1,0.06348093669863253,connected,mainstream
272,popular_1_exp_Experiment_1_seed_42,1,0.053171304647808,connected,mainstream
12,popular_1_exp_Experiment_1_seed_42,1,0.02115529631574629,connected,niche
45,popular_1_exp_Experiment_1_seed_42,1,0.01899493016562279,connected,niche
528,popular_1_exp_Experiment_1_seed_42,1,0.046314086092234676,connected,mainstream
243,popular_1_exp_Experiment_1_seed_42,1,0.04510366670971502,connected,mainstream
429,popular_1_exp_Experiment_1_seed_42,1,0.04476518644664527,connected,mainstream
470,popular_1_exp_Experiment_1_seed_42,1,0.04583344746560334,connected,mainstream
90,popular_1_exp_Experiment_1_seed_42,1,0.039931887294095976,connected,mainstream
472,popular_1_exp_Experiment_1_seed_42,1,0.04697519761874056,connected,mainstream
130,popular_1_exp_Experiment_1_seed_42,1,0.045977219167492665,connected,mainstream
202,popular_1_exp_Experiment_1_seed_42,1,0.04962469685968505,connected,mainstream
251,popular_1_exp_Experiment_1_seed_42,1,0.045513649930702345,connected,mainstream
383,popular_1_exp_Experiment_1_seed_42,1,0.060826257693807596,connected,mainstream
302,popular_1_exp_Experiment_1_seed_42,1,0.045561051117540406,connected,mainstream
15,popular_1_exp_Experiment_1_seed_42,1,0.010733966303535174,connected,niche
342,popular_1_exp_Experiment_1_seed_42,1,0.05172674840577748,connected,mainstream
299,popular_1_exp_Experiment_1_seed_42,1,0.04781220548864835,connected,mainstream
415,popular_1_exp_Experiment_1_seed_42,1,0.04420888738195102,connected,mainstream
211,popular_1_exp_Experiment_1_seed_42,1,0.06211013757499598,connected,mainstream
461,popular_1_exp_Experiment_1_seed_42,1,0.04534812184561837,connected,mainstream
454,popular_1_exp_Experiment_1_seed_42,1,0.06736053862715137,connected,mainstream
493,popular_1_exp_Experiment_1_seed_42,1,0.045169453709404554,connected,mainstream
591,popular_1_exp_Experiment_1_seed_42,1,0.047957370734766525,connected,mainstream
456,popular_1_exp_Experiment_1_seed_42,1,0.04500094733949082,connected,mainstream
212,popular_1_exp_Experiment_1_seed_42,1,0.05002926116097786,connected,mainstream
457,popular_1_exp_Experiment_1_seed_42,1,0.04865171185761779,connected,mainstream
352,popular_1_exp_Experiment_1_seed_42,1,0.03964908333658416,connected,mainstream
365,popular_1_exp_Experiment_1_seed_42,1,0.04921866010591234,connected,mainstream
496,popular_1_exp_Experiment_1_seed_42,1,0.053562154994363696,connected,mainstream
482,popular_1_exp_Experiment_1_seed_42,1,0.055453554159245765,connected,mainstream
354,popular_1_exp_Experiment_1_seed_42,1,0.055936068837166016,connected,mainstream
447,popular_1_exp_Experiment_1_seed_42,1,0.0483147124222529,connected,mainstream
384,popular_1_exp_Experiment_1_seed_42,1,0.05899912474753024,connected,mainstream
295,popular_1_exp_Experiment_1_seed_42,1,0.04324472856299141,connected,mainstream
406,popular_1_exp_Experiment_1_seed_42,1,0.05038572778813405,connected,mainstream
28,popular_1_exp_Experiment_1_seed_42,1,0.012059350721811865,connected,niche
209,popular_1_exp_Experiment_1_seed_42,1,0.0449532343147143,connected,mainstream
271,popular_1_exp_Experiment_1_seed_42,1,0.046653518122717896,connected,mainstream
11,popular_1_exp_Experiment_1_seed_42,1,0.018361863328609212,connected,niche
292,popular_1_exp_Experiment_1_seed_42,1,0.06323594580789889,connected,mainstream
62,popular_1_exp_Experiment_1_seed_42,1,0.048463030825397234,connected,mainstream
400,popular_1_exp_Experiment_1_seed_42,1,0.04780701597845611,connected,mainstream
24,popular_1_exp_Experiment_1_seed_42,1,0.013551514201063153,connected,niche
435,popular_1_exp_Experiment_1_seed_42,1,0.051665767014839575,connected,mainstream
234,popular_1_exp_Experiment_1_seed_42,1,0.04807910877380505,connected,mainstream
319,popular_1_exp_Experiment_1_seed_42,1,0.045723422245148714,connected,mainstream
43,popular_1_exp_Experiment_1_seed_42,1,0.02472166648096882,connected,niche
337,popular_1_exp_Experiment_1_seed_42,1,0.05044681718578159,connected,mainstream
246,popular_1_exp_Experiment_1_seed_42,1,0.0405038526511249,connected,mainstream
85,popular_1_exp_Experiment_1_seed_42,1,0.052862764264292685,connected,mainstream
425,popular_1_exp_Experiment_1_seed_42,1,0.0532097480481272,connected,mainstream
553,popular_1_exp_Experiment_1_seed_42,1,0.05927078782254928,connected,mainstream
549,popular_1_exp_Experiment_1_seed_42,1,0.04816498551632909,connected,mainstream
360,popular_1_exp_Experiment_1_seed_42,1,0.04972875701998334,connected,mainstream
347,popular_1_exp_Experiment_1_seed_42,1,0.04910525986586702,connected,mainstream
201,popular_1_exp_Experiment_1_seed_42,1,0.04689601800131175,connected,mainstream
208,popular_1_exp_Experiment_1_seed_42,1,0.050915248910292386,connected,mainstream
533,popular_1_exp_Experiment_1_seed_42,1,0.049387639060812165,connected,mainstream
361,popular_1_exp_Experiment_1_seed_42,1,0.04315254101811561,connected,mainstream
519,popular_1_exp_Experiment_1_seed_42,1,0.05125359117793008,connected,mainstream
16,popular_1_exp_Experiment_1_seed_42,1,0.014031747437657201,connected,niche
381,popular_1_exp_Experiment_1_seed_42,1,0.04840178484716634,connected,mainstream
171,popular_1_exp_Experiment_1_seed_42,1,0.04441796171647866,connected,mainstream
72,popular_1_exp_Experiment_1_seed_42,1,0.056026468074135416,connected,mainstream
38,popular_1_exp_Experiment_1_seed_42,1,0.018785476050175862,connected,niche
160,popular_1_exp_Experiment_1_seed_42,1,0.047660384957416396,connected,mainstream
436,popular_1_exp_Experiment_1_seed_42,1,0.05005640144184741,connected,mainstream
421,popular_1_exp_Experiment_1_seed_42,1,0.051621971161930534,connected,mainstream
414,popular_1_exp_Experiment_1_seed_42,1,0.04724690098916062,connected,mainstream
536,popular_1_exp_Experiment_1_seed_42,1,0.05042068025250606,connected,mainstream
23,popular_1_exp_Experiment_1_seed_42,1,0.019280950222776344,connected,niche
221,popular_1_exp_Experiment_1_seed_42,1,0.04761832725172201,connected,mainstream
174,popular_1_exp_Experiment_1_seed_42,1,0.0545204334375917,connected,mainstream
550,popular_1_exp_Experiment_1_seed_42,1,0.05748761125682698,connected,mainstream
584,popular_1_exp_Experiment_1_seed_42,1,0.04833486005931822,connected,mainstream
223,popular_1_exp_Experiment_1_seed_42,1,0.047967019748440885,connected,mainstream
497,popular_1_exp_Experiment_1_seed_42,1,0.04750386510145652,connected,mainstream
442,popular_1_exp_Experiment_1_seed_42,1,0.0472712830856129,connected,mainstream
369,popular_1_exp_Experiment_1_seed_42,1,0.05140329878060923,connected,mainstream
468,popular_1_exp_Experiment_1_seed_42,1,0.044253293915440195,connected,mainstream
54,popular_1_exp_Experiment_1_seed_42,1,0.017507858796474374,connected,niche
498,popular_1_exp_Experiment_1_seed_42,1,0.0482122100470651,connected,mainstream
538,popular_1_exp_Experiment_1_seed_42,1,0.04905797126886954,connected,mainstream
63,popular_1_exp_Experiment_1_seed_42,1,0.049703691726036094,connected,mainstream
388,popular_1_exp_Experiment_1_seed_42,1,0.045544609001118265,connected,mainstream
571,popular_1_exp_Experiment_1_seed_42,1,0.050030785579252925,connected,mainstream
53,popular_1_exp_Experiment_1_seed_42,1,0.012817217919613655,connected,niche
396,popular_1_exp_Experiment_1_seed_42,1,0.047581075282957276,connected,mainstream
566,popular_1_exp_Experiment_1_seed_42,1,0.04774427580938351,connected,mainstream
559,popular_1_exp_Experiment_1_seed_42,1,0.050236026586540646,connected,mainstream
594,popular_1_exp_Experiment_1_seed_42,1,0.04165303792243545,connected,mainstream
366,popular_1_exp_Experiment_1_seed_42,1,0.04521730775632112,connected,mainstream
521,popular_1_exp_Experiment_1_seed_42,1,0.0508029974109289,connected,mainstream
187,popular_1_exp_Experiment_1_seed_42,1,0.05979448189484008,connected,mainstream
399,popular_1_exp_Experiment_1_seed_42,1,0.059289358540950236,connected,mainstream
589,popular_1_exp_Experiment_1_seed_42,1,0.04827553146847572,connected,mainstream
314,popular_1_exp_Experiment_1_seed_42,1,0.0435397368403461,connected,mainstream
331,popular_1_exp_Experiment_1_seed_42,1,0.04780830726836575,connected,mainstream
68,popular_1_exp_Experiment_1_seed_42,1,0.047725897049600584,connected,mainstream
333,popular_1_exp_Experiment_1_seed_42,1,0.054537533345863226,connected,mainstream
525,popular_1_exp_Experiment_1_seed_42,1,0.0555036380918414,connected,mainstream
578,popular_1_exp_Experiment_1_seed_42,1,0.04693236078024594,connected,mainstream
394,popular_1_exp_Experiment_1_seed_42,1,0.06077021769007809,connected,mainstream
532,popular_1_exp_Experiment_1_seed_42,1,0.05028111588977011,connected,mainstream
503,popular_1_exp_Experiment_1_seed_42,1,0.051621594598220376,connected,mainstream
157,popular_1_exp_Experiment_1_seed_42,1,0.04902378432092632,connected,mainstream
298,popular_1_exp_Experiment_1_seed_42,1,0.0541117094069718,connected,mainstream
567,popular_1_exp_Experiment_1_seed_42,1,0.044750813859118055,connected,mainstream
430,popular_1_exp_Experiment_1_seed_42,1,0.04946959213603971,connected,mainstream
359,popular_1_exp_Experiment_1_seed_42,1,0.04580559144761146,connected,mainstream
56,popular_1_exp_Experiment_1_seed_42,1,0.01619291146498299,connected,niche
278,popular_1_exp_Experiment_1_seed_42,1,0.04799506645386911,connected,mainstream
440,popular_1_exp_Experiment_1_seed_42,1,0.049201387955573106,connected,mainstream
526,popular_1_exp_Experiment_1_seed_42,1,0.048660230698615616,connected,mainstream
392,popular_1_exp_Experiment_1_seed_42,1,0.04548613560329867,connected,mainstream
168,popular_1_exp_Experiment_1_seed_42,1,0.047779365317697754,connected,mainstream
364,popular_1_exp_Experiment_1_seed_42,1,0.05066577449336376,connected,mainstream
195,popular_1_exp_Experiment_1_seed_42,1,0.04446412622239193,connected,mainstream
194,popular_1_exp_Experiment_1_seed_42,1,0.04517207294944297,connected,mainstream
326,popular_1_exp_Experiment_1_seed_42,1,0.04910301093535821,connected,mainstream
180,popular_1_exp_Experiment_1_seed_42,1,0.051407128905913646,connected,mainstream
463,popular_1_exp_Experiment_1_seed_42,1,0.046877352473015145,connected,mainstream
411,popular_1_exp_Experiment_1_seed_42,1,0.04300507245881583,connected,mainstream
55,popular_1_exp_Experiment_1_seed_42,1,0.02545399667312996,connected,niche
279,popular_1_exp_Experiment_1_seed_42,1,0.04779085500967481,connected,mainstream
356,popular_1_exp_Experiment_1_seed_42,1,0.050499622331896775,connected,mainstream
27,popular_1_exp_Experiment_1_seed_42,1,0.015156020404890218,connected,niche
312,popular_1_exp_Experiment_1_seed_42,1,0.043859663127622676,connected,mainstream
198,popular_1_exp_Experiment_1_seed_42,1,0.04463977075008285,connected,mainstream
510,popular_1_exp_Experiment_1_seed_42,1,0.05173234594690163,connected,mainstream
535,popular_1_exp_Experiment_1_seed_42,1,0.04342236212729459,connected,mainstream
309,popular_1_exp_Experiment_1_seed_42,1,0.06258536276473316,connected,mainstream
495,popular_1_exp_Experiment_1_seed_42,1,0.05445800501857784,connected,mainstream
237,popular_1_exp_Experiment_1_seed_42,1,0.057896049962504005,connected,mainstream
58,popular_1_exp_Experiment_1_seed_42,1,0.011600593790753252,connected,niche
499,popular_1_exp_Experiment_1_seed_42,1,0.05086763009215576,connected,mainstream
176,popular_1_exp_Experiment_1_seed_42,1,0.047071558934325804,connected,mainstream
473,popular_1_exp_Experiment_1_seed_42,1,0.056126292327641526,connected,mainstream
491,popular_1_exp_Experiment_1_seed_42,1,0.05591347935682439,connected,mainstream
79,popular_1_exp_Experiment_1_seed_42,1,0.04330134528741401,connected,mainstream
192,popular_1_exp_Experiment_1_seed_42,1,0.04906089499629276,connected,mainstream
103,popular_1_exp_Experiment_1_seed_42,1,0.06511512145161985,connected,mainstream
191,popular_1_exp_Experiment_1_seed_42,1,0.04990713666008182,connected,mainstream
367,popular_1_exp_Experiment_1_seed_42,1,0.05428201617828318,connected,mainstream
293,popular_1_exp_Experiment_1_seed_42,1,0.060137248837294266,connected,mainstream
432,popular_1_exp_Experiment_1_seed_42,1,0.04913988659442203,connected,mainstream
47,popular_1_exp_Experiment_1_seed_42,1,0.011471333833207914,connected,niche
534,popular_1_exp_Experiment_1_seed_42,1,0.04862363336677299,connected,mainstream
86,popular_1_exp_Experiment_1_seed_42,1,0.054751540411329035,connected,mainstream
345,popular_1_exp_Experiment_1_seed_42,1,0.06779584826325201,connected,mainstream
203,popular_1_exp_Experiment_1_seed_42,1,0.04214941338617153,connected,mainstream
270,popular_1_exp_Experiment_1_seed_42,1,0.055724887959421036,connected,mainstream
138,popular_1_exp_Experiment_1_seed_42,1,0.047955909066539036,connected,mainstream
385,popular_1_exp_Experiment_1_seed_42,1,0.04565110671017266,connected,mainstream
283,popular_1_exp_Experiment_1_seed_42,1,0.04643914837289518,connected,mainstream
8,popular_1_exp_Experiment_1_seed_42,1,0.02281372152052853,connected,niche
441,popular_1_exp_Experiment_1_seed_42,1,0.04549588837699109,connected,mainstream
200,popular_1_exp_Experiment_1_seed_42,1,0.05086406676476959,connected,mainstream
488,popular_1_exp_Experiment_1_seed_42,1,0.04958048289969073,connected,mainstream
506,popular_1_exp_Experiment_1_seed_42,1,0.051733771871862934,connected,mainstream
387,popular_1_exp_Experiment_1_seed_42,1,0.04463465160540437,connected,mainstream
163,popular_1_exp_Experiment_1_seed_42,1,0.04932110467118589,connected,mainstream
560,popular_1_exp_Experiment_1_seed_42,1,0.0574146978699366,connected,mainstream
341,popular_1_exp_Experiment_1_seed_42,1,0.044128598547229954,connected,mainstream
75,popular_1_exp_Experiment_1_seed_42,1,0.05871636859942863,connected,mainstream
238,popular_1_exp_Experiment_1_seed_42,1,0.04974338977277277,connected,mainstream
102,popular_1_exp_Experiment_1_seed_42,1,0.048160848082585424,connected,mainstream
113,popular_1_exp_Experiment_1_seed_42,1,0.04451411249944399,connected,mainstream
562,popular_1_exp_Experiment_1_seed_42,1,0.046946999301014786,connected,mainstream
81,popular_1_exp_Experiment_1_seed_42,1,0.04615796353700825,connected,mainstream
325,popular_1_exp_Experiment_1_seed_42,1,0.05717800901822436,connected,mainstream
66,popular_1_exp_Experiment_1_seed_42,1,0.055625072800798675,connected,mainstream
121,popular_1_exp_Experiment_1_seed_42,1,0.04833081669650357,connected,mainstream
71,popular_1_exp_Experiment_1_seed_42,1,0.06641874281088667,connected,mainstream
479,popular_1_exp_Experiment_1_seed_42,1,0.04630141914642564,connected,mainstream
515,popular_1_exp_Experiment_1_seed_42,1,0.04488681429438938,connected,mainstream
46,popular_1_exp_Experiment_1_seed_42,1,0.02556935871447007,connected,niche
153,popular_1_exp_Experiment_1_seed_42,1,0.04576476504168692,connected,mainstream
433,popular_1_exp_Experiment_1_seed_42,1,0.05273217112841702,connected,mainstream
263,popular_1_exp_Experiment_1_seed_42,1,0.04479818719818459,connected,mainstream
374,popular_1_exp_Experiment_1_seed_42,1,0.05065062885056226,connected,mainstream
145,popular_1_exp_Experiment_1_seed_42,1,0.04583170712115978,connected,mainstream
105,popular_1_exp_Experiment_1_seed_42,1,0.04477648600614587,connected,mainstream
122,popular_1_exp_Experiment_1_seed_42,1,0.048714152650669106,connected,mainstream
94,popular_1_exp_Experiment_1_seed_42,1,0.04842258981179181,connected,mainstream
189,popular_1_exp_Experiment_1_seed_42,1,0.046223434442216625,connected,mainstream
301,popular_1_exp_Experiment_1_seed_42,1,0.054705570081367914,connected,mainstream
555,popular_1_exp_Experiment_1_seed_42,1,0.044267693607920246,connected,mainstream
481,popular_1_exp_Experiment_1_seed_42,1,0.050911799760466,connected,mainstream
139,popular_1_exp_Experiment_1_seed_42,1,0.050195193729437905,connected,mainstream
265,popular_1_exp_Experiment_1_seed_42,1,0.051322250338100096,connected,mainstream
322,popular_1_exp_Experiment_1_seed_42,1,0.05084804775107423,connected,mainstream
242,popular_1_exp_Experiment_1_seed_42,1,0.044132367022406936,connected,mainstream
426,popular_1_exp_Experiment_1_seed_42,1,0.05076956922642505,connected,mainstream
76,popular_1_exp_Experiment_1_seed_42,1,0.04940030125603151,connected,mainstream
178,popular_1_exp_Experiment_1_seed_42,1,0.047519539558435665,connected,mainstream
465,popular_1_exp_Experiment_1_seed_42,1,0.04729048117284787,connected,mainstream
469,popular_1_exp_Experiment_1_seed_42,1,0.052882070019268756,connected,mainstream
137,popular_1_exp_Experiment_1_seed_42,1,0.056288905639199215,connected,mainstream
59,popular_1_exp_Experiment_1_seed_42,1,0.015293863418349101,connected,niche
464,popular_1_exp_Experiment_1_seed_42,1,0.0421045274151039,connected,mainstream
159,popular_1_exp_Experiment_1_seed_42,1,0.04951648349486976,connected,mainstream
143,popular_1_exp_Experiment_1_seed_42,1,0.04611121218517051,connected,mainstream
349,popular_1_exp_Experiment_1_seed_42,1,0.04617933592761367,connected,mainstream
582,popular_1_exp_Experiment_1_seed_42,1,0.05306568884923774,connected,mainstream
599,popular_1_exp_Experiment_1_seed_42,1,0.05722492839132944,connected,mainstream
281,popular_1_exp_Experiment_1_seed_42,1,0.05136124628224172,connected,mainstream
480,popular_1_exp_Experiment_1_seed_42,1,0.04379775406752546,connected,mainstream
410,popular_1_exp_Experiment_1_seed_42,1,0.04636535634521369,connected,mainstream
127,popular_1_exp_Experiment_1_seed_42,1,0.049531897821998676,connected,mainstream
282,popular_1_exp_Experiment_1_seed_42,1,0.060071448516389736,connected,mainstream
206,popular_1_exp_Experiment_1_seed_42,1,0.059502848218029,connected,mainstream
123,popular_1_exp_Experiment_1_seed_42,1,0.04767323490277958,connected,mainstream
542,popular_1_exp_Experiment_1_seed_42,1,0.04460254320545101,connected,mainstream
118,popular_1_exp_Experiment_1_seed_42,1,0.046099321159572736,connected,mainstream
185,popular_1_exp_Experiment_1_seed_42,1,0.04936458344568618,connected,mainstream
368,popular_1_exp_Experiment_1_seed_42,1,0.04491984016802389,connected,mainstream
83,popular_1_exp_Experiment_1_seed_42,1,0.04850615946385337,connected,mainstream
147,popular_1_exp_Experiment_1_seed_42,1,0.0531760749579973,connected,mainstream
25,popular_1_exp_Experiment_1_seed_42,1,0.01485455850383771,connected,niche
177,popular_1_exp_Experiment_1_seed_42,1,0.051828804570023895,connected,mainstream
52,popular_1_exp_Experiment_1_seed_42,1,0.012612650586631814,connected,niche
226,popular_1_exp_Experiment_1_seed_42,1,0.05165074621172439,connected,mainstream
565,popular_1_exp_Experiment_1_seed_42,1,0.04443166895027036,connected,mainstream
494,popular_1_exp_Experiment_1_seed_42,1,0.053595851090927786,connected,mainstream
371,popular_1_exp_Experiment_1_seed_42,1,0.05293679762513864,connected,mainstream
207,popular_1_exp_Experiment_1_seed_42,1,0.04892204868075951,connected,mainstream
88,popular_1_exp_Experiment_1_seed_42,1,0.04341598165812461,connected,mainstream
259,popular_1_exp_Experiment_1_seed_42,1,0.048391286766395376,connected,mainstream
545,popular_1_exp_Experiment_1_seed_42,1,0.04784968143778482,connected,mainstream
241,popular_1_exp_Experiment_1_seed_42,1,0.04926393771651891,connected,mainstream
136,popular_1_exp_Experiment_1_seed_42,1,0.06004811686823073,connected,mainstream
61,popular_1_exp_Experiment_1_seed_42,1,0.060019573704758904,connected,mainstream
196,popular_1_exp_Experiment_1_seed_42,1,0.05533835260678529,connected,mainstream
428,popular_1_exp_Experiment_1_seed_42,1,0.04643889280950528,connected,mainstream
236,popular_1_exp_Experiment_1_seed_42,1,0.04201093489923834,connected,mainstream
576,popular_1_exp_Experiment_1_seed_42,1,0.04281841503403494,connected,mainstream
9,popular_1_exp_Experiment_1_seed_42,1,0.023600639965340484,connected,niche
5,popular_1_exp_Experiment_1_seed_42,1,0.015996623404030814,connected,niche
215,popular_1_exp_Experiment_1_seed_42,1,0.043260249089488285,connected,mainstream
427,popular_1_exp_Experiment_1_seed_42,1,0.04380287615965486,connected,mainstream
570,popular_1_exp_Experiment_1_seed_42,1,0.05006602443162165,connected,mainstream
125,popular_1_exp_Experiment_1_seed_42,1,0.04565190517572962,connected,mainstream
453,popular_1_exp_Experiment_1_seed_42,1,0.051810669086963745,connected,mainstream
587,popular_1_exp_Experiment_1_seed_42,1,0.048251612747334666,connected,mainstream
248,popular_1_exp_Experiment_1_seed_42,1,0.0565258981840299,connected,mainstream
273,popular_1_exp_Experiment_1_seed_42,1,0.04950677198591963,connected,mainstream
288,popular_1_exp_Experiment_1_seed_42,1,0.05141176089307722,connected,mainstream
403,popular_1_exp_Experiment_1_seed_42,1,0.045053032400520075,connected,mainstream
434,popular_1_exp_Experiment_1_seed_42,1,0.05138203908061106,connected,mainstream
350,popular_1_exp_Experiment_1_seed_42,1,0.0542676864836824,connected,mainstream
379,popular_1_exp_Experiment_1_seed_42,1,0.04515182802347718,connected,mainstream
255,popular_1_exp_Experiment_1_seed_42,1,0.04601594937266987,connected,mainstream
583,popular_1_exp_Experiment_1_seed_42,1,0.04332595496294154,connected,mainstream
386,popular_1_exp_Experiment_1_seed_42,1,0.05154892796256314,connected,mainstream
509,popular_1_exp_Experiment_1_seed_42,1,0.04682498077375394,connected,mainstream
213,popular_1_exp_Experiment_1_seed_42,1,0.06205933420119481,connected,mainstream
504,popular_1_exp_Experiment_1_seed_42,1,0.04633687232486081,connected,mainstream
74,popular_1_exp_Experiment_1_seed_42,1,0.04503655039092508,connected,mainstream
330,popular_1_exp_Experiment_1_seed_42,1,0.06752563432178864,connected,mainstream
328,popular_1_exp_Experiment_1_seed_42,1,0.05571950469439341,connected,mainstream
161,popular_1_exp_Experiment_1_seed_42,1,0.04621774276980949,connected,mainstream
581,popular_1_exp_Experiment_1_seed_42,1,0.05628341192096748,connected,mainstream
304,popular_1_exp_Experiment_1_seed_42,1,0.05829954260145239,connected,mainstream
306,popular_1_exp_Experiment_1_seed_42,1,0.04865219810623111,connected,mainstream
165,popular_1_exp_Experiment_1_seed_42,1,0.04576542198212746,connected,mainstream
128,popular_1_exp_Experiment_1_seed_42,1,0.04976864369380778,connected,mainstream
131,popular_1_exp_Experiment_1_seed_42,1,0.047773729405040787,connected,mainstream
244,popular_1_exp_Experiment_1_seed_42,1,0.04375255289536029,connected,mainstream
166,popular_1_exp_Experiment_1_seed_42,1,0.05517746963739778,connected,mainstream
438,popular_1_exp_Experiment_1_seed_42,1,0.04348697479595239,connected,mainstream
336,popular_1_exp_Experiment_1_seed_42,1,0.055421447431608865,connected,mainstream
490,popular_1_exp_Experiment_1_seed_42,1,0.04316046102296719,connected,mainstream
303,popular_1_exp_Experiment_1_seed_42,1,0.04769289806175397,connected,mainstream
390,popular_1_exp_Experiment_1_seed_42,1,0.046693847185980686,connected,mainstream
124,popular_1_exp_Experiment_1_seed_42,1,0.04407162550577696,connected,mainstream
344,popular_1_exp_Experiment_1_seed_42,1,0.05746215782584135,connected,mainstream
402,popular_1_exp_Experiment_1_seed_42,1,0.052104177928167746,connected,mainstream
593,popular_1_exp_Experiment_1_seed_42,1,0.054568468486904935,connected,mainstream
48,popular_1_exp_Experiment_1_seed_42,1,0.01620894399818665,connected,niche
256,popular_1_exp_Experiment_1_seed_42,1,0.061372665737174224,connected,mainstream
29,popular_1_exp_Experiment_1_seed_42,1,0.01454974765030344,connected,niche
99,popular_1_exp_Experiment_1_seed_42,1,0.049113404464240985,connected,mainstream
382,popular_1_exp_Experiment_1_seed_42,1,0.04934486590800933,connected,mainstream
540,popular_1_exp_Experiment_1_seed_42,1,0.047006952909397985,connected,mainstream
422,popular_1_exp_Experiment_1_seed_42,1,0.051068981852971894,connected,mainstream
40,popular_1_exp_Experiment_1_seed_42,1,0.014788371031835048,connected,niche
100,popular_1_exp_Experiment_1_seed_42,1,0.054459033055476336,connected,mainstream
317,popular_1_exp_Experiment_1_seed_42,1,0.05949545276377296,connected,mainstream
150,popular_1_exp_Experiment_1_seed_42,1,0.054257419994437804,connected,mainstream
20,popular_1_exp_Experiment_1_seed_42,1,0.019500654139911585,connected,niche
188,popular_1_exp_Experiment_1_seed_42,1,0.046795815616169155,connected,mainstream
311,popular_1_exp_Experiment_1_seed_42,1,0.05363073010463771,connected,mainstream
310,popular_1_exp_Experiment_1_seed_42,1,0.05991084275955753,connected,mainstream
39,popular_1_exp_Experiment_1_seed_42,1,0.031154916957357573,connected,niche
417,popular_1_exp_Experiment_1_seed_42,1,0.061285571602876954,connected,mainstream
182,popular_1_exp_Experiment_1_seed_42,1,0.05932753609784291,connected,mainstream
547,popular_1_exp_Experiment_1_seed_42,1,0.04517378073569189,connected,mainstream
334,popular_1_exp_Experiment_1_seed_42,1,0.05341817512361957,connected,mainstream
36,popular_1_exp_Experiment_1_seed_42,1,0.02767200917732623,connected,niche
320,popular_1_exp_Experiment_1_seed_42,1,0.04002281454957853,connected,mainstream
42,popular_1_exp_Experiment_1_seed_42,1,0.022664061668537818,connected,niche
377,popular_1_exp_Experiment_1_seed_42,1,0.04969375332484166,connected,mainstream
35,popular_1_exp_Experiment_1_seed_42,1,0.012169316430324302,connected,niche
324,popular_1_exp_Experiment_1_seed_42,1,0.04710054160346635,connected,mainstream
316,popular_1_exp_Experiment_1_seed_42,1,0.0454317945409236,connected,mainstream
26,popular_1_exp_Experiment_1_seed_42,1,0.01127095607847132,connected,niche
197,popular_1_exp_Experiment_1_seed_42,1,0.0727155999727677,connected,mainstream
451,popular_1_exp_Experiment_1_seed_42,1,0.043098496810001774,connected,mainstream
502,popular_1_exp_Experiment_1_seed_42,1,0.051977376458757586,connected,mainstream
405,popular_1_exp_Experiment_1_seed_42,1,0.04467086938983892,connected,mainstream
424,popular_1_exp_Experiment_1_seed_42,1,0.04539620205291477,connected,mainstream
543,popular_1_exp_Experiment_1_seed_42,1,0.05608228124640863,connected,mainstream
97,popular_1_exp_Experiment_1_seed_42,1,0.04793021560208823,connected,mainstream
172,popular_1_exp_Experiment_1_seed_42,1,0.058101002877743835,connected,mainstream
355,popular_1_exp_Experiment_1_seed_42,1,0.04343453494479869,connected,mainstream
183,popular_1_exp_Experiment_1_seed_42,1,0.04455252381825204,connected,mainstream
478,popular_1_exp_Experiment_1_seed_42,1,0.05377284073896522,connected,mainstream
529,popular_1_exp_Experiment_1_seed_42,1,0.05157509016153856,connected,mainstream
227,popular_1_exp_Experiment_1_seed_42,1,0.046027216117621596,connected,mainstream
14,popular_1_exp_Experiment_1_seed_42,1,0.017827346942118665,connected,niche
346,popular_1_exp_Experiment_1_seed_42,1,0.05742682211020048,connected,mainstream
458,popular_1_exp_Experiment_1_seed_42,1,0.046822649270294725,connected,mainstream
391,popular_1_exp_Experiment_1_seed_42,1,0.04456159412036389,connected,mainstream
280,popular_1_exp_Experiment_1_seed_42,1,0.04562293889522245,connected,mainstream
372,popular_1_exp_Experiment_1_seed_42,1,0.06378253668942996,connected,mainstream
450,popular_1_exp_Experiment_1_seed_42,1,0.0595481299464273,connected,mainstream
205,popular_1_exp_Experiment_1_seed_42,1,0.0458487717339111,connected,mainstream
164,popular_1_exp_Experiment_1_seed_42,1,0.05227477678810505,connected,mainstream
115,popular_1_exp_Experiment_1_seed_42,1,0.051129218487899135,connected,mainstream
269,popular_1_exp_Experiment_1_seed_42,1,0.04222111988929497,connected,mainstream
93,popular_1_exp_Experiment_1_seed_42,1,0.04807710149148175,connected,mainstream
193,popular_1_exp_Experiment_1_seed_42,1,0.05269961941455126,connected,mainstream
219,popular_1_exp_Experiment_1_seed_42,1,0.05783842896042849,connected,mainstream
120,popular_1_exp_Experiment_1_seed_42,1,0.05268283377629035,connected,mainstream
376,popular_1_exp_Experiment_1_seed_42,1,0.05245115279828699,connected,mainstream
318,popular_1_exp_Experiment_1_seed_42,1,0.0649860195857564,connected,mainstream
186,popular_1_exp_Experiment_1_seed_42,1,0.04537572570769657,connected,mainstream
170,popular_1_exp_Experiment_1_seed_42,1,0.04220224493057111,connected,mainstream
544,popular_1_exp_Experiment_1_seed_42,1,0.04825480769512392,connected,mainstream
13,popular_1_exp_Experiment_1_seed_42,1,0.02503912490330582,connected,niche
357,popular_1_exp_Experiment_1_seed_42,1,0.05802854681830438,connected,mainstream
315,popular_1_exp_Experiment_1_seed_42,1,0.05472645692717848,connected,mainstream
332,popular_1_exp_Experiment_1_seed_42,1,0.05555418282485286,connected,mainstream
419,popular_1_exp_Experiment_1_seed_42,1,0.051754702640616795,connected,mainstream
73,popular_1_exp_Experiment_1_seed_42,1,0.052411037498749834,connected,mainstream
483,popular_1_exp_Experiment_1_seed_42,1,0.050193246044044154,connected,mainstream
216,popular_1_exp_Experiment_1_seed_42,1,0.05150080446879402,connected,mainstream
466,popular_1_exp_Experiment_1_seed_42,1,0.04264382716052586,connected,mainstream
393,popular_1_exp_Experiment_1_seed_42,1,0.04453121037144663,connected,mainstream
287,popular_1_exp_Experiment_1_seed_42,1,0.04630791358778127,connected,mainstream
413,popular_1_exp_Experiment_1_seed_42,1,0.05019459660115966,connected,mainstream
537,popular_1_exp_Experiment_1_seed_42,1,0.04691963004904192,connected,mainstream
531,popular_1_exp_Experiment_1_seed_42,1,0.046811621670888065,connected,mainstream
501,popular_1_exp_Experiment_1_seed_42,1,0.05075413649114626,connected,mainstream
218,popular_1_exp_Experiment_1_seed_42,1,0.04854783699819138,connected,mainstream
21,popular_1_exp_Experiment_1_seed_42,1,0.022765304452072116,connected,niche
254,popular_1_exp_Experiment_1_seed_42,1,0.056392302718029697,connected,mainstream
522,popular_1_exp_Experiment_1_seed_42,1,0.04919105512505823,connected,mainstream
199,popular_1_exp_Experiment_1_seed_42,1,0.0537224883335202,connected,mainstream
60,popular_1_exp_Experiment_1_seed_42,1,0.0447258727252654,connected,mainstream
91,popular_1_exp_Experiment_1_seed_42,1,0.05176070849683426,connected,mainstream
423,popular_1_exp_Experiment_1_seed_42,1,0.0564360692893456,connected,mainstream
117,popular_1_exp_Experiment_1_seed_42,1,0.047622551440829025,connected,mainstream
84,popular_1_exp_Experiment_1_seed_42,1,0.0452146464266591,connected,mainstream
126,popular_1_exp_Experiment_1_seed_42,1,0.04567758675691841,connected,mainstream
444,popular_1_exp_Experiment_1_seed_42,1,0.04307783178177629,connected,mainstream
460,popular_1_exp_Experiment_1_seed_42,1,0.04885649466499231,connected,mainstream
363,popular_1_exp_Experiment_1_seed_42,1,0.04833509241689163,connected,mainstream
252,popular_1_exp_Experiment_1_seed_42,1,0.04826503983634622,connected,mainstream
104,popular_1_exp_Experiment_1_seed_42,1,0.05184531142991061,connected,mainstream
564,popular_1_exp_Experiment_1_seed_42,1,0.04347899615924119,connected,mainstream
511,popular_1_exp_Experiment_1_seed_42,1,0.060213094428163104,connected,mainstream
492,popular_1_exp_Experiment_1_seed_42,1,0.04530311850830595,connected,mainstream
505,popular_1_exp_Experiment_1_seed_42,1,0.047429060730661166,connected,mainstream
598,popular_1_exp_Experiment_1_seed_42,1,0.04554600816787593,connected,mainstream
224,popular_1_exp_Experiment_1_seed_42,1,0.05997681771022514,connected,mainstream
19,popular_1_exp_Experiment_1_seed_42,1,0.02401123366730025,connected,niche
524,popular_1_exp_Experiment_1_seed_42,1,0.04498043820895584,connected,mainstream
395,popular_1_exp_Experiment_1_seed_42,1,0.04772878019420493,connected,mainstream
140,popular_1_exp_Experiment_1_seed_42,1,0.05064552755278251,connected,mainstream
327,popular_1_exp_Experiment_1_seed_42,1,0.04642057174382549,connected,mainstream
51,popular_1_exp_Experiment_1_seed_42,1,0.022923837932882066,connected,niche
228,popular_1_exp_Experiment_1_seed_42,1,0.06535272614429173,connected,mainstream
144,popular_1_exp_Experiment_1_seed_42,1,0.049045107322674496,connected,mainstream
119,popular_1_exp_Experiment_1_seed_42,1,0.04657490808499549,connected,mainstream
253,popular_1_exp_Experiment_1_seed_42,1,0.048228631069612456,connected,mainstream
489,popular_1_exp_Experiment_1_seed_42,1,0.05164626368178457,connected,mainstream
70,popular_1_exp_Experiment_1_seed_42,1,0.050333530620910095,connected,mainstream
240,popular_1_exp_Experiment_1_seed_42,1,0.0497989378514811,connected,mainstream
595,popular_1_exp_Experiment_1_seed_42,1,0.04591544191269154,connected,mainstream
373,popular_1_exp_Experiment_1_seed_42,1,0.049291611006004626,connected,mainstream
569,popular_1_exp_Experiment_1_seed_42,1,0.047615492471902436,connected,mainstream
230,popular_1_exp_Experiment_1_seed_42,1,0.04727185067977573,connected,mainstream
574,popular_1_exp_Experiment_1_seed_42,1,0.056358435588294724,connected,mainstream
514,popular_1_exp_Experiment_1_seed_42,1,0.04464129603383662,connected,mainstream
65,popular_1_exp_Experiment_1_seed_42,1,0.04515617288257667,connected,mainstream
592,popular_1_exp_Experiment_1_seed_42,1,0.050852998272810195,connected,mainstream
154,popular_1_exp_Experiment_1_seed_42,1,0.04572933675985822,connected,mainstream
443,popular_1_exp_Experiment_1_seed_42,1,0.05383518249095981,connected,mainstream
476,popular_1_exp_Experiment_1_seed_42,1,0.04611553640573054,connected,mainstream
181,popular_1_exp_Experiment_1_seed_42,1,0.04501273527548035,connected,mainstream
351,popular_1_exp_Experiment_1_seed_42,1,0.050055988627626724,connected,mainstream
568,popular_1_exp_Experiment_1_seed_42,1,0.05945269700995707,connected,mainstream
262,popular_1_exp_Experiment_1_seed_42,1,0.04743210042922492,connected,mainstream
579,popular_1_exp_Experiment_1_seed_42,1,0.04410131926210605,connected,mainstream
471,popular_1_exp_Experiment_1_seed_42,1,0.06066159698885138,connected,mainstream
596,popular_1_exp_Experiment_1_seed_42,1,0.044406177025666384,connected,mainstream
573,popular_1_exp_Experiment_1_seed_42,1,0.05026404469401393,connected,mainstream
225,popular_1_exp_Experiment_1_seed_42,1,0.05154316361822727,connected,mainstream
69,popular_1_exp_Experiment_1_seed_42,1,0.05546943659495122,connected,mainstream
575,popular_1_exp_Experiment_1_seed_42,1,0.04316132779365659,connected,mainstream
141,popular_1_exp_Experiment_1_seed_42,1,0.04670164605386682,connected,mainstream
586,popular_1_exp_Experiment_1_seed_42,1,0.048062927785829046,connected,mainstream
404,popular_1_exp_Experiment_1_seed_42,1,0.052526335647133944,connected,mainstream
300,popular_1_exp_Experiment_1_seed_42,1,0.04669036714885552,connected,mainstream
129,popular_1_exp_Experiment_1_seed_42,1,0.05297429210583934,connected,mainstream
409,popular_1_exp_Experiment_1_seed_42,1,0.04823270899869974,connected,mainstream
375,popular_1_exp_Experiment_1_seed_42,1,0.05187612820874773,connected,mainstream
232,popular_1_exp_Experiment_1_seed_42,1,0.05127416234687459,connected,mainstream
155,popular_1_exp_Experiment_1_seed_42,1,0.04573494349950238,connected,mainstream
512,popular_1_exp_Experiment_1_seed_42,1,0.052283671596581004,connected,mainstream
80,popular_1_exp_Experiment_1_seed_42,1,0.046596506813114,connected,mainstream
418,popular_1_exp_Experiment_1_seed_42,1,0.045147546460754,connected,mainstream
156,popular_1_exp_Experiment_1_seed_42,1,0.05106655978968589,connected,mainstream
485,popular_1_exp_Experiment_1_seed_42,1,0.04326365289180259,connected,mainstream
294,popular_1_exp_Experiment_1_seed_42,1,0.05552216257405568,connected,mainstream
340,popular_1_exp_Experiment_1_seed_42,1,0.05159577093150582,connected,mainstream
500,popular_1_exp_Experiment_1_seed_42,1,0.04715235168002979,connected,mainstream
416,popular_1_exp_Experiment_1_seed_42,1,0.04870305437192295,connected,mainstream
286,popular_1_exp_Experiment_1_seed_42,1,0.044813129164595074,connected,mainstream
233,popular_1_exp_Experiment_1_seed_42,1,0.05421704860954165,connected,mainstream
431,popular_1_exp_Experiment_1_seed_42,1,0.05214863296290689,connected,mainstream
516,popular_1_exp_Experiment_1_seed_42,1,0.05550988518464924,connected,mainstream
0,popular_1_exp_Experiment_1_seed_42,1,0.01903193439690868,connected,niche
204,popular_1_exp_Experiment_1_seed_42,1,0.048669601955547176,connected,mainstream
467,popular_1_exp_Experiment_1_seed_42,1,0.046358924283253715,connected,mainstream
446,popular_1_exp_Experiment_1_seed_42,1,0.061530738142169326,connected,mainstream
353,popular_1_exp_Experiment_1_seed_42,1,0.04693141948078259,connected,mainstream
285,popular_1_exp_Experiment_1_seed_42,1,0.048856553076486293,connected,mainstream
1,popular_1_exp_Experiment_1_seed_42,1,0.0170955353785742,connected,niche
378,popular_1_exp_Experiment_1_seed_42,1,0.04246439882601808,connected,mainstream
563,popular_1_exp_Experiment_1_seed_42,1,0.05080359096636954,connected,mainstream
266,popular_1_exp_Experiment_1_seed_42,1,0.05394770990434936,connected,mainstream
3,popular_1_exp_Experiment_1_seed_42,1,0.0220184047737082,connected,niche
297,popular_1_exp_Experiment_1_seed_42,1,0.04479307520613129,connected,mainstream
380,popular_1_exp_Experiment_1_seed_42,1,0.046897102900313015,connected,mainstream
580,popular_1_exp_Experiment_1_seed_42,1,0.04775957174758207,connected,mainstream
101,popular_1_exp_Experiment_1_seed_42,1,0.04848233137668049,connected,mainstream
401,popular_1_exp_Experiment_1_seed_42,1,0.05244696728779891,connected,mainstream
34,popular_1_exp_Experiment_1_seed_42,1,0.019324404405775805,connected,niche
41,popular_1_exp_Experiment_1_seed_42,1,0.013605363972707197,connected,niche
541,popular_1_exp_Experiment_1_seed_42,1,0.059368530870410045,connected,mainstream
597,popular_1_exp_Experiment_1_seed_42,1,0.049574867427015536,connected,mainstream
530,popular_1_exp_Experiment_1_seed_42,1,0.05878757898514949,connected,mainstream
17,popular_1_exp_Experiment_1_seed_42,1,0.01876526905014222,connected,niche
588,popular_1_exp_Experiment_1_seed_42,1,0.05007399095647542,connected,mainstream
323,popular_1_exp_Experiment_1_seed_42,1,0.056391058806765336,connected,mainstream
77,popular_1_exp_Experiment_1_seed_42,1,0.0525004277818242,connected,mainstream
520,popular_1_exp_Experiment_1_seed_42,1,0.058632001645223836,connected,mainstream
539,popular_1_exp_Experiment_1_seed_42,1,0.048936491006713795,connected,mainstream
50,popular_1_exp_Experiment_1_seed_42,1,0.011366628305762622,connected,niche
67,popular_1_exp_Experiment_1_seed_42,1,0.05013804614567424,connected,mainstream
412,popular_1_exp_Experiment_1_seed_42,1,0.044882822175783404,connected,mainstream
44,popular_1_exp_Experiment_1_seed_42,1,0.011345459074062954,connected,niche
222,popular_1_exp_Experiment_1_seed_42,1,0.0425210776275626,connected,mainstream
474,popular_1_exp_Experiment_1_seed_42,1,0.042888263802033755,connected,mainstream
389,popular_1_exp_Experiment_1_seed_42,1,0.06367589217864465,connected,mainstream
162,popular_1_exp_Experiment_1_seed_42,1,0.04807851162641952,connected,mainstream
32,popular_1_exp_Experiment_1_seed_42,1,0.019908984175232357,connected,niche
261,popular_1_exp_Experiment_1_seed_42,1,0.04743259050420739,connected,mainstream
561,popular_1_exp_Experiment_1_seed_42,1,0.04854760610290393,connected,mainstream
167,popular_1_exp_Experiment_1_seed_42,1,0.049316725750555714,connected,mainstream
112,popular_1_exp_Experiment_1_seed_42,1,0.0469023377610917,connected,mainstream
449,popular_1_exp_Experiment_1_seed_42,1,0.04425133747645502,connected,mainstream
18,popular_1_exp_Experiment_1_seed_42,1,0.012122823582218022,connected,niche
190,popular_1_exp_Experiment_1_seed_42,1,0.04425460396844282,connected,mainstream
558,popular_1_exp_Experiment_1_seed_42,1,0.05815656400261893,connected,mainstream
267,popular_1_exp_Experiment_1_seed_42,1,0.06157633184341421,connected,mainstream
362,popular_1_exp_Experiment_1_seed_42,1,0.045577901306124304,connected,mainstream
31,popular_1_exp_Experiment_1_seed_42,1,0.01363732730681264,connected,niche
82,popular_1_exp_Experiment_1_seed_42,1,0.04368540870026614,connected,mainstream
277,popular_1_exp_Experiment_1_seed_42,1,0.04637969328114985,connected,mainstream
513,popular_1_exp_Experiment_1_seed_42,1,0.0453661727190543,connected,mainstream
343,popular_1_exp_Experiment_1_seed_42,1,0.053381036260575165,connected,mainstream
455,popular_1_exp_Experiment_1_seed_42,1,0.04351033988866424,connected,mainstream
210,popular_1_exp_Experiment_1_seed_42,1,0.050113919216054854,connected,mainstream
229,popular_1_exp_Experiment_1_seed_42,1,0.04619654494750256,connected,mainstream
548,popular_1_exp_Experiment_1_seed_42,1,0.04547562606230134,connected,mainstream
439,popular_1_exp_Experiment_1_seed_42,1,0.04575333553753388,connected,mainstream
290,popular_1_exp_Experiment_1_seed_42,1,0.05285341469737317,connected,mainstream
6,popular_1_exp_Experiment_1_seed_42,1,0.01405004439903972,connected,niche
214,popular_1_exp_Experiment_1_seed_42,1,0.045977785538784836,connected,mainstream
508,popular_1_exp_Experiment_1_seed_42,1,0.04599815926467057,connected,mainstream
95,popular_1_exp_Experiment_1_seed_42,1,0.054315054179901755,connected,mainstream
151,popular_1_exp_Experiment_1_seed_42,1,0.054195593828088855,connected,mainstream
523,popular_1_exp_Experiment_1_seed_42,1,0.048939767497608554,connected,mainstream
348,popular_1_exp_Experiment_1_seed_42,1,0.0513725105099797,connected,mainstream
169,popular_1_exp_Experiment_1_seed_42,1,0.04321782296771057,connected,mainstream
110,popular_1_exp_Experiment_1_seed_42,1,0.0473383913973161,connected,mainstream
135,popular_1_exp_Experiment_1_seed_42,1,0.046684564359595095,connected,mainstream
146,popular_1_exp_Experiment_1_seed_42,1,0.05008713599793683,connected,mainstream
291,popular_1_exp_Experiment_1_seed_42,1,0.053933002092374505,connected,mainstream
398,popular_1_exp_Experiment_1_seed_42,1,0.05492941907361095,connected,mainstream
486,popular_1_exp_Experiment_1_seed_42,1,0.045242109621341293,connected,mainstream
448,popular_1_exp_Experiment_1_seed_42,1,0.05810078586098435,connected,mainstream
518,popular_1_exp_Experiment_1_seed_42,1,0.04656223838645809,connected,mainstream
87,popular_1_exp_Experiment_1_seed_42,1,0.05034811182522501,connected,mainstream
329,popular_1_exp_Experiment_1_seed_42,1,0.04556086708722836,connected,mainstream
445,popular_1_exp_Experiment_1_seed_42,1,0.051516824217611445,connected,mainstream
487,popular_1_exp_Experiment_1_seed_42,1,0.0599909542884898,connected,mainstream
546,popular_1_exp_Experiment_1_seed_42,1,0.05795635088348191,connected,mainstream
459,popular_1_exp_Experiment_1_seed_42,1,0.050810846510633584,connected,mainstream
245,popular_1_exp_Experiment_1_seed_42,1,0.04576913484829991,connected,mainstream
475,popular_1_exp_Experiment_1_seed_42,1,0.047066126879885734,connected,mainstream
296,popular_1_exp_Experiment_1_seed_42,1,0.04421049706346197,connected,mainstream
217,popular_1_exp_Experiment_1_seed_42,1,0.04873409058115306,connected,mainstream
370,popular_1_exp_Experiment_1_seed_42,2,0.04933023802305938,connected,mainstream
577,popular_1_exp_Experiment_1_seed_42,2,0.05358936210129813,connected,mainstream
557,popular_1_exp_Experiment_1_seed_42,2,0.07018023948671222,connected,mainstream
397,popular_1_exp_Experiment_1_seed_42,2,0.06285802756598718,connected,mainstream
108,popular_1_exp_Experiment_1_seed_42,2,0.05045923871386221,connected,mainstream
321,popular_1_exp_Experiment_1_seed_42,2,0.05150516453790458,connected,mainstream
551,popular_1_exp_Experiment_1_seed_42,2,0.05617126592711472,connected,mainstream
7,popular_1_exp_Experiment_1_seed_42,2,0.015026950322664476,connected,niche
420,popular_1_exp_Experiment_1_seed_42,2,0.06228351761135936,connected,mainstream
517,popular_1_exp_Experiment_1_seed_42,2,0.061694651501539764,connected,mainstream
274,popular_1_exp_Experiment_1_seed_42,2,0.0512306369302026,connected,mainstream
484,popular_1_exp_Experiment_1_seed_42,2,0.0512614953181392,connected,mainstream
96,popular_1_exp_Experiment_1_seed_42,2,0.06216949063173908,connected,mainstream
64,popular_1_exp_Experiment_1_seed_42,2,0.05830427030160871,connected,mainstream
527,popular_1_exp_Experiment_1_seed_42,2,0.05585568666214876,connected,mainstream
152,popular_1_exp_Experiment_1_seed_42,2,0.08343763155781884,connected,mainstream
335,popular_1_exp_Experiment_1_seed_42,2,0.05474034930611369,connected,mainstream
305,popular_1_exp_Experiment_1_seed_42,2,0.05423124720402608,connected,mainstream
407,popular_1_exp_Experiment_1_seed_42,2,0.0630981195456095,connected,mainstream
408,popular_1_exp_Experiment_1_seed_42,2,0.06284354881797898,connected,mainstream
249,popular_1_exp_Experiment_1_seed_42,2,0.05482206059240433,connected,mainstream
148,popular_1_exp_Experiment_1_seed_42,2,0.06694253971162857,connected,mainstream
33,popular_1_exp_Experiment_1_seed_42,2,0.014494267406294517,connected,niche
2,popular_1_exp_Experiment_1_seed_42,2,0.014381463799012941,connected,niche
239,popular_1_exp_Experiment_1_seed_42,2,0.05084936045508224,connected,mainstream
175,popular_1_exp_Experiment_1_seed_42,2,0.06286741667806031,connected,mainstream
89,popular_1_exp_Experiment_1_seed_42,2,0.05375107066326903,connected,mainstream
507,popular_1_exp_Experiment_1_seed_42,2,0.05385803905263542,connected,mainstream
109,popular_1_exp_Experiment_1_seed_42,2,0.05345810500385876,connected,mainstream
257,popular_1_exp_Experiment_1_seed_42,2,0.0575609563885589,connected,mainstream
98,popular_1_exp_Experiment_1_seed_42,2,0.05028362751536206,connected,mainstream
49,popular_1_exp_Experiment_1_seed_42,2,0.0165208178819678,connected,niche
462,popular_1_exp_Experiment_1_seed_42,2,0.055948278105191505,connected,mainstream
313,popular_1_exp_Experiment_1_seed_42,2,0.05020129047503529,connected,mainstream
552,popular_1_exp_Experiment_1_seed_42,2,0.0720209790358962,connected,mainstream
235,popular_1_exp_Experiment_1_seed_42,2,0.06726407849120399,connected,mainstream
258,popular_1_exp_Experiment_1_seed_42,2,0.05480159807760401,connected,mainstream
133,popular_1_exp_Experiment_1_seed_42,2,0.06043346743960381,connected,mainstream
30,popular_1_exp_Experiment_1_seed_42,2,0.023545106719806252,connected,niche
220,popular_1_exp_Experiment_1_seed_42,2,0.05136861188074057,connected,mainstream
22,popular_1_exp_Experiment_1_seed_42,2,0.0151368514787684,connected,niche
134,popular_1_exp_Experiment_1_seed_42,2,0.06965701482235075,connected,mainstream
260,popular_1_exp_Experiment_1_seed_42,2,0.061148855399129703,connected,mainstream
107,popular_1_exp_Experiment_1_seed_42,2,0.06113059576137423,connected,mainstream
158,popular_1_exp_Experiment_1_seed_42,2,0.0555105119293594,connected,mainstream
276,popular_1_exp_Experiment_1_seed_42,2,0.05019308940619869,connected,mainstream
307,popular_1_exp_Experiment_1_seed_42,2,0.0544462250793219,connected,mainstream
358,popular_1_exp_Experiment_1_seed_42,2,0.06191084659467092,connected,mainstream
284,popular_1_exp_Experiment_1_seed_42,2,0.054381539025342686,connected,mainstream
590,popular_1_exp_Experiment_1_seed_42,2,0.05565816750227367,connected,mainstream
308,popular_1_exp_Experiment_1_seed_42,2,0.06099802083984513,connected,mainstream
92,popular_1_exp_Experiment_1_seed_42,2,0.06179326775802233,connected,mainstream
250,popular_1_exp_Experiment_1_seed_42,2,0.0497871464162264,connected,mainstream
78,popular_1_exp_Experiment_1_seed_42,2,0.04693393130447277,connected,mainstream
585,popular_1_exp_Experiment_1_seed_42,2,0.05353662111019022,connected,mainstream
111,popular_1_exp_Experiment_1_seed_42,2,0.05842327776748118,connected,mainstream
275,popular_1_exp_Experiment_1_seed_42,2,0.054579227437011296,connected,mainstream
264,popular_1_exp_Experiment_1_seed_42,2,0.05423711164044329,connected,mainstream
339,popular_1_exp_Experiment_1_seed_42,2,0.06451593111329,connected,mainstream
184,popular_1_exp_Experiment_1_seed_42,2,0.057619174640202574,connected,mainstream
173,popular_1_exp_Experiment_1_seed_42,2,0.057119486826177346,connected,mainstream
289,popular_1_exp_Experiment_1_seed_42,2,0.053354471817748404,connected,mainstream
142,popular_1_exp_Experiment_1_seed_42,2,0.05362712935430073,connected,mainstream
116,popular_1_exp_Experiment_1_seed_42,2,0.05054455151277493,connected,mainstream
437,popular_1_exp_Experiment_1_seed_42,2,0.050006449218944794,connected,mainstream
247,popular_1_exp_Experiment_1_seed_42,2,0.05016873067536017,connected,mainstream
452,popular_1_exp_Experiment_1_seed_42,2,0.06386314737014089,connected,mainstream
132,popular_1_exp_Experiment_1_seed_42,2,0.05696878155668309,connected,mainstream
37,popular_1_exp_Experiment_1_seed_42,2,0.017600909302957175,connected,niche
338,popular_1_exp_Experiment_1_seed_42,2,0.06999491523724484,connected,mainstream
231,popular_1_exp_Experiment_1_seed_42,2,0.06177767321953861,connected,mainstream
4,popular_1_exp_Experiment_1_seed_42,2,0.016613536898326304,connected,niche
57,popular_1_exp_Experiment_1_seed_42,2,0.013387798690712752,connected,niche
10,popular_1_exp_Experiment_1_seed_42,2,0.013671260415279515,connected,niche
179,popular_1_exp_Experiment_1_seed_42,2,0.05903063190335683,connected,mainstream
106,popular_1_exp_Experiment_1_seed_42,2,0.05035180729389266,connected,mainstream
114,popular_1_exp_Experiment_1_seed_42,2,0.06336070530258413,connected,mainstream
149,popular_1_exp_Experiment_1_seed_42,2,0.06379696248887476,connected,mainstream
268,popular_1_exp_Experiment_1_seed_42,2,0.05195263895693228,connected,mainstream
554,popular_1_exp_Experiment_1_seed_42,2,0.05260772285223589,connected,mainstream
572,popular_1_exp_Experiment_1_seed_42,2,0.05304553902789838,connected,mainstream
556,popular_1_exp_Experiment_1_seed_42,2,0.04915246700840604,connected,mainstream
477,popular_1_exp_Experiment_1_seed_42,2,0.06639023902197072,connected,mainstream
272,popular_1_exp_Experiment_1_seed_42,2,0.06057183034464523,connected,mainstream
12,popular_1_exp_Experiment_1_seed_42,2,0.027204656960341828,connected,niche
45,popular_1_exp_Experiment_1_seed_42,2,0.01651511514261189,connected,niche
528,popular_1_exp_Experiment_1_seed_42,2,0.053663075539927045,connected,mainstream
243,popular_1_exp_Experiment_1_seed_42,2,0.049901417882514544,connected,mainstream
429,popular_1_exp_Experiment_1_seed_42,2,0.05128568693185693,connected,mainstream
470,popular_1_exp_Experiment_1_seed_42,2,0.05010983820913617,connected,mainstream
90,popular_1_exp_Experiment_1_seed_42,2,0.051977660473559034,connected,mainstream
472,popular_1_exp_Experiment_1_seed_42,2,0.05377910345523503,connected,mainstream
130,popular_1_exp_Experiment_1_seed_42,2,0.05357639708754372,connected,mainstream
202,popular_1_exp_Experiment_1_seed_42,2,0.06131221036705092,connected,mainstream
251,popular_1_exp_Experiment_1_seed_42,2,0.04880863149283867,connected,mainstream
383,popular_1_exp_Experiment_1_seed_42,2,0.067477997126241,connected,mainstream
302,popular_1_exp_Experiment_1_seed_42,2,0.04955187679866115,connected,mainstream
15,popular_1_exp_Experiment_1_seed_42,2,0.02551916794692762,connected,niche
342,popular_1_exp_Experiment_1_seed_42,2,0.056479086303797034,connected,mainstream
299,popular_1_exp_Experiment_1_seed_42,2,0.05646193663828194,connected,mainstream
415,popular_1_exp_Experiment_1_seed_42,2,0.05113964350970865,connected,mainstream
211,popular_1_exp_Experiment_1_seed_42,2,0.06985692961166164,connected,mainstream
461,popular_1_exp_Experiment_1_seed_42,2,0.05723124871632485,connected,mainstream
454,popular_1_exp_Experiment_1_seed_42,2,0.08753643504486597,connected,mainstream
493,popular_1_exp_Experiment_1_seed_42,2,0.05157365699476243,connected,mainstream
591,popular_1_exp_Experiment_1_seed_42,2,0.05516725609961276,connected,mainstream
456,popular_1_exp_Experiment_1_seed_42,2,0.049713326127817876,connected,mainstream
212,popular_1_exp_Experiment_1_seed_42,2,0.05773879370413712,connected,mainstream
457,popular_1_exp_Experiment_1_seed_42,2,0.05375398838372635,connected,mainstream
352,popular_1_exp_Experiment_1_seed_42,2,0.0474829000260451,connected,mainstream
365,popular_1_exp_Experiment_1_seed_42,2,0.058315114326107836,connected,mainstream
496,popular_1_exp_Experiment_1_seed_42,2,0.061742456436950144,connected,mainstream
482,popular_1_exp_Experiment_1_seed_42,2,0.06104282430091095,connected,mainstream
354,popular_1_exp_Experiment_1_seed_42,2,0.06072068784807602,connected,mainstream
447,popular_1_exp_Experiment_1_seed_42,2,0.05277613274919118,connected,mainstream
384,popular_1_exp_Experiment_1_seed_42,2,0.06773836054300751,connected,mainstream
295,popular_1_exp_Experiment_1_seed_42,2,0.04706083461587646,connected,mainstream
406,popular_1_exp_Experiment_1_seed_42,2,0.056726502112500236,connected,mainstream
28,popular_1_exp_Experiment_1_seed_42,2,0.01490733369630874,connected,niche
209,popular_1_exp_Experiment_1_seed_42,2,0.051493892939842266,connected,mainstream
271,popular_1_exp_Experiment_1_seed_42,2,0.05704771419315966,connected,mainstream
11,popular_1_exp_Experiment_1_seed_42,2,0.014318559017850882,connected,niche
292,popular_1_exp_Experiment_1_seed_42,2,0.0719039107896967,connected,mainstream
62,popular_1_exp_Experiment_1_seed_42,2,0.05902330666287875,connected,mainstream
400,popular_1_exp_Experiment_1_seed_42,2,0.05482996199666487,connected,mainstream
24,popular_1_exp_Experiment_1_seed_42,2,0.017035594090439643,connected,niche
435,popular_1_exp_Experiment_1_seed_42,2,0.06031280614965162,connected,mainstream
234,popular_1_exp_Experiment_1_seed_42,2,0.054154599157874794,connected,mainstream
319,popular_1_exp_Experiment_1_seed_42,2,0.04909537846416753,connected,mainstream
43,popular_1_exp_Experiment_1_seed_42,2,0.021443351094599532,connected,niche
337,popular_1_exp_Experiment_1_seed_42,2,0.06142977625561639,connected,mainstream
246,popular_1_exp_Experiment_1_seed_42,2,0.05026880746917128,connected,mainstream
85,popular_1_exp_Experiment_1_seed_42,2,0.06112066380710349,connected,mainstream
425,popular_1_exp_Experiment_1_seed_42,2,0.06347604253453253,connected,mainstream
553,popular_1_exp_Experiment_1_seed_42,2,0.0653221331613374,connected,mainstream
549,popular_1_exp_Experiment_1_seed_42,2,0.054013741868647935,connected,mainstream
360,popular_1_exp_Experiment_1_seed_42,2,0.056753721282764215,connected,mainstream
347,popular_1_exp_Experiment_1_seed_42,2,0.052707826706808285,connected,mainstream
201,popular_1_exp_Experiment_1_seed_42,2,0.05399157010689312,connected,mainstream
208,popular_1_exp_Experiment_1_seed_42,2,0.06347146366219696,connected,mainstream
533,popular_1_exp_Experiment_1_seed_42,2,0.05383094443741445,connected,mainstream
361,popular_1_exp_Experiment_1_seed_42,2,0.050402606619179426,connected,mainstream
519,popular_1_exp_Experiment_1_seed_42,2,0.0570523551808625,connected,mainstream
16,popular_1_exp_Experiment_1_seed_42,2,0.02421690568896287,connected,niche
381,popular_1_exp_Experiment_1_seed_42,2,0.05449212616437818,connected,mainstream
171,popular_1_exp_Experiment_1_seed_42,2,0.051629886663346246,connected,mainstream
72,popular_1_exp_Experiment_1_seed_42,2,0.06303312796695063,connected,mainstream
38,popular_1_exp_Experiment_1_seed_42,2,0.01839836742556911,connected,niche
160,popular_1_exp_Experiment_1_seed_42,2,0.05403092074232068,connected,mainstream
436,popular_1_exp_Experiment_1_seed_42,2,0.053573221003107276,connected,mainstream
421,popular_1_exp_Experiment_1_seed_42,2,0.060286000020915435,connected,mainstream
414,popular_1_exp_Experiment_1_seed_42,2,0.0566820209139726,connected,mainstream
536,popular_1_exp_Experiment_1_seed_42,2,0.05809995236636815,connected,mainstream
23,popular_1_exp_Experiment_1_seed_42,2,0.01818973407837192,connected,niche
221,popular_1_exp_Experiment_1_seed_42,2,0.055689538191282084,connected,mainstream
174,popular_1_exp_Experiment_1_seed_42,2,0.055474411299979216,connected,mainstream
550,popular_1_exp_Experiment_1_seed_42,2,0.06252691346873712,connected,mainstream
584,popular_1_exp_Experiment_1_seed_42,2,0.057762269641167374,connected,mainstream
223,popular_1_exp_Experiment_1_seed_42,2,0.05580136870240132,connected,mainstream
497,popular_1_exp_Experiment_1_seed_42,2,0.050947647707561966,connected,mainstream
442,popular_1_exp_Experiment_1_seed_42,2,0.05514114679831685,connected,mainstream
369,popular_1_exp_Experiment_1_seed_42,2,0.05528402393393215,connected,mainstream
468,popular_1_exp_Experiment_1_seed_42,2,0.05155568264626737,connected,mainstream
54,popular_1_exp_Experiment_1_seed_42,2,0.015578988630947572,connected,niche
498,popular_1_exp_Experiment_1_seed_42,2,0.056969395673374196,connected,mainstream
538,popular_1_exp_Experiment_1_seed_42,2,0.05430572442309647,connected,mainstream
63,popular_1_exp_Experiment_1_seed_42,2,0.05710001386076399,connected,mainstream
388,popular_1_exp_Experiment_1_seed_42,2,0.06043178493267667,connected,mainstream
571,popular_1_exp_Experiment_1_seed_42,2,0.056085516245124305,connected,mainstream
53,popular_1_exp_Experiment_1_seed_42,2,0.014813201311586413,connected,niche
396,popular_1_exp_Experiment_1_seed_42,2,0.05188091783893923,connected,mainstream
566,popular_1_exp_Experiment_1_seed_42,2,0.0542915518030642,connected,mainstream
559,popular_1_exp_Experiment_1_seed_42,2,0.054369843075726704,connected,mainstream
594,popular_1_exp_Experiment_1_seed_42,2,0.05514195419455451,connected,mainstream
366,popular_1_exp_Experiment_1_seed_42,2,0.05148815771636019,connected,mainstream
521,popular_1_exp_Experiment_1_seed_42,2,0.04771388989271965,connected,mainstream
187,popular_1_exp_Experiment_1_seed_42,2,0.06689069832107802,connected,mainstream
399,popular_1_exp_Experiment_1_seed_42,2,0.07339573907956772,connected,mainstream
589,popular_1_exp_Experiment_1_seed_42,2,0.05564833145886722,connected,mainstream
314,popular_1_exp_Experiment_1_seed_42,2,0.05064844151268935,connected,mainstream
331,popular_1_exp_Experiment_1_seed_42,2,0.05395560684621589,connected,mainstream
68,popular_1_exp_Experiment_1_seed_42,2,0.05274598661681567,connected,mainstream
333,popular_1_exp_Experiment_1_seed_42,2,0.059956985471994094,connected,mainstream
525,popular_1_exp_Experiment_1_seed_42,2,0.06088689012120755,connected,mainstream
578,popular_1_exp_Experiment_1_seed_42,2,0.05257016692295254,connected,mainstream
394,popular_1_exp_Experiment_1_seed_42,2,0.06579498116679942,connected,mainstream
532,popular_1_exp_Experiment_1_seed_42,2,0.055912799381553004,connected,mainstream
503,popular_1_exp_Experiment_1_seed_42,2,0.06328069468942248,connected,mainstream
157,popular_1_exp_Experiment_1_seed_42,2,0.05121159515229438,connected,mainstream
298,popular_1_exp_Experiment_1_seed_42,2,0.05859089904189063,connected,mainstream
567,popular_1_exp_Experiment_1_seed_42,2,0.051205673933020036,connected,mainstream
430,popular_1_exp_Experiment_1_seed_42,2,0.05462634188177972,connected,mainstream
359,popular_1_exp_Experiment_1_seed_42,2,0.05060476372679907,connected,mainstream
56,popular_1_exp_Experiment_1_seed_42,2,0.019466074655748625,connected,niche
278,popular_1_exp_Experiment_1_seed_42,2,0.0485677716666586,connected,mainstream
440,popular_1_exp_Experiment_1_seed_42,2,0.05760585415172212,connected,mainstream
526,popular_1_exp_Experiment_1_seed_42,2,0.053794304257125024,connected,mainstream
392,popular_1_exp_Experiment_1_seed_42,2,0.0515312750502136,connected,mainstream
168,popular_1_exp_Experiment_1_seed_42,2,0.05669454083393019,connected,mainstream
364,popular_1_exp_Experiment_1_seed_42,2,0.05742637619605514,connected,mainstream
195,popular_1_exp_Experiment_1_seed_42,2,0.051179097259372815,connected,mainstream
194,popular_1_exp_Experiment_1_seed_42,2,0.05093309875869154,connected,mainstream
326,popular_1_exp_Experiment_1_seed_42,2,0.05311099295609121,connected,mainstream
180,popular_1_exp_Experiment_1_seed_42,2,0.06713678447735755,connected,mainstream
463,popular_1_exp_Experiment_1_seed_42,2,0.05486255382581095,connected,mainstream
411,popular_1_exp_Experiment_1_seed_42,2,0.05194330049103759,connected,mainstream
55,popular_1_exp_Experiment_1_seed_42,2,0.014936455095566863,connected,niche
279,popular_1_exp_Experiment_1_seed_42,2,0.04803327627391105,connected,mainstream
356,popular_1_exp_Experiment_1_seed_42,2,0.058437916037472136,connected,mainstream
27,popular_1_exp_Experiment_1_seed_42,2,0.01610936462635472,connected,niche
312,popular_1_exp_Experiment_1_seed_42,2,0.05103420391653738,connected,mainstream
198,popular_1_exp_Experiment_1_seed_42,2,0.05142162926911193,connected,mainstream
510,popular_1_exp_Experiment_1_seed_42,2,0.059084815183396956,connected,mainstream
535,popular_1_exp_Experiment_1_seed_42,2,0.05179150891575864,connected,mainstream
309,popular_1_exp_Experiment_1_seed_42,2,0.062236024228953496,connected,mainstream
495,popular_1_exp_Experiment_1_seed_42,2,0.059655966024702946,connected,mainstream
237,popular_1_exp_Experiment_1_seed_42,2,0.060276820613495076,connected,mainstream
58,popular_1_exp_Experiment_1_seed_42,2,0.014484771844288756,connected,niche
499,popular_1_exp_Experiment_1_seed_42,2,0.05909369366620512,connected,mainstream
176,popular_1_exp_Experiment_1_seed_42,2,0.05444364149676922,connected,mainstream
473,popular_1_exp_Experiment_1_seed_42,2,0.06333445419215021,connected,mainstream
491,popular_1_exp_Experiment_1_seed_42,2,0.07203472840791326,connected,mainstream
79,popular_1_exp_Experiment_1_seed_42,2,0.05109776743654624,connected,mainstream
192,popular_1_exp_Experiment_1_seed_42,2,0.05593037409049334,connected,mainstream
103,popular_1_exp_Experiment_1_seed_42,2,0.06542271304016739,connected,mainstream
191,popular_1_exp_Experiment_1_seed_42,2,0.054361829317958264,connected,mainstream
367,popular_1_exp_Experiment_1_seed_42,2,0.05455713017080851,connected,mainstream
293,popular_1_exp_Experiment_1_seed_42,2,0.06689552769017482,connected,mainstream
432,popular_1_exp_Experiment_1_seed_42,2,0.0486379195587859,connected,mainstream
47,popular_1_exp_Experiment_1_seed_42,2,0.0197954512046297,connected,niche
534,popular_1_exp_Experiment_1_seed_42,2,0.05282067995563176,connected,mainstream
86,popular_1_exp_Experiment_1_seed_42,2,0.061416069437137004,connected,mainstream
345,popular_1_exp_Experiment_1_seed_42,2,0.06269305278474442,connected,mainstream
203,popular_1_exp_Experiment_1_seed_42,2,0.05150435279564768,connected,mainstream
270,popular_1_exp_Experiment_1_seed_42,2,0.06099261726560823,connected,mainstream
138,popular_1_exp_Experiment_1_seed_42,2,0.04833469377674054,connected,mainstream
385,popular_1_exp_Experiment_1_seed_42,2,0.054196661700278204,connected,mainstream
283,popular_1_exp_Experiment_1_seed_42,2,0.04738202270615851,connected,mainstream
8,popular_1_exp_Experiment_1_seed_42,2,0.018269082655231014,connected,niche
441,popular_1_exp_Experiment_1_seed_42,2,0.051447469310434486,connected,mainstream
200,popular_1_exp_Experiment_1_seed_42,2,0.056178540517536533,connected,mainstream
488,popular_1_exp_Experiment_1_seed_42,2,0.054913265605825184,connected,mainstream
506,popular_1_exp_Experiment_1_seed_42,2,0.05897053921909662,connected,mainstream
387,popular_1_exp_Experiment_1_seed_42,2,0.05138094431992224,connected,mainstream
163,popular_1_exp_Experiment_1_seed_42,2,0.053976330553224615,connected,mainstream
560,popular_1_exp_Experiment_1_seed_42,2,0.064268427048338,connected,mainstream
341,popular_1_exp_Experiment_1_seed_42,2,0.057591193327316464,connected,mainstream
75,popular_1_exp_Experiment_1_seed_42,2,0.06936651080957176,connected,mainstream
238,popular_1_exp_Experiment_1_seed_42,2,0.04856200478743653,connected,mainstream
102,popular_1_exp_Experiment_1_seed_42,2,0.05442467322328101,connected,mainstream
113,popular_1_exp_Experiment_1_seed_42,2,0.05066790107727509,connected,mainstream
562,popular_1_exp_Experiment_1_seed_42,2,0.058731015006690646,connected,mainstream
81,popular_1_exp_Experiment_1_seed_42,2,0.05279275043489382,connected,mainstream
325,popular_1_exp_Experiment_1_seed_42,2,0.05687843393839772,connected,mainstream
66,popular_1_exp_Experiment_1_seed_42,2,0.06225364391884092,connected,mainstream
121,popular_1_exp_Experiment_1_seed_42,2,0.07425768661772003,connected,mainstream
71,popular_1_exp_Experiment_1_seed_42,2,0.06893962198924962,connected,mainstream
479,popular_1_exp_Experiment_1_seed_42,2,0.05215884367129387,connected,mainstream
515,popular_1_exp_Experiment_1_seed_42,2,0.049796613057181326,connected,mainstream
46,popular_1_exp_Experiment_1_seed_42,2,0.01463324477445703,connected,niche
153,popular_1_exp_Experiment_1_seed_42,2,0.05134864941786146,connected,mainstream
433,popular_1_exp_Experiment_1_seed_42,2,0.05802411158516716,connected,mainstream
263,popular_1_exp_Experiment_1_seed_42,2,0.05080483027742441,connected,mainstream
374,popular_1_exp_Experiment_1_seed_42,2,0.05575423217500449,connected,mainstream
145,popular_1_exp_Experiment_1_seed_42,2,0.054603282577022315,connected,mainstream
105,popular_1_exp_Experiment_1_seed_42,2,0.0494404754367962,connected,mainstream
122,popular_1_exp_Experiment_1_seed_42,2,0.051118792700604404,connected,mainstream
94,popular_1_exp_Experiment_1_seed_42,2,0.051410985191232085,connected,mainstream
189,popular_1_exp_Experiment_1_seed_42,2,0.05026919094279505,connected,mainstream
301,popular_1_exp_Experiment_1_seed_42,2,0.06091165461479233,connected,mainstream
555,popular_1_exp_Experiment_1_seed_42,2,0.05161469268794966,connected,mainstream
481,popular_1_exp_Experiment_1_seed_42,2,0.05721624356026742,connected,mainstream
139,popular_1_exp_Experiment_1_seed_42,2,0.051805578816416155,connected,mainstream
265,popular_1_exp_Experiment_1_seed_42,2,0.055228180828257846,connected,mainstream
322,popular_1_exp_Experiment_1_seed_42,2,0.05640377533290075,connected,mainstream
242,popular_1_exp_Experiment_1_seed_42,2,0.04725986419416695,connected,mainstream
426,popular_1_exp_Experiment_1_seed_42,2,0.05578614396843759,connected,mainstream
76,popular_1_exp_Experiment_1_seed_42,2,0.05038577319344691,connected,mainstream
178,popular_1_exp_Experiment_1_seed_42,2,0.0542475323707449,connected,mainstream
465,popular_1_exp_Experiment_1_seed_42,2,0.05348792844244085,connected,mainstream
469,popular_1_exp_Experiment_1_seed_42,2,0.06687300915336337,connected,mainstream
137,popular_1_exp_Experiment_1_seed_42,2,0.057909905068795564,connected,mainstream
59,popular_1_exp_Experiment_1_seed_42,2,0.012003894124133356,connected,niche
464,popular_1_exp_Experiment_1_seed_42,2,0.05122936279710557,connected,mainstream
159,popular_1_exp_Experiment_1_seed_42,2,0.055476532680912745,connected,mainstream
143,popular_1_exp_Experiment_1_seed_42,2,0.054086438907139274,connected,mainstream
349,popular_1_exp_Experiment_1_seed_42,2,0.05430020918514535,connected,mainstream
582,popular_1_exp_Experiment_1_seed_42,2,0.06278784340739786,connected,mainstream
599,popular_1_exp_Experiment_1_seed_42,2,0.05872330156612707,connected,mainstream
281,popular_1_exp_Experiment_1_seed_42,2,0.059145597472936746,connected,mainstream
480,popular_1_exp_Experiment_1_seed_42,2,0.050184562562770374,connected,mainstream
410,popular_1_exp_Experiment_1_seed_42,2,0.05196246824566094,connected,mainstream
127,popular_1_exp_Experiment_1_seed_42,2,0.051879029880630194,connected,mainstream
282,popular_1_exp_Experiment_1_seed_42,2,0.06985702884409051,connected,mainstream
206,popular_1_exp_Experiment_1_seed_42,2,0.06984533045519226,connected,mainstream
123,popular_1_exp_Experiment_1_seed_42,2,0.05199672951771978,connected,mainstream
542,popular_1_exp_Experiment_1_seed_42,2,0.05133831777199107,connected,mainstream
118,popular_1_exp_Experiment_1_seed_42,2,0.05337814677228767,connected,mainstream
185,popular_1_exp_Experiment_1_seed_42,2,0.06253928968249838,connected,mainstream
368,popular_1_exp_Experiment_1_seed_42,2,0.05111298801998807,connected,mainstream
83,popular_1_exp_Experiment_1_seed_42,2,0.05781904891401457,connected,mainstream
147,popular_1_exp_Experiment_1_seed_42,2,0.06255877911654661,connected,mainstream
25,popular_1_exp_Experiment_1_seed_42,2,0.01621683952285965,connected,niche
177,popular_1_exp_Experiment_1_seed_42,2,0.05780242933277537,connected,mainstream
52,popular_1_exp_Experiment_1_seed_42,2,0.0154468389519019,connected,niche
226,popular_1_exp_Experiment_1_seed_42,2,0.05579841683093697,connected,mainstream
565,popular_1_exp_Experiment_1_seed_42,2,0.05141240015728595,connected,mainstream
494,popular_1_exp_Experiment_1_seed_42,2,0.062037509185669464,connected,mainstream
371,popular_1_exp_Experiment_1_seed_42,2,0.06728473072253749,connected,mainstream
207,popular_1_exp_Experiment_1_seed_42,2,0.051108304901680855,connected,mainstream
88,popular_1_exp_Experiment_1_seed_42,2,0.050492896242364194,connected,mainstream
259,popular_1_exp_Experiment_1_seed_42,2,0.0563703627618124,connected,mainstream
545,popular_1_exp_Experiment_1_seed_42,2,0.05294654087127739,connected,mainstream
241,popular_1_exp_Experiment_1_seed_42,2,0.0528908499831873,connected,mainstream
136,popular_1_exp_Experiment_1_seed_42,2,0.06857802208508082,connected,mainstream
61,popular_1_exp_Experiment_1_seed_42,2,0.06670142165442651,connected,mainstream
196,popular_1_exp_Experiment_1_seed_42,2,0.06267425448203014,connected,mainstream
428,popular_1_exp_Experiment_1_seed_42,2,0.0479944246460314,connected,mainstream
236,popular_1_exp_Experiment_1_seed_42,2,0.04849954895489458,connected,mainstream
576,popular_1_exp_Experiment_1_seed_42,2,0.05209789519864999,connected,mainstream
9,popular_1_exp_Experiment_1_seed_42,2,0.01513780049650639,connected,niche
5,popular_1_exp_Experiment_1_seed_42,2,0.01896789975817563,connected,niche
215,popular_1_exp_Experiment_1_seed_42,2,0.04970906509429118,connected,mainstream
427,popular_1_exp_Experiment_1_seed_42,2,0.05113157145550706,connected,mainstream
570,popular_1_exp_Experiment_1_seed_42,2,0.05278705002511799,connected,mainstream
125,popular_1_exp_Experiment_1_seed_42,2,0.05101687656273488,connected,mainstream
453,popular_1_exp_Experiment_1_seed_42,2,0.0562641409486471,connected,mainstream
587,popular_1_exp_Experiment_1_seed_42,2,0.05357601513616809,connected,mainstream
248,popular_1_exp_Experiment_1_seed_42,2,0.060677176144377586,connected,mainstream
273,popular_1_exp_Experiment_1_seed_42,2,0.057149897738911264,connected,mainstream
288,popular_1_exp_Experiment_1_seed_42,2,0.056411234150182565,connected,mainstream
403,popular_1_exp_Experiment_1_seed_42,2,0.05139123635992183,connected,mainstream
434,popular_1_exp_Experiment_1_seed_42,2,0.056409581709938504,connected,mainstream
350,popular_1_exp_Experiment_1_seed_42,2,0.06616176784119766,connected,mainstream
379,popular_1_exp_Experiment_1_seed_42,2,0.061081350859897555,connected,mainstream
255,popular_1_exp_Experiment_1_seed_42,2,0.050810711872634896,connected,mainstream
583,popular_1_exp_Experiment_1_seed_42,2,0.050571943505989266,connected,mainstream
386,popular_1_exp_Experiment_1_seed_42,2,0.05720678324222345,connected,mainstream
509,popular_1_exp_Experiment_1_seed_42,2,0.05659610562862619,connected,mainstream
213,popular_1_exp_Experiment_1_seed_42,2,0.06561491803108616,connected,mainstream
504,popular_1_exp_Experiment_1_seed_42,2,0.05034000049788804,connected,mainstream
74,popular_1_exp_Experiment_1_seed_42,2,0.050831685905236935,connected,mainstream
330,popular_1_exp_Experiment_1_seed_42,2,0.06836663934693082,connected,mainstream
328,popular_1_exp_Experiment_1_seed_42,2,0.0635614086253622,connected,mainstream
161,popular_1_exp_Experiment_1_seed_42,2,0.051610668707027095,connected,mainstream
581,popular_1_exp_Experiment_1_seed_42,2,0.07191031938973706,connected,mainstream
304,popular_1_exp_Experiment_1_seed_42,2,0.06627812465354814,connected,mainstream
306,popular_1_exp_Experiment_1_seed_42,2,0.05279313298105114,connected,mainstream
165,popular_1_exp_Experiment_1_seed_42,2,0.048153800517382855,connected,mainstream
128,popular_1_exp_Experiment_1_seed_42,2,0.054288056772952904,connected,mainstream
131,popular_1_exp_Experiment_1_seed_42,2,0.05304899490745785,connected,mainstream
244,popular_1_exp_Experiment_1_seed_42,2,0.04718288702587856,connected,mainstream
166,popular_1_exp_Experiment_1_seed_42,2,0.060405467587683566,connected,mainstream
438,popular_1_exp_Experiment_1_seed_42,2,0.049388965637138064,connected,mainstream
336,popular_1_exp_Experiment_1_seed_42,2,0.0566289435639992,connected,mainstream
490,popular_1_exp_Experiment_1_seed_42,2,0.0499512405812631,connected,mainstream
303,popular_1_exp_Experiment_1_seed_42,2,0.058951970167728705,connected,mainstream
390,popular_1_exp_Experiment_1_seed_42,2,0.05526355675019647,connected,mainstream
124,popular_1_exp_Experiment_1_seed_42,2,0.04881570801650656,connected,mainstream
344,popular_1_exp_Experiment_1_seed_42,2,0.05956764878128553,connected,mainstream
402,popular_1_exp_Experiment_1_seed_42,2,0.05778900830575062,connected,mainstream
593,popular_1_exp_Experiment_1_seed_42,2,0.05981440669685176,connected,mainstream
48,popular_1_exp_Experiment_1_seed_42,2,0.01426926089686536,connected,niche
256,popular_1_exp_Experiment_1_seed_42,2,0.06878992267916868,connected,mainstream
29,popular_1_exp_Experiment_1_seed_42,2,0.025426063898490503,connected,niche
99,popular_1_exp_Experiment_1_seed_42,2,0.05546368567423779,connected,mainstream
382,popular_1_exp_Experiment_1_seed_42,2,0.059244357676209315,connected,mainstream
540,popular_1_exp_Experiment_1_seed_42,2,0.0522287707641216,connected,mainstream
422,popular_1_exp_Experiment_1_seed_42,2,0.05698784191185446,connected,mainstream
40,popular_1_exp_Experiment_1_seed_42,2,0.02173538902790709,connected,niche
100,popular_1_exp_Experiment_1_seed_42,2,0.0614443066641767,connected,mainstream
317,popular_1_exp_Experiment_1_seed_42,2,0.06384678102640302,connected,mainstream
150,popular_1_exp_Experiment_1_seed_42,2,0.061510388119204285,connected,mainstream
20,popular_1_exp_Experiment_1_seed_42,2,0.019512312693431812,connected,niche
188,popular_1_exp_Experiment_1_seed_42,2,0.05696108990315827,connected,mainstream
311,popular_1_exp_Experiment_1_seed_42,2,0.06770046464149522,connected,mainstream
310,popular_1_exp_Experiment_1_seed_42,2,0.06997738350276829,connected,mainstream
39,popular_1_exp_Experiment_1_seed_42,2,0.019130936633300222,connected,niche
417,popular_1_exp_Experiment_1_seed_42,2,0.06090081023063957,connected,mainstream
182,popular_1_exp_Experiment_1_seed_42,2,0.06286252096916865,connected,mainstream
547,popular_1_exp_Experiment_1_seed_42,2,0.05000541905223424,connected,mainstream
334,popular_1_exp_Experiment_1_seed_42,2,0.059427443829058284,connected,mainstream
36,popular_1_exp_Experiment_1_seed_42,2,0.021617621029207935,connected,niche
320,popular_1_exp_Experiment_1_seed_42,2,0.04866370348824459,connected,mainstream
42,popular_1_exp_Experiment_1_seed_42,2,0.01974468652812126,connected,niche
377,popular_1_exp_Experiment_1_seed_42,2,0.06042855459244092,connected,mainstream
35,popular_1_exp_Experiment_1_seed_42,2,0.017939361237142053,connected,niche
324,popular_1_exp_Experiment_1_seed_42,2,0.057073957855193404,connected,mainstream
316,popular_1_exp_Experiment_1_seed_42,2,0.052399494318493035,connected,mainstream
26,popular_1_exp_Experiment_1_seed_42,2,0.02591775064169735,connected,niche
197,popular_1_exp_Experiment_1_seed_42,2,0.07473888277347619,connected,mainstream
451,popular_1_exp_Experiment_1_seed_42,2,0.05036841137121151,connected,mainstream
502,popular_1_exp_Experiment_1_seed_42,2,0.06273941015055344,connected,mainstream
405,popular_1_exp_Experiment_1_seed_42,2,0.05652826874023132,connected,mainstream
424,popular_1_exp_Experiment_1_seed_42,2,0.04976467677913738,connected,mainstream
543,popular_1_exp_Experiment_1_seed_42,2,0.0622002917837978,connected,mainstream
97,popular_1_exp_Experiment_1_seed_42,2,0.05419195916202432,connected,mainstream
172,popular_1_exp_Experiment_1_seed_42,2,0.05818779013131759,connected,mainstream
355,popular_1_exp_Experiment_1_seed_42,2,0.052225898302393346,connected,mainstream
183,popular_1_exp_Experiment_1_seed_42,2,0.05144211364911399,connected,mainstream
478,popular_1_exp_Experiment_1_seed_42,2,0.059901241846653165,connected,mainstream
529,popular_1_exp_Experiment_1_seed_42,2,0.05870075857109345,connected,mainstream
227,popular_1_exp_Experiment_1_seed_42,2,0.05109505447570833,connected,mainstream
14,popular_1_exp_Experiment_1_seed_42,2,0.01828340309171126,connected,niche
346,popular_1_exp_Experiment_1_seed_42,2,0.06181835959523788,connected,mainstream
458,popular_1_exp_Experiment_1_seed_42,2,0.05369318002736481,connected,mainstream
391,popular_1_exp_Experiment_1_seed_42,2,0.05202698620202651,connected,mainstream
280,popular_1_exp_Experiment_1_seed_42,2,0.05319119072905636,connected,mainstream
372,popular_1_exp_Experiment_1_seed_42,2,0.06299904861754774,connected,mainstream
450,popular_1_exp_Experiment_1_seed_42,2,0.06752719033274632,connected,mainstream
205,popular_1_exp_Experiment_1_seed_42,2,0.05109675531452704,connected,mainstream
164,popular_1_exp_Experiment_1_seed_42,2,0.05937244018948867,connected,mainstream
115,popular_1_exp_Experiment_1_seed_42,2,0.058806233596663426,connected,mainstream
269,popular_1_exp_Experiment_1_seed_42,2,0.05051613371406475,connected,mainstream
93,popular_1_exp_Experiment_1_seed_42,2,0.05075805192129953,connected,mainstream
193,popular_1_exp_Experiment_1_seed_42,2,0.06083127267289599,connected,mainstream
219,popular_1_exp_Experiment_1_seed_42,2,0.04581772192818503,connected,mainstream
120,popular_1_exp_Experiment_1_seed_42,2,0.06316321000841778,connected,mainstream
376,popular_1_exp_Experiment_1_seed_42,2,0.06465695601052637,connected,mainstream
318,popular_1_exp_Experiment_1_seed_42,2,0.07303632466917005,connected,mainstream
186,popular_1_exp_Experiment_1_seed_42,2,0.04867051291762849,connected,mainstream
170,popular_1_exp_Experiment_1_seed_42,2,0.04938078001470372,connected,mainstream
544,popular_1_exp_Experiment_1_seed_42,2,0.05505039886288255,connected,mainstream
13,popular_1_exp_Experiment_1_seed_42,2,0.020303461577921598,connected,niche
357,popular_1_exp_Experiment_1_seed_42,2,0.07050387130773965,connected,mainstream
315,popular_1_exp_Experiment_1_seed_42,2,0.06147656440065835,connected,mainstream
332,popular_1_exp_Experiment_1_seed_42,2,0.05800467106880025,connected,mainstream
419,popular_1_exp_Experiment_1_seed_42,2,0.05806047888894108,connected,mainstream
73,popular_1_exp_Experiment_1_seed_42,2,0.06055229048615974,connected,mainstream
483,popular_1_exp_Experiment_1_seed_42,2,0.05383342823341658,connected,mainstream
216,popular_1_exp_Experiment_1_seed_42,2,0.05837638847851186,connected,mainstream
466,popular_1_exp_Experiment_1_seed_42,2,0.0507494158399128,connected,mainstream
393,popular_1_exp_Experiment_1_seed_42,2,0.05334267492338923,connected,mainstream
287,popular_1_exp_Experiment_1_seed_42,2,0.05047390136557315,connected,mainstream
413,popular_1_exp_Experiment_1_seed_42,2,0.05793142455881523,connected,mainstream
537,popular_1_exp_Experiment_1_seed_42,2,0.05485086331030656,connected,mainstream
531,popular_1_exp_Experiment_1_seed_42,2,0.0524414119403806,connected,mainstream
501,popular_1_exp_Experiment_1_seed_42,2,0.05291720335737165,connected,mainstream
218,popular_1_exp_Experiment_1_seed_42,2,0.05552818801428138,connected,mainstream
21,popular_1_exp_Experiment_1_seed_42,2,0.025531314137305344,connected,niche
254,popular_1_exp_Experiment_1_seed_42,2,0.06107922197305746,connected,mainstream
522,popular_1_exp_Experiment_1_seed_42,2,0.057533525552858615,connected,mainstream
199,popular_1_exp_Experiment_1_seed_42,2,0.06880126997642362,connected,mainstream
60,popular_1_exp_Experiment_1_seed_42,2,0.051797124742308936,connected,mainstream
91,popular_1_exp_Experiment_1_seed_42,2,0.05736775184390783,connected,mainstream
423,popular_1_exp_Experiment_1_seed_42,2,0.054037088363464915,connected,mainstream
117,popular_1_exp_Experiment_1_seed_42,2,0.054515200527612974,connected,mainstream
84,popular_1_exp_Experiment_1_seed_42,2,0.04910685315772098,connected,mainstream
126,popular_1_exp_Experiment_1_seed_42,2,0.052268271569445246,connected,mainstream
444,popular_1_exp_Experiment_1_seed_42,2,0.05188548687086895,connected,mainstream
460,popular_1_exp_Experiment_1_seed_42,2,0.04976246325006905,connected,mainstream
363,popular_1_exp_Experiment_1_seed_42,2,0.05910744763835724,connected,mainstream
252,popular_1_exp_Experiment_1_seed_42,2,0.056478702453197305,connected,mainstream
104,popular_1_exp_Experiment_1_seed_42,2,0.05634943425385044,connected,mainstream
564,popular_1_exp_Experiment_1_seed_42,2,0.05040238734245723,connected,mainstream
511,popular_1_exp_Experiment_1_seed_42,2,0.06129037600835765,connected,mainstream
492,popular_1_exp_Experiment_1_seed_42,2,0.05572460279107983,connected,mainstream
505,popular_1_exp_Experiment_1_seed_42,2,0.054289261844834034,connected,mainstream
598,popular_1_exp_Experiment_1_seed_42,2,0.04813225562248233,connected,mainstream
224,popular_1_exp_Experiment_1_seed_42,2,0.06753473193220713,connected,mainstream
19,popular_1_exp_Experiment_1_seed_42,2,0.021605524815292237,connected,niche
524,popular_1_exp_Experiment_1_seed_42,2,0.05175138879224627,connected,mainstream
395,popular_1_exp_Experiment_1_seed_42,2,0.05203040302892719,connected,mainstream
140,popular_1_exp_Experiment_1_seed_42,2,0.057099370228828855,connected,mainstream
327,popular_1_exp_Experiment_1_seed_42,2,0.055764986885829336,connected,mainstream
51,popular_1_exp_Experiment_1_seed_42,2,0.014850405680803341,connected,niche
228,popular_1_exp_Experiment_1_seed_42,2,0.05858371366850906,connected,mainstream
144,popular_1_exp_Experiment_1_seed_42,2,0.053595313289193876,connected,mainstream
119,popular_1_exp_Experiment_1_seed_42,2,0.05233457142320597,connected,mainstream
253,popular_1_exp_Experiment_1_seed_42,2,0.056246070546842615,connected,mainstream
489,popular_1_exp_Experiment_1_seed_42,2,0.05570135929061933,connected,mainstream
70,popular_1_exp_Experiment_1_seed_42,2,0.06196174354611734,connected,mainstream
240,popular_1_exp_Experiment_1_seed_42,2,0.05641348230062868,connected,mainstream
595,popular_1_exp_Experiment_1_seed_42,2,0.0524357393689564,connected,mainstream
373,popular_1_exp_Experiment_1_seed_42,2,0.052969807531227535,connected,mainstream
569,popular_1_exp_Experiment_1_seed_42,2,0.05418365996081039,connected,mainstream
230,popular_1_exp_Experiment_1_seed_42,2,0.05416496240327607,connected,mainstream
574,popular_1_exp_Experiment_1_seed_42,2,0.05866856462603504,connected,mainstream
514,popular_1_exp_Experiment_1_seed_42,2,0.051201997414563084,connected,mainstream
65,popular_1_exp_Experiment_1_seed_42,2,0.049970493702367176,connected,mainstream
592,popular_1_exp_Experiment_1_seed_42,2,0.050079973477581204,connected,mainstream
154,popular_1_exp_Experiment_1_seed_42,2,0.05154767956552513,connected,mainstream
443,popular_1_exp_Experiment_1_seed_42,2,0.06115877323797059,connected,mainstream
476,popular_1_exp_Experiment_1_seed_42,2,0.05425554299196267,connected,mainstream
181,popular_1_exp_Experiment_1_seed_42,2,0.05040612296823408,connected,mainstream
351,popular_1_exp_Experiment_1_seed_42,2,0.05501976874259268,connected,mainstream
568,popular_1_exp_Experiment_1_seed_42,2,0.06967989050155952,connected,mainstream
262,popular_1_exp_Experiment_1_seed_42,2,0.05662945972738559,connected,mainstream
579,popular_1_exp_Experiment_1_seed_42,2,0.04866521251605618,connected,mainstream
471,popular_1_exp_Experiment_1_seed_42,2,0.06487760501778249,connected,mainstream
596,popular_1_exp_Experiment_1_seed_42,2,0.05034777058114218,connected,mainstream
573,popular_1_exp_Experiment_1_seed_42,2,0.06947011946896846,connected,mainstream
225,popular_1_exp_Experiment_1_seed_42,2,0.05890788539265123,connected,mainstream
69,popular_1_exp_Experiment_1_seed_42,2,0.060158600559500695,connected,mainstream
575,popular_1_exp_Experiment_1_seed_42,2,0.05138040918615028,connected,mainstream
141,popular_1_exp_Experiment_1_seed_42,2,0.054454097528117834,connected,mainstream
586,popular_1_exp_Experiment_1_seed_42,2,0.055367489145046085,connected,mainstream
404,popular_1_exp_Experiment_1_seed_42,2,0.06473205173413375,connected,mainstream
300,popular_1_exp_Experiment_1_seed_42,2,0.0582455670877706,connected,mainstream
129,popular_1_exp_Experiment_1_seed_42,2,0.05814343653635377,connected,mainstream
409,popular_1_exp_Experiment_1_seed_42,2,0.05483229989887018,connected,mainstream
375,popular_1_exp_Experiment_1_seed_42,2,0.05749605286129166,connected,mainstream
232,popular_1_exp_Experiment_1_seed_42,2,0.06627473295779941,connected,mainstream
155,popular_1_exp_Experiment_1_seed_42,2,0.05121686370678874,connected,mainstream
512,popular_1_exp_Experiment_1_seed_42,2,0.05822672233806161,connected,mainstream
80,popular_1_exp_Experiment_1_seed_42,2,0.05652138961385166,connected,mainstream
418,popular_1_exp_Experiment_1_seed_42,2,0.05374385728836254,connected,mainstream
156,popular_1_exp_Experiment_1_seed_42,2,0.05991253534721297,connected,mainstream
485,popular_1_exp_Experiment_1_seed_42,2,0.054792619672101715,connected,mainstream
294,popular_1_exp_Experiment_1_seed_42,2,0.06199380080552754,connected,mainstream
340,popular_1_exp_Experiment_1_seed_42,2,0.06671348354008627,connected,mainstream
500,popular_1_exp_Experiment_1_seed_42,2,0.057237216999676155,connected,mainstream
416,popular_1_exp_Experiment_1_seed_42,2,0.052867296328820874,connected,mainstream
286,popular_1_exp_Experiment_1_seed_42,2,0.05152449544139134,connected,mainstream
233,popular_1_exp_Experiment_1_seed_42,2,0.06783599999602231,connected,mainstream
431,popular_1_exp_Experiment_1_seed_42,2,0.058623374020283635,connected,mainstream
516,popular_1_exp_Experiment_1_seed_42,2,0.062225795360853535,connected,mainstream
0,popular_1_exp_Experiment_1_seed_42,2,0.015251980633843401,connected,niche
204,popular_1_exp_Experiment_1_seed_42,2,0.054627306975173213,connected,mainstream
467,popular_1_exp_Experiment_1_seed_42,2,0.05187294484542488,connected,mainstream
446,popular_1_exp_Experiment_1_seed_42,2,0.0629279010714671,connected,mainstream
353,popular_1_exp_Experiment_1_seed_42,2,0.05368390859521277,connected,mainstream
285,popular_1_exp_Experiment_1_seed_42,2,0.05558243913616693,connected,mainstream
1,popular_1_exp_Experiment_1_seed_42,2,0.014617346407339691,connected,niche
378,popular_1_exp_Experiment_1_seed_42,2,0.05374712284155889,connected,mainstream
563,popular_1_exp_Experiment_1_seed_42,2,0.05667690245445509,connected,mainstream
266,popular_1_exp_Experiment_1_seed_42,2,0.060426645792237964,connected,mainstream
3,popular_1_exp_Experiment_1_seed_42,2,0.016354114341005685,connected,niche
297,popular_1_exp_Experiment_1_seed_42,2,0.05145084718042194,connected,mainstream
380,popular_1_exp_Experiment_1_seed_42,2,0.055015201701120314,connected,mainstream
580,popular_1_exp_Experiment_1_seed_42,2,0.05024903773467553,connected,mainstream
101,popular_1_exp_Experiment_1_seed_42,2,0.058169504956015965,connected,mainstream
401,popular_1_exp_Experiment_1_seed_42,2,0.05816853964572993,connected,mainstream
34,popular_1_exp_Experiment_1_seed_42,2,0.01833159917241397,connected,niche
41,popular_1_exp_Experiment_1_seed_42,2,0.01647744731130772,connected,niche
541,popular_1_exp_Experiment_1_seed_42,2,0.06467240631954618,connected,mainstream
597,popular_1_exp_Experiment_1_seed_42,2,0.05692299310489076,connected,mainstream
530,popular_1_exp_Experiment_1_seed_42,2,0.06857361294241329,connected,mainstream
17,popular_1_exp_Experiment_1_seed_42,2,0.016661140096117105,connected,niche
588,popular_1_exp_Experiment_1_seed_42,2,0.05234960508343336,connected,mainstream
323,popular_1_exp_Experiment_1_seed_42,2,0.07042350044325894,connected,mainstream
77,popular_1_exp_Experiment_1_seed_42,2,0.05575343329913449,connected,mainstream
520,popular_1_exp_Experiment_1_seed_42,2,0.0654482780961461,connected,mainstream
539,popular_1_exp_Experiment_1_seed_42,2,0.057566691634414524,connected,mainstream
50,popular_1_exp_Experiment_1_seed_42,2,0.013382319059405935,connected,niche
67,popular_1_exp_Experiment_1_seed_42,2,0.05618090324450495,connected,mainstream
412,popular_1_exp_Experiment_1_seed_42,2,0.053795637292854394,connected,mainstream
44,popular_1_exp_Experiment_1_seed_42,2,0.012858839598958461,connected,niche
222,popular_1_exp_Experiment_1_seed_42,2,0.05450993705392417,connected,mainstream
474,popular_1_exp_Experiment_1_seed_42,2,0.05223054491314023,connected,mainstream
389,popular_1_exp_Experiment_1_seed_42,2,0.06671397459714717,connected,mainstream
162,popular_1_exp_Experiment_1_seed_42,2,0.05593593809415759,connected,mainstream
32,popular_1_exp_Experiment_1_seed_42,2,0.03127552200338974,connected,niche
261,popular_1_exp_Experiment_1_seed_42,2,0.042483090237676935,connected,mainstream
561,popular_1_exp_Experiment_1_seed_42,2,0.05359071658809409,connected,mainstream
167,popular_1_exp_Experiment_1_seed_42,2,0.05176188077952452,connected,mainstream
112,popular_1_exp_Experiment_1_seed_42,2,0.053677088285826347,connected,mainstream
449,popular_1_exp_Experiment_1_seed_42,2,0.06368688333614181,connected,mainstream
18,popular_1_exp_Experiment_1_seed_42,2,0.01756386583637574,connected,niche
190,popular_1_exp_Experiment_1_seed_42,2,0.05107768129590143,connected,mainstream
558,popular_1_exp_Experiment_1_seed_42,2,0.06397552856843797,connected,mainstream
267,popular_1_exp_Experiment_1_seed_42,2,0.06387585838324289,connected,mainstream
362,popular_1_exp_Experiment_1_seed_42,2,0.05192715064104963,connected,mainstream
31,popular_1_exp_Experiment_1_seed_42,2,0.0226768906588982,connected,niche
82,popular_1_exp_Experiment_1_seed_42,2,0.05325249484182881,connected,mainstream
277,popular_1_exp_Experiment_1_seed_42,2,0.05188613421187563,connected,mainstream
513,popular_1_exp_Experiment_1_seed_42,2,0.053446923572047965,connected,mainstream
343,popular_1_exp_Experiment_1_seed_42,2,0.05351098178000783,connected,mainstream
455,popular_1_exp_Experiment_1_seed_42,2,0.05081646826890435,connected,mainstream
210,popular_1_exp_Experiment_1_seed_42,2,0.05499732004041421,connected,mainstream
229,popular_1_exp_Experiment_1_seed_42,2,0.053920823100392506,connected,mainstream
548,popular_1_exp_Experiment_1_seed_42,2,0.04980154969666353,connected,mainstream
439,popular_1_exp_Experiment_1_seed_42,2,0.052528797138381746,connected,mainstream
290,popular_1_exp_Experiment_1_seed_42,2,0.05930173970909228,connected,mainstream
6,popular_1_exp_Experiment_1_seed_42,2,0.015274970871250773,connected,niche
214,popular_1_exp_Experiment_1_seed_42,2,0.050687613490315836,connected,mainstream
508,popular_1_exp_Experiment_1_seed_42,2,0.05081157208357449,connected,mainstream
95,popular_1_exp_Experiment_1_seed_42,2,0.06311063811071697,connected,mainstream
151,popular_1_exp_Experiment_1_seed_42,2,0.059239246458082734,connected,mainstream
523,popular_1_exp_Experiment_1_seed_42,2,0.054118053991188374,connected,mainstream
348,popular_1_exp_Experiment_1_seed_42,2,0.05555591620088407,connected,mainstream
169,popular_1_exp_Experiment_1_seed_42,2,0.05356028976808231,connected,mainstream
110,popular_1_exp_Experiment_1_seed_42,2,0.05450338872853446,connected,mainstream
135,popular_1_exp_Experiment_1_seed_42,2,0.05199013378459433,connected,mainstream
146,popular_1_exp_Experiment_1_seed_42,2,0.0564557382873502,connected,mainstream
291,popular_1_exp_Experiment_1_seed_42,2,0.054798134548097656,connected,mainstream
398,popular_1_exp_Experiment_1_seed_42,2,0.06448822255379243,connected,mainstream
486,popular_1_exp_Experiment_1_seed_42,2,0.0515207531746709,connected,mainstream
448,popular_1_exp_Experiment_1_seed_42,2,0.07016072341112058,connected,mainstream
518,popular_1_exp_Experiment_1_seed_42,2,0.045263335495852354,connected,mainstream
87,popular_1_exp_Experiment_1_seed_42,2,0.05659717298504386,connected,mainstream
329,popular_1_exp_Experiment_1_seed_42,2,0.0499088910166019,connected,mainstream
445,popular_1_exp_Experiment_1_seed_42,2,0.06201694676743902,connected,mainstream
487,popular_1_exp_Experiment_1_seed_42,2,0.06718963887051578,connected,mainstream
546,popular_1_exp_Experiment_1_seed_42,2,0.06810695628782931,connected,mainstream
459,popular_1_exp_Experiment_1_seed_42,2,0.04965067298142373,connected,mainstream
245,popular_1_exp_Experiment_1_seed_42,2,0.05380181470542336,connected,mainstream
475,popular_1_exp_Experiment_1_seed_42,2,0.056520511508520034,connected,mainstream
296,popular_1_exp_Experiment_1_seed_42,2,0.04926110206545726,connected,mainstream
217,popular_1_exp_Experiment_1_seed_42,2,0.05999041710598729,connected,mainstream
370,popular_1_exp_Experiment_1_seed_42,3,0.051633125431291504,connected,mainstream
577,popular_1_exp_Experiment_1_seed_42,3,0.05084007071871698,connected,mainstream
557,popular_1_exp_Experiment_1_seed_42,3,0.06884658194385761,connected,mainstream
397,popular_1_exp_Experiment_1_seed_42,3,0.06827008876551183,connected,mainstream
108,popular_1_exp_Experiment_1_seed_42,3,0.05225066866933379,connected,mainstream
321,popular_1_exp_Experiment_1_seed_42,3,0.0521925549465188,connected,mainstream
551,popular_1_exp_Experiment_1_seed_42,3,0.054569987469847876,connected,mainstream
7,popular_1_exp_Experiment_1_seed_42,3,0.01665604607733415,connected,niche
420,popular_1_exp_Experiment_1_seed_42,3,0.06242635364420335,connected,mainstream
517,popular_1_exp_Experiment_1_seed_42,3,0.05963678777948537,connected,mainstream
274,popular_1_exp_Experiment_1_seed_42,3,0.05198849534936716,connected,mainstream
484,popular_1_exp_Experiment_1_seed_42,3,0.05014467211640872,connected,mainstream
96,popular_1_exp_Experiment_1_seed_42,3,0.06551447675048953,connected,mainstream
64,popular_1_exp_Experiment_1_seed_42,3,0.06045029742510844,connected,mainstream
527,popular_1_exp_Experiment_1_seed_42,3,0.0517616368567701,connected,mainstream
152,popular_1_exp_Experiment_1_seed_42,3,0.07516281822985943,connected,mainstream
335,popular_1_exp_Experiment_1_seed_42,3,0.057536464581711154,connected,mainstream
305,popular_1_exp_Experiment_1_seed_42,3,0.06095145910518976,connected,mainstream
407,popular_1_exp_Experiment_1_seed_42,3,0.0660513614691803,connected,mainstream
408,popular_1_exp_Experiment_1_seed_42,3,0.06157894044078958,connected,mainstream
249,popular_1_exp_Experiment_1_seed_42,3,0.05651390081921126,connected,mainstream
148,popular_1_exp_Experiment_1_seed_42,3,0.06248762974916514,connected,mainstream
33,popular_1_exp_Experiment_1_seed_42,3,0.013440963115147817,connected,niche
2,popular_1_exp_Experiment_1_seed_42,3,0.013319466311558135,connected,niche
239,popular_1_exp_Experiment_1_seed_42,3,0.05538775434735222,connected,mainstream
175,popular_1_exp_Experiment_1_seed_42,3,0.06661200228986007,connected,mainstream
89,popular_1_exp_Experiment_1_seed_42,3,0.054826935977663284,connected,mainstream
507,popular_1_exp_Experiment_1_seed_42,3,0.05219101699587938,connected,mainstream
109,popular_1_exp_Experiment_1_seed_42,3,0.05569141386593829,connected,mainstream
257,popular_1_exp_Experiment_1_seed_42,3,0.05769187154858061,connected,mainstream
98,popular_1_exp_Experiment_1_seed_42,3,0.05663858840402599,connected,mainstream
49,popular_1_exp_Experiment_1_seed_42,3,0.022709353135364166,connected,niche
462,popular_1_exp_Experiment_1_seed_42,3,0.054757091444300875,connected,mainstream
313,popular_1_exp_Experiment_1_seed_42,3,0.04898168309378026,connected,mainstream
552,popular_1_exp_Experiment_1_seed_42,3,0.06822971368869016,connected,mainstream
235,popular_1_exp_Experiment_1_seed_42,3,0.06379033315498776,connected,mainstream
258,popular_1_exp_Experiment_1_seed_42,3,0.06025041572986079,connected,mainstream
133,popular_1_exp_Experiment_1_seed_42,3,0.05965093163969245,connected,mainstream
30,popular_1_exp_Experiment_1_seed_42,3,0.024593960934567612,connected,niche
220,popular_1_exp_Experiment_1_seed_42,3,0.056153603975673934,connected,mainstream
22,popular_1_exp_Experiment_1_seed_42,3,0.01965806090307176,connected,niche
134,popular_1_exp_Experiment_1_seed_42,3,0.06743553955897398,connected,mainstream
260,popular_1_exp_Experiment_1_seed_42,3,0.05539915069020923,connected,mainstream
107,popular_1_exp_Experiment_1_seed_42,3,0.06039016493363803,connected,mainstream
158,popular_1_exp_Experiment_1_seed_42,3,0.05679922874687496,connected,mainstream
276,popular_1_exp_Experiment_1_seed_42,3,0.0516705050060124,connected,mainstream
307,popular_1_exp_Experiment_1_seed_42,3,0.054495333321318125,connected,mainstream
358,popular_1_exp_Experiment_1_seed_42,3,0.05439764541503911,connected,mainstream
284,popular_1_exp_Experiment_1_seed_42,3,0.058396298262863994,connected,mainstream
590,popular_1_exp_Experiment_1_seed_42,3,0.05441822260250729,connected,mainstream
308,popular_1_exp_Experiment_1_seed_42,3,0.06074068327263576,connected,mainstream
92,popular_1_exp_Experiment_1_seed_42,3,0.06150325994151812,connected,mainstream
250,popular_1_exp_Experiment_1_seed_42,3,0.04979682193264378,connected,mainstream
78,popular_1_exp_Experiment_1_seed_42,3,0.05132305118115438,connected,mainstream
585,popular_1_exp_Experiment_1_seed_42,3,0.05563790858242523,connected,mainstream
111,popular_1_exp_Experiment_1_seed_42,3,0.05839228003694901,connected,mainstream
275,popular_1_exp_Experiment_1_seed_42,3,0.061464464034919536,connected,mainstream
264,popular_1_exp_Experiment_1_seed_42,3,0.05457368436615451,connected,mainstream
339,popular_1_exp_Experiment_1_seed_42,3,0.06366003072135551,connected,mainstream
184,popular_1_exp_Experiment_1_seed_42,3,0.06159977885882902,connected,mainstream
173,popular_1_exp_Experiment_1_seed_42,3,0.06166465217051504,connected,mainstream
289,popular_1_exp_Experiment_1_seed_42,3,0.0561201997761418,connected,mainstream
142,popular_1_exp_Experiment_1_seed_42,3,0.05639723366658256,connected,mainstream
116,popular_1_exp_Experiment_1_seed_42,3,0.0519574917996329,connected,mainstream
437,popular_1_exp_Experiment_1_seed_42,3,0.05117205260517808,connected,mainstream
247,popular_1_exp_Experiment_1_seed_42,3,0.0506249607627715,connected,mainstream
452,popular_1_exp_Experiment_1_seed_42,3,0.06371008326063866,connected,mainstream
132,popular_1_exp_Experiment_1_seed_42,3,0.05747976922315418,connected,mainstream
37,popular_1_exp_Experiment_1_seed_42,3,0.014344836502501094,connected,niche
338,popular_1_exp_Experiment_1_seed_42,3,0.06572227164214108,connected,mainstream
231,popular_1_exp_Experiment_1_seed_42,3,0.06990308031536797,connected,mainstream
4,popular_1_exp_Experiment_1_seed_42,3,0.017173501584998536,connected,niche
57,popular_1_exp_Experiment_1_seed_42,3,0.01717237258436731,connected,niche
10,popular_1_exp_Experiment_1_seed_42,3,0.022067649438352627,connected,niche
179,popular_1_exp_Experiment_1_seed_42,3,0.06011146073094061,connected,mainstream
106,popular_1_exp_Experiment_1_seed_42,3,0.0504201697822546,connected,mainstream
114,popular_1_exp_Experiment_1_seed_42,3,0.06434533929403431,connected,mainstream
149,popular_1_exp_Experiment_1_seed_42,3,0.0648634923669374,connected,mainstream
268,popular_1_exp_Experiment_1_seed_42,3,0.05064559931373399,connected,mainstream
554,popular_1_exp_Experiment_1_seed_42,3,0.052675575013893146,connected,mainstream
572,popular_1_exp_Experiment_1_seed_42,3,0.053615759165852345,connected,mainstream
556,popular_1_exp_Experiment_1_seed_42,3,0.052321273588058693,connected,mainstream
477,popular_1_exp_Experiment_1_seed_42,3,0.06922860748257557,connected,mainstream
272,popular_1_exp_Experiment_1_seed_42,3,0.0607293930888019,connected,mainstream
12,popular_1_exp_Experiment_1_seed_42,3,0.021205901923905965,connected,niche
45,popular_1_exp_Experiment_1_seed_42,3,0.02716350891182641,connected,niche
528,popular_1_exp_Experiment_1_seed_42,3,0.054754681165861886,connected,mainstream
243,popular_1_exp_Experiment_1_seed_42,3,0.05361710245826621,connected,mainstream
429,popular_1_exp_Experiment_1_seed_42,3,0.051185226139582034,connected,mainstream
470,popular_1_exp_Experiment_1_seed_42,3,0.05590550013077644,connected,mainstream
90,popular_1_exp_Experiment_1_seed_42,3,0.05396998186599109,connected,mainstream
472,popular_1_exp_Experiment_1_seed_42,3,0.049916965906237766,connected,mainstream
130,popular_1_exp_Experiment_1_seed_42,3,0.054743996335820166,connected,mainstream
202,popular_1_exp_Experiment_1_seed_42,3,0.05344501419533882,connected,mainstream
251,popular_1_exp_Experiment_1_seed_42,3,0.05471924762046376,connected,mainstream
383,popular_1_exp_Experiment_1_seed_42,3,0.07040528263358603,connected,mainstream
302,popular_1_exp_Experiment_1_seed_42,3,0.05148811691653223,connected,mainstream
15,popular_1_exp_Experiment_1_seed_42,3,0.022297563927356556,connected,niche
342,popular_1_exp_Experiment_1_seed_42,3,0.050243816216476576,connected,mainstream
299,popular_1_exp_Experiment_1_seed_42,3,0.056261717304579094,connected,mainstream
415,popular_1_exp_Experiment_1_seed_42,3,0.0512894624682963,connected,mainstream
211,popular_1_exp_Experiment_1_seed_42,3,0.06963090953320238,connected,mainstream
461,popular_1_exp_Experiment_1_seed_42,3,0.05579215900804102,connected,mainstream
454,popular_1_exp_Experiment_1_seed_42,3,0.08489939875013004,connected,mainstream
493,popular_1_exp_Experiment_1_seed_42,3,0.048814911371427766,connected,mainstream
591,popular_1_exp_Experiment_1_seed_42,3,0.05530370612702937,connected,mainstream
456,popular_1_exp_Experiment_1_seed_42,3,0.052072879951611285,connected,mainstream
212,popular_1_exp_Experiment_1_seed_42,3,0.057031125399310545,connected,mainstream
457,popular_1_exp_Experiment_1_seed_42,3,0.059912842015606156,connected,mainstream
352,popular_1_exp_Experiment_1_seed_42,3,0.051927757395362754,connected,mainstream
365,popular_1_exp_Experiment_1_seed_42,3,0.05591160647784476,connected,mainstream
496,popular_1_exp_Experiment_1_seed_42,3,0.06777892396133701,connected,mainstream
482,popular_1_exp_Experiment_1_seed_42,3,0.06062884614987248,connected,mainstream
354,popular_1_exp_Experiment_1_seed_42,3,0.07135498859272425,connected,mainstream
447,popular_1_exp_Experiment_1_seed_42,3,0.05522789177958867,connected,mainstream
384,popular_1_exp_Experiment_1_seed_42,3,0.07996647986959039,connected,mainstream
295,popular_1_exp_Experiment_1_seed_42,3,0.05184333853297703,connected,mainstream
406,popular_1_exp_Experiment_1_seed_42,3,0.054472922764425565,connected,mainstream
28,popular_1_exp_Experiment_1_seed_42,3,0.020320131808364325,connected,niche
209,popular_1_exp_Experiment_1_seed_42,3,0.0482645511086101,connected,mainstream
271,popular_1_exp_Experiment_1_seed_42,3,0.057685965969554186,connected,mainstream
11,popular_1_exp_Experiment_1_seed_42,3,0.017042738240394,connected,niche
292,popular_1_exp_Experiment_1_seed_42,3,0.0752353459174779,connected,mainstream
62,popular_1_exp_Experiment_1_seed_42,3,0.0571620686255046,connected,mainstream
400,popular_1_exp_Experiment_1_seed_42,3,0.05760568029404034,connected,mainstream
24,popular_1_exp_Experiment_1_seed_42,3,0.02044041432023709,connected,niche
435,popular_1_exp_Experiment_1_seed_42,3,0.06213606348198001,connected,mainstream
234,popular_1_exp_Experiment_1_seed_42,3,0.05129764974397553,connected,mainstream
319,popular_1_exp_Experiment_1_seed_42,3,0.05064980145725619,connected,mainstream
43,popular_1_exp_Experiment_1_seed_42,3,0.017832041643189727,connected,niche
337,popular_1_exp_Experiment_1_seed_42,3,0.0609347548740903,connected,mainstream
246,popular_1_exp_Experiment_1_seed_42,3,0.05508134352487847,connected,mainstream
85,popular_1_exp_Experiment_1_seed_42,3,0.0586352185959442,connected,mainstream
425,popular_1_exp_Experiment_1_seed_42,3,0.060686429022135564,connected,mainstream
553,popular_1_exp_Experiment_1_seed_42,3,0.06778520387744201,connected,mainstream
549,popular_1_exp_Experiment_1_seed_42,3,0.055309165582722225,connected,mainstream
360,popular_1_exp_Experiment_1_seed_42,3,0.05739265864743424,connected,mainstream
347,popular_1_exp_Experiment_1_seed_42,3,0.0575058295615929,connected,mainstream
201,popular_1_exp_Experiment_1_seed_42,3,0.05715598592187545,connected,mainstream
208,popular_1_exp_Experiment_1_seed_42,3,0.06765285288239188,connected,mainstream
533,popular_1_exp_Experiment_1_seed_42,3,0.05199832535700235,connected,mainstream
361,popular_1_exp_Experiment_1_seed_42,3,0.052601454841854335,connected,mainstream
519,popular_1_exp_Experiment_1_seed_42,3,0.055890490377413005,connected,mainstream
16,popular_1_exp_Experiment_1_seed_42,3,0.024396408926943735,connected,niche
381,popular_1_exp_Experiment_1_seed_42,3,0.05534072045246083,connected,mainstream
171,popular_1_exp_Experiment_1_seed_42,3,0.050591473573750746,connected,mainstream
72,popular_1_exp_Experiment_1_seed_42,3,0.06492194231699223,connected,mainstream
38,popular_1_exp_Experiment_1_seed_42,3,0.02685152861324867,connected,niche
160,popular_1_exp_Experiment_1_seed_42,3,0.056975910875029616,connected,mainstream
436,popular_1_exp_Experiment_1_seed_42,3,0.05660990868904895,connected,mainstream
421,popular_1_exp_Experiment_1_seed_42,3,0.05326041266292322,connected,mainstream
414,popular_1_exp_Experiment_1_seed_42,3,0.055962149682942865,connected,mainstream
536,popular_1_exp_Experiment_1_seed_42,3,0.06181569894315452,connected,mainstream
23,popular_1_exp_Experiment_1_seed_42,3,0.01824447714621288,connected,niche
221,popular_1_exp_Experiment_1_seed_42,3,0.058796320834827935,connected,mainstream
174,popular_1_exp_Experiment_1_seed_42,3,0.062448463412214515,connected,mainstream
550,popular_1_exp_Experiment_1_seed_42,3,0.0677501207040411,connected,mainstream
584,popular_1_exp_Experiment_1_seed_42,3,0.05773398485470508,connected,mainstream
223,popular_1_exp_Experiment_1_seed_42,3,0.05719326552331409,connected,mainstream
497,popular_1_exp_Experiment_1_seed_42,3,0.0574401264788732,connected,mainstream
442,popular_1_exp_Experiment_1_seed_42,3,0.056895978247330316,connected,mainstream
369,popular_1_exp_Experiment_1_seed_42,3,0.060667374086847976,connected,mainstream
468,popular_1_exp_Experiment_1_seed_42,3,0.052574767394233356,connected,mainstream
54,popular_1_exp_Experiment_1_seed_42,3,0.029184051085830897,connected,niche
498,popular_1_exp_Experiment_1_seed_42,3,0.056593111150667307,connected,mainstream
538,popular_1_exp_Experiment_1_seed_42,3,0.05612769813599722,connected,mainstream
63,popular_1_exp_Experiment_1_seed_42,3,0.05188695596220485,connected,mainstream
388,popular_1_exp_Experiment_1_seed_42,3,0.06044950806633289,connected,mainstream
571,popular_1_exp_Experiment_1_seed_42,3,0.05853624069665877,connected,mainstream
53,popular_1_exp_Experiment_1_seed_42,3,0.013932475039060865,connected,niche
396,popular_1_exp_Experiment_1_seed_42,3,0.05255636161518575,connected,mainstream
566,popular_1_exp_Experiment_1_seed_42,3,0.05447015622935544,connected,mainstream
559,popular_1_exp_Experiment_1_seed_42,3,0.05760728727166566,connected,mainstream
594,popular_1_exp_Experiment_1_seed_42,3,0.05768855828239544,connected,mainstream
366,popular_1_exp_Experiment_1_seed_42,3,0.051879590718038916,connected,mainstream
521,popular_1_exp_Experiment_1_seed_42,3,0.057277130549081255,connected,mainstream
187,popular_1_exp_Experiment_1_seed_42,3,0.06807120403388263,connected,mainstream
399,popular_1_exp_Experiment_1_seed_42,3,0.07162148496346306,connected,mainstream
589,popular_1_exp_Experiment_1_seed_42,3,0.05600070955503885,connected,mainstream
314,popular_1_exp_Experiment_1_seed_42,3,0.05183338529972916,connected,mainstream
331,popular_1_exp_Experiment_1_seed_42,3,0.050992125540928655,connected,mainstream
68,popular_1_exp_Experiment_1_seed_42,3,0.05303156645547342,connected,mainstream
333,popular_1_exp_Experiment_1_seed_42,3,0.06187665044954501,connected,mainstream
525,popular_1_exp_Experiment_1_seed_42,3,0.0695653202981179,connected,mainstream
578,popular_1_exp_Experiment_1_seed_42,3,0.0504131308029569,connected,mainstream
394,popular_1_exp_Experiment_1_seed_42,3,0.06793396886392446,connected,mainstream
532,popular_1_exp_Experiment_1_seed_42,3,0.05342911452371263,connected,mainstream
503,popular_1_exp_Experiment_1_seed_42,3,0.06236612089856535,connected,mainstream
157,popular_1_exp_Experiment_1_seed_42,3,0.05734649193962046,connected,mainstream
298,popular_1_exp_Experiment_1_seed_42,3,0.0644903157165866,connected,mainstream
567,popular_1_exp_Experiment_1_seed_42,3,0.05027602672649356,connected,mainstream
430,popular_1_exp_Experiment_1_seed_42,3,0.05573817808949013,connected,mainstream
359,popular_1_exp_Experiment_1_seed_42,3,0.05253297535902013,connected,mainstream
56,popular_1_exp_Experiment_1_seed_42,3,0.03610470874686248,connected,niche
278,popular_1_exp_Experiment_1_seed_42,3,0.05461141741869402,connected,mainstream
440,popular_1_exp_Experiment_1_seed_42,3,0.05898709529405812,connected,mainstream
526,popular_1_exp_Experiment_1_seed_42,3,0.054712161728607066,connected,mainstream
392,popular_1_exp_Experiment_1_seed_42,3,0.051991923444852685,connected,mainstream
168,popular_1_exp_Experiment_1_seed_42,3,0.05879570026409548,connected,mainstream
364,popular_1_exp_Experiment_1_seed_42,3,0.04971700313903349,connected,mainstream
195,popular_1_exp_Experiment_1_seed_42,3,0.05216460368970738,connected,mainstream
194,popular_1_exp_Experiment_1_seed_42,3,0.05100348651748146,connected,mainstream
326,popular_1_exp_Experiment_1_seed_42,3,0.05517902216451373,connected,mainstream
180,popular_1_exp_Experiment_1_seed_42,3,0.06907687553690588,connected,mainstream
463,popular_1_exp_Experiment_1_seed_42,3,0.05579727640072346,connected,mainstream
411,popular_1_exp_Experiment_1_seed_42,3,0.053541909758981286,connected,mainstream
55,popular_1_exp_Experiment_1_seed_42,3,0.013358685875458848,connected,niche
279,popular_1_exp_Experiment_1_seed_42,3,0.052796974556870956,connected,mainstream
356,popular_1_exp_Experiment_1_seed_42,3,0.06448417708483563,connected,mainstream
27,popular_1_exp_Experiment_1_seed_42,3,0.030255773542571474,connected,niche
312,popular_1_exp_Experiment_1_seed_42,3,0.051453897092485074,connected,mainstream
198,popular_1_exp_Experiment_1_seed_42,3,0.0518985436607949,connected,mainstream
510,popular_1_exp_Experiment_1_seed_42,3,0.05408812555028147,connected,mainstream
535,popular_1_exp_Experiment_1_seed_42,3,0.04598577586678449,connected,mainstream
309,popular_1_exp_Experiment_1_seed_42,3,0.07020185285345958,connected,mainstream
495,popular_1_exp_Experiment_1_seed_42,3,0.06073385893285762,connected,mainstream
237,popular_1_exp_Experiment_1_seed_42,3,0.06016090898392721,connected,mainstream
58,popular_1_exp_Experiment_1_seed_42,3,0.021291977403050288,connected,niche
499,popular_1_exp_Experiment_1_seed_42,3,0.06164034604739641,connected,mainstream
176,popular_1_exp_Experiment_1_seed_42,3,0.05533549469619036,connected,mainstream
473,popular_1_exp_Experiment_1_seed_42,3,0.06457422247867288,connected,mainstream
491,popular_1_exp_Experiment_1_seed_42,3,0.06622417963019958,connected,mainstream
79,popular_1_exp_Experiment_1_seed_42,3,0.049561623904261116,connected,mainstream
192,popular_1_exp_Experiment_1_seed_42,3,0.05351442519123047,connected,mainstream
103,popular_1_exp_Experiment_1_seed_42,3,0.06185099047469678,connected,mainstream
191,popular_1_exp_Experiment_1_seed_42,3,0.05651803066836633,connected,mainstream
367,popular_1_exp_Experiment_1_seed_42,3,0.0627998547199306,connected,mainstream
293,popular_1_exp_Experiment_1_seed_42,3,0.06566182504255202,connected,mainstream
432,popular_1_exp_Experiment_1_seed_42,3,0.05611294494429361,connected,mainstream
47,popular_1_exp_Experiment_1_seed_42,3,0.014052662903491357,connected,niche
534,popular_1_exp_Experiment_1_seed_42,3,0.05460960214908276,connected,mainstream
86,popular_1_exp_Experiment_1_seed_42,3,0.050661154298746326,connected,mainstream
345,popular_1_exp_Experiment_1_seed_42,3,0.06825083002959073,connected,mainstream
203,popular_1_exp_Experiment_1_seed_42,3,0.051515892030247055,connected,mainstream
270,popular_1_exp_Experiment_1_seed_42,3,0.06405887154260965,connected,mainstream
138,popular_1_exp_Experiment_1_seed_42,3,0.05308022301133233,connected,mainstream
385,popular_1_exp_Experiment_1_seed_42,3,0.05386663838851888,connected,mainstream
283,popular_1_exp_Experiment_1_seed_42,3,0.05311850681705527,connected,mainstream
8,popular_1_exp_Experiment_1_seed_42,3,0.01560584995174792,connected,niche
441,popular_1_exp_Experiment_1_seed_42,3,0.05236368900937549,connected,mainstream
200,popular_1_exp_Experiment_1_seed_42,3,0.05780382034343074,connected,mainstream
488,popular_1_exp_Experiment_1_seed_42,3,0.05691557344102855,connected,mainstream
506,popular_1_exp_Experiment_1_seed_42,3,0.060028785887446694,connected,mainstream
387,popular_1_exp_Experiment_1_seed_42,3,0.049965096715941744,connected,mainstream
163,popular_1_exp_Experiment_1_seed_42,3,0.05349744160089951,connected,mainstream
560,popular_1_exp_Experiment_1_seed_42,3,0.061274512400519794,connected,mainstream
341,popular_1_exp_Experiment_1_seed_42,3,0.05809981471285917,connected,mainstream
75,popular_1_exp_Experiment_1_seed_42,3,0.07056313918711436,connected,mainstream
238,popular_1_exp_Experiment_1_seed_42,3,0.05741242965444332,connected,mainstream
102,popular_1_exp_Experiment_1_seed_42,3,0.05712646677432174,connected,mainstream
113,popular_1_exp_Experiment_1_seed_42,3,0.051365465091641166,connected,mainstream
562,popular_1_exp_Experiment_1_seed_42,3,0.06012752899650278,connected,mainstream
81,popular_1_exp_Experiment_1_seed_42,3,0.05330071847616553,connected,mainstream
325,popular_1_exp_Experiment_1_seed_42,3,0.06710716499026292,connected,mainstream
66,popular_1_exp_Experiment_1_seed_42,3,0.059705637833487236,connected,mainstream
121,popular_1_exp_Experiment_1_seed_42,3,0.07213213595467521,connected,mainstream
71,popular_1_exp_Experiment_1_seed_42,3,0.06608277955956099,connected,mainstream
479,popular_1_exp_Experiment_1_seed_42,3,0.05423292483911826,connected,mainstream
515,popular_1_exp_Experiment_1_seed_42,3,0.05075916505190003,connected,mainstream
46,popular_1_exp_Experiment_1_seed_42,3,0.015227458806099154,connected,niche
153,popular_1_exp_Experiment_1_seed_42,3,0.04881226770522385,connected,mainstream
433,popular_1_exp_Experiment_1_seed_42,3,0.061736274378487055,connected,mainstream
263,popular_1_exp_Experiment_1_seed_42,3,0.051568801470790744,connected,mainstream
374,popular_1_exp_Experiment_1_seed_42,3,0.053923221740037254,connected,mainstream
145,popular_1_exp_Experiment_1_seed_42,3,0.0538279147422654,connected,mainstream
105,popular_1_exp_Experiment_1_seed_42,3,0.0506334381865124,connected,mainstream
122,popular_1_exp_Experiment_1_seed_42,3,0.054328065018083155,connected,mainstream
94,popular_1_exp_Experiment_1_seed_42,3,0.052930277705838684,connected,mainstream
189,popular_1_exp_Experiment_1_seed_42,3,0.051188618136103335,connected,mainstream
301,popular_1_exp_Experiment_1_seed_42,3,0.06531981241520858,connected,mainstream
555,popular_1_exp_Experiment_1_seed_42,3,0.05278612244665987,connected,mainstream
481,popular_1_exp_Experiment_1_seed_42,3,0.05329678646816536,connected,mainstream
139,popular_1_exp_Experiment_1_seed_42,3,0.053250882586674354,connected,mainstream
265,popular_1_exp_Experiment_1_seed_42,3,0.056015719843724665,connected,mainstream
322,popular_1_exp_Experiment_1_seed_42,3,0.058022972415443595,connected,mainstream
242,popular_1_exp_Experiment_1_seed_42,3,0.050394314527887195,connected,mainstream
426,popular_1_exp_Experiment_1_seed_42,3,0.05702122157317166,connected,mainstream
76,popular_1_exp_Experiment_1_seed_42,3,0.056780316157487055,connected,mainstream
178,popular_1_exp_Experiment_1_seed_42,3,0.050602227940829754,connected,mainstream
465,popular_1_exp_Experiment_1_seed_42,3,0.058539913024619895,connected,mainstream
469,popular_1_exp_Experiment_1_seed_42,3,0.05769733241421605,connected,mainstream
137,popular_1_exp_Experiment_1_seed_42,3,0.062118694422044395,connected,mainstream
59,popular_1_exp_Experiment_1_seed_42,3,0.013325787271814294,connected,niche
464,popular_1_exp_Experiment_1_seed_42,3,0.05213053662207174,connected,mainstream
159,popular_1_exp_Experiment_1_seed_42,3,0.05770352563688655,connected,mainstream
143,popular_1_exp_Experiment_1_seed_42,3,0.05565867462574825,connected,mainstream
349,popular_1_exp_Experiment_1_seed_42,3,0.05525932894558885,connected,mainstream
582,popular_1_exp_Experiment_1_seed_42,3,0.06134317870143335,connected,mainstream
599,popular_1_exp_Experiment_1_seed_42,3,0.06282453532031894,connected,mainstream
281,popular_1_exp_Experiment_1_seed_42,3,0.06090130000583913,connected,mainstream
480,popular_1_exp_Experiment_1_seed_42,3,0.0500232740807539,connected,mainstream
410,popular_1_exp_Experiment_1_seed_42,3,0.053008985109263385,connected,mainstream
127,popular_1_exp_Experiment_1_seed_42,3,0.055426281718051605,connected,mainstream
282,popular_1_exp_Experiment_1_seed_42,3,0.06782864827027994,connected,mainstream
206,popular_1_exp_Experiment_1_seed_42,3,0.06742048584552963,connected,mainstream
123,popular_1_exp_Experiment_1_seed_42,3,0.05440028856204932,connected,mainstream
542,popular_1_exp_Experiment_1_seed_42,3,0.052278977465687666,connected,mainstream
118,popular_1_exp_Experiment_1_seed_42,3,0.04983966058314195,connected,mainstream
185,popular_1_exp_Experiment_1_seed_42,3,0.06369051109899672,connected,mainstream
368,popular_1_exp_Experiment_1_seed_42,3,0.0516289332046452,connected,mainstream
83,popular_1_exp_Experiment_1_seed_42,3,0.05883301557698146,connected,mainstream
147,popular_1_exp_Experiment_1_seed_42,3,0.06416791380918348,connected,mainstream
25,popular_1_exp_Experiment_1_seed_42,3,0.017718884026589988,connected,niche
177,popular_1_exp_Experiment_1_seed_42,3,0.05569631679198698,connected,mainstream
52,popular_1_exp_Experiment_1_seed_42,3,0.02496766232869133,connected,niche
226,popular_1_exp_Experiment_1_seed_42,3,0.05543534597393043,connected,mainstream
565,popular_1_exp_Experiment_1_seed_42,3,0.04951559310467727,connected,mainstream
494,popular_1_exp_Experiment_1_seed_42,3,0.058550980173563916,connected,mainstream
371,popular_1_exp_Experiment_1_seed_42,3,0.06275057324705169,connected,mainstream
207,popular_1_exp_Experiment_1_seed_42,3,0.05413696777208887,connected,mainstream
88,popular_1_exp_Experiment_1_seed_42,3,0.04938341570115203,connected,mainstream
259,popular_1_exp_Experiment_1_seed_42,3,0.05923021286609717,connected,mainstream
545,popular_1_exp_Experiment_1_seed_42,3,0.04673099823707607,connected,mainstream
241,popular_1_exp_Experiment_1_seed_42,3,0.05573120258717618,connected,mainstream
136,popular_1_exp_Experiment_1_seed_42,3,0.07705908190335962,connected,mainstream
61,popular_1_exp_Experiment_1_seed_42,3,0.06791360177397472,connected,mainstream
196,popular_1_exp_Experiment_1_seed_42,3,0.06508152516093434,connected,mainstream
428,popular_1_exp_Experiment_1_seed_42,3,0.05181963396996986,connected,mainstream
236,popular_1_exp_Experiment_1_seed_42,3,0.05200019037650594,connected,mainstream
576,popular_1_exp_Experiment_1_seed_42,3,0.05457931066158744,connected,mainstream
9,popular_1_exp_Experiment_1_seed_42,3,0.01708648167606051,connected,niche
5,popular_1_exp_Experiment_1_seed_42,3,0.02310983844024514,connected,niche
215,popular_1_exp_Experiment_1_seed_42,3,0.04999982303820244,connected,mainstream
427,popular_1_exp_Experiment_1_seed_42,3,0.05085911886788502,connected,mainstream
570,popular_1_exp_Experiment_1_seed_42,3,0.0532691089042299,connected,mainstream
125,popular_1_exp_Experiment_1_seed_42,3,0.05182304383941091,connected,mainstream
453,popular_1_exp_Experiment_1_seed_42,3,0.056424732041587655,connected,mainstream
587,popular_1_exp_Experiment_1_seed_42,3,0.0555384425715433,connected,mainstream
248,popular_1_exp_Experiment_1_seed_42,3,0.06465371273828775,connected,mainstream
273,popular_1_exp_Experiment_1_seed_42,3,0.057569393991659196,connected,mainstream
288,popular_1_exp_Experiment_1_seed_42,3,0.057245110517468945,connected,mainstream
403,popular_1_exp_Experiment_1_seed_42,3,0.051983696315731666,connected,mainstream
434,popular_1_exp_Experiment_1_seed_42,3,0.06127566463965791,connected,mainstream
350,popular_1_exp_Experiment_1_seed_42,3,0.06609030669499903,connected,mainstream
379,popular_1_exp_Experiment_1_seed_42,3,0.061220759068739965,connected,mainstream
255,popular_1_exp_Experiment_1_seed_42,3,0.05294695079701093,connected,mainstream
583,popular_1_exp_Experiment_1_seed_42,3,0.051400257014415106,connected,mainstream
386,popular_1_exp_Experiment_1_seed_42,3,0.05556345885087454,connected,mainstream
509,popular_1_exp_Experiment_1_seed_42,3,0.05792021711527771,connected,mainstream
213,popular_1_exp_Experiment_1_seed_42,3,0.07087663591356463,connected,mainstream
504,popular_1_exp_Experiment_1_seed_42,3,0.05246361800629743,connected,mainstream
74,popular_1_exp_Experiment_1_seed_42,3,0.05363034176740419,connected,mainstream
330,popular_1_exp_Experiment_1_seed_42,3,0.07884147258936867,connected,mainstream
328,popular_1_exp_Experiment_1_seed_42,3,0.06311602702639207,connected,mainstream
161,popular_1_exp_Experiment_1_seed_42,3,0.0497225496244387,connected,mainstream
581,popular_1_exp_Experiment_1_seed_42,3,0.07248029279058955,connected,mainstream
304,popular_1_exp_Experiment_1_seed_42,3,0.0663789083581212,connected,mainstream
306,popular_1_exp_Experiment_1_seed_42,3,0.05783357495962261,connected,mainstream
165,popular_1_exp_Experiment_1_seed_42,3,0.05213489195705064,connected,mainstream
128,popular_1_exp_Experiment_1_seed_42,3,0.05861312832710667,connected,mainstream
131,popular_1_exp_Experiment_1_seed_42,3,0.05447944139307583,connected,mainstream
244,popular_1_exp_Experiment_1_seed_42,3,0.05177394258051407,connected,mainstream
166,popular_1_exp_Experiment_1_seed_42,3,0.0615157791319998,connected,mainstream
438,popular_1_exp_Experiment_1_seed_42,3,0.051831787997970204,connected,mainstream
336,popular_1_exp_Experiment_1_seed_42,3,0.06261711864688946,connected,mainstream
490,popular_1_exp_Experiment_1_seed_42,3,0.05131896788725351,connected,mainstream
303,popular_1_exp_Experiment_1_seed_42,3,0.059492449291343376,connected,mainstream
390,popular_1_exp_Experiment_1_seed_42,3,0.06054850382396498,connected,mainstream
124,popular_1_exp_Experiment_1_seed_42,3,0.05203036406963205,connected,mainstream
344,popular_1_exp_Experiment_1_seed_42,3,0.06909530633622345,connected,mainstream
402,popular_1_exp_Experiment_1_seed_42,3,0.061357848856394996,connected,mainstream
593,popular_1_exp_Experiment_1_seed_42,3,0.05195691214517922,connected,mainstream
48,popular_1_exp_Experiment_1_seed_42,3,0.01439728604542779,connected,niche
256,popular_1_exp_Experiment_1_seed_42,3,0.06686667147500498,connected,mainstream
29,popular_1_exp_Experiment_1_seed_42,3,0.028306062539371415,connected,niche
99,popular_1_exp_Experiment_1_seed_42,3,0.05622497050905182,connected,mainstream
382,popular_1_exp_Experiment_1_seed_42,3,0.057452033217737376,connected,mainstream
540,popular_1_exp_Experiment_1_seed_42,3,0.05427011295608888,connected,mainstream
422,popular_1_exp_Experiment_1_seed_42,3,0.05460284978593053,connected,mainstream
40,popular_1_exp_Experiment_1_seed_42,3,0.017609598388707567,connected,niche
100,popular_1_exp_Experiment_1_seed_42,3,0.05942272211418459,connected,mainstream
317,popular_1_exp_Experiment_1_seed_42,3,0.055362280683892796,connected,mainstream
150,popular_1_exp_Experiment_1_seed_42,3,0.06024270982366512,connected,mainstream
20,popular_1_exp_Experiment_1_seed_42,3,0.01463813232473179,connected,niche
188,popular_1_exp_Experiment_1_seed_42,3,0.05420863187537791,connected,mainstream
311,popular_1_exp_Experiment_1_seed_42,3,0.06691767751276702,connected,mainstream
310,popular_1_exp_Experiment_1_seed_42,3,0.060342782582282734,connected,mainstream
39,popular_1_exp_Experiment_1_seed_42,3,0.016488594155849617,connected,niche
417,popular_1_exp_Experiment_1_seed_42,3,0.06568148297439604,connected,mainstream
182,popular_1_exp_Experiment_1_seed_42,3,0.07023787845125046,connected,mainstream
547,popular_1_exp_Experiment_1_seed_42,3,0.05187110233285446,connected,mainstream
334,popular_1_exp_Experiment_1_seed_42,3,0.061082218610404825,connected,mainstream
36,popular_1_exp_Experiment_1_seed_42,3,0.01770403004472304,connected,niche
320,popular_1_exp_Experiment_1_seed_42,3,0.04837121071187508,connected,mainstream
42,popular_1_exp_Experiment_1_seed_42,3,0.017409022472971377,connected,niche
377,popular_1_exp_Experiment_1_seed_42,3,0.06204346988373969,connected,mainstream
35,popular_1_exp_Experiment_1_seed_42,3,0.017212683376727888,connected,niche
324,popular_1_exp_Experiment_1_seed_42,3,0.057293489073431986,connected,mainstream
316,popular_1_exp_Experiment_1_seed_42,3,0.05231435231405718,connected,mainstream
26,popular_1_exp_Experiment_1_seed_42,3,0.015333629840498445,connected,niche
197,popular_1_exp_Experiment_1_seed_42,3,0.10461062200401161,connected,mainstream
451,popular_1_exp_Experiment_1_seed_42,3,0.049863661526850504,connected,mainstream
502,popular_1_exp_Experiment_1_seed_42,3,0.05995540903574444,connected,mainstream
405,popular_1_exp_Experiment_1_seed_42,3,0.0610487775341479,connected,mainstream
424,popular_1_exp_Experiment_1_seed_42,3,0.05103902156785222,connected,mainstream
543,popular_1_exp_Experiment_1_seed_42,3,0.05976703100929193,connected,mainstream
97,popular_1_exp_Experiment_1_seed_42,3,0.05235474933067382,connected,mainstream
172,popular_1_exp_Experiment_1_seed_42,3,0.06639117083718205,connected,mainstream
355,popular_1_exp_Experiment_1_seed_42,3,0.05143897405119019,connected,mainstream
183,popular_1_exp_Experiment_1_seed_42,3,0.05179071600712176,connected,mainstream
478,popular_1_exp_Experiment_1_seed_42,3,0.06673748200596026,connected,mainstream
529,popular_1_exp_Experiment_1_seed_42,3,0.05947474321154907,connected,mainstream
227,popular_1_exp_Experiment_1_seed_42,3,0.052332910791066556,connected,mainstream
14,popular_1_exp_Experiment_1_seed_42,3,0.01875569950857005,connected,niche
346,popular_1_exp_Experiment_1_seed_42,3,0.06692739960881734,connected,mainstream
458,popular_1_exp_Experiment_1_seed_42,3,0.05365492483624173,connected,mainstream
391,popular_1_exp_Experiment_1_seed_42,3,0.05000942098304955,connected,mainstream
280,popular_1_exp_Experiment_1_seed_42,3,0.056427962332259725,connected,mainstream
372,popular_1_exp_Experiment_1_seed_42,3,0.06953918896421654,connected,mainstream
450,popular_1_exp_Experiment_1_seed_42,3,0.0688759917949966,connected,mainstream
205,popular_1_exp_Experiment_1_seed_42,3,0.04758562622297877,connected,mainstream
164,popular_1_exp_Experiment_1_seed_42,3,0.05895275498122506,connected,mainstream
115,popular_1_exp_Experiment_1_seed_42,3,0.05882220997414678,connected,mainstream
269,popular_1_exp_Experiment_1_seed_42,3,0.05128101702323984,connected,mainstream
93,popular_1_exp_Experiment_1_seed_42,3,0.05068579942287893,connected,mainstream
193,popular_1_exp_Experiment_1_seed_42,3,0.0621469487754944,connected,mainstream
219,popular_1_exp_Experiment_1_seed_42,3,0.06355043109847218,connected,mainstream
120,popular_1_exp_Experiment_1_seed_42,3,0.06443020143208412,connected,mainstream
376,popular_1_exp_Experiment_1_seed_42,3,0.06533828342610536,connected,mainstream
318,popular_1_exp_Experiment_1_seed_42,3,0.0807416467214311,connected,mainstream
186,popular_1_exp_Experiment_1_seed_42,3,0.051608765773889065,connected,mainstream
170,popular_1_exp_Experiment_1_seed_42,3,0.05120774327243192,connected,mainstream
544,popular_1_exp_Experiment_1_seed_42,3,0.055023315391056156,connected,mainstream
13,popular_1_exp_Experiment_1_seed_42,3,0.019802986486397115,connected,niche
357,popular_1_exp_Experiment_1_seed_42,3,0.06652522686293548,connected,mainstream
315,popular_1_exp_Experiment_1_seed_42,3,0.06571180650568248,connected,mainstream
332,popular_1_exp_Experiment_1_seed_42,3,0.06083017844515088,connected,mainstream
419,popular_1_exp_Experiment_1_seed_42,3,0.05073495846071067,connected,mainstream
73,popular_1_exp_Experiment_1_seed_42,3,0.05890194769298349,connected,mainstream
483,popular_1_exp_Experiment_1_seed_42,3,0.05632863523699078,connected,mainstream
216,popular_1_exp_Experiment_1_seed_42,3,0.05373367879637899,connected,mainstream
466,popular_1_exp_Experiment_1_seed_42,3,0.05047272047890264,connected,mainstream
393,popular_1_exp_Experiment_1_seed_42,3,0.054289386937177796,connected,mainstream
287,popular_1_exp_Experiment_1_seed_42,3,0.04637460299050238,connected,mainstream
413,popular_1_exp_Experiment_1_seed_42,3,0.059350087699539485,connected,mainstream
537,popular_1_exp_Experiment_1_seed_42,3,0.05636132802334548,connected,mainstream
531,popular_1_exp_Experiment_1_seed_42,3,0.05626280327797805,connected,mainstream
501,popular_1_exp_Experiment_1_seed_42,3,0.057384083725878554,connected,mainstream
218,popular_1_exp_Experiment_1_seed_42,3,0.054462386228652314,connected,mainstream
21,popular_1_exp_Experiment_1_seed_42,3,0.019266452151466728,connected,niche
254,popular_1_exp_Experiment_1_seed_42,3,0.06833527392734635,connected,mainstream
522,popular_1_exp_Experiment_1_seed_42,3,0.055534085960881656,connected,mainstream
199,popular_1_exp_Experiment_1_seed_42,3,0.06729309475596332,connected,mainstream
60,popular_1_exp_Experiment_1_seed_42,3,0.0489856738640547,connected,mainstream
91,popular_1_exp_Experiment_1_seed_42,3,0.0589194301131713,connected,mainstream
423,popular_1_exp_Experiment_1_seed_42,3,0.06475837961967844,connected,mainstream
117,popular_1_exp_Experiment_1_seed_42,3,0.051731022207541555,connected,mainstream
84,popular_1_exp_Experiment_1_seed_42,3,0.051934988331289185,connected,mainstream
126,popular_1_exp_Experiment_1_seed_42,3,0.05930659529105633,connected,mainstream
444,popular_1_exp_Experiment_1_seed_42,3,0.055409410728582485,connected,mainstream
460,popular_1_exp_Experiment_1_seed_42,3,0.05564991401919045,connected,mainstream
363,popular_1_exp_Experiment_1_seed_42,3,0.05967533964617455,connected,mainstream
252,popular_1_exp_Experiment_1_seed_42,3,0.055970521291708236,connected,mainstream
104,popular_1_exp_Experiment_1_seed_42,3,0.06113575159497314,connected,mainstream
564,popular_1_exp_Experiment_1_seed_42,3,0.050664587582075656,connected,mainstream
511,popular_1_exp_Experiment_1_seed_42,3,0.06172222318128672,connected,mainstream
492,popular_1_exp_Experiment_1_seed_42,3,0.054281048207172035,connected,mainstream
505,popular_1_exp_Experiment_1_seed_42,3,0.05340521584641425,connected,mainstream
598,popular_1_exp_Experiment_1_seed_42,3,0.0507477176968627,connected,mainstream
224,popular_1_exp_Experiment_1_seed_42,3,0.06552734224604607,connected,mainstream
19,popular_1_exp_Experiment_1_seed_42,3,0.018540101382904548,connected,niche
524,popular_1_exp_Experiment_1_seed_42,3,0.0524033782884157,connected,mainstream
395,popular_1_exp_Experiment_1_seed_42,3,0.05208293839801742,connected,mainstream
140,popular_1_exp_Experiment_1_seed_42,3,0.05465258852588704,connected,mainstream
327,popular_1_exp_Experiment_1_seed_42,3,0.05698629771761623,connected,mainstream
51,popular_1_exp_Experiment_1_seed_42,3,0.029666116143656256,connected,niche
228,popular_1_exp_Experiment_1_seed_42,3,0.07102506032770121,connected,mainstream
144,popular_1_exp_Experiment_1_seed_42,3,0.058683935560481786,connected,mainstream
119,popular_1_exp_Experiment_1_seed_42,3,0.04957028202444035,connected,mainstream
253,popular_1_exp_Experiment_1_seed_42,3,0.057444330817023374,connected,mainstream
489,popular_1_exp_Experiment_1_seed_42,3,0.055862640500363415,connected,mainstream
70,popular_1_exp_Experiment_1_seed_42,3,0.06267134091282318,connected,mainstream
240,popular_1_exp_Experiment_1_seed_42,3,0.052727779368469056,connected,mainstream
595,popular_1_exp_Experiment_1_seed_42,3,0.054527548452589926,connected,mainstream
373,popular_1_exp_Experiment_1_seed_42,3,0.05281964130536441,connected,mainstream
569,popular_1_exp_Experiment_1_seed_42,3,0.04904803328718813,connected,mainstream
230,popular_1_exp_Experiment_1_seed_42,3,0.05324205416669975,connected,mainstream
574,popular_1_exp_Experiment_1_seed_42,3,0.062229548149330814,connected,mainstream
514,popular_1_exp_Experiment_1_seed_42,3,0.05106172929026861,connected,mainstream
65,popular_1_exp_Experiment_1_seed_42,3,0.05172222168459458,connected,mainstream
592,popular_1_exp_Experiment_1_seed_42,3,0.05631199295637265,connected,mainstream
154,popular_1_exp_Experiment_1_seed_42,3,0.05202784230770766,connected,mainstream
443,popular_1_exp_Experiment_1_seed_42,3,0.06147562891014669,connected,mainstream
476,popular_1_exp_Experiment_1_seed_42,3,0.054039687726461456,connected,mainstream
181,popular_1_exp_Experiment_1_seed_42,3,0.04643099887942357,connected,mainstream
351,popular_1_exp_Experiment_1_seed_42,3,0.055056063549097624,connected,mainstream
568,popular_1_exp_Experiment_1_seed_42,3,0.06259619091738612,connected,mainstream
262,popular_1_exp_Experiment_1_seed_42,3,0.05854118218594456,connected,mainstream
579,popular_1_exp_Experiment_1_seed_42,3,0.049916117918035297,connected,mainstream
471,popular_1_exp_Experiment_1_seed_42,3,0.06816664485109976,connected,mainstream
596,popular_1_exp_Experiment_1_seed_42,3,0.05293679456281811,connected,mainstream
573,popular_1_exp_Experiment_1_seed_42,3,0.06660312426458435,connected,mainstream
225,popular_1_exp_Experiment_1_seed_42,3,0.060158602913403,connected,mainstream
69,popular_1_exp_Experiment_1_seed_42,3,0.054515459616149516,connected,mainstream
575,popular_1_exp_Experiment_1_seed_42,3,0.05249403507184674,connected,mainstream
141,popular_1_exp_Experiment_1_seed_42,3,0.05476099715227639,connected,mainstream
586,popular_1_exp_Experiment_1_seed_42,3,0.056878491843556866,connected,mainstream
404,popular_1_exp_Experiment_1_seed_42,3,0.0676090312531966,connected,mainstream
300,popular_1_exp_Experiment_1_seed_42,3,0.0573348407114056,connected,mainstream
129,popular_1_exp_Experiment_1_seed_42,3,0.05882315139537991,connected,mainstream
409,popular_1_exp_Experiment_1_seed_42,3,0.05584794963009407,connected,mainstream
375,popular_1_exp_Experiment_1_seed_42,3,0.06037945513897979,connected,mainstream
232,popular_1_exp_Experiment_1_seed_42,3,0.06115576499192663,connected,mainstream
155,popular_1_exp_Experiment_1_seed_42,3,0.05088845462593664,connected,mainstream
512,popular_1_exp_Experiment_1_seed_42,3,0.058067639922473574,connected,mainstream
80,popular_1_exp_Experiment_1_seed_42,3,0.05974643431437812,connected,mainstream
418,popular_1_exp_Experiment_1_seed_42,3,0.05323731933946422,connected,mainstream
156,popular_1_exp_Experiment_1_seed_42,3,0.05757157481835678,connected,mainstream
485,popular_1_exp_Experiment_1_seed_42,3,0.05610241824305262,connected,mainstream
294,popular_1_exp_Experiment_1_seed_42,3,0.06335568879560471,connected,mainstream
340,popular_1_exp_Experiment_1_seed_42,3,0.06779478304424716,connected,mainstream
500,popular_1_exp_Experiment_1_seed_42,3,0.05372589180477805,connected,mainstream
416,popular_1_exp_Experiment_1_seed_42,3,0.053554408058486096,connected,mainstream
286,popular_1_exp_Experiment_1_seed_42,3,0.05110376490923122,connected,mainstream
233,popular_1_exp_Experiment_1_seed_42,3,0.06797698160019434,connected,mainstream
431,popular_1_exp_Experiment_1_seed_42,3,0.06139666303606578,connected,mainstream
516,popular_1_exp_Experiment_1_seed_42,3,0.05648014008678106,connected,mainstream
0,popular_1_exp_Experiment_1_seed_42,3,0.019318876580063607,connected,niche
204,popular_1_exp_Experiment_1_seed_42,3,0.056322313468865015,connected,mainstream
467,popular_1_exp_Experiment_1_seed_42,3,0.053925828276426245,connected,mainstream
446,popular_1_exp_Experiment_1_seed_42,3,0.06644459070572563,connected,mainstream
353,popular_1_exp_Experiment_1_seed_42,3,0.05362095921647087,connected,mainstream
285,popular_1_exp_Experiment_1_seed_42,3,0.05720244004471933,connected,mainstream
1,popular_1_exp_Experiment_1_seed_42,3,0.012393293709789597,connected,niche
378,popular_1_exp_Experiment_1_seed_42,3,0.04969664614931444,connected,mainstream
563,popular_1_exp_Experiment_1_seed_42,3,0.0574495117479501,connected,mainstream
266,popular_1_exp_Experiment_1_seed_42,3,0.061498503781882395,connected,mainstream
3,popular_1_exp_Experiment_1_seed_42,3,0.01922515417387399,connected,niche
297,popular_1_exp_Experiment_1_seed_42,3,0.05142571123789678,connected,mainstream
380,popular_1_exp_Experiment_1_seed_42,3,0.053570453109221504,connected,mainstream
580,popular_1_exp_Experiment_1_seed_42,3,0.056816167250022226,connected,mainstream
101,popular_1_exp_Experiment_1_seed_42,3,0.055102273616627055,connected,mainstream
401,popular_1_exp_Experiment_1_seed_42,3,0.0612568596274618,connected,mainstream
34,popular_1_exp_Experiment_1_seed_42,3,0.020159821715593343,connected,niche
41,popular_1_exp_Experiment_1_seed_42,3,0.026804591971351405,connected,niche
541,popular_1_exp_Experiment_1_seed_42,3,0.055114501897170785,connected,mainstream
597,popular_1_exp_Experiment_1_seed_42,3,0.05328873540295979,connected,mainstream
530,popular_1_exp_Experiment_1_seed_42,3,0.05928909653125019,connected,mainstream
17,popular_1_exp_Experiment_1_seed_42,3,0.01762606431849095,connected,niche
588,popular_1_exp_Experiment_1_seed_42,3,0.05639770388615431,connected,mainstream
323,popular_1_exp_Experiment_1_seed_42,3,0.06387025063379563,connected,mainstream
77,popular_1_exp_Experiment_1_seed_42,3,0.05689570862627843,connected,mainstream
520,popular_1_exp_Experiment_1_seed_42,3,0.06417171022804306,connected,mainstream
539,popular_1_exp_Experiment_1_seed_42,3,0.05818751442734443,connected,mainstream
50,popular_1_exp_Experiment_1_seed_42,3,0.012355276882889468,connected,niche
67,popular_1_exp_Experiment_1_seed_42,3,0.05551710251460681,connected,mainstream
412,popular_1_exp_Experiment_1_seed_42,3,0.054979091766284814,connected,mainstream
44,popular_1_exp_Experiment_1_seed_42,3,0.019750570794662286,connected,niche
222,popular_1_exp_Experiment_1_seed_42,3,0.05953337830449936,connected,mainstream
474,popular_1_exp_Experiment_1_seed_42,3,0.055181157162494866,connected,mainstream
389,popular_1_exp_Experiment_1_seed_42,3,0.07586642168663994,connected,mainstream
162,popular_1_exp_Experiment_1_seed_42,3,0.0540930702233533,connected,mainstream
32,popular_1_exp_Experiment_1_seed_42,3,0.01617294170537822,connected,niche
261,popular_1_exp_Experiment_1_seed_42,3,0.05246218459612739,connected,mainstream
561,popular_1_exp_Experiment_1_seed_42,3,0.06046431500286237,connected,mainstream
167,popular_1_exp_Experiment_1_seed_42,3,0.056059965656743115,connected,mainstream
112,popular_1_exp_Experiment_1_seed_42,3,0.0532810027643961,connected,mainstream
449,popular_1_exp_Experiment_1_seed_42,3,0.05925313264601903,connected,mainstream
18,popular_1_exp_Experiment_1_seed_42,3,0.016603704004159853,connected,niche
190,popular_1_exp_Experiment_1_seed_42,3,0.05101600097217257,connected,mainstream
558,popular_1_exp_Experiment_1_seed_42,3,0.06793345028429552,connected,mainstream
267,popular_1_exp_Experiment_1_seed_42,3,0.06544269886053415,connected,mainstream
362,popular_1_exp_Experiment_1_seed_42,3,0.05138026120803918,connected,mainstream
31,popular_1_exp_Experiment_1_seed_42,3,0.014335083871719494,connected,niche
82,popular_1_exp_Experiment_1_seed_42,3,0.05221945992909797,connected,mainstream
277,popular_1_exp_Experiment_1_seed_42,3,0.05296705729409035,connected,mainstream
513,popular_1_exp_Experiment_1_seed_42,3,0.05286693660610823,connected,mainstream
343,popular_1_exp_Experiment_1_seed_42,3,0.06165078825033662,connected,mainstream
455,popular_1_exp_Experiment_1_seed_42,3,0.0495403999698406,connected,mainstream
210,popular_1_exp_Experiment_1_seed_42,3,0.055246866825016235,connected,mainstream
229,popular_1_exp_Experiment_1_seed_42,3,0.05273288149542762,connected,mainstream
548,popular_1_exp_Experiment_1_seed_42,3,0.05201177941647081,connected,mainstream
439,popular_1_exp_Experiment_1_seed_42,3,0.0505508532492606,connected,mainstream
290,popular_1_exp_Experiment_1_seed_42,3,0.05006294579979076,connected,mainstream
6,popular_1_exp_Experiment_1_seed_42,3,0.013509059822626365,connected,niche
214,popular_1_exp_Experiment_1_seed_42,3,0.051481318110133144,connected,mainstream
508,popular_1_exp_Experiment_1_seed_42,3,0.052010025513529214,connected,mainstream
95,popular_1_exp_Experiment_1_seed_42,3,0.06181881623815343,connected,mainstream
151,popular_1_exp_Experiment_1_seed_42,3,0.05869477113479232,connected,mainstream
523,popular_1_exp_Experiment_1_seed_42,3,0.05333444058139617,connected,mainstream
348,popular_1_exp_Experiment_1_seed_42,3,0.05542964384652376,connected,mainstream
169,popular_1_exp_Experiment_1_seed_42,3,0.0530325482599329,connected,mainstream
110,popular_1_exp_Experiment_1_seed_42,3,0.058693849513600134,connected,mainstream
135,popular_1_exp_Experiment_1_seed_42,3,0.05169510665783369,connected,mainstream
146,popular_1_exp_Experiment_1_seed_42,3,0.054709691270765644,connected,mainstream
291,popular_1_exp_Experiment_1_seed_42,3,0.05964063295283809,connected,mainstream
398,popular_1_exp_Experiment_1_seed_42,3,0.05752569153586038,connected,mainstream
486,popular_1_exp_Experiment_1_seed_42,3,0.05240848002496001,connected,mainstream
448,popular_1_exp_Experiment_1_seed_42,3,0.06282505165141643,connected,mainstream
518,popular_1_exp_Experiment_1_seed_42,3,0.0503992224865088,connected,mainstream
87,popular_1_exp_Experiment_1_seed_42,3,0.05600948211601823,connected,mainstream
329,popular_1_exp_Experiment_1_seed_42,3,0.05163839243241077,connected,mainstream
445,popular_1_exp_Experiment_1_seed_42,3,0.060883753173603526,connected,mainstream
487,popular_1_exp_Experiment_1_seed_42,3,0.06712409780457462,connected,mainstream
546,popular_1_exp_Experiment_1_seed_42,3,0.06788545206184518,connected,mainstream
459,popular_1_exp_Experiment_1_seed_42,3,0.05699930597175285,connected,mainstream
245,popular_1_exp_Experiment_1_seed_42,3,0.05402734081151858,connected,mainstream
475,popular_1_exp_Experiment_1_seed_42,3,0.057472920283266386,connected,mainstream
296,popular_1_exp_Experiment_1_seed_42,3,0.04724145381462349,connected,mainstream
217,popular_1_exp_Experiment_1_seed_42,3,0.06366078081575485,connected,mainstream
370,popular_1_exp_Experiment_1_seed_42,4,0.05064907307778745,connected,mainstream
577,popular_1_exp_Experiment_1_seed_42,4,0.05007597581788895,connected,mainstream
557,popular_1_exp_Experiment_1_seed_42,4,0.06967531028128339,connected,mainstream
397,popular_1_exp_Experiment_1_seed_42,4,0.0658411463978988,connected,mainstream
108,popular_1_exp_Experiment_1_seed_42,4,0.05058353569933244,connected,mainstream
321,popular_1_exp_Experiment_1_seed_42,4,0.052640842558083524,connected,mainstream
551,popular_1_exp_Experiment_1_seed_42,4,0.059902999477617624,connected,mainstream
7,popular_1_exp_Experiment_1_seed_42,4,0.017674474788015232,connected,niche
420,popular_1_exp_Experiment_1_seed_42,4,0.06458977203889159,connected,mainstream
517,popular_1_exp_Experiment_1_seed_42,4,0.06733841205811394,connected,mainstream
274,popular_1_exp_Experiment_1_seed_42,4,0.050316229230596234,connected,mainstream
484,popular_1_exp_Experiment_1_seed_42,4,0.0524455562245116,connected,mainstream
96,popular_1_exp_Experiment_1_seed_42,4,0.07382038607508651,connected,mainstream
64,popular_1_exp_Experiment_1_seed_42,4,0.06163105618715275,connected,mainstream
527,popular_1_exp_Experiment_1_seed_42,4,0.053561301095644394,connected,mainstream
152,popular_1_exp_Experiment_1_seed_42,4,0.08990654464364123,connected,mainstream
335,popular_1_exp_Experiment_1_seed_42,4,0.059239414335698855,connected,mainstream
305,popular_1_exp_Experiment_1_seed_42,4,0.06393239718072909,connected,mainstream
407,popular_1_exp_Experiment_1_seed_42,4,0.0647921228043531,connected,mainstream
408,popular_1_exp_Experiment_1_seed_42,4,0.06550672443564817,connected,mainstream
249,popular_1_exp_Experiment_1_seed_42,4,0.0559453636312926,connected,mainstream
148,popular_1_exp_Experiment_1_seed_42,4,0.0677774024844547,connected,mainstream
33,popular_1_exp_Experiment_1_seed_42,4,0.019672632718234506,connected,niche
2,popular_1_exp_Experiment_1_seed_42,4,0.014578483773727615,connected,niche
239,popular_1_exp_Experiment_1_seed_42,4,0.05343532326348493,connected,mainstream
175,popular_1_exp_Experiment_1_seed_42,4,0.0581729433542213,connected,mainstream
89,popular_1_exp_Experiment_1_seed_42,4,0.05528295722422072,connected,mainstream
507,popular_1_exp_Experiment_1_seed_42,4,0.05386856123392639,connected,mainstream
109,popular_1_exp_Experiment_1_seed_42,4,0.05333671659838215,connected,mainstream
257,popular_1_exp_Experiment_1_seed_42,4,0.05564492222379978,connected,mainstream
98,popular_1_exp_Experiment_1_seed_42,4,0.057417585373198056,connected,mainstream
49,popular_1_exp_Experiment_1_seed_42,4,0.01983790796858777,connected,niche
462,popular_1_exp_Experiment_1_seed_42,4,0.05355850167864762,connected,mainstream
313,popular_1_exp_Experiment_1_seed_42,4,0.051415776461409136,connected,mainstream
552,popular_1_exp_Experiment_1_seed_42,4,0.07590253178871777,connected,mainstream
235,popular_1_exp_Experiment_1_seed_42,4,0.0629341570845624,connected,mainstream
258,popular_1_exp_Experiment_1_seed_42,4,0.057609191259870206,connected,mainstream
133,popular_1_exp_Experiment_1_seed_42,4,0.05908577676941735,connected,mainstream
30,popular_1_exp_Experiment_1_seed_42,4,0.01587369493209873,connected,niche
220,popular_1_exp_Experiment_1_seed_42,4,0.061867996731215645,connected,mainstream
22,popular_1_exp_Experiment_1_seed_42,4,0.016377778509573736,connected,niche
134,popular_1_exp_Experiment_1_seed_42,4,0.054351958094827756,connected,mainstream
260,popular_1_exp_Experiment_1_seed_42,4,0.05881562415508026,connected,mainstream
107,popular_1_exp_Experiment_1_seed_42,4,0.05658116607552139,connected,mainstream
158,popular_1_exp_Experiment_1_seed_42,4,0.05754680857160355,connected,mainstream
276,popular_1_exp_Experiment_1_seed_42,4,0.0512241938549369,connected,mainstream
307,popular_1_exp_Experiment_1_seed_42,4,0.05719369968453891,connected,mainstream
358,popular_1_exp_Experiment_1_seed_42,4,0.0608683390384274,connected,mainstream
284,popular_1_exp_Experiment_1_seed_42,4,0.053934370390453706,connected,mainstream
590,popular_1_exp_Experiment_1_seed_42,4,0.053503319974447766,connected,mainstream
308,popular_1_exp_Experiment_1_seed_42,4,0.06355533678052137,connected,mainstream
92,popular_1_exp_Experiment_1_seed_42,4,0.061066008464462036,connected,mainstream
250,popular_1_exp_Experiment_1_seed_42,4,0.04542381622807687,connected,mainstream
78,popular_1_exp_Experiment_1_seed_42,4,0.05187339301011564,connected,mainstream
585,popular_1_exp_Experiment_1_seed_42,4,0.05219551122561069,connected,mainstream
111,popular_1_exp_Experiment_1_seed_42,4,0.055443264707108086,connected,mainstream
275,popular_1_exp_Experiment_1_seed_42,4,0.05200706564268793,connected,mainstream
264,popular_1_exp_Experiment_1_seed_42,4,0.05305176156145763,connected,mainstream
339,popular_1_exp_Experiment_1_seed_42,4,0.059548497533722454,connected,mainstream
184,popular_1_exp_Experiment_1_seed_42,4,0.06007489729269263,connected,mainstream
173,popular_1_exp_Experiment_1_seed_42,4,0.05985508482419158,connected,mainstream
289,popular_1_exp_Experiment_1_seed_42,4,0.05023394766212838,connected,mainstream
142,popular_1_exp_Experiment_1_seed_42,4,0.05557107653691005,connected,mainstream
116,popular_1_exp_Experiment_1_seed_42,4,0.0524378261300543,connected,mainstream
437,popular_1_exp_Experiment_1_seed_42,4,0.051541143993004725,connected,mainstream
247,popular_1_exp_Experiment_1_seed_42,4,0.051742873191140376,connected,mainstream
452,popular_1_exp_Experiment_1_seed_42,4,0.06485582059606053,connected,mainstream
132,popular_1_exp_Experiment_1_seed_42,4,0.06103888536268461,connected,mainstream
37,popular_1_exp_Experiment_1_seed_42,4,0.020793353770895983,connected,niche
338,popular_1_exp_Experiment_1_seed_42,4,0.07009779800027414,connected,mainstream
231,popular_1_exp_Experiment_1_seed_42,4,0.0734220430874609,connected,mainstream
4,popular_1_exp_Experiment_1_seed_42,4,0.01687145583455019,connected,niche
57,popular_1_exp_Experiment_1_seed_42,4,0.0215264011427377,connected,niche
10,popular_1_exp_Experiment_1_seed_42,4,0.013701947466034084,connected,niche
179,popular_1_exp_Experiment_1_seed_42,4,0.06039425056798359,connected,mainstream
106,popular_1_exp_Experiment_1_seed_42,4,0.05444276601132821,connected,mainstream
114,popular_1_exp_Experiment_1_seed_42,4,0.06328868060330839,connected,mainstream
149,popular_1_exp_Experiment_1_seed_42,4,0.062458385075920886,connected,mainstream
268,popular_1_exp_Experiment_1_seed_42,4,0.05098396361476313,connected,mainstream
554,popular_1_exp_Experiment_1_seed_42,4,0.054081010446235166,connected,mainstream
572,popular_1_exp_Experiment_1_seed_42,4,0.0532212160839598,connected,mainstream
556,popular_1_exp_Experiment_1_seed_42,4,0.052948759897733316,connected,mainstream
477,popular_1_exp_Experiment_1_seed_42,4,0.06962272905012969,connected,mainstream
272,popular_1_exp_Experiment_1_seed_42,4,0.06560549510694173,connected,mainstream
12,popular_1_exp_Experiment_1_seed_42,4,0.02879969404648183,connected,niche
45,popular_1_exp_Experiment_1_seed_42,4,0.0158404794059756,connected,niche
528,popular_1_exp_Experiment_1_seed_42,4,0.054045063199055894,connected,mainstream
243,popular_1_exp_Experiment_1_seed_42,4,0.04826903588727952,connected,mainstream
429,popular_1_exp_Experiment_1_seed_42,4,0.049558311646601294,connected,mainstream
470,popular_1_exp_Experiment_1_seed_42,4,0.05384278701391584,connected,mainstream
90,popular_1_exp_Experiment_1_seed_42,4,0.05134002017142323,connected,mainstream
472,popular_1_exp_Experiment_1_seed_42,4,0.053740729013038314,connected,mainstream
130,popular_1_exp_Experiment_1_seed_42,4,0.053650632542266506,connected,mainstream
202,popular_1_exp_Experiment_1_seed_42,4,0.05979827651580014,connected,mainstream
251,popular_1_exp_Experiment_1_seed_42,4,0.06014150608258406,connected,mainstream
383,popular_1_exp_Experiment_1_seed_42,4,0.0699097634753628,connected,mainstream
302,popular_1_exp_Experiment_1_seed_42,4,0.05227334325926672,connected,mainstream
15,popular_1_exp_Experiment_1_seed_42,4,0.01534154357208676,connected,niche
342,popular_1_exp_Experiment_1_seed_42,4,0.05152275159573699,connected,mainstream
299,popular_1_exp_Experiment_1_seed_42,4,0.056811521598882087,connected,mainstream
415,popular_1_exp_Experiment_1_seed_42,4,0.052510390538538794,connected,mainstream
211,popular_1_exp_Experiment_1_seed_42,4,0.07439267332575154,connected,mainstream
461,popular_1_exp_Experiment_1_seed_42,4,0.05600045523493579,connected,mainstream
454,popular_1_exp_Experiment_1_seed_42,4,0.07994077361391638,connected,mainstream
493,popular_1_exp_Experiment_1_seed_42,4,0.051087124592400446,connected,mainstream
591,popular_1_exp_Experiment_1_seed_42,4,0.05307074431669365,connected,mainstream
456,popular_1_exp_Experiment_1_seed_42,4,0.05245903642567242,connected,mainstream
212,popular_1_exp_Experiment_1_seed_42,4,0.05159242071076962,connected,mainstream
457,popular_1_exp_Experiment_1_seed_42,4,0.06085719526772033,connected,mainstream
352,popular_1_exp_Experiment_1_seed_42,4,0.05228239227246478,connected,mainstream
365,popular_1_exp_Experiment_1_seed_42,4,0.05785016356661754,connected,mainstream
496,popular_1_exp_Experiment_1_seed_42,4,0.0640755009036602,connected,mainstream
482,popular_1_exp_Experiment_1_seed_42,4,0.06201910667483446,connected,mainstream
354,popular_1_exp_Experiment_1_seed_42,4,0.06884165487287491,connected,mainstream
447,popular_1_exp_Experiment_1_seed_42,4,0.05550672346941806,connected,mainstream
384,popular_1_exp_Experiment_1_seed_42,4,0.08117172508070365,connected,mainstream
295,popular_1_exp_Experiment_1_seed_42,4,0.049265757985742474,connected,mainstream
406,popular_1_exp_Experiment_1_seed_42,4,0.056907965986572495,connected,mainstream
28,popular_1_exp_Experiment_1_seed_42,4,0.015026480279277783,connected,niche
209,popular_1_exp_Experiment_1_seed_42,4,0.05167647963810149,connected,mainstream
271,popular_1_exp_Experiment_1_seed_42,4,0.05349875754325029,connected,mainstream
11,popular_1_exp_Experiment_1_seed_42,4,0.013971936347743191,connected,niche
292,popular_1_exp_Experiment_1_seed_42,4,0.07440322216933391,connected,mainstream
62,popular_1_exp_Experiment_1_seed_42,4,0.05798323720544124,connected,mainstream
400,popular_1_exp_Experiment_1_seed_42,4,0.0579753974571705,connected,mainstream
24,popular_1_exp_Experiment_1_seed_42,4,0.014707440504265598,connected,niche
435,popular_1_exp_Experiment_1_seed_42,4,0.05884600359044534,connected,mainstream
234,popular_1_exp_Experiment_1_seed_42,4,0.05173378965838607,connected,mainstream
319,popular_1_exp_Experiment_1_seed_42,4,0.051918995061192415,connected,mainstream
43,popular_1_exp_Experiment_1_seed_42,4,0.025546513021719102,connected,niche
337,popular_1_exp_Experiment_1_seed_42,4,0.06416478891998278,connected,mainstream
246,popular_1_exp_Experiment_1_seed_42,4,0.05134511145528301,connected,mainstream
85,popular_1_exp_Experiment_1_seed_42,4,0.05945975811946918,connected,mainstream
425,popular_1_exp_Experiment_1_seed_42,4,0.0564481314623258,connected,mainstream
553,popular_1_exp_Experiment_1_seed_42,4,0.06417682880747166,connected,mainstream
549,popular_1_exp_Experiment_1_seed_42,4,0.051200183340205395,connected,mainstream
360,popular_1_exp_Experiment_1_seed_42,4,0.05768302850420128,connected,mainstream
347,popular_1_exp_Experiment_1_seed_42,4,0.05816641800629469,connected,mainstream
201,popular_1_exp_Experiment_1_seed_42,4,0.05756137864341962,connected,mainstream
208,popular_1_exp_Experiment_1_seed_42,4,0.058529651751804586,connected,mainstream
533,popular_1_exp_Experiment_1_seed_42,4,0.053422555787627564,connected,mainstream
361,popular_1_exp_Experiment_1_seed_42,4,0.0562064216228923,connected,mainstream
519,popular_1_exp_Experiment_1_seed_42,4,0.055211095667615895,connected,mainstream
16,popular_1_exp_Experiment_1_seed_42,4,0.03642869174993404,connected,niche
381,popular_1_exp_Experiment_1_seed_42,4,0.05544573438819731,connected,mainstream
171,popular_1_exp_Experiment_1_seed_42,4,0.05249131388221614,connected,mainstream
72,popular_1_exp_Experiment_1_seed_42,4,0.059372379317053664,connected,mainstream
38,popular_1_exp_Experiment_1_seed_42,4,0.016746573454991507,connected,niche
160,popular_1_exp_Experiment_1_seed_42,4,0.05712016314722517,connected,mainstream
436,popular_1_exp_Experiment_1_seed_42,4,0.05643308579421915,connected,mainstream
421,popular_1_exp_Experiment_1_seed_42,4,0.05954978811925635,connected,mainstream
414,popular_1_exp_Experiment_1_seed_42,4,0.06266188750144719,connected,mainstream
536,popular_1_exp_Experiment_1_seed_42,4,0.06387403545343738,connected,mainstream
23,popular_1_exp_Experiment_1_seed_42,4,0.03867887679332895,connected,niche
221,popular_1_exp_Experiment_1_seed_42,4,0.056750841706918215,connected,mainstream
174,popular_1_exp_Experiment_1_seed_42,4,0.06669263791113605,connected,mainstream
550,popular_1_exp_Experiment_1_seed_42,4,0.06650991170361736,connected,mainstream
584,popular_1_exp_Experiment_1_seed_42,4,0.05443913973776989,connected,mainstream
223,popular_1_exp_Experiment_1_seed_42,4,0.052543959274900666,connected,mainstream
497,popular_1_exp_Experiment_1_seed_42,4,0.05752617761211585,connected,mainstream
442,popular_1_exp_Experiment_1_seed_42,4,0.053021875707667136,connected,mainstream
369,popular_1_exp_Experiment_1_seed_42,4,0.05870382437877234,connected,mainstream
468,popular_1_exp_Experiment_1_seed_42,4,0.05253641744095564,connected,mainstream
54,popular_1_exp_Experiment_1_seed_42,4,0.02127706526952712,connected,niche
498,popular_1_exp_Experiment_1_seed_42,4,0.05765061953405703,connected,mainstream
538,popular_1_exp_Experiment_1_seed_42,4,0.0571553191799558,connected,mainstream
63,popular_1_exp_Experiment_1_seed_42,4,0.0571829182822243,connected,mainstream
388,popular_1_exp_Experiment_1_seed_42,4,0.06404932179497193,connected,mainstream
571,popular_1_exp_Experiment_1_seed_42,4,0.06006215155001515,connected,mainstream
53,popular_1_exp_Experiment_1_seed_42,4,0.013645528349305517,connected,niche
396,popular_1_exp_Experiment_1_seed_42,4,0.05488168027768867,connected,mainstream
566,popular_1_exp_Experiment_1_seed_42,4,0.054282417460448325,connected,mainstream
559,popular_1_exp_Experiment_1_seed_42,4,0.05925200757656193,connected,mainstream
594,popular_1_exp_Experiment_1_seed_42,4,0.056151750167433706,connected,mainstream
366,popular_1_exp_Experiment_1_seed_42,4,0.05145784172154522,connected,mainstream
521,popular_1_exp_Experiment_1_seed_42,4,0.05583948786477194,connected,mainstream
187,popular_1_exp_Experiment_1_seed_42,4,0.07016596462440165,connected,mainstream
399,popular_1_exp_Experiment_1_seed_42,4,0.07401573825791556,connected,mainstream
589,popular_1_exp_Experiment_1_seed_42,4,0.05814497957701085,connected,mainstream
314,popular_1_exp_Experiment_1_seed_42,4,0.05164444634732914,connected,mainstream
331,popular_1_exp_Experiment_1_seed_42,4,0.05314450610137572,connected,mainstream
68,popular_1_exp_Experiment_1_seed_42,4,0.05483305608173835,connected,mainstream
333,popular_1_exp_Experiment_1_seed_42,4,0.0607684646785178,connected,mainstream
525,popular_1_exp_Experiment_1_seed_42,4,0.06652958371804664,connected,mainstream
578,popular_1_exp_Experiment_1_seed_42,4,0.05412021865395671,connected,mainstream
394,popular_1_exp_Experiment_1_seed_42,4,0.06666280015321158,connected,mainstream
532,popular_1_exp_Experiment_1_seed_42,4,0.05822189662186072,connected,mainstream
503,popular_1_exp_Experiment_1_seed_42,4,0.05810163683117492,connected,mainstream
157,popular_1_exp_Experiment_1_seed_42,4,0.06041706350946055,connected,mainstream
298,popular_1_exp_Experiment_1_seed_42,4,0.0679675401757041,connected,mainstream
567,popular_1_exp_Experiment_1_seed_42,4,0.05240085960242714,connected,mainstream
430,popular_1_exp_Experiment_1_seed_42,4,0.055957104846761314,connected,mainstream
359,popular_1_exp_Experiment_1_seed_42,4,0.05242302644179344,connected,mainstream
56,popular_1_exp_Experiment_1_seed_42,4,0.030088982896033022,connected,niche
278,popular_1_exp_Experiment_1_seed_42,4,0.056499787670953726,connected,mainstream
440,popular_1_exp_Experiment_1_seed_42,4,0.061017103979238596,connected,mainstream
526,popular_1_exp_Experiment_1_seed_42,4,0.053605503353649255,connected,mainstream
392,popular_1_exp_Experiment_1_seed_42,4,0.051475060051356734,connected,mainstream
168,popular_1_exp_Experiment_1_seed_42,4,0.05800269917151182,connected,mainstream
364,popular_1_exp_Experiment_1_seed_42,4,0.056294902679807614,connected,mainstream
195,popular_1_exp_Experiment_1_seed_42,4,0.051482367934585084,connected,mainstream
194,popular_1_exp_Experiment_1_seed_42,4,0.0510058998725643,connected,mainstream
326,popular_1_exp_Experiment_1_seed_42,4,0.057822668009381635,connected,mainstream
180,popular_1_exp_Experiment_1_seed_42,4,0.06697766342796437,connected,mainstream
463,popular_1_exp_Experiment_1_seed_42,4,0.0578720172273497,connected,mainstream
411,popular_1_exp_Experiment_1_seed_42,4,0.05387853916943921,connected,mainstream
55,popular_1_exp_Experiment_1_seed_42,4,0.014425124828731659,connected,niche
279,popular_1_exp_Experiment_1_seed_42,4,0.049076596691028214,connected,mainstream
356,popular_1_exp_Experiment_1_seed_42,4,0.06125862581964667,connected,mainstream
27,popular_1_exp_Experiment_1_seed_42,4,0.025135222539526766,connected,niche
312,popular_1_exp_Experiment_1_seed_42,4,0.04979772446642402,connected,mainstream
198,popular_1_exp_Experiment_1_seed_42,4,0.050964965352574755,connected,mainstream
510,popular_1_exp_Experiment_1_seed_42,4,0.05814991769571751,connected,mainstream
535,popular_1_exp_Experiment_1_seed_42,4,0.05346347192512826,connected,mainstream
309,popular_1_exp_Experiment_1_seed_42,4,0.06953076761960636,connected,mainstream
495,popular_1_exp_Experiment_1_seed_42,4,0.05909018773709552,connected,mainstream
237,popular_1_exp_Experiment_1_seed_42,4,0.06413078750615626,connected,mainstream
58,popular_1_exp_Experiment_1_seed_42,4,0.016000894039178513,connected,niche
499,popular_1_exp_Experiment_1_seed_42,4,0.052958008713576504,connected,mainstream
176,popular_1_exp_Experiment_1_seed_42,4,0.053853443782177816,connected,mainstream
473,popular_1_exp_Experiment_1_seed_42,4,0.06660966137474437,connected,mainstream
491,popular_1_exp_Experiment_1_seed_42,4,0.07020170103858593,connected,mainstream
79,popular_1_exp_Experiment_1_seed_42,4,0.05207668437984678,connected,mainstream
192,popular_1_exp_Experiment_1_seed_42,4,0.05425902042593551,connected,mainstream
103,popular_1_exp_Experiment_1_seed_42,4,0.06844257587682656,connected,mainstream
191,popular_1_exp_Experiment_1_seed_42,4,0.05545856962793361,connected,mainstream
367,popular_1_exp_Experiment_1_seed_42,4,0.06438910697510114,connected,mainstream
293,popular_1_exp_Experiment_1_seed_42,4,0.06367930052198552,connected,mainstream
432,popular_1_exp_Experiment_1_seed_42,4,0.05639896818829332,connected,mainstream
47,popular_1_exp_Experiment_1_seed_42,4,0.020054281983012304,connected,niche
534,popular_1_exp_Experiment_1_seed_42,4,0.051201928732643336,connected,mainstream
86,popular_1_exp_Experiment_1_seed_42,4,0.05522171959240126,connected,mainstream
345,popular_1_exp_Experiment_1_seed_42,4,0.07447925436647847,connected,mainstream
203,popular_1_exp_Experiment_1_seed_42,4,0.05252179692993781,connected,mainstream
270,popular_1_exp_Experiment_1_seed_42,4,0.05765775804907005,connected,mainstream
138,popular_1_exp_Experiment_1_seed_42,4,0.056796759698910355,connected,mainstream
385,popular_1_exp_Experiment_1_seed_42,4,0.05512967034753415,connected,mainstream
283,popular_1_exp_Experiment_1_seed_42,4,0.05013791578911083,connected,mainstream
8,popular_1_exp_Experiment_1_seed_42,4,0.014841377197352344,connected,niche
441,popular_1_exp_Experiment_1_seed_42,4,0.05114323303023895,connected,mainstream
200,popular_1_exp_Experiment_1_seed_42,4,0.05600238196278586,connected,mainstream
488,popular_1_exp_Experiment_1_seed_42,4,0.05882358121967899,connected,mainstream
506,popular_1_exp_Experiment_1_seed_42,4,0.0610282442472275,connected,mainstream
387,popular_1_exp_Experiment_1_seed_42,4,0.05124739212038328,connected,mainstream
163,popular_1_exp_Experiment_1_seed_42,4,0.053563283901189855,connected,mainstream
560,popular_1_exp_Experiment_1_seed_42,4,0.06700338814297295,connected,mainstream
341,popular_1_exp_Experiment_1_seed_42,4,0.055990481839896585,connected,mainstream
75,popular_1_exp_Experiment_1_seed_42,4,0.0626470497597981,connected,mainstream
238,popular_1_exp_Experiment_1_seed_42,4,0.05260591561286764,connected,mainstream
102,popular_1_exp_Experiment_1_seed_42,4,0.04815353561813395,connected,mainstream
113,popular_1_exp_Experiment_1_seed_42,4,0.052367575867730796,connected,mainstream
562,popular_1_exp_Experiment_1_seed_42,4,0.059266025259867315,connected,mainstream
81,popular_1_exp_Experiment_1_seed_42,4,0.05464149515183971,connected,mainstream
325,popular_1_exp_Experiment_1_seed_42,4,0.06425038967094909,connected,mainstream
66,popular_1_exp_Experiment_1_seed_42,4,0.06387402277351172,connected,mainstream
121,popular_1_exp_Experiment_1_seed_42,4,0.06641770439295247,connected,mainstream
71,popular_1_exp_Experiment_1_seed_42,4,0.06253666191848319,connected,mainstream
479,popular_1_exp_Experiment_1_seed_42,4,0.05432943985028363,connected,mainstream
515,popular_1_exp_Experiment_1_seed_42,4,0.04881653228558242,connected,mainstream
46,popular_1_exp_Experiment_1_seed_42,4,0.016315539975665327,connected,niche
153,popular_1_exp_Experiment_1_seed_42,4,0.05150407120719746,connected,mainstream
433,popular_1_exp_Experiment_1_seed_42,4,0.05718007547356182,connected,mainstream
263,popular_1_exp_Experiment_1_seed_42,4,0.05159665041103859,connected,mainstream
374,popular_1_exp_Experiment_1_seed_42,4,0.053510912326280045,connected,mainstream
145,popular_1_exp_Experiment_1_seed_42,4,0.05404124191049381,connected,mainstream
105,popular_1_exp_Experiment_1_seed_42,4,0.05114427167783145,connected,mainstream
122,popular_1_exp_Experiment_1_seed_42,4,0.05440945329112327,connected,mainstream
94,popular_1_exp_Experiment_1_seed_42,4,0.05350352232214617,connected,mainstream
189,popular_1_exp_Experiment_1_seed_42,4,0.050934693888164045,connected,mainstream
301,popular_1_exp_Experiment_1_seed_42,4,0.05795966172688849,connected,mainstream
555,popular_1_exp_Experiment_1_seed_42,4,0.05277783140677884,connected,mainstream
481,popular_1_exp_Experiment_1_seed_42,4,0.05169750425083136,connected,mainstream
139,popular_1_exp_Experiment_1_seed_42,4,0.055983647301510696,connected,mainstream
265,popular_1_exp_Experiment_1_seed_42,4,0.05717859750066632,connected,mainstream
322,popular_1_exp_Experiment_1_seed_42,4,0.05948036195100137,connected,mainstream
242,popular_1_exp_Experiment_1_seed_42,4,0.051109349181561355,connected,mainstream
426,popular_1_exp_Experiment_1_seed_42,4,0.05467599697655667,connected,mainstream
76,popular_1_exp_Experiment_1_seed_42,4,0.05580123190470195,connected,mainstream
178,popular_1_exp_Experiment_1_seed_42,4,0.05431350092298975,connected,mainstream
465,popular_1_exp_Experiment_1_seed_42,4,0.057464492463378425,connected,mainstream
469,popular_1_exp_Experiment_1_seed_42,4,0.06784077907703176,connected,mainstream
137,popular_1_exp_Experiment_1_seed_42,4,0.06213159260567108,connected,mainstream
59,popular_1_exp_Experiment_1_seed_42,4,0.019700165767464223,connected,niche
464,popular_1_exp_Experiment_1_seed_42,4,0.052037095975555205,connected,mainstream
159,popular_1_exp_Experiment_1_seed_42,4,0.056953674591615405,connected,mainstream
143,popular_1_exp_Experiment_1_seed_42,4,0.05777903465100855,connected,mainstream
349,popular_1_exp_Experiment_1_seed_42,4,0.05388486930433148,connected,mainstream
582,popular_1_exp_Experiment_1_seed_42,4,0.062073729680235445,connected,mainstream
599,popular_1_exp_Experiment_1_seed_42,4,0.06047356892174325,connected,mainstream
281,popular_1_exp_Experiment_1_seed_42,4,0.06070618916314824,connected,mainstream
480,popular_1_exp_Experiment_1_seed_42,4,0.05479990835264143,connected,mainstream
410,popular_1_exp_Experiment_1_seed_42,4,0.053275650740486326,connected,mainstream
127,popular_1_exp_Experiment_1_seed_42,4,0.0536616404821404,connected,mainstream
282,popular_1_exp_Experiment_1_seed_42,4,0.07301736087611711,connected,mainstream
206,popular_1_exp_Experiment_1_seed_42,4,0.06740306331633518,connected,mainstream
123,popular_1_exp_Experiment_1_seed_42,4,0.054248051024197996,connected,mainstream
542,popular_1_exp_Experiment_1_seed_42,4,0.053743938059628814,connected,mainstream
118,popular_1_exp_Experiment_1_seed_42,4,0.052594722991027056,connected,mainstream
185,popular_1_exp_Experiment_1_seed_42,4,0.06407862623211683,connected,mainstream
368,popular_1_exp_Experiment_1_seed_42,4,0.05026328855417181,connected,mainstream
83,popular_1_exp_Experiment_1_seed_42,4,0.05555305346231465,connected,mainstream
147,popular_1_exp_Experiment_1_seed_42,4,0.06439556208223164,connected,mainstream
25,popular_1_exp_Experiment_1_seed_42,4,0.02635554261576928,connected,niche
177,popular_1_exp_Experiment_1_seed_42,4,0.06105918054690542,connected,mainstream
52,popular_1_exp_Experiment_1_seed_42,4,0.01911321184642166,connected,niche
226,popular_1_exp_Experiment_1_seed_42,4,0.0526249616261981,connected,mainstream
565,popular_1_exp_Experiment_1_seed_42,4,0.05234172942316672,connected,mainstream
494,popular_1_exp_Experiment_1_seed_42,4,0.0594914486187646,connected,mainstream
371,popular_1_exp_Experiment_1_seed_42,4,0.059989070321794895,connected,mainstream
207,popular_1_exp_Experiment_1_seed_42,4,0.05206810657860931,connected,mainstream
88,popular_1_exp_Experiment_1_seed_42,4,0.05183295969081007,connected,mainstream
259,popular_1_exp_Experiment_1_seed_42,4,0.05512822027248157,connected,mainstream
545,popular_1_exp_Experiment_1_seed_42,4,0.04574279952294876,connected,mainstream
241,popular_1_exp_Experiment_1_seed_42,4,0.057451911506564333,connected,mainstream
136,popular_1_exp_Experiment_1_seed_42,4,0.0690197124090124,connected,mainstream
61,popular_1_exp_Experiment_1_seed_42,4,0.06773680936897826,connected,mainstream
196,popular_1_exp_Experiment_1_seed_42,4,0.05661464959326671,connected,mainstream
428,popular_1_exp_Experiment_1_seed_42,4,0.05536457068540886,connected,mainstream
236,popular_1_exp_Experiment_1_seed_42,4,0.04951347760217581,connected,mainstream
576,popular_1_exp_Experiment_1_seed_42,4,0.05558712869234587,connected,mainstream
9,popular_1_exp_Experiment_1_seed_42,4,0.013955418185499925,connected,niche
5,popular_1_exp_Experiment_1_seed_42,4,0.02114947540080468,connected,niche
215,popular_1_exp_Experiment_1_seed_42,4,0.05105235265917298,connected,mainstream
427,popular_1_exp_Experiment_1_seed_42,4,0.050766775536533165,connected,mainstream
570,popular_1_exp_Experiment_1_seed_42,4,0.05630456926816879,connected,mainstream
125,popular_1_exp_Experiment_1_seed_42,4,0.05221567342521224,connected,mainstream
453,popular_1_exp_Experiment_1_seed_42,4,0.055242208060910854,connected,mainstream
587,popular_1_exp_Experiment_1_seed_42,4,0.05329596334307643,connected,mainstream
248,popular_1_exp_Experiment_1_seed_42,4,0.058617278264663335,connected,mainstream
273,popular_1_exp_Experiment_1_seed_42,4,0.05400156049422208,connected,mainstream
288,popular_1_exp_Experiment_1_seed_42,4,0.058679801303976986,connected,mainstream
403,popular_1_exp_Experiment_1_seed_42,4,0.0485787998736956,connected,mainstream
434,popular_1_exp_Experiment_1_seed_42,4,0.054756628902907924,connected,mainstream
350,popular_1_exp_Experiment_1_seed_42,4,0.06864480309200593,connected,mainstream
379,popular_1_exp_Experiment_1_seed_42,4,0.06420202084649879,connected,mainstream
255,popular_1_exp_Experiment_1_seed_42,4,0.05225356129698722,connected,mainstream
583,popular_1_exp_Experiment_1_seed_42,4,0.05073950415876808,connected,mainstream
386,popular_1_exp_Experiment_1_seed_42,4,0.05150545765993311,connected,mainstream
509,popular_1_exp_Experiment_1_seed_42,4,0.05791835982286303,connected,mainstream
213,popular_1_exp_Experiment_1_seed_42,4,0.07204439288041871,connected,mainstream
504,popular_1_exp_Experiment_1_seed_42,4,0.054642145436494836,connected,mainstream
74,popular_1_exp_Experiment_1_seed_42,4,0.05023221081753156,connected,mainstream
330,popular_1_exp_Experiment_1_seed_42,4,0.08277398194123074,connected,mainstream
328,popular_1_exp_Experiment_1_seed_42,4,0.06236680701977045,connected,mainstream
161,popular_1_exp_Experiment_1_seed_42,4,0.04974525234281427,connected,mainstream
581,popular_1_exp_Experiment_1_seed_42,4,0.07038668961266016,connected,mainstream
304,popular_1_exp_Experiment_1_seed_42,4,0.061036171676492175,connected,mainstream
306,popular_1_exp_Experiment_1_seed_42,4,0.05925403838176165,connected,mainstream
165,popular_1_exp_Experiment_1_seed_42,4,0.052272734053813795,connected,mainstream
128,popular_1_exp_Experiment_1_seed_42,4,0.0579271967569254,connected,mainstream
131,popular_1_exp_Experiment_1_seed_42,4,0.056498679739430534,connected,mainstream
244,popular_1_exp_Experiment_1_seed_42,4,0.05086854417638492,connected,mainstream
166,popular_1_exp_Experiment_1_seed_42,4,0.05921025278041223,connected,mainstream
438,popular_1_exp_Experiment_1_seed_42,4,0.05130169694578795,connected,mainstream
336,popular_1_exp_Experiment_1_seed_42,4,0.07201536853430884,connected,mainstream
490,popular_1_exp_Experiment_1_seed_42,4,0.052486614645287234,connected,mainstream
303,popular_1_exp_Experiment_1_seed_42,4,0.059596846430978186,connected,mainstream
390,popular_1_exp_Experiment_1_seed_42,4,0.055842217311261357,connected,mainstream
124,popular_1_exp_Experiment_1_seed_42,4,0.05147172088320897,connected,mainstream
344,popular_1_exp_Experiment_1_seed_42,4,0.0641828612208407,connected,mainstream
402,popular_1_exp_Experiment_1_seed_42,4,0.06126423604324047,connected,mainstream
593,popular_1_exp_Experiment_1_seed_42,4,0.059828986375390136,connected,mainstream
48,popular_1_exp_Experiment_1_seed_42,4,0.023963812347247204,connected,niche
256,popular_1_exp_Experiment_1_seed_42,4,0.06875069222275083,connected,mainstream
29,popular_1_exp_Experiment_1_seed_42,4,0.016092096456419375,connected,niche
99,popular_1_exp_Experiment_1_seed_42,4,0.05640091874460878,connected,mainstream
382,popular_1_exp_Experiment_1_seed_42,4,0.06432750192133295,connected,mainstream
540,popular_1_exp_Experiment_1_seed_42,4,0.05196991469001536,connected,mainstream
422,popular_1_exp_Experiment_1_seed_42,4,0.05477354343578373,connected,mainstream
40,popular_1_exp_Experiment_1_seed_42,4,0.021106104914018837,connected,niche
100,popular_1_exp_Experiment_1_seed_42,4,0.0622294148628754,connected,mainstream
317,popular_1_exp_Experiment_1_seed_42,4,0.06434451933730907,connected,mainstream
150,popular_1_exp_Experiment_1_seed_42,4,0.05887029467993099,connected,mainstream
20,popular_1_exp_Experiment_1_seed_42,4,0.014867769634280345,connected,niche
188,popular_1_exp_Experiment_1_seed_42,4,0.058915418285117586,connected,mainstream
311,popular_1_exp_Experiment_1_seed_42,4,0.06542916090991958,connected,mainstream
310,popular_1_exp_Experiment_1_seed_42,4,0.0687776764176611,connected,mainstream
39,popular_1_exp_Experiment_1_seed_42,4,0.01612125496794243,connected,niche
417,popular_1_exp_Experiment_1_seed_42,4,0.06462189570427236,connected,mainstream
182,popular_1_exp_Experiment_1_seed_42,4,0.07151316643232257,connected,mainstream
547,popular_1_exp_Experiment_1_seed_42,4,0.051803721398981956,connected,mainstream
334,popular_1_exp_Experiment_1_seed_42,4,0.06377930515985406,connected,mainstream
36,popular_1_exp_Experiment_1_seed_42,4,0.012437811167309317,connected,niche
320,popular_1_exp_Experiment_1_seed_42,4,0.05286528012422433,connected,mainstream
42,popular_1_exp_Experiment_1_seed_42,4,0.019250185242260538,connected,niche
377,popular_1_exp_Experiment_1_seed_42,4,0.06024162162780122,connected,mainstream
35,popular_1_exp_Experiment_1_seed_42,4,0.014652267074737503,connected,niche
324,popular_1_exp_Experiment_1_seed_42,4,0.057254546185954,connected,mainstream
316,popular_1_exp_Experiment_1_seed_42,4,0.05424546351291429,connected,mainstream
26,popular_1_exp_Experiment_1_seed_42,4,0.014437309554785305,connected,niche
197,popular_1_exp_Experiment_1_seed_42,4,0.09469906720718187,connected,mainstream
451,popular_1_exp_Experiment_1_seed_42,4,0.0508813904942883,connected,mainstream
502,popular_1_exp_Experiment_1_seed_42,4,0.06309246431079561,connected,mainstream
405,popular_1_exp_Experiment_1_seed_42,4,0.05860333600707668,connected,mainstream
424,popular_1_exp_Experiment_1_seed_42,4,0.052506495485230266,connected,mainstream
543,popular_1_exp_Experiment_1_seed_42,4,0.06955391870717524,connected,mainstream
97,popular_1_exp_Experiment_1_seed_42,4,0.051484142405117034,connected,mainstream
172,popular_1_exp_Experiment_1_seed_42,4,0.06431561907885402,connected,mainstream
355,popular_1_exp_Experiment_1_seed_42,4,0.048685107832781994,connected,mainstream
183,popular_1_exp_Experiment_1_seed_42,4,0.05215991757142179,connected,mainstream
478,popular_1_exp_Experiment_1_seed_42,4,0.06629331791972781,connected,mainstream
529,popular_1_exp_Experiment_1_seed_42,4,0.06305426808654774,connected,mainstream
227,popular_1_exp_Experiment_1_seed_42,4,0.051133692344168064,connected,mainstream
14,popular_1_exp_Experiment_1_seed_42,4,0.014062701498539004,connected,niche
346,popular_1_exp_Experiment_1_seed_42,4,0.055769613890608694,connected,mainstream
458,popular_1_exp_Experiment_1_seed_42,4,0.05237477239219581,connected,mainstream
391,popular_1_exp_Experiment_1_seed_42,4,0.05022046375116288,connected,mainstream
280,popular_1_exp_Experiment_1_seed_42,4,0.057453807753200185,connected,mainstream
372,popular_1_exp_Experiment_1_seed_42,4,0.06478135565548332,connected,mainstream
450,popular_1_exp_Experiment_1_seed_42,4,0.06421270451427898,connected,mainstream
205,popular_1_exp_Experiment_1_seed_42,4,0.051974203403776044,connected,mainstream
164,popular_1_exp_Experiment_1_seed_42,4,0.0599441039068033,connected,mainstream
115,popular_1_exp_Experiment_1_seed_42,4,0.058112425561703894,connected,mainstream
269,popular_1_exp_Experiment_1_seed_42,4,0.05000045479660229,connected,mainstream
93,popular_1_exp_Experiment_1_seed_42,4,0.048822051467719174,connected,mainstream
193,popular_1_exp_Experiment_1_seed_42,4,0.06383107253377353,connected,mainstream
219,popular_1_exp_Experiment_1_seed_42,4,0.06415307341229531,connected,mainstream
120,popular_1_exp_Experiment_1_seed_42,4,0.06238999555982679,connected,mainstream
376,popular_1_exp_Experiment_1_seed_42,4,0.05736068052938572,connected,mainstream
318,popular_1_exp_Experiment_1_seed_42,4,0.0800622700732279,connected,mainstream
186,popular_1_exp_Experiment_1_seed_42,4,0.051137117394079744,connected,mainstream
170,popular_1_exp_Experiment_1_seed_42,4,0.05174661134784403,connected,mainstream
544,popular_1_exp_Experiment_1_seed_42,4,0.0538975766956785,connected,mainstream
13,popular_1_exp_Experiment_1_seed_42,4,0.015255669834181584,connected,niche
357,popular_1_exp_Experiment_1_seed_42,4,0.07012675026622213,connected,mainstream
315,popular_1_exp_Experiment_1_seed_42,4,0.058326606196937934,connected,mainstream
332,popular_1_exp_Experiment_1_seed_42,4,0.06090174944576745,connected,mainstream
419,popular_1_exp_Experiment_1_seed_42,4,0.059158540530466014,connected,mainstream
73,popular_1_exp_Experiment_1_seed_42,4,0.05783918708975206,connected,mainstream
483,popular_1_exp_Experiment_1_seed_42,4,0.058955053239199556,connected,mainstream
216,popular_1_exp_Experiment_1_seed_42,4,0.05704813763823866,connected,mainstream
466,popular_1_exp_Experiment_1_seed_42,4,0.05114903220947863,connected,mainstream
393,popular_1_exp_Experiment_1_seed_42,4,0.0547078290986886,connected,mainstream
287,popular_1_exp_Experiment_1_seed_42,4,0.05024828606350106,connected,mainstream
413,popular_1_exp_Experiment_1_seed_42,4,0.05643084974102963,connected,mainstream
537,popular_1_exp_Experiment_1_seed_42,4,0.0551465967309476,connected,mainstream
531,popular_1_exp_Experiment_1_seed_42,4,0.05372429897181186,connected,mainstream
501,popular_1_exp_Experiment_1_seed_42,4,0.05792133240386308,connected,mainstream
218,popular_1_exp_Experiment_1_seed_42,4,0.05555964099518625,connected,mainstream
21,popular_1_exp_Experiment_1_seed_42,4,0.017606842294472572,connected,niche
254,popular_1_exp_Experiment_1_seed_42,4,0.06802187157268685,connected,mainstream
522,popular_1_exp_Experiment_1_seed_42,4,0.058141525933671716,connected,mainstream
199,popular_1_exp_Experiment_1_seed_42,4,0.057602847981751366,connected,mainstream
60,popular_1_exp_Experiment_1_seed_42,4,0.052325878759202825,connected,mainstream
91,popular_1_exp_Experiment_1_seed_42,4,0.053132437664614736,connected,mainstream
423,popular_1_exp_Experiment_1_seed_42,4,0.059156004563830515,connected,mainstream
117,popular_1_exp_Experiment_1_seed_42,4,0.05416321204176112,connected,mainstream
84,popular_1_exp_Experiment_1_seed_42,4,0.05067827421928073,connected,mainstream
126,popular_1_exp_Experiment_1_seed_42,4,0.059801283547338074,connected,mainstream
444,popular_1_exp_Experiment_1_seed_42,4,0.04767359120266625,connected,mainstream
460,popular_1_exp_Experiment_1_seed_42,4,0.056723805125538034,connected,mainstream
363,popular_1_exp_Experiment_1_seed_42,4,0.05517313638713009,connected,mainstream
252,popular_1_exp_Experiment_1_seed_42,4,0.05885430416049234,connected,mainstream
104,popular_1_exp_Experiment_1_seed_42,4,0.05433481523602349,connected,mainstream
564,popular_1_exp_Experiment_1_seed_42,4,0.047743093928252794,connected,mainstream
511,popular_1_exp_Experiment_1_seed_42,4,0.06513905468910673,connected,mainstream
492,popular_1_exp_Experiment_1_seed_42,4,0.05759116655553858,connected,mainstream
505,popular_1_exp_Experiment_1_seed_42,4,0.05449535687412701,connected,mainstream
598,popular_1_exp_Experiment_1_seed_42,4,0.05215636686181186,connected,mainstream
224,popular_1_exp_Experiment_1_seed_42,4,0.06810361826315776,connected,mainstream
19,popular_1_exp_Experiment_1_seed_42,4,0.01756201336969461,connected,niche
524,popular_1_exp_Experiment_1_seed_42,4,0.05272375175140493,connected,mainstream
395,popular_1_exp_Experiment_1_seed_42,4,0.052862734976478504,connected,mainstream
140,popular_1_exp_Experiment_1_seed_42,4,0.05460998190629853,connected,mainstream
327,popular_1_exp_Experiment_1_seed_42,4,0.05595232603919187,connected,mainstream
51,popular_1_exp_Experiment_1_seed_42,4,0.019035167395635325,connected,niche
228,popular_1_exp_Experiment_1_seed_42,4,0.07148098898085035,connected,mainstream
144,popular_1_exp_Experiment_1_seed_42,4,0.05822855547967425,connected,mainstream
119,popular_1_exp_Experiment_1_seed_42,4,0.0503757384482022,connected,mainstream
253,popular_1_exp_Experiment_1_seed_42,4,0.05616470292310597,connected,mainstream
489,popular_1_exp_Experiment_1_seed_42,4,0.06009577703419632,connected,mainstream
70,popular_1_exp_Experiment_1_seed_42,4,0.05408095118981271,connected,mainstream
240,popular_1_exp_Experiment_1_seed_42,4,0.055189483065688084,connected,mainstream
595,popular_1_exp_Experiment_1_seed_42,4,0.05525681269978128,connected,mainstream
373,popular_1_exp_Experiment_1_seed_42,4,0.05156384110758342,connected,mainstream
569,popular_1_exp_Experiment_1_seed_42,4,0.0572698788915188,connected,mainstream
230,popular_1_exp_Experiment_1_seed_42,4,0.05482367617049235,connected,mainstream
574,popular_1_exp_Experiment_1_seed_42,4,0.06371854571540313,connected,mainstream
514,popular_1_exp_Experiment_1_seed_42,4,0.051498888913726136,connected,mainstream
65,popular_1_exp_Experiment_1_seed_42,4,0.050784427549806554,connected,mainstream
592,popular_1_exp_Experiment_1_seed_42,4,0.05802650527020991,connected,mainstream
154,popular_1_exp_Experiment_1_seed_42,4,0.05171496271680532,connected,mainstream
443,popular_1_exp_Experiment_1_seed_42,4,0.05983950905670493,connected,mainstream
476,popular_1_exp_Experiment_1_seed_42,4,0.05483244596278549,connected,mainstream
181,popular_1_exp_Experiment_1_seed_42,4,0.05137995195297627,connected,mainstream
351,popular_1_exp_Experiment_1_seed_42,4,0.057467812170615744,connected,mainstream
568,popular_1_exp_Experiment_1_seed_42,4,0.05657617542611376,connected,mainstream
262,popular_1_exp_Experiment_1_seed_42,4,0.057446374055883175,connected,mainstream
579,popular_1_exp_Experiment_1_seed_42,4,0.05181132896406906,connected,mainstream
471,popular_1_exp_Experiment_1_seed_42,4,0.06849240579084558,connected,mainstream
596,popular_1_exp_Experiment_1_seed_42,4,0.05006331297438136,connected,mainstream
573,popular_1_exp_Experiment_1_seed_42,4,0.07034392581731978,connected,mainstream
225,popular_1_exp_Experiment_1_seed_42,4,0.054448062559850914,connected,mainstream
69,popular_1_exp_Experiment_1_seed_42,4,0.05841110016599699,connected,mainstream
575,popular_1_exp_Experiment_1_seed_42,4,0.05272001757437921,connected,mainstream
141,popular_1_exp_Experiment_1_seed_42,4,0.05550133308774716,connected,mainstream
586,popular_1_exp_Experiment_1_seed_42,4,0.05521030086582605,connected,mainstream
404,popular_1_exp_Experiment_1_seed_42,4,0.06713939961758324,connected,mainstream
300,popular_1_exp_Experiment_1_seed_42,4,0.05915749768118278,connected,mainstream
129,popular_1_exp_Experiment_1_seed_42,4,0.059649497861938884,connected,mainstream
409,popular_1_exp_Experiment_1_seed_42,4,0.05456520239443199,connected,mainstream
375,popular_1_exp_Experiment_1_seed_42,4,0.056798887462172015,connected,mainstream
232,popular_1_exp_Experiment_1_seed_42,4,0.06305529192657487,connected,mainstream
155,popular_1_exp_Experiment_1_seed_42,4,0.052217905797392265,connected,mainstream
512,popular_1_exp_Experiment_1_seed_42,4,0.053830952186833335,connected,mainstream
80,popular_1_exp_Experiment_1_seed_42,4,0.05987511630850966,connected,mainstream
418,popular_1_exp_Experiment_1_seed_42,4,0.0577449307126054,connected,mainstream
156,popular_1_exp_Experiment_1_seed_42,4,0.05723684078715944,connected,mainstream
485,popular_1_exp_Experiment_1_seed_42,4,0.055576404549604254,connected,mainstream
294,popular_1_exp_Experiment_1_seed_42,4,0.06044792783443124,connected,mainstream
340,popular_1_exp_Experiment_1_seed_42,4,0.06696159513171021,connected,mainstream
500,popular_1_exp_Experiment_1_seed_42,4,0.05298680595107874,connected,mainstream
416,popular_1_exp_Experiment_1_seed_42,4,0.05606313005860689,connected,mainstream
286,popular_1_exp_Experiment_1_seed_42,4,0.050217105456183346,connected,mainstream
233,popular_1_exp_Experiment_1_seed_42,4,0.07095867942017897,connected,mainstream
431,popular_1_exp_Experiment_1_seed_42,4,0.06126485941020091,connected,mainstream
516,popular_1_exp_Experiment_1_seed_42,4,0.05942074294263594,connected,mainstream
0,popular_1_exp_Experiment_1_seed_42,4,0.017590671538224873,connected,niche
204,popular_1_exp_Experiment_1_seed_42,4,0.0639484114356761,connected,mainstream
467,popular_1_exp_Experiment_1_seed_42,4,0.05597762832752151,connected,mainstream
446,popular_1_exp_Experiment_1_seed_42,4,0.0643801312875244,connected,mainstream
353,popular_1_exp_Experiment_1_seed_42,4,0.05519323984658259,connected,mainstream
285,popular_1_exp_Experiment_1_seed_42,4,0.05261133230649361,connected,mainstream
1,popular_1_exp_Experiment_1_seed_42,4,0.015064344470960056,connected,niche
378,popular_1_exp_Experiment_1_seed_42,4,0.054827479357610065,connected,mainstream
563,popular_1_exp_Experiment_1_seed_42,4,0.05890985479811525,connected,mainstream
266,popular_1_exp_Experiment_1_seed_42,4,0.061718264250537114,connected,mainstream
3,popular_1_exp_Experiment_1_seed_42,4,0.016715939791731752,connected,niche
297,popular_1_exp_Experiment_1_seed_42,4,0.05197632845044731,connected,mainstream
380,popular_1_exp_Experiment_1_seed_42,4,0.055206147469720225,connected,mainstream
580,popular_1_exp_Experiment_1_seed_42,4,0.05791753431088941,connected,mainstream
101,popular_1_exp_Experiment_1_seed_42,4,0.05946484655548929,connected,mainstream
401,popular_1_exp_Experiment_1_seed_42,4,0.062007751831579604,connected,mainstream
34,popular_1_exp_Experiment_1_seed_42,4,0.022297565139210995,connected,niche
41,popular_1_exp_Experiment_1_seed_42,4,0.019191798983108604,connected,niche
541,popular_1_exp_Experiment_1_seed_42,4,0.06109377325868621,connected,mainstream
597,popular_1_exp_Experiment_1_seed_42,4,0.05224760509539206,connected,mainstream
530,popular_1_exp_Experiment_1_seed_42,4,0.07033499211133455,connected,mainstream
17,popular_1_exp_Experiment_1_seed_42,4,0.015475911835391825,connected,niche
588,popular_1_exp_Experiment_1_seed_42,4,0.056581358129413804,connected,mainstream
323,popular_1_exp_Experiment_1_seed_42,4,0.06628219104623884,connected,mainstream
77,popular_1_exp_Experiment_1_seed_42,4,0.06060489150370466,connected,mainstream
520,popular_1_exp_Experiment_1_seed_42,4,0.05673755725946187,connected,mainstream
539,popular_1_exp_Experiment_1_seed_42,4,0.060784382008322785,connected,mainstream
50,popular_1_exp_Experiment_1_seed_42,4,0.01781613871426595,connected,niche
67,popular_1_exp_Experiment_1_seed_42,4,0.05296804225045471,connected,mainstream
412,popular_1_exp_Experiment_1_seed_42,4,0.05441349826696793,connected,mainstream
44,popular_1_exp_Experiment_1_seed_42,4,0.016740910778046666,connected,niche
222,popular_1_exp_Experiment_1_seed_42,4,0.06124090888794362,connected,mainstream
474,popular_1_exp_Experiment_1_seed_42,4,0.05577679410633079,connected,mainstream
389,popular_1_exp_Experiment_1_seed_42,4,0.07705173309751805,connected,mainstream
162,popular_1_exp_Experiment_1_seed_42,4,0.05578010273679556,connected,mainstream
32,popular_1_exp_Experiment_1_seed_42,4,0.024007346577789274,connected,niche
261,popular_1_exp_Experiment_1_seed_42,4,0.05448384436543543,connected,mainstream
561,popular_1_exp_Experiment_1_seed_42,4,0.06426523501970804,connected,mainstream
167,popular_1_exp_Experiment_1_seed_42,4,0.054898743146780164,connected,mainstream
112,popular_1_exp_Experiment_1_seed_42,4,0.052419128563124716,connected,mainstream
449,popular_1_exp_Experiment_1_seed_42,4,0.06506151497772061,connected,mainstream
18,popular_1_exp_Experiment_1_seed_42,4,0.019688968410873964,connected,niche
190,popular_1_exp_Experiment_1_seed_42,4,0.04697515571337868,connected,mainstream
558,popular_1_exp_Experiment_1_seed_42,4,0.0680873980874901,connected,mainstream
267,popular_1_exp_Experiment_1_seed_42,4,0.06610009030797662,connected,mainstream
362,popular_1_exp_Experiment_1_seed_42,4,0.05063325975016033,connected,mainstream
31,popular_1_exp_Experiment_1_seed_42,4,0.015220828792182279,connected,niche
82,popular_1_exp_Experiment_1_seed_42,4,0.05445904390448272,connected,mainstream
277,popular_1_exp_Experiment_1_seed_42,4,0.052603277481032856,connected,mainstream
513,popular_1_exp_Experiment_1_seed_42,4,0.05541472425854082,connected,mainstream
343,popular_1_exp_Experiment_1_seed_42,4,0.06254824701038879,connected,mainstream
455,popular_1_exp_Experiment_1_seed_42,4,0.05227340111623296,connected,mainstream
210,popular_1_exp_Experiment_1_seed_42,4,0.055608288528661814,connected,mainstream
229,popular_1_exp_Experiment_1_seed_42,4,0.05414394306541969,connected,mainstream
548,popular_1_exp_Experiment_1_seed_42,4,0.04869675712291802,connected,mainstream
439,popular_1_exp_Experiment_1_seed_42,4,0.055007349859014676,connected,mainstream
290,popular_1_exp_Experiment_1_seed_42,4,0.053430523677260866,connected,mainstream
6,popular_1_exp_Experiment_1_seed_42,4,0.01518802696870651,connected,niche
214,popular_1_exp_Experiment_1_seed_42,4,0.05348761385937817,connected,mainstream
508,popular_1_exp_Experiment_1_seed_42,4,0.05160650371409676,connected,mainstream
95,popular_1_exp_Experiment_1_seed_42,4,0.06587245426258391,connected,mainstream
151,popular_1_exp_Experiment_1_seed_42,4,0.06482844566278656,connected,mainstream
523,popular_1_exp_Experiment_1_seed_42,4,0.051379727105912876,connected,mainstream
348,popular_1_exp_Experiment_1_seed_42,4,0.05710567226689454,connected,mainstream
169,popular_1_exp_Experiment_1_seed_42,4,0.054727449958136075,connected,mainstream
110,popular_1_exp_Experiment_1_seed_42,4,0.057771465687533496,connected,mainstream
135,popular_1_exp_Experiment_1_seed_42,4,0.050209384717487794,connected,mainstream
146,popular_1_exp_Experiment_1_seed_42,4,0.058269442926494865,connected,mainstream
291,popular_1_exp_Experiment_1_seed_42,4,0.060754784246446536,connected,mainstream
398,popular_1_exp_Experiment_1_seed_42,4,0.06266375293094993,connected,mainstream
486,popular_1_exp_Experiment_1_seed_42,4,0.051932632369276886,connected,mainstream
448,popular_1_exp_Experiment_1_seed_42,4,0.06886599675378392,connected,mainstream
518,popular_1_exp_Experiment_1_seed_42,4,0.05374829310867276,connected,mainstream
87,popular_1_exp_Experiment_1_seed_42,4,0.05560645819602398,connected,mainstream
329,popular_1_exp_Experiment_1_seed_42,4,0.05075983921445527,connected,mainstream
445,popular_1_exp_Experiment_1_seed_42,4,0.060480852565284626,connected,mainstream
487,popular_1_exp_Experiment_1_seed_42,4,0.06591781404823378,connected,mainstream
546,popular_1_exp_Experiment_1_seed_42,4,0.066996757637776,connected,mainstream
459,popular_1_exp_Experiment_1_seed_42,4,0.059070273137456254,connected,mainstream
245,popular_1_exp_Experiment_1_seed_42,4,0.05397615848156448,connected,mainstream
475,popular_1_exp_Experiment_1_seed_42,4,0.05345008166438874,connected,mainstream
296,popular_1_exp_Experiment_1_seed_42,4,0.04838599238313118,connected,mainstream
217,popular_1_exp_Experiment_1_seed_42,4,0.06138215335668331,connected,mainstream
370,popular_1_exp_Experiment_1_seed_42,5,0.052025867829363366,connected,mainstream
577,popular_1_exp_Experiment_1_seed_42,5,0.05264000497285625,connected,mainstream
557,popular_1_exp_Experiment_1_seed_42,5,0.07346621948128436,connected,mainstream
397,popular_1_exp_Experiment_1_seed_42,5,0.0618161003812697,connected,mainstream
108,popular_1_exp_Experiment_1_seed_42,5,0.05114234306738861,connected,mainstream
321,popular_1_exp_Experiment_1_seed_42,5,0.05046604692478434,connected,mainstream
551,popular_1_exp_Experiment_1_seed_42,5,0.05886719346529685,connected,mainstream
7,popular_1_exp_Experiment_1_seed_42,5,0.01529214083613878,connected,niche
420,popular_1_exp_Experiment_1_seed_42,5,0.05834484080264162,connected,mainstream
517,popular_1_exp_Experiment_1_seed_42,5,0.06573469143362888,connected,mainstream
274,popular_1_exp_Experiment_1_seed_42,5,0.05102073061010235,connected,mainstream
484,popular_1_exp_Experiment_1_seed_42,5,0.052615094794817095,connected,mainstream
96,popular_1_exp_Experiment_1_seed_42,5,0.057803707028551365,connected,mainstream
64,popular_1_exp_Experiment_1_seed_42,5,0.06050048786238027,connected,mainstream
527,popular_1_exp_Experiment_1_seed_42,5,0.05534402598897958,connected,mainstream
152,popular_1_exp_Experiment_1_seed_42,5,0.08824252688143136,connected,mainstream
335,popular_1_exp_Experiment_1_seed_42,5,0.059026146019748205,connected,mainstream
305,popular_1_exp_Experiment_1_seed_42,5,0.06599803272829713,connected,mainstream
407,popular_1_exp_Experiment_1_seed_42,5,0.06186988745560168,connected,mainstream
408,popular_1_exp_Experiment_1_seed_42,5,0.06545694392679387,connected,mainstream
249,popular_1_exp_Experiment_1_seed_42,5,0.05654207592661645,connected,mainstream
148,popular_1_exp_Experiment_1_seed_42,5,0.0672571974867356,connected,mainstream
33,popular_1_exp_Experiment_1_seed_42,5,0.01664951458541776,connected,niche
2,popular_1_exp_Experiment_1_seed_42,5,0.017511246281104422,connected,niche
239,popular_1_exp_Experiment_1_seed_42,5,0.05525881116172262,connected,mainstream
175,popular_1_exp_Experiment_1_seed_42,5,0.06508532690188105,connected,mainstream
89,popular_1_exp_Experiment_1_seed_42,5,0.05541081214132368,connected,mainstream
507,popular_1_exp_Experiment_1_seed_42,5,0.05479806461474968,connected,mainstream
109,popular_1_exp_Experiment_1_seed_42,5,0.053789344867782606,connected,mainstream
257,popular_1_exp_Experiment_1_seed_42,5,0.05735502983285478,connected,mainstream
98,popular_1_exp_Experiment_1_seed_42,5,0.05456798333581378,connected,mainstream
49,popular_1_exp_Experiment_1_seed_42,5,0.014068031716290579,connected,niche
462,popular_1_exp_Experiment_1_seed_42,5,0.06064086357440507,connected,mainstream
313,popular_1_exp_Experiment_1_seed_42,5,0.05102290147687318,connected,mainstream
552,popular_1_exp_Experiment_1_seed_42,5,0.06687039179352579,connected,mainstream
235,popular_1_exp_Experiment_1_seed_42,5,0.06919025603321559,connected,mainstream
258,popular_1_exp_Experiment_1_seed_42,5,0.05580437124373805,connected,mainstream
133,popular_1_exp_Experiment_1_seed_42,5,0.06219756699142339,connected,mainstream
30,popular_1_exp_Experiment_1_seed_42,5,0.022252280759378653,connected,niche
220,popular_1_exp_Experiment_1_seed_42,5,0.061663571532813766,connected,mainstream
22,popular_1_exp_Experiment_1_seed_42,5,0.014143052022093233,connected,niche
134,popular_1_exp_Experiment_1_seed_42,5,0.0630686191709421,connected,mainstream
260,popular_1_exp_Experiment_1_seed_42,5,0.06045134440912949,connected,mainstream
107,popular_1_exp_Experiment_1_seed_42,5,0.06693003816638933,connected,mainstream
158,popular_1_exp_Experiment_1_seed_42,5,0.05762010598766937,connected,mainstream
276,popular_1_exp_Experiment_1_seed_42,5,0.05139518494467829,connected,mainstream
307,popular_1_exp_Experiment_1_seed_42,5,0.058250197098839024,connected,mainstream
358,popular_1_exp_Experiment_1_seed_42,5,0.06199092878030823,connected,mainstream
284,popular_1_exp_Experiment_1_seed_42,5,0.05596891649653555,connected,mainstream
590,popular_1_exp_Experiment_1_seed_42,5,0.0569443510091007,connected,mainstream
308,popular_1_exp_Experiment_1_seed_42,5,0.059389891404165514,connected,mainstream
92,popular_1_exp_Experiment_1_seed_42,5,0.06389346702069243,connected,mainstream
250,popular_1_exp_Experiment_1_seed_42,5,0.05198209249170196,connected,mainstream
78,popular_1_exp_Experiment_1_seed_42,5,0.051656351469403,connected,mainstream
585,popular_1_exp_Experiment_1_seed_42,5,0.053739037806334954,connected,mainstream
111,popular_1_exp_Experiment_1_seed_42,5,0.05485342823312626,connected,mainstream
275,popular_1_exp_Experiment_1_seed_42,5,0.05638636202767742,connected,mainstream
264,popular_1_exp_Experiment_1_seed_42,5,0.0492379562321054,connected,mainstream
339,popular_1_exp_Experiment_1_seed_42,5,0.04873243882951291,connected,mainstream
184,popular_1_exp_Experiment_1_seed_42,5,0.057901816400257176,connected,mainstream
173,popular_1_exp_Experiment_1_seed_42,5,0.053212596119718646,connected,mainstream
289,popular_1_exp_Experiment_1_seed_42,5,0.05593765513375934,connected,mainstream
142,popular_1_exp_Experiment_1_seed_42,5,0.0575821102451616,connected,mainstream
116,popular_1_exp_Experiment_1_seed_42,5,0.052435235634796934,connected,mainstream
437,popular_1_exp_Experiment_1_seed_42,5,0.05069413845432671,connected,mainstream
247,popular_1_exp_Experiment_1_seed_42,5,0.04802194091470838,connected,mainstream
452,popular_1_exp_Experiment_1_seed_42,5,0.06059948773086855,connected,mainstream
132,popular_1_exp_Experiment_1_seed_42,5,0.05929656296369266,connected,mainstream
37,popular_1_exp_Experiment_1_seed_42,5,0.02076967232353795,connected,niche
338,popular_1_exp_Experiment_1_seed_42,5,0.06862538830666527,connected,mainstream
231,popular_1_exp_Experiment_1_seed_42,5,0.0650221335502615,connected,mainstream
4,popular_1_exp_Experiment_1_seed_42,5,0.012805252085031962,connected,niche
57,popular_1_exp_Experiment_1_seed_42,5,0.01761844780438929,connected,niche
10,popular_1_exp_Experiment_1_seed_42,5,0.013753038772449391,connected,niche
179,popular_1_exp_Experiment_1_seed_42,5,0.05967948915687283,connected,mainstream
106,popular_1_exp_Experiment_1_seed_42,5,0.0502571377758684,connected,mainstream
114,popular_1_exp_Experiment_1_seed_42,5,0.06475919967204144,connected,mainstream
149,popular_1_exp_Experiment_1_seed_42,5,0.06912498345014577,connected,mainstream
268,popular_1_exp_Experiment_1_seed_42,5,0.05204519563245774,connected,mainstream
554,popular_1_exp_Experiment_1_seed_42,5,0.055561501033595834,connected,mainstream
572,popular_1_exp_Experiment_1_seed_42,5,0.05360217046415535,connected,mainstream
556,popular_1_exp_Experiment_1_seed_42,5,0.053499054727045005,connected,mainstream
477,popular_1_exp_Experiment_1_seed_42,5,0.06444281158954812,connected,mainstream
272,popular_1_exp_Experiment_1_seed_42,5,0.06312575770239155,connected,mainstream
12,popular_1_exp_Experiment_1_seed_42,5,0.02242749896383502,connected,niche
45,popular_1_exp_Experiment_1_seed_42,5,0.012197446276787439,connected,niche
528,popular_1_exp_Experiment_1_seed_42,5,0.05391961493961148,connected,mainstream
243,popular_1_exp_Experiment_1_seed_42,5,0.05310745217685694,connected,mainstream
429,popular_1_exp_Experiment_1_seed_42,5,0.05027538775570064,connected,mainstream
470,popular_1_exp_Experiment_1_seed_42,5,0.05350492323397867,connected,mainstream
90,popular_1_exp_Experiment_1_seed_42,5,0.052543529159689385,connected,mainstream
472,popular_1_exp_Experiment_1_seed_42,5,0.053814843323338635,connected,mainstream
130,popular_1_exp_Experiment_1_seed_42,5,0.05527498999197056,connected,mainstream
202,popular_1_exp_Experiment_1_seed_42,5,0.06090200549995983,connected,mainstream
251,popular_1_exp_Experiment_1_seed_42,5,0.055341422432409075,connected,mainstream
383,popular_1_exp_Experiment_1_seed_42,5,0.0701152959948317,connected,mainstream
302,popular_1_exp_Experiment_1_seed_42,5,0.05259399877933721,connected,mainstream
15,popular_1_exp_Experiment_1_seed_42,5,0.02205062876603482,connected,niche
342,popular_1_exp_Experiment_1_seed_42,5,0.05570197180388592,connected,mainstream
299,popular_1_exp_Experiment_1_seed_42,5,0.052370608221182495,connected,mainstream
415,popular_1_exp_Experiment_1_seed_42,5,0.05218900352339014,connected,mainstream
211,popular_1_exp_Experiment_1_seed_42,5,0.07386288334585042,connected,mainstream
461,popular_1_exp_Experiment_1_seed_42,5,0.05325164541652718,connected,mainstream
454,popular_1_exp_Experiment_1_seed_42,5,0.08517772368350236,connected,mainstream
493,popular_1_exp_Experiment_1_seed_42,5,0.051420595518263335,connected,mainstream
591,popular_1_exp_Experiment_1_seed_42,5,0.05447622846116166,connected,mainstream
456,popular_1_exp_Experiment_1_seed_42,5,0.05165733244750357,connected,mainstream
212,popular_1_exp_Experiment_1_seed_42,5,0.05448767243414076,connected,mainstream
457,popular_1_exp_Experiment_1_seed_42,5,0.05894350157004152,connected,mainstream
352,popular_1_exp_Experiment_1_seed_42,5,0.05211093438662029,connected,mainstream
365,popular_1_exp_Experiment_1_seed_42,5,0.05987899307162362,connected,mainstream
496,popular_1_exp_Experiment_1_seed_42,5,0.06472816051901582,connected,mainstream
482,popular_1_exp_Experiment_1_seed_42,5,0.0627343735633106,connected,mainstream
354,popular_1_exp_Experiment_1_seed_42,5,0.06382134204625155,connected,mainstream
447,popular_1_exp_Experiment_1_seed_42,5,0.054079110152519906,connected,mainstream
384,popular_1_exp_Experiment_1_seed_42,5,0.06672746417966686,connected,mainstream
295,popular_1_exp_Experiment_1_seed_42,5,0.051622282018658684,connected,mainstream
406,popular_1_exp_Experiment_1_seed_42,5,0.05367788922166913,connected,mainstream
28,popular_1_exp_Experiment_1_seed_42,5,0.01723187552036443,connected,niche
209,popular_1_exp_Experiment_1_seed_42,5,0.04908256281144239,connected,mainstream
271,popular_1_exp_Experiment_1_seed_42,5,0.055984567537723774,connected,mainstream
11,popular_1_exp_Experiment_1_seed_42,5,0.0170612988139099,connected,niche
292,popular_1_exp_Experiment_1_seed_42,5,0.07021775760718185,connected,mainstream
62,popular_1_exp_Experiment_1_seed_42,5,0.056032665167713776,connected,mainstream
400,popular_1_exp_Experiment_1_seed_42,5,0.05894048380901127,connected,mainstream
24,popular_1_exp_Experiment_1_seed_42,5,0.014050920920388935,connected,niche
435,popular_1_exp_Experiment_1_seed_42,5,0.059886479162291034,connected,mainstream
234,popular_1_exp_Experiment_1_seed_42,5,0.05394314097776993,connected,mainstream
319,popular_1_exp_Experiment_1_seed_42,5,0.05147868698393185,connected,mainstream
43,popular_1_exp_Experiment_1_seed_42,5,0.018477056451213076,connected,niche
337,popular_1_exp_Experiment_1_seed_42,5,0.0635817547155223,connected,mainstream
246,popular_1_exp_Experiment_1_seed_42,5,0.05448929338238231,connected,mainstream
85,popular_1_exp_Experiment_1_seed_42,5,0.05694437491562898,connected,mainstream
425,popular_1_exp_Experiment_1_seed_42,5,0.06012318959283138,connected,mainstream
553,popular_1_exp_Experiment_1_seed_42,5,0.06860888790830423,connected,mainstream
549,popular_1_exp_Experiment_1_seed_42,5,0.0539892997758278,connected,mainstream
360,popular_1_exp_Experiment_1_seed_42,5,0.053536774743774586,connected,mainstream
347,popular_1_exp_Experiment_1_seed_42,5,0.05637568621981953,connected,mainstream
201,popular_1_exp_Experiment_1_seed_42,5,0.05770037948436644,connected,mainstream
208,popular_1_exp_Experiment_1_seed_42,5,0.06620320755155869,connected,mainstream
533,popular_1_exp_Experiment_1_seed_42,5,0.05604905595238543,connected,mainstream
361,popular_1_exp_Experiment_1_seed_42,5,0.05834547230538321,connected,mainstream
519,popular_1_exp_Experiment_1_seed_42,5,0.05905573704428518,connected,mainstream
16,popular_1_exp_Experiment_1_seed_42,5,0.026276726058374028,connected,niche
381,popular_1_exp_Experiment_1_seed_42,5,0.05359493682788791,connected,mainstream
171,popular_1_exp_Experiment_1_seed_42,5,0.051225403715666605,connected,mainstream
72,popular_1_exp_Experiment_1_seed_42,5,0.06387201539628908,connected,mainstream
38,popular_1_exp_Experiment_1_seed_42,5,0.02170842539660367,connected,niche
160,popular_1_exp_Experiment_1_seed_42,5,0.058850440893779866,connected,mainstream
436,popular_1_exp_Experiment_1_seed_42,5,0.05312495310613228,connected,mainstream
421,popular_1_exp_Experiment_1_seed_42,5,0.06070515216927506,connected,mainstream
414,popular_1_exp_Experiment_1_seed_42,5,0.06250251261602725,connected,mainstream
536,popular_1_exp_Experiment_1_seed_42,5,0.05941346925040941,connected,mainstream
23,popular_1_exp_Experiment_1_seed_42,5,0.020995000319789067,connected,niche
221,popular_1_exp_Experiment_1_seed_42,5,0.05839453348395616,connected,mainstream
174,popular_1_exp_Experiment_1_seed_42,5,0.06921584580794556,connected,mainstream
550,popular_1_exp_Experiment_1_seed_42,5,0.06753176620327378,connected,mainstream
584,popular_1_exp_Experiment_1_seed_42,5,0.0586246637104477,connected,mainstream
223,popular_1_exp_Experiment_1_seed_42,5,0.05116956797067943,connected,mainstream
497,popular_1_exp_Experiment_1_seed_42,5,0.05091835150767945,connected,mainstream
442,popular_1_exp_Experiment_1_seed_42,5,0.05561219790180514,connected,mainstream
369,popular_1_exp_Experiment_1_seed_42,5,0.06192866624202953,connected,mainstream
468,popular_1_exp_Experiment_1_seed_42,5,0.05173053346711037,connected,mainstream
54,popular_1_exp_Experiment_1_seed_42,5,0.018829835753696764,connected,niche
498,popular_1_exp_Experiment_1_seed_42,5,0.056091471393145,connected,mainstream
538,popular_1_exp_Experiment_1_seed_42,5,0.05267555157786575,connected,mainstream
63,popular_1_exp_Experiment_1_seed_42,5,0.05678657191171521,connected,mainstream
388,popular_1_exp_Experiment_1_seed_42,5,0.06431140345430847,connected,mainstream
571,popular_1_exp_Experiment_1_seed_42,5,0.05175975506629835,connected,mainstream
53,popular_1_exp_Experiment_1_seed_42,5,0.019931196658182503,connected,niche
396,popular_1_exp_Experiment_1_seed_42,5,0.055446321317556176,connected,mainstream
566,popular_1_exp_Experiment_1_seed_42,5,0.05238955943527398,connected,mainstream
559,popular_1_exp_Experiment_1_seed_42,5,0.05371173693062917,connected,mainstream
594,popular_1_exp_Experiment_1_seed_42,5,0.05681232629742531,connected,mainstream
366,popular_1_exp_Experiment_1_seed_42,5,0.04802585034549448,connected,mainstream
521,popular_1_exp_Experiment_1_seed_42,5,0.057958543131458755,connected,mainstream
187,popular_1_exp_Experiment_1_seed_42,5,0.06695365099653057,connected,mainstream
399,popular_1_exp_Experiment_1_seed_42,5,0.08333054145576907,connected,mainstream
589,popular_1_exp_Experiment_1_seed_42,5,0.05365905127942327,connected,mainstream
314,popular_1_exp_Experiment_1_seed_42,5,0.05227706152703138,connected,mainstream
331,popular_1_exp_Experiment_1_seed_42,5,0.05168511287988395,connected,mainstream
68,popular_1_exp_Experiment_1_seed_42,5,0.05259545148500363,connected,mainstream
333,popular_1_exp_Experiment_1_seed_42,5,0.06235209233060764,connected,mainstream
525,popular_1_exp_Experiment_1_seed_42,5,0.06981670611041713,connected,mainstream
578,popular_1_exp_Experiment_1_seed_42,5,0.05369626463343425,connected,mainstream
394,popular_1_exp_Experiment_1_seed_42,5,0.06216771360336415,connected,mainstream
532,popular_1_exp_Experiment_1_seed_42,5,0.05440066290383533,connected,mainstream
503,popular_1_exp_Experiment_1_seed_42,5,0.0626609376206189,connected,mainstream
157,popular_1_exp_Experiment_1_seed_42,5,0.05624826381866831,connected,mainstream
298,popular_1_exp_Experiment_1_seed_42,5,0.06628799805539239,connected,mainstream
567,popular_1_exp_Experiment_1_seed_42,5,0.05228702305464104,connected,mainstream
430,popular_1_exp_Experiment_1_seed_42,5,0.055995903578716116,connected,mainstream
359,popular_1_exp_Experiment_1_seed_42,5,0.049320507381093025,connected,mainstream
56,popular_1_exp_Experiment_1_seed_42,5,0.01718653775222922,connected,niche
278,popular_1_exp_Experiment_1_seed_42,5,0.05534895616338619,connected,mainstream
440,popular_1_exp_Experiment_1_seed_42,5,0.06224381706568725,connected,mainstream
526,popular_1_exp_Experiment_1_seed_42,5,0.05496885980847152,connected,mainstream
392,popular_1_exp_Experiment_1_seed_42,5,0.051935647479089166,connected,mainstream
168,popular_1_exp_Experiment_1_seed_42,5,0.05716187206494211,connected,mainstream
364,popular_1_exp_Experiment_1_seed_42,5,0.0615581261347574,connected,mainstream
195,popular_1_exp_Experiment_1_seed_42,5,0.04901023282108354,connected,mainstream
194,popular_1_exp_Experiment_1_seed_42,5,0.05203197384718469,connected,mainstream
326,popular_1_exp_Experiment_1_seed_42,5,0.05776065942559239,connected,mainstream
180,popular_1_exp_Experiment_1_seed_42,5,0.06788414650460893,connected,mainstream
463,popular_1_exp_Experiment_1_seed_42,5,0.05736495553447962,connected,mainstream
411,popular_1_exp_Experiment_1_seed_42,5,0.05519590812234754,connected,mainstream
55,popular_1_exp_Experiment_1_seed_42,5,0.013290676894157527,connected,niche
279,popular_1_exp_Experiment_1_seed_42,5,0.0530636923734052,connected,mainstream
356,popular_1_exp_Experiment_1_seed_42,5,0.05990245994595892,connected,mainstream
27,popular_1_exp_Experiment_1_seed_42,5,0.01787491830204345,connected,niche
312,popular_1_exp_Experiment_1_seed_42,5,0.0515629390847597,connected,mainstream
198,popular_1_exp_Experiment_1_seed_42,5,0.04933077434270366,connected,mainstream
510,popular_1_exp_Experiment_1_seed_42,5,0.05939714500068801,connected,mainstream
535,popular_1_exp_Experiment_1_seed_42,5,0.05371076486082685,connected,mainstream
309,popular_1_exp_Experiment_1_seed_42,5,0.06797393798308472,connected,mainstream
495,popular_1_exp_Experiment_1_seed_42,5,0.05562666856506943,connected,mainstream
237,popular_1_exp_Experiment_1_seed_42,5,0.06351689443500969,connected,mainstream
58,popular_1_exp_Experiment_1_seed_42,5,0.0184189195922867,connected,niche
499,popular_1_exp_Experiment_1_seed_42,5,0.05589915839020942,connected,mainstream
176,popular_1_exp_Experiment_1_seed_42,5,0.05265429285215497,connected,mainstream
473,popular_1_exp_Experiment_1_seed_42,5,0.06713353207298843,connected,mainstream
491,popular_1_exp_Experiment_1_seed_42,5,0.07414102527987555,connected,mainstream
79,popular_1_exp_Experiment_1_seed_42,5,0.05151835313333506,connected,mainstream
192,popular_1_exp_Experiment_1_seed_42,5,0.051843325004492395,connected,mainstream
103,popular_1_exp_Experiment_1_seed_42,5,0.06946756872293268,connected,mainstream
191,popular_1_exp_Experiment_1_seed_42,5,0.05315598766276027,connected,mainstream
367,popular_1_exp_Experiment_1_seed_42,5,0.06149225121021428,connected,mainstream
293,popular_1_exp_Experiment_1_seed_42,5,0.06403714821675391,connected,mainstream
432,popular_1_exp_Experiment_1_seed_42,5,0.05125575610576658,connected,mainstream
47,popular_1_exp_Experiment_1_seed_42,5,0.015463100134070215,connected,niche
534,popular_1_exp_Experiment_1_seed_42,5,0.056513132396590844,connected,mainstream
86,popular_1_exp_Experiment_1_seed_42,5,0.05214983712655032,connected,mainstream
345,popular_1_exp_Experiment_1_seed_42,5,0.06664355079760316,connected,mainstream
203,popular_1_exp_Experiment_1_seed_42,5,0.0515733388026089,connected,mainstream
270,popular_1_exp_Experiment_1_seed_42,5,0.06199127186232375,connected,mainstream
138,popular_1_exp_Experiment_1_seed_42,5,0.055473307215201904,connected,mainstream
385,popular_1_exp_Experiment_1_seed_42,5,0.05547526170556366,connected,mainstream
283,popular_1_exp_Experiment_1_seed_42,5,0.05318939604795795,connected,mainstream
8,popular_1_exp_Experiment_1_seed_42,5,0.019817148189856155,connected,niche
441,popular_1_exp_Experiment_1_seed_42,5,0.05376073560837514,connected,mainstream
200,popular_1_exp_Experiment_1_seed_42,5,0.05438840148720197,connected,mainstream
488,popular_1_exp_Experiment_1_seed_42,5,0.054595445304314816,connected,mainstream
506,popular_1_exp_Experiment_1_seed_42,5,0.06084110028892603,connected,mainstream
387,popular_1_exp_Experiment_1_seed_42,5,0.05088424505950374,connected,mainstream
163,popular_1_exp_Experiment_1_seed_42,5,0.05627594095748443,connected,mainstream
560,popular_1_exp_Experiment_1_seed_42,5,0.05997407210210809,connected,mainstream
341,popular_1_exp_Experiment_1_seed_42,5,0.053929412661232856,connected,mainstream
75,popular_1_exp_Experiment_1_seed_42,5,0.06854052556365159,connected,mainstream
238,popular_1_exp_Experiment_1_seed_42,5,0.05402077400940839,connected,mainstream
102,popular_1_exp_Experiment_1_seed_42,5,0.05603726818353392,connected,mainstream
113,popular_1_exp_Experiment_1_seed_42,5,0.05228285512033714,connected,mainstream
562,popular_1_exp_Experiment_1_seed_42,5,0.06507683407177177,connected,mainstream
81,popular_1_exp_Experiment_1_seed_42,5,0.05464444946589888,connected,mainstream
325,popular_1_exp_Experiment_1_seed_42,5,0.060158079680149724,connected,mainstream
66,popular_1_exp_Experiment_1_seed_42,5,0.06453989504383127,connected,mainstream
121,popular_1_exp_Experiment_1_seed_42,5,0.06401488126554303,connected,mainstream
71,popular_1_exp_Experiment_1_seed_42,5,0.07145468285101018,connected,mainstream
479,popular_1_exp_Experiment_1_seed_42,5,0.05472871334992959,connected,mainstream
515,popular_1_exp_Experiment_1_seed_42,5,0.051353492393431455,connected,mainstream
46,popular_1_exp_Experiment_1_seed_42,5,0.014798127608539742,connected,niche
153,popular_1_exp_Experiment_1_seed_42,5,0.05087821152192091,connected,mainstream
433,popular_1_exp_Experiment_1_seed_42,5,0.06129017284561894,connected,mainstream
263,popular_1_exp_Experiment_1_seed_42,5,0.051334090800007746,connected,mainstream
374,popular_1_exp_Experiment_1_seed_42,5,0.053019346137636404,connected,mainstream
145,popular_1_exp_Experiment_1_seed_42,5,0.05435360777548356,connected,mainstream
105,popular_1_exp_Experiment_1_seed_42,5,0.05145907356388666,connected,mainstream
122,popular_1_exp_Experiment_1_seed_42,5,0.055058069275250025,connected,mainstream
94,popular_1_exp_Experiment_1_seed_42,5,0.05598992976287103,connected,mainstream
189,popular_1_exp_Experiment_1_seed_42,5,0.052079316970595944,connected,mainstream
301,popular_1_exp_Experiment_1_seed_42,5,0.05818453145229347,connected,mainstream
555,popular_1_exp_Experiment_1_seed_42,5,0.05269591674816765,connected,mainstream
481,popular_1_exp_Experiment_1_seed_42,5,0.05827437710885599,connected,mainstream
139,popular_1_exp_Experiment_1_seed_42,5,0.052020246853779345,connected,mainstream
265,popular_1_exp_Experiment_1_seed_42,5,0.05852527930382619,connected,mainstream
322,popular_1_exp_Experiment_1_seed_42,5,0.060235194811419146,connected,mainstream
242,popular_1_exp_Experiment_1_seed_42,5,0.051081932510231715,connected,mainstream
426,popular_1_exp_Experiment_1_seed_42,5,0.057813151065198465,connected,mainstream
76,popular_1_exp_Experiment_1_seed_42,5,0.058323598651831454,connected,mainstream
178,popular_1_exp_Experiment_1_seed_42,5,0.054678544172440835,connected,mainstream
465,popular_1_exp_Experiment_1_seed_42,5,0.06002480554294636,connected,mainstream
469,popular_1_exp_Experiment_1_seed_42,5,0.06915697204629223,connected,mainstream
137,popular_1_exp_Experiment_1_seed_42,5,0.059197644529419724,connected,mainstream
59,popular_1_exp_Experiment_1_seed_42,5,0.017464379573303147,connected,niche
464,popular_1_exp_Experiment_1_seed_42,5,0.05153003206829995,connected,mainstream
159,popular_1_exp_Experiment_1_seed_42,5,0.05201385613061618,connected,mainstream
143,popular_1_exp_Experiment_1_seed_42,5,0.05556005254474581,connected,mainstream
349,popular_1_exp_Experiment_1_seed_42,5,0.05547287080068713,connected,mainstream
582,popular_1_exp_Experiment_1_seed_42,5,0.06219475437204253,connected,mainstream
599,popular_1_exp_Experiment_1_seed_42,5,0.05652795143772287,connected,mainstream
281,popular_1_exp_Experiment_1_seed_42,5,0.059689700520244075,connected,mainstream
480,popular_1_exp_Experiment_1_seed_42,5,0.04922805752335412,connected,mainstream
410,popular_1_exp_Experiment_1_seed_42,5,0.0532035973229813,connected,mainstream
127,popular_1_exp_Experiment_1_seed_42,5,0.058061233968064396,connected,mainstream
282,popular_1_exp_Experiment_1_seed_42,5,0.07220218932882629,connected,mainstream
206,popular_1_exp_Experiment_1_seed_42,5,0.0611174947851471,connected,mainstream
123,popular_1_exp_Experiment_1_seed_42,5,0.05476386233012942,connected,mainstream
542,popular_1_exp_Experiment_1_seed_42,5,0.05516956531917746,connected,mainstream
118,popular_1_exp_Experiment_1_seed_42,5,0.051487821618925345,connected,mainstream
185,popular_1_exp_Experiment_1_seed_42,5,0.05578581495975099,connected,mainstream
368,popular_1_exp_Experiment_1_seed_42,5,0.05162745587809494,connected,mainstream
83,popular_1_exp_Experiment_1_seed_42,5,0.05846619101264842,connected,mainstream
147,popular_1_exp_Experiment_1_seed_42,5,0.05978108229030752,connected,mainstream
25,popular_1_exp_Experiment_1_seed_42,5,0.018779829367309014,connected,niche
177,popular_1_exp_Experiment_1_seed_42,5,0.061960221913005674,connected,mainstream
52,popular_1_exp_Experiment_1_seed_42,5,0.015827714631252727,connected,niche
226,popular_1_exp_Experiment_1_seed_42,5,0.055124086281894046,connected,mainstream
565,popular_1_exp_Experiment_1_seed_42,5,0.051897123355048425,connected,mainstream
494,popular_1_exp_Experiment_1_seed_42,5,0.058871004494768266,connected,mainstream
371,popular_1_exp_Experiment_1_seed_42,5,0.06304724532594973,connected,mainstream
207,popular_1_exp_Experiment_1_seed_42,5,0.054374824619658396,connected,mainstream
88,popular_1_exp_Experiment_1_seed_42,5,0.050950289966059555,connected,mainstream
259,popular_1_exp_Experiment_1_seed_42,5,0.057424967302210805,connected,mainstream
545,popular_1_exp_Experiment_1_seed_42,5,0.052764194829829185,connected,mainstream
241,popular_1_exp_Experiment_1_seed_42,5,0.05508105465438929,connected,mainstream
136,popular_1_exp_Experiment_1_seed_42,5,0.06398552746385512,connected,mainstream
61,popular_1_exp_Experiment_1_seed_42,5,0.06698985065824942,connected,mainstream
196,popular_1_exp_Experiment_1_seed_42,5,0.061509077841590064,connected,mainstream
428,popular_1_exp_Experiment_1_seed_42,5,0.05353041227159381,connected,mainstream
236,popular_1_exp_Experiment_1_seed_42,5,0.047103615704643685,connected,mainstream
576,popular_1_exp_Experiment_1_seed_42,5,0.04798842537958866,connected,mainstream
9,popular_1_exp_Experiment_1_seed_42,5,0.021609725525159062,connected,niche
5,popular_1_exp_Experiment_1_seed_42,5,0.01779250240584618,connected,niche
215,popular_1_exp_Experiment_1_seed_42,5,0.05214651572053957,connected,mainstream
427,popular_1_exp_Experiment_1_seed_42,5,0.05196880208265956,connected,mainstream
570,popular_1_exp_Experiment_1_seed_42,5,0.05553234746967592,connected,mainstream
125,popular_1_exp_Experiment_1_seed_42,5,0.052456913850610985,connected,mainstream
453,popular_1_exp_Experiment_1_seed_42,5,0.05821132308253144,connected,mainstream
587,popular_1_exp_Experiment_1_seed_42,5,0.054496563268434134,connected,mainstream
248,popular_1_exp_Experiment_1_seed_42,5,0.06253716731628495,connected,mainstream
273,popular_1_exp_Experiment_1_seed_42,5,0.055944770000681654,connected,mainstream
288,popular_1_exp_Experiment_1_seed_42,5,0.05772571021926381,connected,mainstream
403,popular_1_exp_Experiment_1_seed_42,5,0.051453002525361204,connected,mainstream
434,popular_1_exp_Experiment_1_seed_42,5,0.060082965189992614,connected,mainstream
350,popular_1_exp_Experiment_1_seed_42,5,0.06548735024278986,connected,mainstream
379,popular_1_exp_Experiment_1_seed_42,5,0.06078330832165879,connected,mainstream
255,popular_1_exp_Experiment_1_seed_42,5,0.053761346459546396,connected,mainstream
583,popular_1_exp_Experiment_1_seed_42,5,0.049843365681268244,connected,mainstream
386,popular_1_exp_Experiment_1_seed_42,5,0.05995844277152267,connected,mainstream
509,popular_1_exp_Experiment_1_seed_42,5,0.05621890992978378,connected,mainstream
213,popular_1_exp_Experiment_1_seed_42,5,0.0661390575958717,connected,mainstream
504,popular_1_exp_Experiment_1_seed_42,5,0.051275976542501496,connected,mainstream
74,popular_1_exp_Experiment_1_seed_42,5,0.04696054333751454,connected,mainstream
330,popular_1_exp_Experiment_1_seed_42,5,0.08167896939758927,connected,mainstream
328,popular_1_exp_Experiment_1_seed_42,5,0.06304415542580905,connected,mainstream
161,popular_1_exp_Experiment_1_seed_42,5,0.052485891907438444,connected,mainstream
581,popular_1_exp_Experiment_1_seed_42,5,0.07750964419062832,connected,mainstream
304,popular_1_exp_Experiment_1_seed_42,5,0.06322449690913964,connected,mainstream
306,popular_1_exp_Experiment_1_seed_42,5,0.05820737728671991,connected,mainstream
165,popular_1_exp_Experiment_1_seed_42,5,0.05192713688675427,connected,mainstream
128,popular_1_exp_Experiment_1_seed_42,5,0.05919169326562739,connected,mainstream
131,popular_1_exp_Experiment_1_seed_42,5,0.054038628385785235,connected,mainstream
244,popular_1_exp_Experiment_1_seed_42,5,0.05109038858895315,connected,mainstream
166,popular_1_exp_Experiment_1_seed_42,5,0.059088570709283715,connected,mainstream
438,popular_1_exp_Experiment_1_seed_42,5,0.04833674193471186,connected,mainstream
336,popular_1_exp_Experiment_1_seed_42,5,0.06794044834318641,connected,mainstream
490,popular_1_exp_Experiment_1_seed_42,5,0.05202502111984442,connected,mainstream
303,popular_1_exp_Experiment_1_seed_42,5,0.06019794553781064,connected,mainstream
390,popular_1_exp_Experiment_1_seed_42,5,0.056540535661504056,connected,mainstream
124,popular_1_exp_Experiment_1_seed_42,5,0.05250744304080662,connected,mainstream
344,popular_1_exp_Experiment_1_seed_42,5,0.06489140210858386,connected,mainstream
402,popular_1_exp_Experiment_1_seed_42,5,0.058937283196591604,connected,mainstream
593,popular_1_exp_Experiment_1_seed_42,5,0.06168753263546798,connected,mainstream
48,popular_1_exp_Experiment_1_seed_42,5,0.028444696170878903,connected,niche
256,popular_1_exp_Experiment_1_seed_42,5,0.062064869024775815,connected,mainstream
29,popular_1_exp_Experiment_1_seed_42,5,0.013790641020021832,connected,niche
99,popular_1_exp_Experiment_1_seed_42,5,0.054465424479291875,connected,mainstream
382,popular_1_exp_Experiment_1_seed_42,5,0.05576420693813978,connected,mainstream
540,popular_1_exp_Experiment_1_seed_42,5,0.052139127647141924,connected,mainstream
422,popular_1_exp_Experiment_1_seed_42,5,0.058444207643500196,connected,mainstream
40,popular_1_exp_Experiment_1_seed_42,5,0.023818322269300325,connected,niche
100,popular_1_exp_Experiment_1_seed_42,5,0.054532615715692824,connected,mainstream
317,popular_1_exp_Experiment_1_seed_42,5,0.06705020639613858,connected,mainstream
150,popular_1_exp_Experiment_1_seed_42,5,0.06212189949394012,connected,mainstream
20,popular_1_exp_Experiment_1_seed_42,5,0.017743639512818963,connected,niche
188,popular_1_exp_Experiment_1_seed_42,5,0.05927301801192664,connected,mainstream
311,popular_1_exp_Experiment_1_seed_42,5,0.0674547196070185,connected,mainstream
310,popular_1_exp_Experiment_1_seed_42,5,0.06134522810577699,connected,mainstream
39,popular_1_exp_Experiment_1_seed_42,5,0.017874371778265702,connected,niche
417,popular_1_exp_Experiment_1_seed_42,5,0.06883417751240394,connected,mainstream
182,popular_1_exp_Experiment_1_seed_42,5,0.06859211238291753,connected,mainstream
547,popular_1_exp_Experiment_1_seed_42,5,0.05158950978338791,connected,mainstream
334,popular_1_exp_Experiment_1_seed_42,5,0.062127698329179804,connected,mainstream
36,popular_1_exp_Experiment_1_seed_42,5,0.01956988993015154,connected,niche
320,popular_1_exp_Experiment_1_seed_42,5,0.052599626225742345,connected,mainstream
42,popular_1_exp_Experiment_1_seed_42,5,0.021687317892265887,connected,niche
377,popular_1_exp_Experiment_1_seed_42,5,0.06038109075458469,connected,mainstream
35,popular_1_exp_Experiment_1_seed_42,5,0.01570291548211501,connected,niche
324,popular_1_exp_Experiment_1_seed_42,5,0.0573966007597404,connected,mainstream
316,popular_1_exp_Experiment_1_seed_42,5,0.05001020445643606,connected,mainstream
26,popular_1_exp_Experiment_1_seed_42,5,0.013164277050603758,connected,niche
197,popular_1_exp_Experiment_1_seed_42,5,0.08850943485106406,connected,mainstream
451,popular_1_exp_Experiment_1_seed_42,5,0.050563492483785145,connected,mainstream
502,popular_1_exp_Experiment_1_seed_42,5,0.059357359431440326,connected,mainstream
405,popular_1_exp_Experiment_1_seed_42,5,0.05841438311041789,connected,mainstream
424,popular_1_exp_Experiment_1_seed_42,5,0.05138616115005828,connected,mainstream
543,popular_1_exp_Experiment_1_seed_42,5,0.06208908753833394,connected,mainstream
97,popular_1_exp_Experiment_1_seed_42,5,0.05410099568046257,connected,mainstream
172,popular_1_exp_Experiment_1_seed_42,5,0.07012790015108837,connected,mainstream
355,popular_1_exp_Experiment_1_seed_42,5,0.05109707924088209,connected,mainstream
183,popular_1_exp_Experiment_1_seed_42,5,0.050694961541819065,connected,mainstream
478,popular_1_exp_Experiment_1_seed_42,5,0.0647300587970176,connected,mainstream
529,popular_1_exp_Experiment_1_seed_42,5,0.05841768245869347,connected,mainstream
227,popular_1_exp_Experiment_1_seed_42,5,0.052330335412541194,connected,mainstream
14,popular_1_exp_Experiment_1_seed_42,5,0.017862560697463586,connected,niche
346,popular_1_exp_Experiment_1_seed_42,5,0.06289755593258863,connected,mainstream
458,popular_1_exp_Experiment_1_seed_42,5,0.05406554543810934,connected,mainstream
391,popular_1_exp_Experiment_1_seed_42,5,0.05209485754054538,connected,mainstream
280,popular_1_exp_Experiment_1_seed_42,5,0.04759428500487565,connected,mainstream
372,popular_1_exp_Experiment_1_seed_42,5,0.06685323765487618,connected,mainstream
450,popular_1_exp_Experiment_1_seed_42,5,0.06456418592540177,connected,mainstream
205,popular_1_exp_Experiment_1_seed_42,5,0.050440391566273036,connected,mainstream
164,popular_1_exp_Experiment_1_seed_42,5,0.05592483892324653,connected,mainstream
115,popular_1_exp_Experiment_1_seed_42,5,0.056959121828221417,connected,mainstream
269,popular_1_exp_Experiment_1_seed_42,5,0.05244144974493847,connected,mainstream
93,popular_1_exp_Experiment_1_seed_42,5,0.05284790304363659,connected,mainstream
193,popular_1_exp_Experiment_1_seed_42,5,0.06994315216939744,connected,mainstream
219,popular_1_exp_Experiment_1_seed_42,5,0.065236508913377,connected,mainstream
120,popular_1_exp_Experiment_1_seed_42,5,0.06173362103901752,connected,mainstream
376,popular_1_exp_Experiment_1_seed_42,5,0.05857930458364308,connected,mainstream
318,popular_1_exp_Experiment_1_seed_42,5,0.07039466593774377,connected,mainstream
186,popular_1_exp_Experiment_1_seed_42,5,0.051957608160937696,connected,mainstream
170,popular_1_exp_Experiment_1_seed_42,5,0.05086930883616567,connected,mainstream
544,popular_1_exp_Experiment_1_seed_42,5,0.0546420204251202,connected,mainstream
13,popular_1_exp_Experiment_1_seed_42,5,0.022740881617478902,connected,niche
357,popular_1_exp_Experiment_1_seed_42,5,0.07357734473961755,connected,mainstream
315,popular_1_exp_Experiment_1_seed_42,5,0.06541530188089621,connected,mainstream
332,popular_1_exp_Experiment_1_seed_42,5,0.06354710683480487,connected,mainstream
419,popular_1_exp_Experiment_1_seed_42,5,0.056588596779876855,connected,mainstream
73,popular_1_exp_Experiment_1_seed_42,5,0.05787080015745746,connected,mainstream
483,popular_1_exp_Experiment_1_seed_42,5,0.056904953226436815,connected,mainstream
216,popular_1_exp_Experiment_1_seed_42,5,0.05831314884664043,connected,mainstream
466,popular_1_exp_Experiment_1_seed_42,5,0.05142361240114218,connected,mainstream
393,popular_1_exp_Experiment_1_seed_42,5,0.05531567659520512,connected,mainstream
287,popular_1_exp_Experiment_1_seed_42,5,0.0512288931459088,connected,mainstream
413,popular_1_exp_Experiment_1_seed_42,5,0.058765117535383986,connected,mainstream
537,popular_1_exp_Experiment_1_seed_42,5,0.05656457343554724,connected,mainstream
531,popular_1_exp_Experiment_1_seed_42,5,0.05752308658585636,connected,mainstream
501,popular_1_exp_Experiment_1_seed_42,5,0.05499404028703886,connected,mainstream
218,popular_1_exp_Experiment_1_seed_42,5,0.05241926168239145,connected,mainstream
21,popular_1_exp_Experiment_1_seed_42,5,0.017170068113894363,connected,niche
254,popular_1_exp_Experiment_1_seed_42,5,0.060182384676014056,connected,mainstream
522,popular_1_exp_Experiment_1_seed_42,5,0.058837980025545744,connected,mainstream
199,popular_1_exp_Experiment_1_seed_42,5,0.0647375357091259,connected,mainstream
60,popular_1_exp_Experiment_1_seed_42,5,0.0528102464779752,connected,mainstream
91,popular_1_exp_Experiment_1_seed_42,5,0.057191247553554286,connected,mainstream
423,popular_1_exp_Experiment_1_seed_42,5,0.06023386943702133,connected,mainstream
117,popular_1_exp_Experiment_1_seed_42,5,0.05455583795832052,connected,mainstream
84,popular_1_exp_Experiment_1_seed_42,5,0.051002977040654505,connected,mainstream
126,popular_1_exp_Experiment_1_seed_42,5,0.060979802765306235,connected,mainstream
444,popular_1_exp_Experiment_1_seed_42,5,0.05257488118356524,connected,mainstream
460,popular_1_exp_Experiment_1_seed_42,5,0.05842323310505099,connected,mainstream
363,popular_1_exp_Experiment_1_seed_42,5,0.06138272435332195,connected,mainstream
252,popular_1_exp_Experiment_1_seed_42,5,0.056288976142492,connected,mainstream
104,popular_1_exp_Experiment_1_seed_42,5,0.0574402538221904,connected,mainstream
564,popular_1_exp_Experiment_1_seed_42,5,0.05004299281018046,connected,mainstream
511,popular_1_exp_Experiment_1_seed_42,5,0.07024856332781522,connected,mainstream
492,popular_1_exp_Experiment_1_seed_42,5,0.056408416388425454,connected,mainstream
505,popular_1_exp_Experiment_1_seed_42,5,0.05138566693371547,connected,mainstream
598,popular_1_exp_Experiment_1_seed_42,5,0.05057004137592053,connected,mainstream
224,popular_1_exp_Experiment_1_seed_42,5,0.0648387537120881,connected,mainstream
19,popular_1_exp_Experiment_1_seed_42,5,0.020178814811173482,connected,niche
524,popular_1_exp_Experiment_1_seed_42,5,0.05161044492105455,connected,mainstream
395,popular_1_exp_Experiment_1_seed_42,5,0.05446210731552124,connected,mainstream
140,popular_1_exp_Experiment_1_seed_42,5,0.05608539934090046,connected,mainstream
327,popular_1_exp_Experiment_1_seed_42,5,0.0582675081177736,connected,mainstream
51,popular_1_exp_Experiment_1_seed_42,5,0.020296999972338692,connected,niche
228,popular_1_exp_Experiment_1_seed_42,5,0.07697756229740566,connected,mainstream
144,popular_1_exp_Experiment_1_seed_42,5,0.055746422239118604,connected,mainstream
119,popular_1_exp_Experiment_1_seed_42,5,0.05380574252443876,connected,mainstream
253,popular_1_exp_Experiment_1_seed_42,5,0.050591470821673416,connected,mainstream
489,popular_1_exp_Experiment_1_seed_42,5,0.06146657373189309,connected,mainstream
70,popular_1_exp_Experiment_1_seed_42,5,0.06290436793037489,connected,mainstream
240,popular_1_exp_Experiment_1_seed_42,5,0.0564994701465328,connected,mainstream
595,popular_1_exp_Experiment_1_seed_42,5,0.05477375143711669,connected,mainstream
373,popular_1_exp_Experiment_1_seed_42,5,0.05302685710360244,connected,mainstream
569,popular_1_exp_Experiment_1_seed_42,5,0.05116187283612802,connected,mainstream
230,popular_1_exp_Experiment_1_seed_42,5,0.0556323610867974,connected,mainstream
574,popular_1_exp_Experiment_1_seed_42,5,0.06348151345769444,connected,mainstream
514,popular_1_exp_Experiment_1_seed_42,5,0.051992579740437354,connected,mainstream
65,popular_1_exp_Experiment_1_seed_42,5,0.05163443800546997,connected,mainstream
592,popular_1_exp_Experiment_1_seed_42,5,0.055993177415483986,connected,mainstream
154,popular_1_exp_Experiment_1_seed_42,5,0.05080282774283073,connected,mainstream
443,popular_1_exp_Experiment_1_seed_42,5,0.061904353650232426,connected,mainstream
476,popular_1_exp_Experiment_1_seed_42,5,0.055780945941531906,connected,mainstream
181,popular_1_exp_Experiment_1_seed_42,5,0.04983962869861908,connected,mainstream
351,popular_1_exp_Experiment_1_seed_42,5,0.055785562945148366,connected,mainstream
568,popular_1_exp_Experiment_1_seed_42,5,0.06722224572674333,connected,mainstream
262,popular_1_exp_Experiment_1_seed_42,5,0.057358326656285465,connected,mainstream
579,popular_1_exp_Experiment_1_seed_42,5,0.05045965771256933,connected,mainstream
471,popular_1_exp_Experiment_1_seed_42,5,0.07021947725043547,connected,mainstream
596,popular_1_exp_Experiment_1_seed_42,5,0.053531798730172865,connected,mainstream
573,popular_1_exp_Experiment_1_seed_42,5,0.06651429375575289,connected,mainstream
225,popular_1_exp_Experiment_1_seed_42,5,0.05705795152683301,connected,mainstream
69,popular_1_exp_Experiment_1_seed_42,5,0.06313470379689197,connected,mainstream
575,popular_1_exp_Experiment_1_seed_42,5,0.05212110207062365,connected,mainstream
141,popular_1_exp_Experiment_1_seed_42,5,0.051413709344722454,connected,mainstream
586,popular_1_exp_Experiment_1_seed_42,5,0.05530828754716962,connected,mainstream
404,popular_1_exp_Experiment_1_seed_42,5,0.06462390749947534,connected,mainstream
300,popular_1_exp_Experiment_1_seed_42,5,0.05963066836062595,connected,mainstream
129,popular_1_exp_Experiment_1_seed_42,5,0.05406090150384276,connected,mainstream
409,popular_1_exp_Experiment_1_seed_42,5,0.05379411459726754,connected,mainstream
375,popular_1_exp_Experiment_1_seed_42,5,0.0624600164913352,connected,mainstream
232,popular_1_exp_Experiment_1_seed_42,5,0.05852038744265775,connected,mainstream
155,popular_1_exp_Experiment_1_seed_42,5,0.05205124612597098,connected,mainstream
512,popular_1_exp_Experiment_1_seed_42,5,0.059586460554196696,connected,mainstream
80,popular_1_exp_Experiment_1_seed_42,5,0.05828705957852511,connected,mainstream
418,popular_1_exp_Experiment_1_seed_42,5,0.05837490328604656,connected,mainstream
156,popular_1_exp_Experiment_1_seed_42,5,0.05807134268526889,connected,mainstream
485,popular_1_exp_Experiment_1_seed_42,5,0.059379453508371455,connected,mainstream
294,popular_1_exp_Experiment_1_seed_42,5,0.05960778172872642,connected,mainstream
340,popular_1_exp_Experiment_1_seed_42,5,0.06470787525551859,connected,mainstream
500,popular_1_exp_Experiment_1_seed_42,5,0.05565847438835881,connected,mainstream
416,popular_1_exp_Experiment_1_seed_42,5,0.05399070932210348,connected,mainstream
286,popular_1_exp_Experiment_1_seed_42,5,0.05214342738855393,connected,mainstream
233,popular_1_exp_Experiment_1_seed_42,5,0.06565879485561747,connected,mainstream
431,popular_1_exp_Experiment_1_seed_42,5,0.05519699935482494,connected,mainstream
516,popular_1_exp_Experiment_1_seed_42,5,0.057136857393636185,connected,mainstream
0,popular_1_exp_Experiment_1_seed_42,5,0.01740953173837532,connected,niche
204,popular_1_exp_Experiment_1_seed_42,5,0.061993157235502534,connected,mainstream
467,popular_1_exp_Experiment_1_seed_42,5,0.05594810227827789,connected,mainstream
446,popular_1_exp_Experiment_1_seed_42,5,0.07146017146140672,connected,mainstream
353,popular_1_exp_Experiment_1_seed_42,5,0.049040139944984934,connected,mainstream
285,popular_1_exp_Experiment_1_seed_42,5,0.057291590361167134,connected,mainstream
1,popular_1_exp_Experiment_1_seed_42,5,0.013576016859711307,connected,niche
378,popular_1_exp_Experiment_1_seed_42,5,0.053214758761843665,connected,mainstream
563,popular_1_exp_Experiment_1_seed_42,5,0.05689365505811861,connected,mainstream
266,popular_1_exp_Experiment_1_seed_42,5,0.06314178514010022,connected,mainstream
3,popular_1_exp_Experiment_1_seed_42,5,0.01846693576118503,connected,niche
297,popular_1_exp_Experiment_1_seed_42,5,0.051142727428716755,connected,mainstream
380,popular_1_exp_Experiment_1_seed_42,5,0.05185196842653938,connected,mainstream
580,popular_1_exp_Experiment_1_seed_42,5,0.058143644449730525,connected,mainstream
101,popular_1_exp_Experiment_1_seed_42,5,0.05822526072056857,connected,mainstream
401,popular_1_exp_Experiment_1_seed_42,5,0.05414210900691993,connected,mainstream
34,popular_1_exp_Experiment_1_seed_42,5,0.025372876151197044,connected,niche
41,popular_1_exp_Experiment_1_seed_42,5,0.024270559014030624,connected,niche
541,popular_1_exp_Experiment_1_seed_42,5,0.0662528294886817,connected,mainstream
597,popular_1_exp_Experiment_1_seed_42,5,0.05341229858226535,connected,mainstream
530,popular_1_exp_Experiment_1_seed_42,5,0.0701102274177914,connected,mainstream
17,popular_1_exp_Experiment_1_seed_42,5,0.022175367184922457,connected,niche
588,popular_1_exp_Experiment_1_seed_42,5,0.0554609562492061,connected,mainstream
323,popular_1_exp_Experiment_1_seed_42,5,0.06834628288001253,connected,mainstream
77,popular_1_exp_Experiment_1_seed_42,5,0.05999597432351982,connected,mainstream
520,popular_1_exp_Experiment_1_seed_42,5,0.060594827483194426,connected,mainstream
539,popular_1_exp_Experiment_1_seed_42,5,0.06083616782365023,connected,mainstream
50,popular_1_exp_Experiment_1_seed_42,5,0.022368791722508972,connected,niche
67,popular_1_exp_Experiment_1_seed_42,5,0.05671174897733421,connected,mainstream
412,popular_1_exp_Experiment_1_seed_42,5,0.054555999961969526,connected,mainstream
44,popular_1_exp_Experiment_1_seed_42,5,0.01637272356574365,connected,niche
222,popular_1_exp_Experiment_1_seed_42,5,0.055093189189686205,connected,mainstream
474,popular_1_exp_Experiment_1_seed_42,5,0.058855348043721854,connected,mainstream
389,popular_1_exp_Experiment_1_seed_42,5,0.07437272979351706,connected,mainstream
162,popular_1_exp_Experiment_1_seed_42,5,0.05489426836907275,connected,mainstream
32,popular_1_exp_Experiment_1_seed_42,5,0.027908572919360497,connected,niche
261,popular_1_exp_Experiment_1_seed_42,5,0.05386091479130021,connected,mainstream
561,popular_1_exp_Experiment_1_seed_42,5,0.06310432673489035,connected,mainstream
167,popular_1_exp_Experiment_1_seed_42,5,0.058763509328552836,connected,mainstream
112,popular_1_exp_Experiment_1_seed_42,5,0.05449176476908196,connected,mainstream
449,popular_1_exp_Experiment_1_seed_42,5,0.06485704550799642,connected,mainstream
18,popular_1_exp_Experiment_1_seed_42,5,0.019068751653107136,connected,niche
190,popular_1_exp_Experiment_1_seed_42,5,0.049749154085652315,connected,mainstream
558,popular_1_exp_Experiment_1_seed_42,5,0.060422887900054185,connected,mainstream
267,popular_1_exp_Experiment_1_seed_42,5,0.06193695214875972,connected,mainstream
362,popular_1_exp_Experiment_1_seed_42,5,0.04967186923864044,connected,mainstream
31,popular_1_exp_Experiment_1_seed_42,5,0.013453809888542665,connected,niche
82,popular_1_exp_Experiment_1_seed_42,5,0.05536391348922067,connected,mainstream
277,popular_1_exp_Experiment_1_seed_42,5,0.05421588581653369,connected,mainstream
513,popular_1_exp_Experiment_1_seed_42,5,0.055642003978224296,connected,mainstream
343,popular_1_exp_Experiment_1_seed_42,5,0.05229121265684278,connected,mainstream
455,popular_1_exp_Experiment_1_seed_42,5,0.05260416537030529,connected,mainstream
210,popular_1_exp_Experiment_1_seed_42,5,0.055420972648803336,connected,mainstream
229,popular_1_exp_Experiment_1_seed_42,5,0.053660478695806986,connected,mainstream
548,popular_1_exp_Experiment_1_seed_42,5,0.050647284960883186,connected,mainstream
439,popular_1_exp_Experiment_1_seed_42,5,0.05441500205665334,connected,mainstream
290,popular_1_exp_Experiment_1_seed_42,5,0.05507192364903119,connected,mainstream
6,popular_1_exp_Experiment_1_seed_42,5,0.013493777430227226,connected,niche
214,popular_1_exp_Experiment_1_seed_42,5,0.052850239680567845,connected,mainstream
508,popular_1_exp_Experiment_1_seed_42,5,0.05260818809800824,connected,mainstream
95,popular_1_exp_Experiment_1_seed_42,5,0.06497640905277528,connected,mainstream
151,popular_1_exp_Experiment_1_seed_42,5,0.06496063804334631,connected,mainstream
523,popular_1_exp_Experiment_1_seed_42,5,0.05586364862845558,connected,mainstream
348,popular_1_exp_Experiment_1_seed_42,5,0.054289910952111775,connected,mainstream
169,popular_1_exp_Experiment_1_seed_42,5,0.05390122691003021,connected,mainstream
110,popular_1_exp_Experiment_1_seed_42,5,0.054315480438505696,connected,mainstream
135,popular_1_exp_Experiment_1_seed_42,5,0.05079923763321783,connected,mainstream
146,popular_1_exp_Experiment_1_seed_42,5,0.052296768646079905,connected,mainstream
291,popular_1_exp_Experiment_1_seed_42,5,0.0577635047167297,connected,mainstream
398,popular_1_exp_Experiment_1_seed_42,5,0.05399352826130659,connected,mainstream
486,popular_1_exp_Experiment_1_seed_42,5,0.050421026425323534,connected,mainstream
448,popular_1_exp_Experiment_1_seed_42,5,0.07249965259666948,connected,mainstream
518,popular_1_exp_Experiment_1_seed_42,5,0.05323193405997099,connected,mainstream
87,popular_1_exp_Experiment_1_seed_42,5,0.052269873218283074,connected,mainstream
329,popular_1_exp_Experiment_1_seed_42,5,0.048012000867083765,connected,mainstream
445,popular_1_exp_Experiment_1_seed_42,5,0.055506076485835255,connected,mainstream
487,popular_1_exp_Experiment_1_seed_42,5,0.06477310314063213,connected,mainstream
546,popular_1_exp_Experiment_1_seed_42,5,0.0625531098036645,connected,mainstream
459,popular_1_exp_Experiment_1_seed_42,5,0.054309771169030185,connected,mainstream
245,popular_1_exp_Experiment_1_seed_42,5,0.05506840255405946,connected,mainstream
475,popular_1_exp_Experiment_1_seed_42,5,0.05802159181591199,connected,mainstream
296,popular_1_exp_Experiment_1_seed_42,5,0.050506205121803906,connected,mainstream
217,popular_1_exp_Experiment_1_seed_42,5,0.056207318201763924,connected,mainstream
