consumer_id,recommender_id,cycle,satisfaction_score,rec_state,controlled
57,popular_1_exp_Experiment_1_seed_42,1,0.026860034681297898,connected,niche
538,popular_1_exp_Experiment_1_seed_42,1,0.06086594126242392,connected,mainstream
309,popular_1_exp_Experiment_1_seed_42,1,0.04409916707830564,connected,mainstream
44,popular_1_exp_Experiment_1_seed_42,1,0.0250482219873911,connected,niche
424,popular_1_exp_Experiment_1_seed_42,1,0.045942451595693816,connected,mainstream
588,popular_1_exp_Experiment_1_seed_42,1,0.046209463280855456,connected,mainstream
462,popular_1_exp_Experiment_1_seed_42,1,0.028278091804868757,connected,mainstream
1,popular_1_exp_Experiment_1_seed_42,1,0.030865598067839072,connected,niche
294,popular_1_exp_Experiment_1_seed_42,1,0.04406538366464171,connected,mainstream
364,popular_1_exp_Experiment_1_seed_42,1,0.04362106851345579,connected,mainstream
489,popular_1_exp_Experiment_1_seed_42,1,0.04997832041364875,connected,mainstream
73,popular_1_exp_Experiment_1_seed_42,1,0.0605131172287175,connected,mainstream
388,popular_1_exp_Experiment_1_seed_42,1,0.053397634400957385,connected,mainstream
569,popular_1_exp_Experiment_1_seed_42,1,0.04392894072256903,connected,mainstream
387,popular_1_exp_Experiment_1_seed_42,1,0.04869782029703252,connected,mainstream
373,popular_1_exp_Experiment_1_seed_42,1,0.048806028161566845,connected,mainstream
292,popular_1_exp_Experiment_1_seed_42,1,0.047176304801463474,connected,mainstream
383,popular_1_exp_Experiment_1_seed_42,1,0.046580436527628034,connected,mainstream
519,popular_1_exp_Experiment_1_seed_42,1,0.04437725197256845,connected,mainstream
554,popular_1_exp_Experiment_1_seed_42,1,0.04337114815216215,connected,mainstream
97,popular_1_exp_Experiment_1_seed_42,1,0.06045628231576189,connected,mainstream
419,popular_1_exp_Experiment_1_seed_42,1,0.04913726952554701,connected,mainstream
125,popular_1_exp_Experiment_1_seed_42,1,0.046095669394953,connected,mainstream
61,popular_1_exp_Experiment_1_seed_42,1,0.05384297720990672,connected,mainstream
71,popular_1_exp_Experiment_1_seed_42,1,0.04783777526050751,connected,mainstream
85,popular_1_exp_Experiment_1_seed_42,1,0.04525893548714457,connected,mainstream
403,popular_1_exp_Experiment_1_seed_42,1,0.05596999676923251,connected,mainstream
2,popular_1_exp_Experiment_1_seed_42,1,0.016781741858345012,connected,niche
374,popular_1_exp_Experiment_1_seed_42,1,0.047049061670483366,connected,mainstream
594,popular_1_exp_Experiment_1_seed_42,1,0.04787492481007244,connected,mainstream
560,popular_1_exp_Experiment_1_seed_42,1,0.0566780538121856,connected,mainstream
510,popular_1_exp_Experiment_1_seed_42,1,0.05182052504366197,connected,mainstream
546,popular_1_exp_Experiment_1_seed_42,1,0.04125309481451145,connected,mainstream
428,popular_1_exp_Experiment_1_seed_42,1,0.06578601066143631,connected,mainstream
212,popular_1_exp_Experiment_1_seed_42,1,0.044227458644284616,connected,mainstream
238,popular_1_exp_Experiment_1_seed_42,1,0.06120701665584666,connected,mainstream
183,popular_1_exp_Experiment_1_seed_42,1,0.04323031189572637,connected,mainstream
308,popular_1_exp_Experiment_1_seed_42,1,0.053987683179517354,connected,mainstream
88,popular_1_exp_Experiment_1_seed_42,1,0.028128262734925986,connected,mainstream
54,popular_1_exp_Experiment_1_seed_42,1,0.015816239820224304,connected,niche
93,popular_1_exp_Experiment_1_seed_42,1,0.05546520289094333,connected,mainstream
142,popular_1_exp_Experiment_1_seed_42,1,0.04765592320716225,connected,mainstream
43,popular_1_exp_Experiment_1_seed_42,1,0.026857824543064217,connected,niche
385,popular_1_exp_Experiment_1_seed_42,1,0.04371383799665154,connected,mainstream
533,popular_1_exp_Experiment_1_seed_42,1,0.04441720781147726,connected,mainstream
431,popular_1_exp_Experiment_1_seed_42,1,0.04566880543893754,connected,mainstream
67,popular_1_exp_Experiment_1_seed_42,1,0.07309808272124499,connected,mainstream
415,popular_1_exp_Experiment_1_seed_42,1,0.05149687807582711,connected,mainstream
220,popular_1_exp_Experiment_1_seed_42,1,0.04761338838935347,connected,mainstream
402,popular_1_exp_Experiment_1_seed_42,1,0.044734113776216694,connected,mainstream
98,popular_1_exp_Experiment_1_seed_42,1,0.04745646991440453,connected,mainstream
358,popular_1_exp_Experiment_1_seed_42,1,0.047378311162919566,connected,mainstream
196,popular_1_exp_Experiment_1_seed_42,1,0.044431282153659414,connected,mainstream
239,popular_1_exp_Experiment_1_seed_42,1,0.059750891971845715,connected,mainstream
245,popular_1_exp_Experiment_1_seed_42,1,0.04597375103397463,connected,mainstream
102,popular_1_exp_Experiment_1_seed_42,1,0.04873848293989966,connected,mainstream
78,popular_1_exp_Experiment_1_seed_42,1,0.05641094678354952,connected,mainstream
295,popular_1_exp_Experiment_1_seed_42,1,0.05018141378183436,connected,mainstream
131,popular_1_exp_Experiment_1_seed_42,1,0.051354165115506056,connected,mainstream
531,popular_1_exp_Experiment_1_seed_42,1,0.055020329371876266,connected,mainstream
468,popular_1_exp_Experiment_1_seed_42,1,0.043877313040938455,connected,mainstream
473,popular_1_exp_Experiment_1_seed_42,1,0.04175218124574807,connected,mainstream
224,popular_1_exp_Experiment_1_seed_42,1,0.04336190576168746,connected,mainstream
581,popular_1_exp_Experiment_1_seed_42,1,0.0515525433248081,connected,mainstream
577,popular_1_exp_Experiment_1_seed_42,1,0.05076347757246349,connected,mainstream
215,popular_1_exp_Experiment_1_seed_42,1,0.04362700214346598,connected,mainstream
161,popular_1_exp_Experiment_1_seed_42,1,0.048601952416628284,connected,mainstream
504,popular_1_exp_Experiment_1_seed_42,1,0.04288588478123432,connected,mainstream
559,popular_1_exp_Experiment_1_seed_42,1,0.047405759087828174,connected,mainstream
574,popular_1_exp_Experiment_1_seed_42,1,0.048788456019571706,connected,mainstream
17,popular_1_exp_Experiment_1_seed_42,1,0.02326168932878757,connected,niche
151,popular_1_exp_Experiment_1_seed_42,1,0.05619417696910048,connected,mainstream
12,popular_1_exp_Experiment_1_seed_42,1,0.030511858216000037,connected,niche
376,popular_1_exp_Experiment_1_seed_42,1,0.053374550597741245,connected,mainstream
204,popular_1_exp_Experiment_1_seed_42,1,0.04345523645974914,connected,mainstream
283,popular_1_exp_Experiment_1_seed_42,1,0.05877973438216049,connected,mainstream
386,popular_1_exp_Experiment_1_seed_42,1,0.038719045408700394,connected,mainstream
38,popular_1_exp_Experiment_1_seed_42,1,0.012734503028400573,connected,niche
74,popular_1_exp_Experiment_1_seed_42,1,0.05446990082369829,connected,mainstream
398,popular_1_exp_Experiment_1_seed_42,1,0.049053998059187344,connected,mainstream
159,popular_1_exp_Experiment_1_seed_42,1,0.05414101764157481,connected,mainstream
458,popular_1_exp_Experiment_1_seed_42,1,0.04399642025090095,connected,mainstream
355,popular_1_exp_Experiment_1_seed_42,1,0.06133701729130492,connected,mainstream
521,popular_1_exp_Experiment_1_seed_42,1,0.05016270835627859,connected,mainstream
217,popular_1_exp_Experiment_1_seed_42,1,0.051154405957721756,connected,mainstream
158,popular_1_exp_Experiment_1_seed_42,1,0.06843075166763733,connected,mainstream
316,popular_1_exp_Experiment_1_seed_42,1,0.04663727827757435,connected,mainstream
149,popular_1_exp_Experiment_1_seed_42,1,0.045130673565392194,connected,mainstream
219,popular_1_exp_Experiment_1_seed_42,1,0.05390527171630336,connected,mainstream
381,popular_1_exp_Experiment_1_seed_42,1,0.04363985171912582,connected,mainstream
45,popular_1_exp_Experiment_1_seed_42,1,0.03487193328449414,connected,niche
540,popular_1_exp_Experiment_1_seed_42,1,0.06165901826423666,connected,mainstream
248,popular_1_exp_Experiment_1_seed_42,1,0.058736112632279826,connected,mainstream
211,popular_1_exp_Experiment_1_seed_42,1,0.04788017382400537,connected,mainstream
278,popular_1_exp_Experiment_1_seed_42,1,0.059273072494247465,connected,mainstream
96,popular_1_exp_Experiment_1_seed_42,1,0.05804483040605032,connected,mainstream
157,popular_1_exp_Experiment_1_seed_42,1,0.047174485384415966,connected,mainstream
59,popular_1_exp_Experiment_1_seed_42,1,0.020828041695778066,connected,niche
255,popular_1_exp_Experiment_1_seed_42,1,0.06746502876007697,connected,mainstream
140,popular_1_exp_Experiment_1_seed_42,1,0.048281788054375295,connected,mainstream
564,popular_1_exp_Experiment_1_seed_42,1,0.05465796126341579,connected,mainstream
46,popular_1_exp_Experiment_1_seed_42,1,0.024614593965746962,connected,niche
599,popular_1_exp_Experiment_1_seed_42,1,0.06657532728991761,connected,mainstream
512,popular_1_exp_Experiment_1_seed_42,1,0.04367793226102947,connected,mainstream
116,popular_1_exp_Experiment_1_seed_42,1,0.04370258877037799,connected,mainstream
203,popular_1_exp_Experiment_1_seed_42,1,0.06097381418087414,connected,mainstream
241,popular_1_exp_Experiment_1_seed_42,1,0.0491531306826756,connected,mainstream
354,popular_1_exp_Experiment_1_seed_42,1,0.05123431996533586,connected,mainstream
22,popular_1_exp_Experiment_1_seed_42,1,0.024693226111664215,connected,niche
90,popular_1_exp_Experiment_1_seed_42,1,0.042898426364312736,connected,mainstream
70,popular_1_exp_Experiment_1_seed_42,1,0.05365276132906707,connected,mainstream
311,popular_1_exp_Experiment_1_seed_42,1,0.051372461208003185,connected,mainstream
563,popular_1_exp_Experiment_1_seed_42,1,0.04332548683982992,connected,mainstream
558,popular_1_exp_Experiment_1_seed_42,1,0.0660042137615046,connected,mainstream
227,popular_1_exp_Experiment_1_seed_42,1,0.04830450497115379,connected,mainstream
511,popular_1_exp_Experiment_1_seed_42,1,0.04806180677196156,connected,mainstream
37,popular_1_exp_Experiment_1_seed_42,1,0.013423477348225347,connected,niche
175,popular_1_exp_Experiment_1_seed_42,1,0.04807380027121685,connected,mainstream
169,popular_1_exp_Experiment_1_seed_42,1,0.050880068521382,connected,mainstream
524,popular_1_exp_Experiment_1_seed_42,1,0.05135056597331039,connected,mainstream
182,popular_1_exp_Experiment_1_seed_42,1,0.04619693486904519,connected,mainstream
133,popular_1_exp_Experiment_1_seed_42,1,0.049821968612678846,connected,mainstream
242,popular_1_exp_Experiment_1_seed_42,1,0.062002743484224965,connected,mainstream
323,popular_1_exp_Experiment_1_seed_42,1,0.048582438854867564,connected,mainstream
498,popular_1_exp_Experiment_1_seed_42,1,0.059321011723479644,connected,mainstream
297,popular_1_exp_Experiment_1_seed_42,1,0.047417899709174004,connected,mainstream
99,popular_1_exp_Experiment_1_seed_42,1,0.044076693396693976,connected,mainstream
186,popular_1_exp_Experiment_1_seed_42,1,0.055124401588103965,connected,mainstream
130,popular_1_exp_Experiment_1_seed_42,1,0.04384496703100502,connected,mainstream
469,popular_1_exp_Experiment_1_seed_42,1,0.060635510733911234,connected,mainstream
299,popular_1_exp_Experiment_1_seed_42,1,0.05731852285537728,connected,mainstream
135,popular_1_exp_Experiment_1_seed_42,1,0.0521534681323045,connected,mainstream
298,popular_1_exp_Experiment_1_seed_42,1,0.052192428610631086,connected,mainstream
209,popular_1_exp_Experiment_1_seed_42,1,0.0467852977820849,connected,mainstream
499,popular_1_exp_Experiment_1_seed_42,1,0.044643500564991334,connected,mainstream
222,popular_1_exp_Experiment_1_seed_42,1,0.05182871538909676,connected,mainstream
262,popular_1_exp_Experiment_1_seed_42,1,0.05917422082200591,connected,mainstream
252,popular_1_exp_Experiment_1_seed_42,1,0.04490908263183826,connected,mainstream
351,popular_1_exp_Experiment_1_seed_42,1,0.04949452487529082,connected,mainstream
289,popular_1_exp_Experiment_1_seed_42,1,0.05643930505959136,connected,mainstream
357,popular_1_exp_Experiment_1_seed_42,1,0.0453626677052603,connected,mainstream
129,popular_1_exp_Experiment_1_seed_42,1,0.0546977330188936,connected,mainstream
229,popular_1_exp_Experiment_1_seed_42,1,0.04656046760883048,connected,mainstream
526,popular_1_exp_Experiment_1_seed_42,1,0.04931729117098585,connected,mainstream
405,popular_1_exp_Experiment_1_seed_42,1,0.04922232208093987,connected,mainstream
187,popular_1_exp_Experiment_1_seed_42,1,0.04591649819763496,connected,mainstream
293,popular_1_exp_Experiment_1_seed_42,1,0.044938111437193694,connected,mainstream
60,popular_1_exp_Experiment_1_seed_42,1,0.05502213422281219,connected,mainstream
314,popular_1_exp_Experiment_1_seed_42,1,0.053143660944583386,connected,mainstream
414,popular_1_exp_Experiment_1_seed_42,1,0.04496733202349704,connected,mainstream
225,popular_1_exp_Experiment_1_seed_42,1,0.04611522452515147,connected,mainstream
453,popular_1_exp_Experiment_1_seed_42,1,0.04620201577693934,connected,mainstream
269,popular_1_exp_Experiment_1_seed_42,1,0.056590251773954346,connected,mainstream
479,popular_1_exp_Experiment_1_seed_42,1,0.056566828871642015,connected,mainstream
430,popular_1_exp_Experiment_1_seed_42,1,0.05066291092573821,connected,mainstream
118,popular_1_exp_Experiment_1_seed_42,1,0.05182178637180948,connected,mainstream
553,popular_1_exp_Experiment_1_seed_42,1,0.04810519920535178,connected,mainstream
138,popular_1_exp_Experiment_1_seed_42,1,0.07207122400464748,connected,mainstream
236,popular_1_exp_Experiment_1_seed_42,1,0.04747467430749187,connected,mainstream
36,popular_1_exp_Experiment_1_seed_42,1,0.014686088128933105,connected,niche
410,popular_1_exp_Experiment_1_seed_42,1,0.06070890390331338,connected,mainstream
201,popular_1_exp_Experiment_1_seed_42,1,0.05500626612138765,connected,mainstream
340,popular_1_exp_Experiment_1_seed_42,1,0.04902145638705052,connected,mainstream
490,popular_1_exp_Experiment_1_seed_42,1,0.05014711581531817,connected,mainstream
341,popular_1_exp_Experiment_1_seed_42,1,0.04657804464423915,connected,mainstream
545,popular_1_exp_Experiment_1_seed_42,1,0.07138774903610878,connected,mainstream
477,popular_1_exp_Experiment_1_seed_42,1,0.05380563050390136,connected,mainstream
34,popular_1_exp_Experiment_1_seed_42,1,0.015028102634386397,connected,niche
595,popular_1_exp_Experiment_1_seed_42,1,0.046900600405829586,connected,mainstream
434,popular_1_exp_Experiment_1_seed_42,1,0.05248156215111096,connected,mainstream
145,popular_1_exp_Experiment_1_seed_42,1,0.0442260053652943,connected,mainstream
254,popular_1_exp_Experiment_1_seed_42,1,0.04661053200163148,connected,mainstream
267,popular_1_exp_Experiment_1_seed_42,1,0.050737368661851794,connected,mainstream
197,popular_1_exp_Experiment_1_seed_42,1,0.0506776001254087,connected,mainstream
555,popular_1_exp_Experiment_1_seed_42,1,0.05113028457222816,connected,mainstream
541,popular_1_exp_Experiment_1_seed_42,1,0.04392379577392471,connected,mainstream
321,popular_1_exp_Experiment_1_seed_42,1,0.04322551625254998,connected,mainstream
481,popular_1_exp_Experiment_1_seed_42,1,0.05033241838376882,connected,mainstream
437,popular_1_exp_Experiment_1_seed_42,1,0.05800493272019467,connected,mainstream
281,popular_1_exp_Experiment_1_seed_42,1,0.05067736318013819,connected,mainstream
33,popular_1_exp_Experiment_1_seed_42,1,0.02461532377833793,connected,niche
426,popular_1_exp_Experiment_1_seed_42,1,0.05009022463706115,connected,mainstream
286,popular_1_exp_Experiment_1_seed_42,1,0.043502456841238234,connected,mainstream
565,popular_1_exp_Experiment_1_seed_42,1,0.05729969093925149,connected,mainstream
166,popular_1_exp_Experiment_1_seed_42,1,0.0444644028089172,connected,mainstream
596,popular_1_exp_Experiment_1_seed_42,1,0.04616912172980733,connected,mainstream
517,popular_1_exp_Experiment_1_seed_42,1,0.05071115805472274,connected,mainstream
492,popular_1_exp_Experiment_1_seed_42,1,0.04147769367710124,connected,mainstream
270,popular_1_exp_Experiment_1_seed_42,1,0.05317395275414207,connected,mainstream
378,popular_1_exp_Experiment_1_seed_42,1,0.05184123539687011,connected,mainstream
69,popular_1_exp_Experiment_1_seed_42,1,0.046028102215990165,connected,mainstream
103,popular_1_exp_Experiment_1_seed_42,1,0.043347896059186646,connected,mainstream
310,popular_1_exp_Experiment_1_seed_42,1,0.05081211284589396,connected,mainstream
20,popular_1_exp_Experiment_1_seed_42,1,0.04337043125033193,connected,niche
429,popular_1_exp_Experiment_1_seed_42,1,0.05922295983352557,connected,mainstream
14,popular_1_exp_Experiment_1_seed_42,1,0.01909146007097197,connected,niche
277,popular_1_exp_Experiment_1_seed_42,1,0.013302655777980338,connected,mainstream
582,popular_1_exp_Experiment_1_seed_42,1,0.048600139398053466,connected,mainstream
446,popular_1_exp_Experiment_1_seed_42,1,0.05619525190380259,connected,mainstream
556,popular_1_exp_Experiment_1_seed_42,1,0.048126039383916845,connected,mainstream
137,popular_1_exp_Experiment_1_seed_42,1,0.050569884225055574,connected,mainstream
539,popular_1_exp_Experiment_1_seed_42,1,0.05325670929631082,connected,mainstream
30,popular_1_exp_Experiment_1_seed_42,1,0.013330046530250226,connected,niche
586,popular_1_exp_Experiment_1_seed_42,1,0.06352906070343341,connected,mainstream
282,popular_1_exp_Experiment_1_seed_42,1,0.04794505960227907,connected,mainstream
592,popular_1_exp_Experiment_1_seed_42,1,0.05028307212633226,connected,mainstream
110,popular_1_exp_Experiment_1_seed_42,1,0.04686390329038504,connected,mainstream
347,popular_1_exp_Experiment_1_seed_42,1,0.05384787856286232,connected,mainstream
230,popular_1_exp_Experiment_1_seed_42,1,0.04536897984496335,connected,mainstream
467,popular_1_exp_Experiment_1_seed_42,1,0.05259725112992397,connected,mainstream
568,popular_1_exp_Experiment_1_seed_42,1,0.052840604307981175,connected,mainstream
123,popular_1_exp_Experiment_1_seed_42,1,0.047953894540274884,connected,mainstream
42,popular_1_exp_Experiment_1_seed_42,1,0.01394083433453002,connected,niche
132,popular_1_exp_Experiment_1_seed_42,1,0.07508930858358108,connected,mainstream
359,popular_1_exp_Experiment_1_seed_42,1,0.06548547948248097,connected,mainstream
557,popular_1_exp_Experiment_1_seed_42,1,0.04854918019527137,connected,mainstream
41,popular_1_exp_Experiment_1_seed_42,1,0.01417429564966888,connected,niche
208,popular_1_exp_Experiment_1_seed_42,1,0.043869542461203594,connected,mainstream
396,popular_1_exp_Experiment_1_seed_42,1,0.04672781819899955,connected,mainstream
365,popular_1_exp_Experiment_1_seed_42,1,0.04338479032859859,connected,mainstream
160,popular_1_exp_Experiment_1_seed_42,1,0.07924091789181466,connected,mainstream
170,popular_1_exp_Experiment_1_seed_42,1,0.05026362046551106,connected,mainstream
23,popular_1_exp_Experiment_1_seed_42,1,0.014159019625254591,connected,niche
471,popular_1_exp_Experiment_1_seed_42,1,0.04474639546986738,connected,mainstream
18,popular_1_exp_Experiment_1_seed_42,1,0.019814910249843304,connected,niche
174,popular_1_exp_Experiment_1_seed_42,1,0.044914160423990435,connected,mainstream
80,popular_1_exp_Experiment_1_seed_42,1,0.05054858683373458,connected,mainstream
249,popular_1_exp_Experiment_1_seed_42,1,0.04714159274628984,connected,mainstream
597,popular_1_exp_Experiment_1_seed_42,1,0.0508952489136399,connected,mainstream
478,popular_1_exp_Experiment_1_seed_42,1,0.05060364101468632,connected,mainstream
422,popular_1_exp_Experiment_1_seed_42,1,0.0538190335345583,connected,mainstream
257,popular_1_exp_Experiment_1_seed_42,1,0.05405331902600103,connected,mainstream
147,popular_1_exp_Experiment_1_seed_42,1,0.047843511217789854,connected,mainstream
319,popular_1_exp_Experiment_1_seed_42,1,0.060219817867669785,connected,mainstream
39,popular_1_exp_Experiment_1_seed_42,1,0.017115970521484603,connected,niche
100,popular_1_exp_Experiment_1_seed_42,1,0.04401141887606796,connected,mainstream
322,popular_1_exp_Experiment_1_seed_42,1,0.06610555970348823,connected,mainstream
572,popular_1_exp_Experiment_1_seed_42,1,0.05046538788616531,connected,mainstream
332,popular_1_exp_Experiment_1_seed_42,1,0.04665902431067517,connected,mainstream
334,popular_1_exp_Experiment_1_seed_42,1,0.04361375205052118,connected,mainstream
101,popular_1_exp_Experiment_1_seed_42,1,0.04424897577126485,connected,mainstream
256,popular_1_exp_Experiment_1_seed_42,1,0.048437484442513,connected,mainstream
207,popular_1_exp_Experiment_1_seed_42,1,0.05639505186472917,connected,mainstream
95,popular_1_exp_Experiment_1_seed_42,1,0.05164665279072266,connected,mainstream
544,popular_1_exp_Experiment_1_seed_42,1,0.05377154348254215,connected,mainstream
112,popular_1_exp_Experiment_1_seed_42,1,0.04460872638200645,connected,mainstream
301,popular_1_exp_Experiment_1_seed_42,1,0.04734324145968983,connected,mainstream
325,popular_1_exp_Experiment_1_seed_42,1,0.04978133154628733,connected,mainstream
439,popular_1_exp_Experiment_1_seed_42,1,0.05386619291078626,connected,mainstream
128,popular_1_exp_Experiment_1_seed_42,1,0.0712142357672191,connected,mainstream
493,popular_1_exp_Experiment_1_seed_42,1,0.048398680576586306,connected,mainstream
232,popular_1_exp_Experiment_1_seed_42,1,0.05936321875963322,connected,mainstream
87,popular_1_exp_Experiment_1_seed_42,1,0.049172412501999135,connected,mainstream
117,popular_1_exp_Experiment_1_seed_42,1,0.05603828174520321,connected,mainstream
79,popular_1_exp_Experiment_1_seed_42,1,0.05136944592206374,connected,mainstream
306,popular_1_exp_Experiment_1_seed_42,1,0.04956236344155967,connected,mainstream
8,popular_1_exp_Experiment_1_seed_42,1,0.01754846183152389,connected,niche
324,popular_1_exp_Experiment_1_seed_42,1,0.05139518166815137,connected,mainstream
366,popular_1_exp_Experiment_1_seed_42,1,0.01357072206341113,connected,mainstream
505,popular_1_exp_Experiment_1_seed_42,1,0.04346839400407813,connected,mainstream
86,popular_1_exp_Experiment_1_seed_42,1,0.04640355034942944,connected,mainstream
284,popular_1_exp_Experiment_1_seed_42,1,0.04745214447137078,connected,mainstream
206,popular_1_exp_Experiment_1_seed_42,1,0.05096579331749914,connected,mainstream
192,popular_1_exp_Experiment_1_seed_42,1,0.04977857917219591,connected,mainstream
464,popular_1_exp_Experiment_1_seed_42,1,0.04898962447214924,connected,mainstream
180,popular_1_exp_Experiment_1_seed_42,1,0.04453776674142391,connected,mainstream
497,popular_1_exp_Experiment_1_seed_42,1,0.04884471223194136,connected,mainstream
395,popular_1_exp_Experiment_1_seed_42,1,0.04413799369797733,connected,mainstream
49,popular_1_exp_Experiment_1_seed_42,1,0.019378152382539357,connected,niche
413,popular_1_exp_Experiment_1_seed_42,1,0.04783394267283284,connected,mainstream
549,popular_1_exp_Experiment_1_seed_42,1,0.04469423475721968,connected,mainstream
15,popular_1_exp_Experiment_1_seed_42,1,0.02231480890855662,connected,niche
244,popular_1_exp_Experiment_1_seed_42,1,0.05733775333145485,connected,mainstream
234,popular_1_exp_Experiment_1_seed_42,1,0.04879591731765733,connected,mainstream
276,popular_1_exp_Experiment_1_seed_42,1,0.050300444892295564,connected,mainstream
361,popular_1_exp_Experiment_1_seed_42,1,0.06055185465188212,connected,mainstream
412,popular_1_exp_Experiment_1_seed_42,1,0.04748326823230505,connected,mainstream
375,popular_1_exp_Experiment_1_seed_42,1,0.04854900080583291,connected,mainstream
250,popular_1_exp_Experiment_1_seed_42,1,0.0558644987434516,connected,mainstream
233,popular_1_exp_Experiment_1_seed_42,1,0.05208057090499974,connected,mainstream
369,popular_1_exp_Experiment_1_seed_42,1,0.04368461563116888,connected,mainstream
391,popular_1_exp_Experiment_1_seed_42,1,0.04849573526129949,connected,mainstream
171,popular_1_exp_Experiment_1_seed_42,1,0.0544212339247331,connected,mainstream
304,popular_1_exp_Experiment_1_seed_42,1,0.04542401155285303,connected,mainstream
72,popular_1_exp_Experiment_1_seed_42,1,0.04757212882281548,connected,mainstream
272,popular_1_exp_Experiment_1_seed_42,1,0.07171280785686292,connected,mainstream
154,popular_1_exp_Experiment_1_seed_42,1,0.0540065029251322,connected,mainstream
488,popular_1_exp_Experiment_1_seed_42,1,0.05602437289072479,connected,mainstream
76,popular_1_exp_Experiment_1_seed_42,1,0.056281813858817774,connected,mainstream
436,popular_1_exp_Experiment_1_seed_42,1,0.058884162153535514,connected,mainstream
240,popular_1_exp_Experiment_1_seed_42,1,0.04693777316932094,connected,mainstream
570,popular_1_exp_Experiment_1_seed_42,1,0.04364553748850416,connected,mainstream
223,popular_1_exp_Experiment_1_seed_42,1,0.045660157108049854,connected,mainstream
146,popular_1_exp_Experiment_1_seed_42,1,0.046540752009343635,connected,mainstream
13,popular_1_exp_Experiment_1_seed_42,1,0.019761873639397114,connected,niche
152,popular_1_exp_Experiment_1_seed_42,1,0.04700606795456755,connected,mainstream
68,popular_1_exp_Experiment_1_seed_42,1,0.044480155139753,connected,mainstream
120,popular_1_exp_Experiment_1_seed_42,1,0.04829331699897369,connected,mainstream
506,popular_1_exp_Experiment_1_seed_42,1,0.04706614139595064,connected,mainstream
108,popular_1_exp_Experiment_1_seed_42,1,0.055975319533619804,connected,mainstream
77,popular_1_exp_Experiment_1_seed_42,1,0.04924400014568155,connected,mainstream
400,popular_1_exp_Experiment_1_seed_42,1,0.05717639107098046,connected,mainstream
337,popular_1_exp_Experiment_1_seed_42,1,0.04425731792211932,connected,mainstream
7,popular_1_exp_Experiment_1_seed_42,1,0.0200901674828247,connected,niche
345,popular_1_exp_Experiment_1_seed_42,1,0.055549830069146454,connected,mainstream
438,popular_1_exp_Experiment_1_seed_42,1,0.04682292163287096,connected,mainstream
9,popular_1_exp_Experiment_1_seed_42,1,0.016746804732222315,connected,niche
261,popular_1_exp_Experiment_1_seed_42,1,0.043492123738152984,connected,mainstream
455,popular_1_exp_Experiment_1_seed_42,1,0.044125679408994194,connected,mainstream
65,popular_1_exp_Experiment_1_seed_42,1,0.061466445705658734,connected,mainstream
329,popular_1_exp_Experiment_1_seed_42,1,0.04614470804141362,connected,mainstream
518,popular_1_exp_Experiment_1_seed_42,1,0.06254883275185348,connected,mainstream
382,popular_1_exp_Experiment_1_seed_42,1,0.05411489643341836,connected,mainstream
482,popular_1_exp_Experiment_1_seed_42,1,0.04758756177995269,connected,mainstream
320,popular_1_exp_Experiment_1_seed_42,1,0.05395887620053961,connected,mainstream
104,popular_1_exp_Experiment_1_seed_42,1,0.04735383945074115,connected,mainstream
317,popular_1_exp_Experiment_1_seed_42,1,0.04634789241098338,connected,mainstream
463,popular_1_exp_Experiment_1_seed_42,1,0.050641943364459874,connected,mainstream
266,popular_1_exp_Experiment_1_seed_42,1,0.04344672486411227,connected,mainstream
115,popular_1_exp_Experiment_1_seed_42,1,0.052755458786133136,connected,mainstream
346,popular_1_exp_Experiment_1_seed_42,1,0.027281326937652433,connected,mainstream
450,popular_1_exp_Experiment_1_seed_42,1,0.048340841181156745,connected,mainstream
496,popular_1_exp_Experiment_1_seed_42,1,0.061337747175562084,connected,mainstream
348,popular_1_exp_Experiment_1_seed_42,1,0.05986449204239844,connected,mainstream
508,popular_1_exp_Experiment_1_seed_42,1,0.06281881453639933,connected,mainstream
507,popular_1_exp_Experiment_1_seed_42,1,0.051781238444609336,connected,mainstream
243,popular_1_exp_Experiment_1_seed_42,1,0.05270373739008552,connected,mainstream
260,popular_1_exp_Experiment_1_seed_42,1,0.0539211748231194,connected,mainstream
487,popular_1_exp_Experiment_1_seed_42,1,0.03773890733461782,connected,mainstream
550,popular_1_exp_Experiment_1_seed_42,1,0.04435620820137301,connected,mainstream
343,popular_1_exp_Experiment_1_seed_42,1,0.06195566916360793,connected,mainstream
177,popular_1_exp_Experiment_1_seed_42,1,0.0688572201228449,connected,mainstream
333,popular_1_exp_Experiment_1_seed_42,1,0.04529845312366946,connected,mainstream
5,popular_1_exp_Experiment_1_seed_42,1,0.017809068369419704,connected,niche
425,popular_1_exp_Experiment_1_seed_42,1,0.046714346722257,connected,mainstream
372,popular_1_exp_Experiment_1_seed_42,1,0.049763686086101454,connected,mainstream
288,popular_1_exp_Experiment_1_seed_42,1,0.05191152511036573,connected,mainstream
50,popular_1_exp_Experiment_1_seed_42,1,0.01103613265782788,connected,niche
279,popular_1_exp_Experiment_1_seed_42,1,0.06019598333194801,connected,mainstream
165,popular_1_exp_Experiment_1_seed_42,1,0.04838551271998093,connected,mainstream
124,popular_1_exp_Experiment_1_seed_42,1,0.05181904140770144,connected,mainstream
134,popular_1_exp_Experiment_1_seed_42,1,0.05801535287680065,connected,mainstream
82,popular_1_exp_Experiment_1_seed_42,1,0.057986120708868306,connected,mainstream
571,popular_1_exp_Experiment_1_seed_42,1,0.04636713211362911,connected,mainstream
119,popular_1_exp_Experiment_1_seed_42,1,0.045044242260168864,connected,mainstream
31,popular_1_exp_Experiment_1_seed_42,1,0.02297274524760338,connected,niche
81,popular_1_exp_Experiment_1_seed_42,1,0.04737989289601349,connected,mainstream
184,popular_1_exp_Experiment_1_seed_42,1,0.05342701942790373,connected,mainstream
350,popular_1_exp_Experiment_1_seed_42,1,0.04808984315962983,connected,mainstream
363,popular_1_exp_Experiment_1_seed_42,1,0.047642568521756294,connected,mainstream
393,popular_1_exp_Experiment_1_seed_42,1,0.04591793140976714,connected,mainstream
416,popular_1_exp_Experiment_1_seed_42,1,0.04877119836974039,connected,mainstream
399,popular_1_exp_Experiment_1_seed_42,1,0.05045851818253147,connected,mainstream
148,popular_1_exp_Experiment_1_seed_42,1,0.04917153669934226,connected,mainstream
150,popular_1_exp_Experiment_1_seed_42,1,0.048954608198868044,connected,mainstream
274,popular_1_exp_Experiment_1_seed_42,1,0.04378168427691248,connected,mainstream
307,popular_1_exp_Experiment_1_seed_42,1,0.047787907335660275,connected,mainstream
591,popular_1_exp_Experiment_1_seed_42,1,0.048718938290908155,connected,mainstream
326,popular_1_exp_Experiment_1_seed_42,1,0.047535505711362384,connected,mainstream
543,popular_1_exp_Experiment_1_seed_42,1,0.044152783865797525,connected,mainstream
456,popular_1_exp_Experiment_1_seed_42,1,0.048254922879139135,connected,mainstream
460,popular_1_exp_Experiment_1_seed_42,1,0.051170980073048995,connected,mainstream
213,popular_1_exp_Experiment_1_seed_42,1,0.05101540404237357,connected,mainstream
516,popular_1_exp_Experiment_1_seed_42,1,0.04892152999631028,connected,mainstream
313,popular_1_exp_Experiment_1_seed_42,1,0.053385906288450614,connected,mainstream
181,popular_1_exp_Experiment_1_seed_42,1,0.04777023114087276,connected,mainstream
433,popular_1_exp_Experiment_1_seed_42,1,0.05781863045127122,connected,mainstream
285,popular_1_exp_Experiment_1_seed_42,1,0.04457141115723851,connected,mainstream
384,popular_1_exp_Experiment_1_seed_42,1,0.08068008874436243,connected,mainstream
195,popular_1_exp_Experiment_1_seed_42,1,0.05738078296507627,connected,mainstream
303,popular_1_exp_Experiment_1_seed_42,1,0.055283355396371005,connected,mainstream
423,popular_1_exp_Experiment_1_seed_42,1,0.044657420527817154,connected,mainstream
259,popular_1_exp_Experiment_1_seed_42,1,0.04627756277853424,connected,mainstream
327,popular_1_exp_Experiment_1_seed_42,1,0.04324618702746361,connected,mainstream
420,popular_1_exp_Experiment_1_seed_42,1,0.04963972424655144,connected,mainstream
525,popular_1_exp_Experiment_1_seed_42,1,0.049868416802829045,connected,mainstream
352,popular_1_exp_Experiment_1_seed_42,1,0.012038211262545428,connected,mainstream
551,popular_1_exp_Experiment_1_seed_42,1,0.05828943647035636,connected,mainstream
532,popular_1_exp_Experiment_1_seed_42,1,0.05483026128634685,connected,mainstream
528,popular_1_exp_Experiment_1_seed_42,1,0.05411853378905865,connected,mainstream
452,popular_1_exp_Experiment_1_seed_42,1,0.043877225694705584,connected,mainstream
404,popular_1_exp_Experiment_1_seed_42,1,0.042437547351991976,connected,mainstream
19,popular_1_exp_Experiment_1_seed_42,1,0.012092849344700831,connected,niche
443,popular_1_exp_Experiment_1_seed_42,1,0.056636559050529243,connected,mainstream
342,popular_1_exp_Experiment_1_seed_42,1,0.05859016527424795,connected,mainstream
265,popular_1_exp_Experiment_1_seed_42,1,0.05982237426102615,connected,mainstream
561,popular_1_exp_Experiment_1_seed_42,1,0.052667983570615945,connected,mainstream
173,popular_1_exp_Experiment_1_seed_42,1,0.06030984684531993,connected,mainstream
205,popular_1_exp_Experiment_1_seed_42,1,0.0587798573082162,connected,mainstream
318,popular_1_exp_Experiment_1_seed_42,1,0.055885934775714845,connected,mainstream
94,popular_1_exp_Experiment_1_seed_42,1,0.05767890762125511,connected,mainstream
500,popular_1_exp_Experiment_1_seed_42,1,0.05247081873580339,connected,mainstream
472,popular_1_exp_Experiment_1_seed_42,1,0.048843046416999596,connected,mainstream
105,popular_1_exp_Experiment_1_seed_42,1,0.05525409707960265,connected,mainstream
200,popular_1_exp_Experiment_1_seed_42,1,0.056480346333518346,connected,mainstream
523,popular_1_exp_Experiment_1_seed_42,1,0.04462151225764249,connected,mainstream
447,popular_1_exp_Experiment_1_seed_42,1,0.04899642480956876,connected,mainstream
380,popular_1_exp_Experiment_1_seed_42,1,0.04599999308843586,connected,mainstream
141,popular_1_exp_Experiment_1_seed_42,1,0.049061283817438565,connected,mainstream
127,popular_1_exp_Experiment_1_seed_42,1,0.04666656056533237,connected,mainstream
139,popular_1_exp_Experiment_1_seed_42,1,0.046409139523458064,connected,mainstream
379,popular_1_exp_Experiment_1_seed_42,1,0.0555514765090352,connected,mainstream
589,popular_1_exp_Experiment_1_seed_42,1,0.047786430279213345,connected,mainstream
514,popular_1_exp_Experiment_1_seed_42,1,0.04801559298106919,connected,mainstream
513,popular_1_exp_Experiment_1_seed_42,1,0.05637969701302451,connected,mainstream
522,popular_1_exp_Experiment_1_seed_42,1,0.04714838124888834,connected,mainstream
75,popular_1_exp_Experiment_1_seed_42,1,0.053161791715951534,connected,mainstream
24,popular_1_exp_Experiment_1_seed_42,1,0.023156705956504042,connected,niche
189,popular_1_exp_Experiment_1_seed_42,1,0.04374829150485815,connected,mainstream
216,popular_1_exp_Experiment_1_seed_42,1,0.002928706647568224,connected,mainstream
198,popular_1_exp_Experiment_1_seed_42,1,0.04416751363881383,connected,mainstream
580,popular_1_exp_Experiment_1_seed_42,1,0.06443689865544518,connected,mainstream
0,popular_1_exp_Experiment_1_seed_42,1,0.014400729888624128,connected,niche
392,popular_1_exp_Experiment_1_seed_42,1,0.043673446603030214,connected,mainstream
178,popular_1_exp_Experiment_1_seed_42,1,0.043676292965328184,connected,mainstream
470,popular_1_exp_Experiment_1_seed_42,1,0.04641245823056205,connected,mainstream
598,popular_1_exp_Experiment_1_seed_42,1,0.04816071584355638,connected,mainstream
11,popular_1_exp_Experiment_1_seed_42,1,0.026930201821822545,connected,niche
114,popular_1_exp_Experiment_1_seed_42,1,0.04522918976578605,connected,mainstream
474,popular_1_exp_Experiment_1_seed_42,1,0.05797638822339635,connected,mainstream
537,popular_1_exp_Experiment_1_seed_42,1,0.04648684985484333,connected,mainstream
417,popular_1_exp_Experiment_1_seed_42,1,0.048862582620370236,connected,mainstream
394,popular_1_exp_Experiment_1_seed_42,1,0.0506590753839419,connected,mainstream
534,popular_1_exp_Experiment_1_seed_42,1,0.06765189994613345,connected,mainstream
407,popular_1_exp_Experiment_1_seed_42,1,0.05382205827335668,connected,mainstream
179,popular_1_exp_Experiment_1_seed_42,1,0.0431138671928521,connected,mainstream
58,popular_1_exp_Experiment_1_seed_42,1,0.012652353335445751,connected,niche
172,popular_1_exp_Experiment_1_seed_42,1,0.05265800141100746,connected,mainstream
445,popular_1_exp_Experiment_1_seed_42,1,0.05718429944671386,connected,mainstream
136,popular_1_exp_Experiment_1_seed_42,1,0.05465742445522411,connected,mainstream
536,popular_1_exp_Experiment_1_seed_42,1,0.03050742470439863,connected,mainstream
168,popular_1_exp_Experiment_1_seed_42,1,0.04884072707328687,connected,mainstream
109,popular_1_exp_Experiment_1_seed_42,1,0.05315175002079156,connected,mainstream
442,popular_1_exp_Experiment_1_seed_42,1,0.051753419425372926,connected,mainstream
587,popular_1_exp_Experiment_1_seed_42,1,0.051155449910122275,connected,mainstream
368,popular_1_exp_Experiment_1_seed_42,1,0.05256079449894454,connected,mainstream
449,popular_1_exp_Experiment_1_seed_42,1,0.05300993829202131,connected,mainstream
280,popular_1_exp_Experiment_1_seed_42,1,0.04847463585047135,connected,mainstream
576,popular_1_exp_Experiment_1_seed_42,1,0.04599978037983097,connected,mainstream
51,popular_1_exp_Experiment_1_seed_42,1,0.01135816423862894,connected,niche
465,popular_1_exp_Experiment_1_seed_42,1,0.05311035110501711,connected,mainstream
176,popular_1_exp_Experiment_1_seed_42,1,0.04783137242916691,connected,mainstream
121,popular_1_exp_Experiment_1_seed_42,1,0.05077532902087269,connected,mainstream
491,popular_1_exp_Experiment_1_seed_42,1,0.051236160358065476,connected,mainstream
210,popular_1_exp_Experiment_1_seed_42,1,0.05076388119735118,connected,mainstream
194,popular_1_exp_Experiment_1_seed_42,1,0.04543902740355987,connected,mainstream
163,popular_1_exp_Experiment_1_seed_42,1,0.046890523428367,connected,mainstream
263,popular_1_exp_Experiment_1_seed_42,1,0.04678570604393539,connected,mainstream
338,popular_1_exp_Experiment_1_seed_42,1,0.05121077168771296,connected,mainstream
328,popular_1_exp_Experiment_1_seed_42,1,0.04592425434133327,connected,mainstream
218,popular_1_exp_Experiment_1_seed_42,1,0.050042038353047234,connected,mainstream
126,popular_1_exp_Experiment_1_seed_42,1,0.05413989159647744,connected,mainstream
91,popular_1_exp_Experiment_1_seed_42,1,0.05062698648825619,connected,mainstream
495,popular_1_exp_Experiment_1_seed_42,1,0.05198581818840673,connected,mainstream
156,popular_1_exp_Experiment_1_seed_42,1,0.05639044563508246,connected,mainstream
287,popular_1_exp_Experiment_1_seed_42,1,0.05354952095668688,connected,mainstream
3,popular_1_exp_Experiment_1_seed_42,1,0.010507550137187323,connected,niche
273,popular_1_exp_Experiment_1_seed_42,1,0.04623669180725127,connected,mainstream
547,popular_1_exp_Experiment_1_seed_42,1,0.05885003273249475,connected,mainstream
202,popular_1_exp_Experiment_1_seed_42,1,0.0487440722747614,connected,mainstream
28,popular_1_exp_Experiment_1_seed_42,1,0.008201108540035482,connected,niche
199,popular_1_exp_Experiment_1_seed_42,1,0.06097286269443094,connected,mainstream
542,popular_1_exp_Experiment_1_seed_42,1,0.05332325955802325,connected,mainstream
296,popular_1_exp_Experiment_1_seed_42,1,0.046413475248795105,connected,mainstream
356,popular_1_exp_Experiment_1_seed_42,1,0.046243790963806965,connected,mainstream
56,popular_1_exp_Experiment_1_seed_42,1,0.018637676147803327,connected,niche
312,popular_1_exp_Experiment_1_seed_42,1,0.04837574572746145,connected,mainstream
275,popular_1_exp_Experiment_1_seed_42,1,0.05191828170695736,connected,mainstream
185,popular_1_exp_Experiment_1_seed_42,1,0.048052223184808396,connected,mainstream
336,popular_1_exp_Experiment_1_seed_42,1,0.0481559179886134,connected,mainstream
228,popular_1_exp_Experiment_1_seed_42,1,0.04650183240159846,connected,mainstream
237,popular_1_exp_Experiment_1_seed_42,1,0.04383445133450478,connected,mainstream
448,popular_1_exp_Experiment_1_seed_42,1,0.04986470025209073,connected,mainstream
584,popular_1_exp_Experiment_1_seed_42,1,0.05436815459038461,connected,mainstream
144,popular_1_exp_Experiment_1_seed_42,1,0.04735882711939563,connected,mainstream
459,popular_1_exp_Experiment_1_seed_42,1,0.047202300688763695,connected,mainstream
40,popular_1_exp_Experiment_1_seed_42,1,0.023526070780285405,connected,niche
155,popular_1_exp_Experiment_1_seed_42,1,0.05067297072089263,connected,mainstream
520,popular_1_exp_Experiment_1_seed_42,1,0.0560150398486311,connected,mainstream
35,popular_1_exp_Experiment_1_seed_42,1,0.011872347802898102,connected,niche
143,popular_1_exp_Experiment_1_seed_42,1,0.00267712199926687,connected,mainstream
408,popular_1_exp_Experiment_1_seed_42,1,0.0506945450133244,connected,mainstream
367,popular_1_exp_Experiment_1_seed_42,1,0.04974464283487239,connected,mainstream
92,popular_1_exp_Experiment_1_seed_42,1,0.049779535430842646,connected,mainstream
370,popular_1_exp_Experiment_1_seed_42,1,0.04683758552651108,connected,mainstream
32,popular_1_exp_Experiment_1_seed_42,1,0.014299367283950851,connected,niche
485,popular_1_exp_Experiment_1_seed_42,1,0.050498188612121075,connected,mainstream
106,popular_1_exp_Experiment_1_seed_42,1,0.04637029296438345,connected,mainstream
251,popular_1_exp_Experiment_1_seed_42,1,0.05199755354398385,connected,mainstream
52,popular_1_exp_Experiment_1_seed_42,1,0.012730842789595236,connected,niche
331,popular_1_exp_Experiment_1_seed_42,1,0.0758707720888669,connected,mainstream
25,popular_1_exp_Experiment_1_seed_42,1,0.020144887417235077,connected,niche
475,popular_1_exp_Experiment_1_seed_42,1,0.04687727449455584,connected,mainstream
83,popular_1_exp_Experiment_1_seed_42,1,0.04856831718532323,connected,mainstream
411,popular_1_exp_Experiment_1_seed_42,1,0.06068541550581765,connected,mainstream
503,popular_1_exp_Experiment_1_seed_42,1,0.05177012076183216,connected,mainstream
579,popular_1_exp_Experiment_1_seed_42,1,0.04424442541469082,connected,mainstream
111,popular_1_exp_Experiment_1_seed_42,1,0.045094844597095673,connected,mainstream
29,popular_1_exp_Experiment_1_seed_42,1,0.01632481820138676,connected,niche
480,popular_1_exp_Experiment_1_seed_42,1,0.00283156924704691,connected,mainstream
84,popular_1_exp_Experiment_1_seed_42,1,0.06337078177442501,connected,mainstream
527,popular_1_exp_Experiment_1_seed_42,1,0.04488644492228273,connected,mainstream
441,popular_1_exp_Experiment_1_seed_42,1,0.0541794198710237,connected,mainstream
349,popular_1_exp_Experiment_1_seed_42,1,0.04296572061762416,connected,mainstream
64,popular_1_exp_Experiment_1_seed_42,1,0.05768734471264422,connected,mainstream
360,popular_1_exp_Experiment_1_seed_42,1,0.04888510906741591,connected,mainstream
258,popular_1_exp_Experiment_1_seed_42,1,0.049154067570507526,connected,mainstream
530,popular_1_exp_Experiment_1_seed_42,1,0.056964234863435104,connected,mainstream
291,popular_1_exp_Experiment_1_seed_42,1,0.05477139454634125,connected,mainstream
305,popular_1_exp_Experiment_1_seed_42,1,0.05143036587926066,connected,mainstream
16,popular_1_exp_Experiment_1_seed_42,1,0.011415269434947988,connected,niche
47,popular_1_exp_Experiment_1_seed_42,1,0.022709639060818614,connected,niche
590,popular_1_exp_Experiment_1_seed_42,1,0.048487200090122064,connected,mainstream
188,popular_1_exp_Experiment_1_seed_42,1,0.056058624413943665,connected,mainstream
397,popular_1_exp_Experiment_1_seed_42,1,0.07000021430330679,connected,mainstream
457,popular_1_exp_Experiment_1_seed_42,1,0.04700902445492198,connected,mainstream
302,popular_1_exp_Experiment_1_seed_42,1,0.04518714731319302,connected,mainstream
26,popular_1_exp_Experiment_1_seed_42,1,0.02485822758881281,connected,niche
6,popular_1_exp_Experiment_1_seed_42,1,0.011598793582652709,connected,niche
315,popular_1_exp_Experiment_1_seed_42,1,0.05069344095936859,connected,mainstream
268,popular_1_exp_Experiment_1_seed_42,1,0.04787472002335497,connected,mainstream
494,popular_1_exp_Experiment_1_seed_42,1,0.044382050529420035,connected,mainstream
330,popular_1_exp_Experiment_1_seed_42,1,0.05189934428998944,connected,mainstream
501,popular_1_exp_Experiment_1_seed_42,1,0.06705360606628279,connected,mainstream
10,popular_1_exp_Experiment_1_seed_42,1,0.027899607746345628,connected,niche
509,popular_1_exp_Experiment_1_seed_42,1,0.04402752993455558,connected,mainstream
548,popular_1_exp_Experiment_1_seed_42,1,0.047880570636398036,connected,mainstream
164,popular_1_exp_Experiment_1_seed_42,1,0.04354450900184631,connected,mainstream
484,popular_1_exp_Experiment_1_seed_42,1,0.04995787732879872,connected,mainstream
63,popular_1_exp_Experiment_1_seed_42,1,0.0027051564580338455,connected,mainstream
339,popular_1_exp_Experiment_1_seed_42,1,0.045625171778236044,connected,mainstream
246,popular_1_exp_Experiment_1_seed_42,1,0.04314265437948409,connected,mainstream
193,popular_1_exp_Experiment_1_seed_42,1,0.04512361019720648,connected,mainstream
529,popular_1_exp_Experiment_1_seed_42,1,0.04718591613069235,connected,mainstream
113,popular_1_exp_Experiment_1_seed_42,1,0.050646443835997146,connected,mainstream
427,popular_1_exp_Experiment_1_seed_42,1,0.047228822305306395,connected,mainstream
344,popular_1_exp_Experiment_1_seed_42,1,0.049092353503442876,connected,mainstream
575,popular_1_exp_Experiment_1_seed_42,1,0.05202613614367474,connected,mainstream
583,popular_1_exp_Experiment_1_seed_42,1,0.04783200353552806,connected,mainstream
55,popular_1_exp_Experiment_1_seed_42,1,0.021658396834259255,connected,niche
476,popular_1_exp_Experiment_1_seed_42,1,0.05510210695590293,connected,mainstream
89,popular_1_exp_Experiment_1_seed_42,1,0.044100664195233424,connected,mainstream
409,popular_1_exp_Experiment_1_seed_42,1,0.054108188936578115,connected,mainstream
353,popular_1_exp_Experiment_1_seed_42,1,0.049579656507498106,connected,mainstream
62,popular_1_exp_Experiment_1_seed_42,1,0.049080080922031144,connected,mainstream
418,popular_1_exp_Experiment_1_seed_42,1,0.05024610554283476,connected,mainstream
573,popular_1_exp_Experiment_1_seed_42,1,0.0461914995706045,connected,mainstream
440,popular_1_exp_Experiment_1_seed_42,1,0.0445684485619568,connected,mainstream
454,popular_1_exp_Experiment_1_seed_42,1,0.050796291098110624,connected,mainstream
562,popular_1_exp_Experiment_1_seed_42,1,0.0506407593410906,connected,mainstream
221,popular_1_exp_Experiment_1_seed_42,1,0.05896642556486167,connected,mainstream
406,popular_1_exp_Experiment_1_seed_42,1,0.045688827528476916,connected,mainstream
432,popular_1_exp_Experiment_1_seed_42,1,0.05473766370172765,connected,mainstream
290,popular_1_exp_Experiment_1_seed_42,1,0.05002529560510919,connected,mainstream
27,popular_1_exp_Experiment_1_seed_42,1,0.018412328064807346,connected,niche
247,popular_1_exp_Experiment_1_seed_42,1,0.047871125268552056,connected,mainstream
271,popular_1_exp_Experiment_1_seed_42,1,0.04347686237859679,connected,mainstream
401,popular_1_exp_Experiment_1_seed_42,1,0.04316524080151399,connected,mainstream
578,popular_1_exp_Experiment_1_seed_42,1,0.05854790372958759,connected,mainstream
535,popular_1_exp_Experiment_1_seed_42,1,0.04915375048461711,connected,mainstream
371,popular_1_exp_Experiment_1_seed_42,1,0.04570175646639694,connected,mainstream
444,popular_1_exp_Experiment_1_seed_42,1,0.04379916790220826,connected,mainstream
226,popular_1_exp_Experiment_1_seed_42,1,0.048328134777744676,connected,mainstream
191,popular_1_exp_Experiment_1_seed_42,1,0.05585398855807303,connected,mainstream
122,popular_1_exp_Experiment_1_seed_42,1,0.05803309733464131,connected,mainstream
4,popular_1_exp_Experiment_1_seed_42,1,0.03008443866655879,connected,niche
21,popular_1_exp_Experiment_1_seed_42,1,0.01677511145503263,connected,niche
390,popular_1_exp_Experiment_1_seed_42,1,0.051130166392705206,connected,mainstream
190,popular_1_exp_Experiment_1_seed_42,1,0.043172000646481114,connected,mainstream
552,popular_1_exp_Experiment_1_seed_42,1,0.05564120352708424,connected,mainstream
235,popular_1_exp_Experiment_1_seed_42,1,0.05133667485648128,connected,mainstream
593,popular_1_exp_Experiment_1_seed_42,1,0.048995763399070476,connected,mainstream
214,popular_1_exp_Experiment_1_seed_42,1,0.06750763127935198,connected,mainstream
483,popular_1_exp_Experiment_1_seed_42,1,0.05962368213944591,connected,mainstream
515,popular_1_exp_Experiment_1_seed_42,1,0.047648792707100374,connected,mainstream
435,popular_1_exp_Experiment_1_seed_42,1,0.045687874959850404,connected,mainstream
377,popular_1_exp_Experiment_1_seed_42,1,0.0616167775496086,connected,mainstream
162,popular_1_exp_Experiment_1_seed_42,1,0.048971334848849794,connected,mainstream
66,popular_1_exp_Experiment_1_seed_42,1,0.056188801864088415,connected,mainstream
421,popular_1_exp_Experiment_1_seed_42,1,0.06644538655945396,connected,mainstream
566,popular_1_exp_Experiment_1_seed_42,1,0.06178577379345207,connected,mainstream
153,popular_1_exp_Experiment_1_seed_42,1,0.045832724437974176,connected,mainstream
48,popular_1_exp_Experiment_1_seed_42,1,0.014869995026838919,connected,niche
486,popular_1_exp_Experiment_1_seed_42,1,0.04717358010234716,connected,mainstream
389,popular_1_exp_Experiment_1_seed_42,1,0.048314572313180294,connected,mainstream
466,popular_1_exp_Experiment_1_seed_42,1,0.04512515433778721,connected,mainstream
107,popular_1_exp_Experiment_1_seed_42,1,0.04564398974776961,connected,mainstream
585,popular_1_exp_Experiment_1_seed_42,1,0.05019001474393769,connected,mainstream
53,popular_1_exp_Experiment_1_seed_42,1,0.04373782766342316,connected,niche
567,popular_1_exp_Experiment_1_seed_42,1,0.047744218824207076,connected,mainstream
167,popular_1_exp_Experiment_1_seed_42,1,0.06183901710937092,connected,mainstream
502,popular_1_exp_Experiment_1_seed_42,1,0.05492474409077399,connected,mainstream
451,popular_1_exp_Experiment_1_seed_42,1,0.045975581065084814,connected,mainstream
300,popular_1_exp_Experiment_1_seed_42,1,0.050025361862447604,connected,mainstream
264,popular_1_exp_Experiment_1_seed_42,1,0.0538740250784522,connected,mainstream
253,popular_1_exp_Experiment_1_seed_42,1,0.05747115905615602,connected,mainstream
231,popular_1_exp_Experiment_1_seed_42,1,0.06040942559121071,connected,mainstream
335,popular_1_exp_Experiment_1_seed_42,1,0.05012832183306668,connected,mainstream
362,popular_1_exp_Experiment_1_seed_42,1,0.0456092478571904,connected,mainstream
461,popular_1_exp_Experiment_1_seed_42,1,0.05621270243021473,connected,mainstream
57,popular_1_exp_Experiment_1_seed_42,2,0.02773726391276563,connected,niche
538,popular_1_exp_Experiment_1_seed_42,2,0.0674934332327475,connected,mainstream
309,popular_1_exp_Experiment_1_seed_42,2,0.04914509807828755,connected,mainstream
44,popular_1_exp_Experiment_1_seed_42,2,0.02117406307851916,connected,niche
424,popular_1_exp_Experiment_1_seed_42,2,0.05196597832962239,connected,mainstream
588,popular_1_exp_Experiment_1_seed_42,2,0.05273549664810287,connected,mainstream
462,popular_1_exp_Experiment_1_seed_42,2,0.051011966880242766,connected,mainstream
1,popular_1_exp_Experiment_1_seed_42,2,0.023084398928512606,connected,niche
294,popular_1_exp_Experiment_1_seed_42,2,0.05026698266395918,connected,mainstream
364,popular_1_exp_Experiment_1_seed_42,2,0.04977842179545459,connected,mainstream
489,popular_1_exp_Experiment_1_seed_42,2,0.05736845938632418,connected,mainstream
73,popular_1_exp_Experiment_1_seed_42,2,0.06951122143186282,connected,mainstream
388,popular_1_exp_Experiment_1_seed_42,2,0.06656091272093369,connected,mainstream
569,popular_1_exp_Experiment_1_seed_42,2,0.04996069277757281,connected,mainstream
387,popular_1_exp_Experiment_1_seed_42,2,0.05438509474927411,connected,mainstream
373,popular_1_exp_Experiment_1_seed_42,2,0.05324212054050475,connected,mainstream
292,popular_1_exp_Experiment_1_seed_42,2,0.052697479253767186,connected,mainstream
383,popular_1_exp_Experiment_1_seed_42,2,0.05157985941945725,connected,mainstream
519,popular_1_exp_Experiment_1_seed_42,2,0.05036290257726592,connected,mainstream
554,popular_1_exp_Experiment_1_seed_42,2,0.048535936874963964,connected,mainstream
97,popular_1_exp_Experiment_1_seed_42,2,0.06833150018159548,connected,mainstream
419,popular_1_exp_Experiment_1_seed_42,2,0.055305286917339706,connected,mainstream
125,popular_1_exp_Experiment_1_seed_42,2,0.05166422798492437,connected,mainstream
61,popular_1_exp_Experiment_1_seed_42,2,0.06047230500768389,connected,mainstream
71,popular_1_exp_Experiment_1_seed_42,2,0.05359583094559516,connected,mainstream
85,popular_1_exp_Experiment_1_seed_42,2,0.051643367951697716,connected,mainstream
403,popular_1_exp_Experiment_1_seed_42,2,0.06318291746870065,connected,mainstream
2,popular_1_exp_Experiment_1_seed_42,2,0.014892210197771172,connected,niche
374,popular_1_exp_Experiment_1_seed_42,2,0.052889029691504365,connected,mainstream
594,popular_1_exp_Experiment_1_seed_42,2,0.05264183315428909,connected,mainstream
560,popular_1_exp_Experiment_1_seed_42,2,0.0627392070452497,connected,mainstream
510,popular_1_exp_Experiment_1_seed_42,2,0.05867343901109561,connected,mainstream
546,popular_1_exp_Experiment_1_seed_42,2,0.05216647771135633,connected,mainstream
428,popular_1_exp_Experiment_1_seed_42,2,0.0782680117166845,connected,mainstream
212,popular_1_exp_Experiment_1_seed_42,2,0.049248346682937566,connected,mainstream
238,popular_1_exp_Experiment_1_seed_42,2,0.06753697497529036,connected,mainstream
183,popular_1_exp_Experiment_1_seed_42,2,0.0497843089615726,connected,mainstream
308,popular_1_exp_Experiment_1_seed_42,2,0.059145360936718884,connected,mainstream
88,popular_1_exp_Experiment_1_seed_42,2,0.052577137070986484,connected,mainstream
54,popular_1_exp_Experiment_1_seed_42,2,0.02104206953862656,connected,niche
93,popular_1_exp_Experiment_1_seed_42,2,0.062452898458579514,connected,mainstream
142,popular_1_exp_Experiment_1_seed_42,2,0.05337371922468213,connected,mainstream
43,popular_1_exp_Experiment_1_seed_42,2,0.030538342042608496,connected,niche
385,popular_1_exp_Experiment_1_seed_42,2,0.049496804135104815,connected,mainstream
533,popular_1_exp_Experiment_1_seed_42,2,0.05005186769967549,connected,mainstream
431,popular_1_exp_Experiment_1_seed_42,2,0.05459965677031925,connected,mainstream
67,popular_1_exp_Experiment_1_seed_42,2,0.07708798369202406,connected,mainstream
415,popular_1_exp_Experiment_1_seed_42,2,0.06692418500643409,connected,mainstream
220,popular_1_exp_Experiment_1_seed_42,2,0.05371165684371013,connected,mainstream
402,popular_1_exp_Experiment_1_seed_42,2,0.05087209617563576,connected,mainstream
98,popular_1_exp_Experiment_1_seed_42,2,0.05327401540884411,connected,mainstream
358,popular_1_exp_Experiment_1_seed_42,2,0.05384403465397868,connected,mainstream
196,popular_1_exp_Experiment_1_seed_42,2,0.0502166702683313,connected,mainstream
239,popular_1_exp_Experiment_1_seed_42,2,0.06684049807920954,connected,mainstream
245,popular_1_exp_Experiment_1_seed_42,2,0.05085065776916189,connected,mainstream
102,popular_1_exp_Experiment_1_seed_42,2,0.054007442000833926,connected,mainstream
78,popular_1_exp_Experiment_1_seed_42,2,0.06536984156986282,connected,mainstream
295,popular_1_exp_Experiment_1_seed_42,2,0.056840877238723886,connected,mainstream
131,popular_1_exp_Experiment_1_seed_42,2,0.060463779087689,connected,mainstream
531,popular_1_exp_Experiment_1_seed_42,2,0.05908687684898903,connected,mainstream
468,popular_1_exp_Experiment_1_seed_42,2,0.048985925475648485,connected,mainstream
473,popular_1_exp_Experiment_1_seed_42,2,0.04877952713375657,connected,mainstream
224,popular_1_exp_Experiment_1_seed_42,2,0.048423539678660865,connected,mainstream
581,popular_1_exp_Experiment_1_seed_42,2,0.05859818179802914,connected,mainstream
577,popular_1_exp_Experiment_1_seed_42,2,0.05504085149202603,connected,mainstream
215,popular_1_exp_Experiment_1_seed_42,2,0.04924026362575213,connected,mainstream
161,popular_1_exp_Experiment_1_seed_42,2,0.05532994144117385,connected,mainstream
504,popular_1_exp_Experiment_1_seed_42,2,0.04947016323853509,connected,mainstream
559,popular_1_exp_Experiment_1_seed_42,2,0.05311979340993684,connected,mainstream
574,popular_1_exp_Experiment_1_seed_42,2,0.05578567839165823,connected,mainstream
17,popular_1_exp_Experiment_1_seed_42,2,0.026102777756216763,connected,niche
151,popular_1_exp_Experiment_1_seed_42,2,0.06552708939922035,connected,mainstream
12,popular_1_exp_Experiment_1_seed_42,2,0.030096381189200428,connected,niche
376,popular_1_exp_Experiment_1_seed_42,2,0.059134163793698374,connected,mainstream
204,popular_1_exp_Experiment_1_seed_42,2,0.04898538844080121,connected,mainstream
283,popular_1_exp_Experiment_1_seed_42,2,0.06457914352080323,connected,mainstream
386,popular_1_exp_Experiment_1_seed_42,2,0.051123815310753835,connected,mainstream
38,popular_1_exp_Experiment_1_seed_42,2,0.028784853411618697,connected,niche
74,popular_1_exp_Experiment_1_seed_42,2,0.05919097641277996,connected,mainstream
398,popular_1_exp_Experiment_1_seed_42,2,0.05677228046714633,connected,mainstream
159,popular_1_exp_Experiment_1_seed_42,2,0.06148234814032749,connected,mainstream
458,popular_1_exp_Experiment_1_seed_42,2,0.04959535288172625,connected,mainstream
355,popular_1_exp_Experiment_1_seed_42,2,0.0699237409183746,connected,mainstream
521,popular_1_exp_Experiment_1_seed_42,2,0.059515776555245925,connected,mainstream
217,popular_1_exp_Experiment_1_seed_42,2,0.05834336266333062,connected,mainstream
158,popular_1_exp_Experiment_1_seed_42,2,0.07028620869572204,connected,mainstream
316,popular_1_exp_Experiment_1_seed_42,2,0.05185560306941461,connected,mainstream
149,popular_1_exp_Experiment_1_seed_42,2,0.04997064844620388,connected,mainstream
219,popular_1_exp_Experiment_1_seed_42,2,0.06125931560363131,connected,mainstream
381,popular_1_exp_Experiment_1_seed_42,2,0.04875012657325581,connected,mainstream
45,popular_1_exp_Experiment_1_seed_42,2,0.031613575190408805,connected,niche
540,popular_1_exp_Experiment_1_seed_42,2,0.06541591884952731,connected,mainstream
248,popular_1_exp_Experiment_1_seed_42,2,0.06812690400993769,connected,mainstream
211,popular_1_exp_Experiment_1_seed_42,2,0.05223955848400635,connected,mainstream
278,popular_1_exp_Experiment_1_seed_42,2,0.06609481512263903,connected,mainstream
96,popular_1_exp_Experiment_1_seed_42,2,0.06133334839979776,connected,mainstream
157,popular_1_exp_Experiment_1_seed_42,2,0.052250173335695836,connected,mainstream
59,popular_1_exp_Experiment_1_seed_42,2,0.02974725491813919,connected,niche
255,popular_1_exp_Experiment_1_seed_42,2,0.07628686752346592,connected,mainstream
140,popular_1_exp_Experiment_1_seed_42,2,0.05338381797126884,connected,mainstream
564,popular_1_exp_Experiment_1_seed_42,2,0.060683486437959434,connected,mainstream
46,popular_1_exp_Experiment_1_seed_42,2,0.029359917955361626,connected,niche
599,popular_1_exp_Experiment_1_seed_42,2,0.07475838152205501,connected,mainstream
512,popular_1_exp_Experiment_1_seed_42,2,0.0512085648932545,connected,mainstream
116,popular_1_exp_Experiment_1_seed_42,2,0.048201150967533433,connected,mainstream
203,popular_1_exp_Experiment_1_seed_42,2,0.07141456455151952,connected,mainstream
241,popular_1_exp_Experiment_1_seed_42,2,0.05579619684207022,connected,mainstream
354,popular_1_exp_Experiment_1_seed_42,2,0.058027171738921,connected,mainstream
22,popular_1_exp_Experiment_1_seed_42,2,0.02787017813252853,connected,niche
90,popular_1_exp_Experiment_1_seed_42,2,0.04827259432177062,connected,mainstream
70,popular_1_exp_Experiment_1_seed_42,2,0.0603129166259592,connected,mainstream
311,popular_1_exp_Experiment_1_seed_42,2,0.05822995569323858,connected,mainstream
563,popular_1_exp_Experiment_1_seed_42,2,0.048574087095182815,connected,mainstream
558,popular_1_exp_Experiment_1_seed_42,2,0.07495753189986464,connected,mainstream
227,popular_1_exp_Experiment_1_seed_42,2,0.055029739431446956,connected,mainstream
511,popular_1_exp_Experiment_1_seed_42,2,0.05518368992556161,connected,mainstream
37,popular_1_exp_Experiment_1_seed_42,2,0.014559233737543474,connected,niche
175,popular_1_exp_Experiment_1_seed_42,2,0.05355332001687612,connected,mainstream
169,popular_1_exp_Experiment_1_seed_42,2,0.05647540082555553,connected,mainstream
524,popular_1_exp_Experiment_1_seed_42,2,0.05785288951476191,connected,mainstream
182,popular_1_exp_Experiment_1_seed_42,2,0.05242816378302847,connected,mainstream
133,popular_1_exp_Experiment_1_seed_42,2,0.05500663455806576,connected,mainstream
242,popular_1_exp_Experiment_1_seed_42,2,0.07126510750958244,connected,mainstream
323,popular_1_exp_Experiment_1_seed_42,2,0.055406271702043076,connected,mainstream
498,popular_1_exp_Experiment_1_seed_42,2,0.07253170414322942,connected,mainstream
297,popular_1_exp_Experiment_1_seed_42,2,0.053445484601983784,connected,mainstream
99,popular_1_exp_Experiment_1_seed_42,2,0.04976958513140136,connected,mainstream
186,popular_1_exp_Experiment_1_seed_42,2,0.0616880984260272,connected,mainstream
130,popular_1_exp_Experiment_1_seed_42,2,0.04874388923496359,connected,mainstream
469,popular_1_exp_Experiment_1_seed_42,2,0.06751067390429773,connected,mainstream
299,popular_1_exp_Experiment_1_seed_42,2,0.06282267665940248,connected,mainstream
135,popular_1_exp_Experiment_1_seed_42,2,0.058522430830301446,connected,mainstream
298,popular_1_exp_Experiment_1_seed_42,2,0.060209474687806165,connected,mainstream
209,popular_1_exp_Experiment_1_seed_42,2,0.05216344684709174,connected,mainstream
499,popular_1_exp_Experiment_1_seed_42,2,0.04995022392435244,connected,mainstream
222,popular_1_exp_Experiment_1_seed_42,2,0.05895377234735516,connected,mainstream
262,popular_1_exp_Experiment_1_seed_42,2,0.0658411976507352,connected,mainstream
252,popular_1_exp_Experiment_1_seed_42,2,0.0513866511261711,connected,mainstream
351,popular_1_exp_Experiment_1_seed_42,2,0.05668897685686553,connected,mainstream
289,popular_1_exp_Experiment_1_seed_42,2,0.06114241377992311,connected,mainstream
357,popular_1_exp_Experiment_1_seed_42,2,0.05012576002049963,connected,mainstream
129,popular_1_exp_Experiment_1_seed_42,2,0.06301914716731596,connected,mainstream
229,popular_1_exp_Experiment_1_seed_42,2,0.05098559898214163,connected,mainstream
526,popular_1_exp_Experiment_1_seed_42,2,0.05613983781534871,connected,mainstream
405,popular_1_exp_Experiment_1_seed_42,2,0.054758660147341924,connected,mainstream
187,popular_1_exp_Experiment_1_seed_42,2,0.050273402232085325,connected,mainstream
293,popular_1_exp_Experiment_1_seed_42,2,0.04977566839978467,connected,mainstream
60,popular_1_exp_Experiment_1_seed_42,2,0.06375189455823548,connected,mainstream
314,popular_1_exp_Experiment_1_seed_42,2,0.06300107365155946,connected,mainstream
414,popular_1_exp_Experiment_1_seed_42,2,0.05024660946402341,connected,mainstream
225,popular_1_exp_Experiment_1_seed_42,2,0.051540923848315164,connected,mainstream
453,popular_1_exp_Experiment_1_seed_42,2,0.05203620148337285,connected,mainstream
269,popular_1_exp_Experiment_1_seed_42,2,0.06616736391646168,connected,mainstream
479,popular_1_exp_Experiment_1_seed_42,2,0.061819611403184975,connected,mainstream
430,popular_1_exp_Experiment_1_seed_42,2,0.060138133203906756,connected,mainstream
118,popular_1_exp_Experiment_1_seed_42,2,0.05784793642044486,connected,mainstream
553,popular_1_exp_Experiment_1_seed_42,2,0.05337525965987452,connected,mainstream
138,popular_1_exp_Experiment_1_seed_42,2,0.07722001211931849,connected,mainstream
236,popular_1_exp_Experiment_1_seed_42,2,0.054294604819400655,connected,mainstream
36,popular_1_exp_Experiment_1_seed_42,2,0.01777436848861782,connected,niche
410,popular_1_exp_Experiment_1_seed_42,2,0.06824826700490573,connected,mainstream
201,popular_1_exp_Experiment_1_seed_42,2,0.0592863375789708,connected,mainstream
340,popular_1_exp_Experiment_1_seed_42,2,0.054211787691437474,connected,mainstream
490,popular_1_exp_Experiment_1_seed_42,2,0.05619970439893875,connected,mainstream
341,popular_1_exp_Experiment_1_seed_42,2,0.054947803670852634,connected,mainstream
545,popular_1_exp_Experiment_1_seed_42,2,0.0818333493469367,connected,mainstream
477,popular_1_exp_Experiment_1_seed_42,2,0.06012803289770798,connected,mainstream
34,popular_1_exp_Experiment_1_seed_42,2,0.013723451803811631,connected,niche
595,popular_1_exp_Experiment_1_seed_42,2,0.05208141151251655,connected,mainstream
434,popular_1_exp_Experiment_1_seed_42,2,0.05761829012997401,connected,mainstream
145,popular_1_exp_Experiment_1_seed_42,2,0.04974598813391971,connected,mainstream
254,popular_1_exp_Experiment_1_seed_42,2,0.049876677110057,connected,mainstream
267,popular_1_exp_Experiment_1_seed_42,2,0.05699612275819671,connected,mainstream
197,popular_1_exp_Experiment_1_seed_42,2,0.05714002133362084,connected,mainstream
555,popular_1_exp_Experiment_1_seed_42,2,0.05547053211527082,connected,mainstream
541,popular_1_exp_Experiment_1_seed_42,2,0.04963467401276159,connected,mainstream
321,popular_1_exp_Experiment_1_seed_42,2,0.061785589512726814,connected,mainstream
481,popular_1_exp_Experiment_1_seed_42,2,0.05520278421258726,connected,mainstream
437,popular_1_exp_Experiment_1_seed_42,2,0.06490582330251808,connected,mainstream
281,popular_1_exp_Experiment_1_seed_42,2,0.05507257662594147,connected,mainstream
33,popular_1_exp_Experiment_1_seed_42,2,0.023959007161984906,connected,niche
426,popular_1_exp_Experiment_1_seed_42,2,0.055355778913441615,connected,mainstream
286,popular_1_exp_Experiment_1_seed_42,2,0.04906669461640519,connected,mainstream
565,popular_1_exp_Experiment_1_seed_42,2,0.06462756555021314,connected,mainstream
166,popular_1_exp_Experiment_1_seed_42,2,0.048961544142110215,connected,mainstream
596,popular_1_exp_Experiment_1_seed_42,2,0.05202885129250406,connected,mainstream
517,popular_1_exp_Experiment_1_seed_42,2,0.058953640323960305,connected,mainstream
492,popular_1_exp_Experiment_1_seed_42,2,0.04996970799197723,connected,mainstream
270,popular_1_exp_Experiment_1_seed_42,2,0.05921018562287269,connected,mainstream
378,popular_1_exp_Experiment_1_seed_42,2,0.05610337175265045,connected,mainstream
69,popular_1_exp_Experiment_1_seed_42,2,0.054499542471196406,connected,mainstream
103,popular_1_exp_Experiment_1_seed_42,2,0.04974048241621942,connected,mainstream
310,popular_1_exp_Experiment_1_seed_42,2,0.055615521476609385,connected,mainstream
20,popular_1_exp_Experiment_1_seed_42,2,0.03294127502029449,connected,niche
429,popular_1_exp_Experiment_1_seed_42,2,0.06674080110742857,connected,mainstream
14,popular_1_exp_Experiment_1_seed_42,2,0.023960843838444337,connected,niche
277,popular_1_exp_Experiment_1_seed_42,2,0.01247882187431173,connected,mainstream
582,popular_1_exp_Experiment_1_seed_42,2,0.0560274535781504,connected,mainstream
446,popular_1_exp_Experiment_1_seed_42,2,0.061160000524219736,connected,mainstream
556,popular_1_exp_Experiment_1_seed_42,2,0.055232052531085395,connected,mainstream
137,popular_1_exp_Experiment_1_seed_42,2,0.056593368132794974,connected,mainstream
539,popular_1_exp_Experiment_1_seed_42,2,0.061368201734732196,connected,mainstream
30,popular_1_exp_Experiment_1_seed_42,2,0.01306760461430565,connected,niche
586,popular_1_exp_Experiment_1_seed_42,2,0.07131062144620366,connected,mainstream
282,popular_1_exp_Experiment_1_seed_42,2,0.05434357667981001,connected,mainstream
592,popular_1_exp_Experiment_1_seed_42,2,0.05576134022089485,connected,mainstream
110,popular_1_exp_Experiment_1_seed_42,2,0.051698899194123564,connected,mainstream
347,popular_1_exp_Experiment_1_seed_42,2,0.061485714250610966,connected,mainstream
230,popular_1_exp_Experiment_1_seed_42,2,0.05133196896948979,connected,mainstream
467,popular_1_exp_Experiment_1_seed_42,2,0.05930599185384943,connected,mainstream
568,popular_1_exp_Experiment_1_seed_42,2,0.05759323519680343,connected,mainstream
123,popular_1_exp_Experiment_1_seed_42,2,0.053660773297051274,connected,mainstream
42,popular_1_exp_Experiment_1_seed_42,2,0.014319181156365617,connected,niche
132,popular_1_exp_Experiment_1_seed_42,2,0.08105524343375797,connected,mainstream
359,popular_1_exp_Experiment_1_seed_42,2,0.07445221879229565,connected,mainstream
557,popular_1_exp_Experiment_1_seed_42,2,0.05657511361865907,connected,mainstream
41,popular_1_exp_Experiment_1_seed_42,2,0.015218024376787346,connected,niche
208,popular_1_exp_Experiment_1_seed_42,2,0.04832254133374194,connected,mainstream
396,popular_1_exp_Experiment_1_seed_42,2,0.05269419538525361,connected,mainstream
365,popular_1_exp_Experiment_1_seed_42,2,0.048880013247131836,connected,mainstream
160,popular_1_exp_Experiment_1_seed_42,2,0.08372393000644762,connected,mainstream
170,popular_1_exp_Experiment_1_seed_42,2,0.056794160414673805,connected,mainstream
23,popular_1_exp_Experiment_1_seed_42,2,0.013689989935760406,connected,niche
471,popular_1_exp_Experiment_1_seed_42,2,0.050699897698117384,connected,mainstream
18,popular_1_exp_Experiment_1_seed_42,2,0.028553808229379033,connected,niche
174,popular_1_exp_Experiment_1_seed_42,2,0.05031349422550227,connected,mainstream
80,popular_1_exp_Experiment_1_seed_42,2,0.05686395574676225,connected,mainstream
249,popular_1_exp_Experiment_1_seed_42,2,0.05335941283852677,connected,mainstream
597,popular_1_exp_Experiment_1_seed_42,2,0.05542296990383255,connected,mainstream
478,popular_1_exp_Experiment_1_seed_42,2,0.058801581175550566,connected,mainstream
422,popular_1_exp_Experiment_1_seed_42,2,0.058417577621321666,connected,mainstream
257,popular_1_exp_Experiment_1_seed_42,2,0.05984320760510706,connected,mainstream
147,popular_1_exp_Experiment_1_seed_42,2,0.052401929382632516,connected,mainstream
319,popular_1_exp_Experiment_1_seed_42,2,0.06436490071602415,connected,mainstream
39,popular_1_exp_Experiment_1_seed_42,2,0.01588170789778202,connected,niche
100,popular_1_exp_Experiment_1_seed_42,2,0.04949717787141009,connected,mainstream
322,popular_1_exp_Experiment_1_seed_42,2,0.07583857100892559,connected,mainstream
572,popular_1_exp_Experiment_1_seed_42,2,0.05634534653437082,connected,mainstream
332,popular_1_exp_Experiment_1_seed_42,2,0.052480181668650906,connected,mainstream
334,popular_1_exp_Experiment_1_seed_42,2,0.04987510881439689,connected,mainstream
101,popular_1_exp_Experiment_1_seed_42,2,0.04908636543811128,connected,mainstream
256,popular_1_exp_Experiment_1_seed_42,2,0.0541827707630348,connected,mainstream
207,popular_1_exp_Experiment_1_seed_42,2,0.0639847721295596,connected,mainstream
95,popular_1_exp_Experiment_1_seed_42,2,0.05871177258446488,connected,mainstream
544,popular_1_exp_Experiment_1_seed_42,2,0.058080754283285935,connected,mainstream
112,popular_1_exp_Experiment_1_seed_42,2,0.04982582217975721,connected,mainstream
301,popular_1_exp_Experiment_1_seed_42,2,0.05274050022684532,connected,mainstream
325,popular_1_exp_Experiment_1_seed_42,2,0.0557089961935924,connected,mainstream
439,popular_1_exp_Experiment_1_seed_42,2,0.06144184434023329,connected,mainstream
128,popular_1_exp_Experiment_1_seed_42,2,0.08696296913519347,connected,mainstream
493,popular_1_exp_Experiment_1_seed_42,2,0.05498711307925824,connected,mainstream
232,popular_1_exp_Experiment_1_seed_42,2,0.06986309415304777,connected,mainstream
87,popular_1_exp_Experiment_1_seed_42,2,0.054083580215382225,connected,mainstream
117,popular_1_exp_Experiment_1_seed_42,2,0.06656199508188913,connected,mainstream
79,popular_1_exp_Experiment_1_seed_42,2,0.05715177888383786,connected,mainstream
306,popular_1_exp_Experiment_1_seed_42,2,0.05288033081490882,connected,mainstream
8,popular_1_exp_Experiment_1_seed_42,2,0.016866687366016906,connected,niche
324,popular_1_exp_Experiment_1_seed_42,2,0.056587377654222414,connected,mainstream
366,popular_1_exp_Experiment_1_seed_42,2,0.05010719080914531,connected,mainstream
505,popular_1_exp_Experiment_1_seed_42,2,0.048794913429050187,connected,mainstream
86,popular_1_exp_Experiment_1_seed_42,2,0.051476627572020685,connected,mainstream
284,popular_1_exp_Experiment_1_seed_42,2,0.0632927573605807,connected,mainstream
206,popular_1_exp_Experiment_1_seed_42,2,0.05759558320402517,connected,mainstream
192,popular_1_exp_Experiment_1_seed_42,2,0.055730657328092736,connected,mainstream
464,popular_1_exp_Experiment_1_seed_42,2,0.05456684661238078,connected,mainstream
180,popular_1_exp_Experiment_1_seed_42,2,0.050466332808020216,connected,mainstream
497,popular_1_exp_Experiment_1_seed_42,2,0.05607034965573815,connected,mainstream
395,popular_1_exp_Experiment_1_seed_42,2,0.04929242732491986,connected,mainstream
49,popular_1_exp_Experiment_1_seed_42,2,0.026110887964151997,connected,niche
413,popular_1_exp_Experiment_1_seed_42,2,0.051907053212758125,connected,mainstream
549,popular_1_exp_Experiment_1_seed_42,2,0.04968092476552292,connected,mainstream
15,popular_1_exp_Experiment_1_seed_42,2,0.022855908999401802,connected,niche
244,popular_1_exp_Experiment_1_seed_42,2,0.0650728361292982,connected,mainstream
234,popular_1_exp_Experiment_1_seed_42,2,0.05423249499176629,connected,mainstream
276,popular_1_exp_Experiment_1_seed_42,2,0.05730751604969775,connected,mainstream
361,popular_1_exp_Experiment_1_seed_42,2,0.06748879082442166,connected,mainstream
412,popular_1_exp_Experiment_1_seed_42,2,0.054452289904223745,connected,mainstream
375,popular_1_exp_Experiment_1_seed_42,2,0.05346887052110841,connected,mainstream
250,popular_1_exp_Experiment_1_seed_42,2,0.0630004674116409,connected,mainstream
233,popular_1_exp_Experiment_1_seed_42,2,0.05718950065495452,connected,mainstream
369,popular_1_exp_Experiment_1_seed_42,2,0.049197730207353234,connected,mainstream
391,popular_1_exp_Experiment_1_seed_42,2,0.05464618585519889,connected,mainstream
171,popular_1_exp_Experiment_1_seed_42,2,0.06114250808566943,connected,mainstream
304,popular_1_exp_Experiment_1_seed_42,2,0.05111873704888612,connected,mainstream
72,popular_1_exp_Experiment_1_seed_42,2,0.05271856633960614,connected,mainstream
272,popular_1_exp_Experiment_1_seed_42,2,0.08275297962677623,connected,mainstream
154,popular_1_exp_Experiment_1_seed_42,2,0.060933716364757286,connected,mainstream
488,popular_1_exp_Experiment_1_seed_42,2,0.0629783498752175,connected,mainstream
76,popular_1_exp_Experiment_1_seed_42,2,0.05708667074894059,connected,mainstream
436,popular_1_exp_Experiment_1_seed_42,2,0.06558697117497213,connected,mainstream
240,popular_1_exp_Experiment_1_seed_42,2,0.05285947854911486,connected,mainstream
570,popular_1_exp_Experiment_1_seed_42,2,0.04921261139900074,connected,mainstream
223,popular_1_exp_Experiment_1_seed_42,2,0.05084002073939836,connected,mainstream
146,popular_1_exp_Experiment_1_seed_42,2,0.05443577123296333,connected,mainstream
13,popular_1_exp_Experiment_1_seed_42,2,0.02667810230705726,connected,niche
152,popular_1_exp_Experiment_1_seed_42,2,0.055819215926373004,connected,mainstream
68,popular_1_exp_Experiment_1_seed_42,2,0.04847199758694992,connected,mainstream
120,popular_1_exp_Experiment_1_seed_42,2,0.05648566139342292,connected,mainstream
506,popular_1_exp_Experiment_1_seed_42,2,0.052230886153768974,connected,mainstream
108,popular_1_exp_Experiment_1_seed_42,2,0.062439722759689044,connected,mainstream
77,popular_1_exp_Experiment_1_seed_42,2,0.05529704789207145,connected,mainstream
400,popular_1_exp_Experiment_1_seed_42,2,0.06286878184266674,connected,mainstream
337,popular_1_exp_Experiment_1_seed_42,2,0.05792310814977431,connected,mainstream
7,popular_1_exp_Experiment_1_seed_42,2,0.02286071284970259,connected,niche
345,popular_1_exp_Experiment_1_seed_42,2,0.06689106150962111,connected,mainstream
438,popular_1_exp_Experiment_1_seed_42,2,0.05243889275952998,connected,mainstream
9,popular_1_exp_Experiment_1_seed_42,2,0.01667987311100487,connected,niche
261,popular_1_exp_Experiment_1_seed_42,2,0.049010368509147216,connected,mainstream
455,popular_1_exp_Experiment_1_seed_42,2,0.04975667207850947,connected,mainstream
65,popular_1_exp_Experiment_1_seed_42,2,0.06268516427938764,connected,mainstream
329,popular_1_exp_Experiment_1_seed_42,2,0.0529140623219046,connected,mainstream
518,popular_1_exp_Experiment_1_seed_42,2,0.06845796844911049,connected,mainstream
382,popular_1_exp_Experiment_1_seed_42,2,0.06123192277155106,connected,mainstream
482,popular_1_exp_Experiment_1_seed_42,2,0.054036604485696305,connected,mainstream
320,popular_1_exp_Experiment_1_seed_42,2,0.06006662499756854,connected,mainstream
104,popular_1_exp_Experiment_1_seed_42,2,0.053095927883844984,connected,mainstream
317,popular_1_exp_Experiment_1_seed_42,2,0.05214851308257967,connected,mainstream
463,popular_1_exp_Experiment_1_seed_42,2,0.057726426890355544,connected,mainstream
266,popular_1_exp_Experiment_1_seed_42,2,0.04854794445806943,connected,mainstream
115,popular_1_exp_Experiment_1_seed_42,2,0.05831484208962668,connected,mainstream
346,popular_1_exp_Experiment_1_seed_42,2,0.05364648727107745,connected,mainstream
450,popular_1_exp_Experiment_1_seed_42,2,0.054377698010541826,connected,mainstream
496,popular_1_exp_Experiment_1_seed_42,2,0.0693970671580723,connected,mainstream
348,popular_1_exp_Experiment_1_seed_42,2,0.06518045002052035,connected,mainstream
508,popular_1_exp_Experiment_1_seed_42,2,0.07153785563214625,connected,mainstream
507,popular_1_exp_Experiment_1_seed_42,2,0.05918043383217678,connected,mainstream
243,popular_1_exp_Experiment_1_seed_42,2,0.05843518677027646,connected,mainstream
260,popular_1_exp_Experiment_1_seed_42,2,0.05887330106584494,connected,mainstream
487,popular_1_exp_Experiment_1_seed_42,2,0.05408657163472278,connected,mainstream
550,popular_1_exp_Experiment_1_seed_42,2,0.04889667014315183,connected,mainstream
343,popular_1_exp_Experiment_1_seed_42,2,0.06922531710380814,connected,mainstream
177,popular_1_exp_Experiment_1_seed_42,2,0.08027557809510258,connected,mainstream
333,popular_1_exp_Experiment_1_seed_42,2,0.05175311375237441,connected,mainstream
5,popular_1_exp_Experiment_1_seed_42,2,0.015428192884846056,connected,niche
425,popular_1_exp_Experiment_1_seed_42,2,0.05215885320168317,connected,mainstream
372,popular_1_exp_Experiment_1_seed_42,2,0.05525774592466745,connected,mainstream
288,popular_1_exp_Experiment_1_seed_42,2,0.05929165461365422,connected,mainstream
50,popular_1_exp_Experiment_1_seed_42,2,0.014905164462332365,connected,niche
279,popular_1_exp_Experiment_1_seed_42,2,0.06620871815853648,connected,mainstream
165,popular_1_exp_Experiment_1_seed_42,2,0.0525726030645196,connected,mainstream
124,popular_1_exp_Experiment_1_seed_42,2,0.0562278606032137,connected,mainstream
134,popular_1_exp_Experiment_1_seed_42,2,0.06406228022545006,connected,mainstream
82,popular_1_exp_Experiment_1_seed_42,2,0.060953181062479246,connected,mainstream
571,popular_1_exp_Experiment_1_seed_42,2,0.05366964260843324,connected,mainstream
119,popular_1_exp_Experiment_1_seed_42,2,0.05075783123358533,connected,mainstream
31,popular_1_exp_Experiment_1_seed_42,2,0.028793108372390488,connected,niche
81,popular_1_exp_Experiment_1_seed_42,2,0.0531998403260596,connected,mainstream
184,popular_1_exp_Experiment_1_seed_42,2,0.056266268540412494,connected,mainstream
350,popular_1_exp_Experiment_1_seed_42,2,0.052976527856594284,connected,mainstream
363,popular_1_exp_Experiment_1_seed_42,2,0.053302759806061056,connected,mainstream
393,popular_1_exp_Experiment_1_seed_42,2,0.05125983589484385,connected,mainstream
416,popular_1_exp_Experiment_1_seed_42,2,0.05483886464252225,connected,mainstream
399,popular_1_exp_Experiment_1_seed_42,2,0.05701456851986635,connected,mainstream
148,popular_1_exp_Experiment_1_seed_42,2,0.05549942672329398,connected,mainstream
150,popular_1_exp_Experiment_1_seed_42,2,0.055339783478549565,connected,mainstream
274,popular_1_exp_Experiment_1_seed_42,2,0.04976645145446732,connected,mainstream
307,popular_1_exp_Experiment_1_seed_42,2,0.05652777742753279,connected,mainstream
591,popular_1_exp_Experiment_1_seed_42,2,0.054226187410188496,connected,mainstream
326,popular_1_exp_Experiment_1_seed_42,2,0.052735613195208565,connected,mainstream
543,popular_1_exp_Experiment_1_seed_42,2,0.04915717492458856,connected,mainstream
456,popular_1_exp_Experiment_1_seed_42,2,0.05490533033869971,connected,mainstream
460,popular_1_exp_Experiment_1_seed_42,2,0.057468687625651244,connected,mainstream
213,popular_1_exp_Experiment_1_seed_42,2,0.05583522168280421,connected,mainstream
516,popular_1_exp_Experiment_1_seed_42,2,0.05697899662009701,connected,mainstream
313,popular_1_exp_Experiment_1_seed_42,2,0.05752897057141948,connected,mainstream
181,popular_1_exp_Experiment_1_seed_42,2,0.052365400679590966,connected,mainstream
433,popular_1_exp_Experiment_1_seed_42,2,0.06543066521001101,connected,mainstream
285,popular_1_exp_Experiment_1_seed_42,2,0.049736044462871366,connected,mainstream
384,popular_1_exp_Experiment_1_seed_42,2,0.08824121694731113,connected,mainstream
195,popular_1_exp_Experiment_1_seed_42,2,0.0657413895181395,connected,mainstream
303,popular_1_exp_Experiment_1_seed_42,2,0.0602575264328947,connected,mainstream
423,popular_1_exp_Experiment_1_seed_42,2,0.05108945399030421,connected,mainstream
259,popular_1_exp_Experiment_1_seed_42,2,0.05285701685866256,connected,mainstream
327,popular_1_exp_Experiment_1_seed_42,2,0.04899037340514781,connected,mainstream
420,popular_1_exp_Experiment_1_seed_42,2,0.05378023352527389,connected,mainstream
525,popular_1_exp_Experiment_1_seed_42,2,0.0541456260848387,connected,mainstream
352,popular_1_exp_Experiment_1_seed_42,2,0.013708814640644924,connected,mainstream
551,popular_1_exp_Experiment_1_seed_42,2,0.06378787592815126,connected,mainstream
532,popular_1_exp_Experiment_1_seed_42,2,0.0631527616055616,connected,mainstream
528,popular_1_exp_Experiment_1_seed_42,2,0.058127029704766596,connected,mainstream
452,popular_1_exp_Experiment_1_seed_42,2,0.04891364086035496,connected,mainstream
404,popular_1_exp_Experiment_1_seed_42,2,0.04863659857388145,connected,mainstream
19,popular_1_exp_Experiment_1_seed_42,2,0.027728476372396466,connected,niche
443,popular_1_exp_Experiment_1_seed_42,2,0.06872420160870775,connected,mainstream
342,popular_1_exp_Experiment_1_seed_42,2,0.06979224840120446,connected,mainstream
265,popular_1_exp_Experiment_1_seed_42,2,0.07061840440627506,connected,mainstream
561,popular_1_exp_Experiment_1_seed_42,2,0.061334293433348265,connected,mainstream
173,popular_1_exp_Experiment_1_seed_42,2,0.0692687989539816,connected,mainstream
205,popular_1_exp_Experiment_1_seed_42,2,0.06802076775062871,connected,mainstream
318,popular_1_exp_Experiment_1_seed_42,2,0.06185099447649325,connected,mainstream
94,popular_1_exp_Experiment_1_seed_42,2,0.0650974419138078,connected,mainstream
500,popular_1_exp_Experiment_1_seed_42,2,0.05903624415128178,connected,mainstream
472,popular_1_exp_Experiment_1_seed_42,2,0.05606291464449333,connected,mainstream
105,popular_1_exp_Experiment_1_seed_42,2,0.06091896468456529,connected,mainstream
200,popular_1_exp_Experiment_1_seed_42,2,0.06390465480684626,connected,mainstream
523,popular_1_exp_Experiment_1_seed_42,2,0.04907186985115633,connected,mainstream
447,popular_1_exp_Experiment_1_seed_42,2,0.051245940175401065,connected,mainstream
380,popular_1_exp_Experiment_1_seed_42,2,0.054292099202356614,connected,mainstream
141,popular_1_exp_Experiment_1_seed_42,2,0.05488861920428934,connected,mainstream
127,popular_1_exp_Experiment_1_seed_42,2,0.05191955421063397,connected,mainstream
139,popular_1_exp_Experiment_1_seed_42,2,0.05133538974456341,connected,mainstream
379,popular_1_exp_Experiment_1_seed_42,2,0.06364189307862622,connected,mainstream
589,popular_1_exp_Experiment_1_seed_42,2,0.051649097831585326,connected,mainstream
514,popular_1_exp_Experiment_1_seed_42,2,0.05426054317368235,connected,mainstream
513,popular_1_exp_Experiment_1_seed_42,2,0.06205165298697767,connected,mainstream
522,popular_1_exp_Experiment_1_seed_42,2,0.05349752827027826,connected,mainstream
75,popular_1_exp_Experiment_1_seed_42,2,0.06071338423996198,connected,mainstream
24,popular_1_exp_Experiment_1_seed_42,2,0.025377695917321853,connected,niche
189,popular_1_exp_Experiment_1_seed_42,2,0.05052348247767064,connected,mainstream
216,popular_1_exp_Experiment_1_seed_42,2,0.0003856733033834699,connected,mainstream
198,popular_1_exp_Experiment_1_seed_42,2,0.05258252103954392,connected,mainstream
580,popular_1_exp_Experiment_1_seed_42,2,0.07299833908409555,connected,mainstream
0,popular_1_exp_Experiment_1_seed_42,2,0.03251193168477397,connected,niche
392,popular_1_exp_Experiment_1_seed_42,2,0.0496457015612509,connected,mainstream
178,popular_1_exp_Experiment_1_seed_42,2,0.04941043404750581,connected,mainstream
470,popular_1_exp_Experiment_1_seed_42,2,0.054631567221321904,connected,mainstream
598,popular_1_exp_Experiment_1_seed_42,2,0.053741802648237656,connected,mainstream
11,popular_1_exp_Experiment_1_seed_42,2,0.027089327243496008,connected,niche
114,popular_1_exp_Experiment_1_seed_42,2,0.04993045372817845,connected,mainstream
474,popular_1_exp_Experiment_1_seed_42,2,0.06412490883738026,connected,mainstream
537,popular_1_exp_Experiment_1_seed_42,2,0.05072186608490878,connected,mainstream
417,popular_1_exp_Experiment_1_seed_42,2,0.05461378969080114,connected,mainstream
394,popular_1_exp_Experiment_1_seed_42,2,0.061918875443599745,connected,mainstream
534,popular_1_exp_Experiment_1_seed_42,2,0.07466122000898213,connected,mainstream
407,popular_1_exp_Experiment_1_seed_42,2,0.05948571196441558,connected,mainstream
179,popular_1_exp_Experiment_1_seed_42,2,0.04980784547584982,connected,mainstream
58,popular_1_exp_Experiment_1_seed_42,2,0.012996855936502398,connected,niche
172,popular_1_exp_Experiment_1_seed_42,2,0.058866604507302855,connected,mainstream
445,popular_1_exp_Experiment_1_seed_42,2,0.06615737130407161,connected,mainstream
136,popular_1_exp_Experiment_1_seed_42,2,0.06209735399261257,connected,mainstream
536,popular_1_exp_Experiment_1_seed_42,2,0.05683029174713333,connected,mainstream
168,popular_1_exp_Experiment_1_seed_42,2,0.055524608024539505,connected,mainstream
109,popular_1_exp_Experiment_1_seed_42,2,0.05992066775982577,connected,mainstream
442,popular_1_exp_Experiment_1_seed_42,2,0.05816299871853391,connected,mainstream
587,popular_1_exp_Experiment_1_seed_42,2,0.06092398497472596,connected,mainstream
368,popular_1_exp_Experiment_1_seed_42,2,0.05775434305010835,connected,mainstream
449,popular_1_exp_Experiment_1_seed_42,2,0.058442833418665206,connected,mainstream
280,popular_1_exp_Experiment_1_seed_42,2,0.055203866861457396,connected,mainstream
576,popular_1_exp_Experiment_1_seed_42,2,0.05119919427962571,connected,mainstream
51,popular_1_exp_Experiment_1_seed_42,2,0.018183391697979383,connected,niche
465,popular_1_exp_Experiment_1_seed_42,2,0.060415068084344235,connected,mainstream
176,popular_1_exp_Experiment_1_seed_42,2,0.054292134031743294,connected,mainstream
121,popular_1_exp_Experiment_1_seed_42,2,0.05750350200260205,connected,mainstream
491,popular_1_exp_Experiment_1_seed_42,2,0.058181242090841336,connected,mainstream
210,popular_1_exp_Experiment_1_seed_42,2,0.05650122527605245,connected,mainstream
194,popular_1_exp_Experiment_1_seed_42,2,0.05063401790596638,connected,mainstream
163,popular_1_exp_Experiment_1_seed_42,2,0.051576984138841125,connected,mainstream
263,popular_1_exp_Experiment_1_seed_42,2,0.05321132553306062,connected,mainstream
338,popular_1_exp_Experiment_1_seed_42,2,0.05809324925163514,connected,mainstream
328,popular_1_exp_Experiment_1_seed_42,2,0.050896344768026784,connected,mainstream
218,popular_1_exp_Experiment_1_seed_42,2,0.054904800718183454,connected,mainstream
126,popular_1_exp_Experiment_1_seed_42,2,0.059468876158905865,connected,mainstream
91,popular_1_exp_Experiment_1_seed_42,2,0.057724663798766125,connected,mainstream
495,popular_1_exp_Experiment_1_seed_42,2,0.05899975359881262,connected,mainstream
156,popular_1_exp_Experiment_1_seed_42,2,0.061326802294281633,connected,mainstream
287,popular_1_exp_Experiment_1_seed_42,2,0.058757429264856775,connected,mainstream
3,popular_1_exp_Experiment_1_seed_42,2,0.023987616455007275,connected,niche
273,popular_1_exp_Experiment_1_seed_42,2,0.05250892434189063,connected,mainstream
547,popular_1_exp_Experiment_1_seed_42,2,0.06744654894033805,connected,mainstream
202,popular_1_exp_Experiment_1_seed_42,2,0.05457043121445704,connected,mainstream
28,popular_1_exp_Experiment_1_seed_42,2,0.00882174615938298,connected,niche
199,popular_1_exp_Experiment_1_seed_42,2,0.06542047369958653,connected,mainstream
542,popular_1_exp_Experiment_1_seed_42,2,0.05976581126086216,connected,mainstream
296,popular_1_exp_Experiment_1_seed_42,2,0.05293991168111612,connected,mainstream
356,popular_1_exp_Experiment_1_seed_42,2,0.0524237150666149,connected,mainstream
56,popular_1_exp_Experiment_1_seed_42,2,0.018189521582294563,connected,niche
312,popular_1_exp_Experiment_1_seed_42,2,0.05449305722733134,connected,mainstream
275,popular_1_exp_Experiment_1_seed_42,2,0.055799312001072555,connected,mainstream
185,popular_1_exp_Experiment_1_seed_42,2,0.05276783502838539,connected,mainstream
336,popular_1_exp_Experiment_1_seed_42,2,0.057606297080203095,connected,mainstream
228,popular_1_exp_Experiment_1_seed_42,2,0.051160674989433164,connected,mainstream
237,popular_1_exp_Experiment_1_seed_42,2,0.049985933398091986,connected,mainstream
448,popular_1_exp_Experiment_1_seed_42,2,0.05446588833549529,connected,mainstream
584,popular_1_exp_Experiment_1_seed_42,2,0.057278919677557306,connected,mainstream
144,popular_1_exp_Experiment_1_seed_42,2,0.05240117976577724,connected,mainstream
459,popular_1_exp_Experiment_1_seed_42,2,0.05179241626498904,connected,mainstream
40,popular_1_exp_Experiment_1_seed_42,2,0.027106600735821582,connected,niche
155,popular_1_exp_Experiment_1_seed_42,2,0.05767208282929284,connected,mainstream
520,popular_1_exp_Experiment_1_seed_42,2,0.06264015550674976,connected,mainstream
35,popular_1_exp_Experiment_1_seed_42,2,0.022658995498781604,connected,niche
143,popular_1_exp_Experiment_1_seed_42,2,0.00035254281471827094,connected,mainstream
408,popular_1_exp_Experiment_1_seed_42,2,0.05711812626537124,connected,mainstream
367,popular_1_exp_Experiment_1_seed_42,2,0.05501974377493899,connected,mainstream
92,popular_1_exp_Experiment_1_seed_42,2,0.05509562609301225,connected,mainstream
370,popular_1_exp_Experiment_1_seed_42,2,0.05325192947213151,connected,mainstream
32,popular_1_exp_Experiment_1_seed_42,2,0.014539762993561156,connected,niche
485,popular_1_exp_Experiment_1_seed_42,2,0.05681366954265762,connected,mainstream
106,popular_1_exp_Experiment_1_seed_42,2,0.05268328226181229,connected,mainstream
251,popular_1_exp_Experiment_1_seed_42,2,0.05560196069862273,connected,mainstream
52,popular_1_exp_Experiment_1_seed_42,2,0.024465798194736706,connected,niche
331,popular_1_exp_Experiment_1_seed_42,2,0.09269398730375948,connected,mainstream
25,popular_1_exp_Experiment_1_seed_42,2,0.022212926194696402,connected,niche
475,popular_1_exp_Experiment_1_seed_42,2,0.05230060794854751,connected,mainstream
83,popular_1_exp_Experiment_1_seed_42,2,0.05514069258054261,connected,mainstream
411,popular_1_exp_Experiment_1_seed_42,2,0.06929933241378518,connected,mainstream
503,popular_1_exp_Experiment_1_seed_42,2,0.05718860593455636,connected,mainstream
579,popular_1_exp_Experiment_1_seed_42,2,0.0495145531701611,connected,mainstream
111,popular_1_exp_Experiment_1_seed_42,2,0.04929407683213508,connected,mainstream
29,popular_1_exp_Experiment_1_seed_42,2,0.02323980169444895,connected,niche
480,popular_1_exp_Experiment_1_seed_42,2,0.00037288154693621863,connected,mainstream
84,popular_1_exp_Experiment_1_seed_42,2,0.07205441888386623,connected,mainstream
527,popular_1_exp_Experiment_1_seed_42,2,0.05139605076142259,connected,mainstream
441,popular_1_exp_Experiment_1_seed_42,2,0.060533050098713743,connected,mainstream
349,popular_1_exp_Experiment_1_seed_42,2,0.04817522298840479,connected,mainstream
64,popular_1_exp_Experiment_1_seed_42,2,0.06494380853097198,connected,mainstream
360,popular_1_exp_Experiment_1_seed_42,2,0.05436214214628073,connected,mainstream
258,popular_1_exp_Experiment_1_seed_42,2,0.05661168011450981,connected,mainstream
530,popular_1_exp_Experiment_1_seed_42,2,0.06423175302017849,connected,mainstream
291,popular_1_exp_Experiment_1_seed_42,2,0.06311833572040826,connected,mainstream
305,popular_1_exp_Experiment_1_seed_42,2,0.0586153871089363,connected,mainstream
16,popular_1_exp_Experiment_1_seed_42,2,0.022967050132408143,connected,niche
47,popular_1_exp_Experiment_1_seed_42,2,0.027939457041237858,connected,niche
590,popular_1_exp_Experiment_1_seed_42,2,0.05428925050637944,connected,mainstream
188,popular_1_exp_Experiment_1_seed_42,2,0.06282175826221045,connected,mainstream
397,popular_1_exp_Experiment_1_seed_42,2,0.0757297557889444,connected,mainstream
457,popular_1_exp_Experiment_1_seed_42,2,0.05446904675177183,connected,mainstream
302,popular_1_exp_Experiment_1_seed_42,2,0.05158050279395551,connected,mainstream
26,popular_1_exp_Experiment_1_seed_42,2,0.02756800869922343,connected,niche
6,popular_1_exp_Experiment_1_seed_42,2,0.013633421387554731,connected,niche
315,popular_1_exp_Experiment_1_seed_42,2,0.05739089342889476,connected,mainstream
268,popular_1_exp_Experiment_1_seed_42,2,0.05504157942662472,connected,mainstream
494,popular_1_exp_Experiment_1_seed_42,2,0.049833825471583465,connected,mainstream
330,popular_1_exp_Experiment_1_seed_42,2,0.05798732167680835,connected,mainstream
501,popular_1_exp_Experiment_1_seed_42,2,0.0729602635849589,connected,mainstream
10,popular_1_exp_Experiment_1_seed_42,2,0.02966679628448469,connected,niche
509,popular_1_exp_Experiment_1_seed_42,2,0.04801253664078756,connected,mainstream
548,popular_1_exp_Experiment_1_seed_42,2,0.055341916305609175,connected,mainstream
164,popular_1_exp_Experiment_1_seed_42,2,0.04908851699771009,connected,mainstream
484,popular_1_exp_Experiment_1_seed_42,2,0.05473237723080867,connected,mainstream
63,popular_1_exp_Experiment_1_seed_42,2,0.0003562345952966381,connected,mainstream
339,popular_1_exp_Experiment_1_seed_42,2,0.051538643053662285,connected,mainstream
246,popular_1_exp_Experiment_1_seed_42,2,0.04949734890981233,connected,mainstream
193,popular_1_exp_Experiment_1_seed_42,2,0.04958229774368533,connected,mainstream
529,popular_1_exp_Experiment_1_seed_42,2,0.05139575991668049,connected,mainstream
113,popular_1_exp_Experiment_1_seed_42,2,0.057722482984614416,connected,mainstream
427,popular_1_exp_Experiment_1_seed_42,2,0.053030246475341096,connected,mainstream
344,popular_1_exp_Experiment_1_seed_42,2,0.0554316403839365,connected,mainstream
575,popular_1_exp_Experiment_1_seed_42,2,0.06131931171102584,connected,mainstream
583,popular_1_exp_Experiment_1_seed_42,2,0.05512104192150411,connected,mainstream
55,popular_1_exp_Experiment_1_seed_42,2,0.02431786778446061,connected,niche
476,popular_1_exp_Experiment_1_seed_42,2,0.06345558676814762,connected,mainstream
89,popular_1_exp_Experiment_1_seed_42,2,0.04867776481177774,connected,mainstream
409,popular_1_exp_Experiment_1_seed_42,2,0.05940686586546215,connected,mainstream
353,popular_1_exp_Experiment_1_seed_42,2,0.05713596092959605,connected,mainstream
62,popular_1_exp_Experiment_1_seed_42,2,0.05520116225658584,connected,mainstream
418,popular_1_exp_Experiment_1_seed_42,2,0.05755401021889798,connected,mainstream
573,popular_1_exp_Experiment_1_seed_42,2,0.05262367691442645,connected,mainstream
440,popular_1_exp_Experiment_1_seed_42,2,0.05058322889768637,connected,mainstream
454,popular_1_exp_Experiment_1_seed_42,2,0.0564776403092761,connected,mainstream
562,popular_1_exp_Experiment_1_seed_42,2,0.0572801958449633,connected,mainstream
221,popular_1_exp_Experiment_1_seed_42,2,0.06673177350685632,connected,mainstream
406,popular_1_exp_Experiment_1_seed_42,2,0.05255231400776377,connected,mainstream
432,popular_1_exp_Experiment_1_seed_42,2,0.06292237847670534,connected,mainstream
290,popular_1_exp_Experiment_1_seed_42,2,0.056147699364844726,connected,mainstream
27,popular_1_exp_Experiment_1_seed_42,2,0.02562846764930159,connected,niche
247,popular_1_exp_Experiment_1_seed_42,2,0.05125543083992908,connected,mainstream
271,popular_1_exp_Experiment_1_seed_42,2,0.048878564812421615,connected,mainstream
401,popular_1_exp_Experiment_1_seed_42,2,0.049293475888461606,connected,mainstream
578,popular_1_exp_Experiment_1_seed_42,2,0.07237768031931992,connected,mainstream
535,popular_1_exp_Experiment_1_seed_42,2,0.05488352256768236,connected,mainstream
371,popular_1_exp_Experiment_1_seed_42,2,0.0504920098561536,connected,mainstream
444,popular_1_exp_Experiment_1_seed_42,2,0.04853009406883235,connected,mainstream
226,popular_1_exp_Experiment_1_seed_42,2,0.05476706789890983,connected,mainstream
191,popular_1_exp_Experiment_1_seed_42,2,0.06144073507537721,connected,mainstream
122,popular_1_exp_Experiment_1_seed_42,2,0.06898927743976475,connected,mainstream
4,popular_1_exp_Experiment_1_seed_42,2,0.030936441029368194,connected,niche
21,popular_1_exp_Experiment_1_seed_42,2,0.01653389055754047,connected,niche
390,popular_1_exp_Experiment_1_seed_42,2,0.059245703135588156,connected,mainstream
190,popular_1_exp_Experiment_1_seed_42,2,0.04851813079126086,connected,mainstream
552,popular_1_exp_Experiment_1_seed_42,2,0.06297690851205939,connected,mainstream
235,popular_1_exp_Experiment_1_seed_42,2,0.05745645244600425,connected,mainstream
593,popular_1_exp_Experiment_1_seed_42,2,0.054827727623103006,connected,mainstream
214,popular_1_exp_Experiment_1_seed_42,2,0.07166199935986724,connected,mainstream
483,popular_1_exp_Experiment_1_seed_42,2,0.06962490897053687,connected,mainstream
515,popular_1_exp_Experiment_1_seed_42,2,0.05292102035309632,connected,mainstream
435,popular_1_exp_Experiment_1_seed_42,2,0.05189906183576123,connected,mainstream
377,popular_1_exp_Experiment_1_seed_42,2,0.07157815510417818,connected,mainstream
162,popular_1_exp_Experiment_1_seed_42,2,0.05431791957795623,connected,mainstream
66,popular_1_exp_Experiment_1_seed_42,2,0.06114575612018159,connected,mainstream
421,popular_1_exp_Experiment_1_seed_42,2,0.0738196268845141,connected,mainstream
566,popular_1_exp_Experiment_1_seed_42,2,0.07054719806473637,connected,mainstream
153,popular_1_exp_Experiment_1_seed_42,2,0.05230800259477894,connected,mainstream
48,popular_1_exp_Experiment_1_seed_42,2,0.014281028320091505,connected,niche
486,popular_1_exp_Experiment_1_seed_42,2,0.054150592601473056,connected,mainstream
389,popular_1_exp_Experiment_1_seed_42,2,0.05378709838280979,connected,mainstream
466,popular_1_exp_Experiment_1_seed_42,2,0.0508921183849583,connected,mainstream
107,popular_1_exp_Experiment_1_seed_42,2,0.05145325277649926,connected,mainstream
585,popular_1_exp_Experiment_1_seed_42,2,0.0573054483349702,connected,mainstream
53,popular_1_exp_Experiment_1_seed_42,2,0.029713098524767324,connected,niche
567,popular_1_exp_Experiment_1_seed_42,2,0.05425527857871428,connected,mainstream
167,popular_1_exp_Experiment_1_seed_42,2,0.07051921342067045,connected,mainstream
502,popular_1_exp_Experiment_1_seed_42,2,0.06074915450517813,connected,mainstream
451,popular_1_exp_Experiment_1_seed_42,2,0.052233152381048975,connected,mainstream
300,popular_1_exp_Experiment_1_seed_42,2,0.05830664408492533,connected,mainstream
264,popular_1_exp_Experiment_1_seed_42,2,0.062265515232910934,connected,mainstream
253,popular_1_exp_Experiment_1_seed_42,2,0.06159795542101468,connected,mainstream
231,popular_1_exp_Experiment_1_seed_42,2,0.06771153294581049,connected,mainstream
335,popular_1_exp_Experiment_1_seed_42,2,0.05501778901237286,connected,mainstream
362,popular_1_exp_Experiment_1_seed_42,2,0.050380343668531946,connected,mainstream
461,popular_1_exp_Experiment_1_seed_42,2,0.06293666050622229,connected,mainstream
57,popular_1_exp_Experiment_1_seed_42,3,0.03455079527364079,connected,niche
538,popular_1_exp_Experiment_1_seed_42,3,0.06543911946299352,connected,mainstream
309,popular_1_exp_Experiment_1_seed_42,3,0.05024368981347563,connected,mainstream
44,popular_1_exp_Experiment_1_seed_42,3,0.01937577130914322,connected,niche
424,popular_1_exp_Experiment_1_seed_42,3,0.05190260852901074,connected,mainstream
588,popular_1_exp_Experiment_1_seed_42,3,0.05098311570613956,connected,mainstream
462,popular_1_exp_Experiment_1_seed_42,3,0.053651991177669923,connected,mainstream
1,popular_1_exp_Experiment_1_seed_42,3,0.027960893853796336,connected,niche
294,popular_1_exp_Experiment_1_seed_42,3,0.05089959786944239,connected,mainstream
364,popular_1_exp_Experiment_1_seed_42,3,0.04958088834419724,connected,mainstream
489,popular_1_exp_Experiment_1_seed_42,3,0.05694559808250412,connected,mainstream
73,popular_1_exp_Experiment_1_seed_42,3,0.06791653464778637,connected,mainstream
388,popular_1_exp_Experiment_1_seed_42,3,0.06649294635105557,connected,mainstream
569,popular_1_exp_Experiment_1_seed_42,3,0.05113822557443722,connected,mainstream
387,popular_1_exp_Experiment_1_seed_42,3,0.05478587447991875,connected,mainstream
373,popular_1_exp_Experiment_1_seed_42,3,0.055696605040007265,connected,mainstream
292,popular_1_exp_Experiment_1_seed_42,3,0.05389174624359641,connected,mainstream
383,popular_1_exp_Experiment_1_seed_42,3,0.05228187942742394,connected,mainstream
519,popular_1_exp_Experiment_1_seed_42,3,0.05057917601493464,connected,mainstream
554,popular_1_exp_Experiment_1_seed_42,3,0.049216073661505766,connected,mainstream
97,popular_1_exp_Experiment_1_seed_42,3,0.06631546337612863,connected,mainstream
419,popular_1_exp_Experiment_1_seed_42,3,0.05608818900412585,connected,mainstream
125,popular_1_exp_Experiment_1_seed_42,3,0.053049993227635754,connected,mainstream
61,popular_1_exp_Experiment_1_seed_42,3,0.06339089597147803,connected,mainstream
71,popular_1_exp_Experiment_1_seed_42,3,0.05346934226276614,connected,mainstream
85,popular_1_exp_Experiment_1_seed_42,3,0.05069396812154298,connected,mainstream
403,popular_1_exp_Experiment_1_seed_42,3,0.06494568074806366,connected,mainstream
2,popular_1_exp_Experiment_1_seed_42,3,0.014629331575121425,connected,niche
374,popular_1_exp_Experiment_1_seed_42,3,0.05354051915009619,connected,mainstream
594,popular_1_exp_Experiment_1_seed_42,3,0.052176134396592945,connected,mainstream
560,popular_1_exp_Experiment_1_seed_42,3,0.06560220181393711,connected,mainstream
510,popular_1_exp_Experiment_1_seed_42,3,0.057533624562569864,connected,mainstream
546,popular_1_exp_Experiment_1_seed_42,3,0.05273515182258457,connected,mainstream
428,popular_1_exp_Experiment_1_seed_42,3,0.07487903576670717,connected,mainstream
212,popular_1_exp_Experiment_1_seed_42,3,0.05039473383459947,connected,mainstream
238,popular_1_exp_Experiment_1_seed_42,3,0.0695077343362219,connected,mainstream
183,popular_1_exp_Experiment_1_seed_42,3,0.049998480409488455,connected,mainstream
308,popular_1_exp_Experiment_1_seed_42,3,0.05944729053433145,connected,mainstream
88,popular_1_exp_Experiment_1_seed_42,3,0.05432472112180681,connected,mainstream
54,popular_1_exp_Experiment_1_seed_42,3,0.026814633926776316,connected,niche
93,popular_1_exp_Experiment_1_seed_42,3,0.06345950388675985,connected,mainstream
142,popular_1_exp_Experiment_1_seed_42,3,0.05537993043517686,connected,mainstream
43,popular_1_exp_Experiment_1_seed_42,3,0.026838283344802663,connected,niche
385,popular_1_exp_Experiment_1_seed_42,3,0.04974342508496657,connected,mainstream
533,popular_1_exp_Experiment_1_seed_42,3,0.050706353074374495,connected,mainstream
431,popular_1_exp_Experiment_1_seed_42,3,0.05966451323199431,connected,mainstream
67,popular_1_exp_Experiment_1_seed_42,3,0.07941218912503972,connected,mainstream
415,popular_1_exp_Experiment_1_seed_42,3,0.06578961533751722,connected,mainstream
220,popular_1_exp_Experiment_1_seed_42,3,0.05497282949924365,connected,mainstream
402,popular_1_exp_Experiment_1_seed_42,3,0.050876909301868646,connected,mainstream
98,popular_1_exp_Experiment_1_seed_42,3,0.052634950451735524,connected,mainstream
358,popular_1_exp_Experiment_1_seed_42,3,0.05255080568367926,connected,mainstream
196,popular_1_exp_Experiment_1_seed_42,3,0.05071717616673038,connected,mainstream
239,popular_1_exp_Experiment_1_seed_42,3,0.06799449801203312,connected,mainstream
245,popular_1_exp_Experiment_1_seed_42,3,0.051646109251074844,connected,mainstream
102,popular_1_exp_Experiment_1_seed_42,3,0.054519301077206726,connected,mainstream
78,popular_1_exp_Experiment_1_seed_42,3,0.06748720202734142,connected,mainstream
295,popular_1_exp_Experiment_1_seed_42,3,0.05805327716678838,connected,mainstream
131,popular_1_exp_Experiment_1_seed_42,3,0.06221916927793656,connected,mainstream
531,popular_1_exp_Experiment_1_seed_42,3,0.059566328271436104,connected,mainstream
468,popular_1_exp_Experiment_1_seed_42,3,0.050597631320394944,connected,mainstream
473,popular_1_exp_Experiment_1_seed_42,3,0.0493737660291897,connected,mainstream
224,popular_1_exp_Experiment_1_seed_42,3,0.04902519205458359,connected,mainstream
581,popular_1_exp_Experiment_1_seed_42,3,0.05925800554353101,connected,mainstream
577,popular_1_exp_Experiment_1_seed_42,3,0.05590323993240041,connected,mainstream
215,popular_1_exp_Experiment_1_seed_42,3,0.050737423371275035,connected,mainstream
161,popular_1_exp_Experiment_1_seed_42,3,0.05521348733015661,connected,mainstream
504,popular_1_exp_Experiment_1_seed_42,3,0.050062242264838575,connected,mainstream
559,popular_1_exp_Experiment_1_seed_42,3,0.05449272445308915,connected,mainstream
574,popular_1_exp_Experiment_1_seed_42,3,0.05524613061825214,connected,mainstream
17,popular_1_exp_Experiment_1_seed_42,3,0.03105136387491669,connected,niche
151,popular_1_exp_Experiment_1_seed_42,3,0.0650371536491739,connected,mainstream
12,popular_1_exp_Experiment_1_seed_42,3,0.029999105513873164,connected,niche
376,popular_1_exp_Experiment_1_seed_42,3,0.060284819548671965,connected,mainstream
204,popular_1_exp_Experiment_1_seed_42,3,0.0505917298523827,connected,mainstream
283,popular_1_exp_Experiment_1_seed_42,3,0.06360244312639644,connected,mainstream
386,popular_1_exp_Experiment_1_seed_42,3,0.05542539264101785,connected,mainstream
38,popular_1_exp_Experiment_1_seed_42,3,0.027509411145031054,connected,niche
74,popular_1_exp_Experiment_1_seed_42,3,0.06006179362042156,connected,mainstream
398,popular_1_exp_Experiment_1_seed_42,3,0.05679002912274605,connected,mainstream
159,popular_1_exp_Experiment_1_seed_42,3,0.06385761771825753,connected,mainstream
458,popular_1_exp_Experiment_1_seed_42,3,0.05061856731031783,connected,mainstream
355,popular_1_exp_Experiment_1_seed_42,3,0.07105450287749489,connected,mainstream
521,popular_1_exp_Experiment_1_seed_42,3,0.06092313563365034,connected,mainstream
217,popular_1_exp_Experiment_1_seed_42,3,0.058507301340455946,connected,mainstream
158,popular_1_exp_Experiment_1_seed_42,3,0.07036198738850952,connected,mainstream
316,popular_1_exp_Experiment_1_seed_42,3,0.0535672778193295,connected,mainstream
149,popular_1_exp_Experiment_1_seed_42,3,0.04977217791899985,connected,mainstream
219,popular_1_exp_Experiment_1_seed_42,3,0.0607239414317107,connected,mainstream
381,popular_1_exp_Experiment_1_seed_42,3,0.051738831670519514,connected,mainstream
45,popular_1_exp_Experiment_1_seed_42,3,0.031167818792971258,connected,niche
540,popular_1_exp_Experiment_1_seed_42,3,0.0701570249744169,connected,mainstream
248,popular_1_exp_Experiment_1_seed_42,3,0.06683669716378128,connected,mainstream
211,popular_1_exp_Experiment_1_seed_42,3,0.052994280866997916,connected,mainstream
278,popular_1_exp_Experiment_1_seed_42,3,0.06724449545855697,connected,mainstream
96,popular_1_exp_Experiment_1_seed_42,3,0.06339236371593045,connected,mainstream
157,popular_1_exp_Experiment_1_seed_42,3,0.0526445255071207,connected,mainstream
59,popular_1_exp_Experiment_1_seed_42,3,0.028515808669072825,connected,niche
255,popular_1_exp_Experiment_1_seed_42,3,0.0757471743835791,connected,mainstream
140,popular_1_exp_Experiment_1_seed_42,3,0.05593012548662866,connected,mainstream
564,popular_1_exp_Experiment_1_seed_42,3,0.06147697123460715,connected,mainstream
46,popular_1_exp_Experiment_1_seed_42,3,0.029180042974840437,connected,niche
599,popular_1_exp_Experiment_1_seed_42,3,0.0738945819440663,connected,mainstream
512,popular_1_exp_Experiment_1_seed_42,3,0.05189086924170234,connected,mainstream
116,popular_1_exp_Experiment_1_seed_42,3,0.05016073701550997,connected,mainstream
203,popular_1_exp_Experiment_1_seed_42,3,0.06925686739020329,connected,mainstream
241,popular_1_exp_Experiment_1_seed_42,3,0.05626242386902546,connected,mainstream
354,popular_1_exp_Experiment_1_seed_42,3,0.05930688818064108,connected,mainstream
22,popular_1_exp_Experiment_1_seed_42,3,0.02866718061416219,connected,niche
90,popular_1_exp_Experiment_1_seed_42,3,0.04884935438940901,connected,mainstream
70,popular_1_exp_Experiment_1_seed_42,3,0.06141103529720845,connected,mainstream
311,popular_1_exp_Experiment_1_seed_42,3,0.05906485915284987,connected,mainstream
563,popular_1_exp_Experiment_1_seed_42,3,0.04997404875950486,connected,mainstream
558,popular_1_exp_Experiment_1_seed_42,3,0.07613656967940174,connected,mainstream
227,popular_1_exp_Experiment_1_seed_42,3,0.055104164203915125,connected,mainstream
511,popular_1_exp_Experiment_1_seed_42,3,0.05587514198399803,connected,mainstream
37,popular_1_exp_Experiment_1_seed_42,3,0.014602079413338319,connected,niche
175,popular_1_exp_Experiment_1_seed_42,3,0.05317035609859979,connected,mainstream
169,popular_1_exp_Experiment_1_seed_42,3,0.05718251902612694,connected,mainstream
524,popular_1_exp_Experiment_1_seed_42,3,0.05852286843365779,connected,mainstream
182,popular_1_exp_Experiment_1_seed_42,3,0.054013187947310304,connected,mainstream
133,popular_1_exp_Experiment_1_seed_42,3,0.05571596521813785,connected,mainstream
242,popular_1_exp_Experiment_1_seed_42,3,0.07172510859680899,connected,mainstream
323,popular_1_exp_Experiment_1_seed_42,3,0.056839175778308826,connected,mainstream
498,popular_1_exp_Experiment_1_seed_42,3,0.07431370853483484,connected,mainstream
297,popular_1_exp_Experiment_1_seed_42,3,0.05423924063725091,connected,mainstream
99,popular_1_exp_Experiment_1_seed_42,3,0.05076820492372255,connected,mainstream
186,popular_1_exp_Experiment_1_seed_42,3,0.06255334133577752,connected,mainstream
130,popular_1_exp_Experiment_1_seed_42,3,0.049807756556988596,connected,mainstream
469,popular_1_exp_Experiment_1_seed_42,3,0.06999410435939157,connected,mainstream
299,popular_1_exp_Experiment_1_seed_42,3,0.06338774498924678,connected,mainstream
135,popular_1_exp_Experiment_1_seed_42,3,0.059463562445990964,connected,mainstream
298,popular_1_exp_Experiment_1_seed_42,3,0.05805679594261731,connected,mainstream
209,popular_1_exp_Experiment_1_seed_42,3,0.05249777891692037,connected,mainstream
499,popular_1_exp_Experiment_1_seed_42,3,0.05035099072654719,connected,mainstream
222,popular_1_exp_Experiment_1_seed_42,3,0.05947753788887955,connected,mainstream
262,popular_1_exp_Experiment_1_seed_42,3,0.06907201628303011,connected,mainstream
252,popular_1_exp_Experiment_1_seed_42,3,0.05162116468466108,connected,mainstream
351,popular_1_exp_Experiment_1_seed_42,3,0.05567581950839121,connected,mainstream
289,popular_1_exp_Experiment_1_seed_42,3,0.06156682598110182,connected,mainstream
357,popular_1_exp_Experiment_1_seed_42,3,0.0505863774930064,connected,mainstream
129,popular_1_exp_Experiment_1_seed_42,3,0.06327288910879175,connected,mainstream
229,popular_1_exp_Experiment_1_seed_42,3,0.05120585216742115,connected,mainstream
526,popular_1_exp_Experiment_1_seed_42,3,0.057377390325844047,connected,mainstream
405,popular_1_exp_Experiment_1_seed_42,3,0.056127250268739125,connected,mainstream
187,popular_1_exp_Experiment_1_seed_42,3,0.05035510054203599,connected,mainstream
293,popular_1_exp_Experiment_1_seed_42,3,0.049971319228304216,connected,mainstream
60,popular_1_exp_Experiment_1_seed_42,3,0.0632444124963142,connected,mainstream
314,popular_1_exp_Experiment_1_seed_42,3,0.06471787141373263,connected,mainstream
414,popular_1_exp_Experiment_1_seed_42,3,0.05231164681906356,connected,mainstream
225,popular_1_exp_Experiment_1_seed_42,3,0.05287162165622147,connected,mainstream
453,popular_1_exp_Experiment_1_seed_42,3,0.05326324429310669,connected,mainstream
269,popular_1_exp_Experiment_1_seed_42,3,0.06537906924999229,connected,mainstream
479,popular_1_exp_Experiment_1_seed_42,3,0.06605074109784624,connected,mainstream
430,popular_1_exp_Experiment_1_seed_42,3,0.061385899100620304,connected,mainstream
118,popular_1_exp_Experiment_1_seed_42,3,0.058768629529394247,connected,mainstream
553,popular_1_exp_Experiment_1_seed_42,3,0.05146576710510296,connected,mainstream
138,popular_1_exp_Experiment_1_seed_42,3,0.07794007554345199,connected,mainstream
236,popular_1_exp_Experiment_1_seed_42,3,0.05588457893677637,connected,mainstream
36,popular_1_exp_Experiment_1_seed_42,3,0.017964279600628574,connected,niche
410,popular_1_exp_Experiment_1_seed_42,3,0.07140019198559151,connected,mainstream
201,popular_1_exp_Experiment_1_seed_42,3,0.06042570071301348,connected,mainstream
340,popular_1_exp_Experiment_1_seed_42,3,0.05575566895640841,connected,mainstream
490,popular_1_exp_Experiment_1_seed_42,3,0.05750419960811284,connected,mainstream
341,popular_1_exp_Experiment_1_seed_42,3,0.055986906133208274,connected,mainstream
545,popular_1_exp_Experiment_1_seed_42,3,0.07658599547459376,connected,mainstream
477,popular_1_exp_Experiment_1_seed_42,3,0.06026777282599189,connected,mainstream
34,popular_1_exp_Experiment_1_seed_42,3,0.01357305295296351,connected,niche
595,popular_1_exp_Experiment_1_seed_42,3,0.052641957342888686,connected,mainstream
434,popular_1_exp_Experiment_1_seed_42,3,0.056525134814963685,connected,mainstream
145,popular_1_exp_Experiment_1_seed_42,3,0.05077793149613367,connected,mainstream
254,popular_1_exp_Experiment_1_seed_42,3,0.05107957183947645,connected,mainstream
267,popular_1_exp_Experiment_1_seed_42,3,0.05609579725095462,connected,mainstream
197,popular_1_exp_Experiment_1_seed_42,3,0.05873378855018186,connected,mainstream
555,popular_1_exp_Experiment_1_seed_42,3,0.05565067666971171,connected,mainstream
541,popular_1_exp_Experiment_1_seed_42,3,0.050386723821991136,connected,mainstream
321,popular_1_exp_Experiment_1_seed_42,3,0.06392492953382423,connected,mainstream
481,popular_1_exp_Experiment_1_seed_42,3,0.05570485873872715,connected,mainstream
437,popular_1_exp_Experiment_1_seed_42,3,0.06566411951777346,connected,mainstream
281,popular_1_exp_Experiment_1_seed_42,3,0.057234046961523975,connected,mainstream
33,popular_1_exp_Experiment_1_seed_42,3,0.025934023279261406,connected,niche
426,popular_1_exp_Experiment_1_seed_42,3,0.056036381250506674,connected,mainstream
286,popular_1_exp_Experiment_1_seed_42,3,0.04959565760371715,connected,mainstream
565,popular_1_exp_Experiment_1_seed_42,3,0.06379563412525718,connected,mainstream
166,popular_1_exp_Experiment_1_seed_42,3,0.049553760284752925,connected,mainstream
596,popular_1_exp_Experiment_1_seed_42,3,0.052189005786754,connected,mainstream
517,popular_1_exp_Experiment_1_seed_42,3,0.05993405802022997,connected,mainstream
492,popular_1_exp_Experiment_1_seed_42,3,0.05099714608476457,connected,mainstream
270,popular_1_exp_Experiment_1_seed_42,3,0.062311308525501354,connected,mainstream
378,popular_1_exp_Experiment_1_seed_42,3,0.05632715029005348,connected,mainstream
69,popular_1_exp_Experiment_1_seed_42,3,0.05422988782337468,connected,mainstream
103,popular_1_exp_Experiment_1_seed_42,3,0.05061686238074426,connected,mainstream
310,popular_1_exp_Experiment_1_seed_42,3,0.056958594027883246,connected,mainstream
20,popular_1_exp_Experiment_1_seed_42,3,0.031740424593330985,connected,niche
429,popular_1_exp_Experiment_1_seed_42,3,0.06317223468977821,connected,mainstream
14,popular_1_exp_Experiment_1_seed_42,3,0.024510476196856455,connected,niche
277,popular_1_exp_Experiment_1_seed_42,3,0.04746292116814696,connected,mainstream
582,popular_1_exp_Experiment_1_seed_42,3,0.05655272529375471,connected,mainstream
446,popular_1_exp_Experiment_1_seed_42,3,0.05980851934566602,connected,mainstream
556,popular_1_exp_Experiment_1_seed_42,3,0.054761586668706196,connected,mainstream
137,popular_1_exp_Experiment_1_seed_42,3,0.05738658412064543,connected,mainstream
539,popular_1_exp_Experiment_1_seed_42,3,0.05993977813567653,connected,mainstream
30,popular_1_exp_Experiment_1_seed_42,3,0.013029301280507284,connected,niche
586,popular_1_exp_Experiment_1_seed_42,3,0.06621105598364267,connected,mainstream
282,popular_1_exp_Experiment_1_seed_42,3,0.052749588360379934,connected,mainstream
592,popular_1_exp_Experiment_1_seed_42,3,0.056591589654492146,connected,mainstream
110,popular_1_exp_Experiment_1_seed_42,3,0.05251112556584051,connected,mainstream
347,popular_1_exp_Experiment_1_seed_42,3,0.06268806442754689,connected,mainstream
230,popular_1_exp_Experiment_1_seed_42,3,0.051637039875140296,connected,mainstream
467,popular_1_exp_Experiment_1_seed_42,3,0.06018944742243221,connected,mainstream
568,popular_1_exp_Experiment_1_seed_42,3,0.05824325313316827,connected,mainstream
123,popular_1_exp_Experiment_1_seed_42,3,0.054451965384063196,connected,mainstream
42,popular_1_exp_Experiment_1_seed_42,3,0.014394759573880152,connected,niche
132,popular_1_exp_Experiment_1_seed_42,3,0.08533818319808002,connected,mainstream
359,popular_1_exp_Experiment_1_seed_42,3,0.07467140601244289,connected,mainstream
557,popular_1_exp_Experiment_1_seed_42,3,0.058350286189135715,connected,mainstream
41,popular_1_exp_Experiment_1_seed_42,3,0.015231991440289229,connected,niche
208,popular_1_exp_Experiment_1_seed_42,3,0.04899102754074935,connected,mainstream
396,popular_1_exp_Experiment_1_seed_42,3,0.05485880825912983,connected,mainstream
365,popular_1_exp_Experiment_1_seed_42,3,0.0497665439296382,connected,mainstream
160,popular_1_exp_Experiment_1_seed_42,3,0.08367263864832926,connected,mainstream
170,popular_1_exp_Experiment_1_seed_42,3,0.05712489271420059,connected,mainstream
23,popular_1_exp_Experiment_1_seed_42,3,0.021629117015437942,connected,niche
471,popular_1_exp_Experiment_1_seed_42,3,0.049606267031516445,connected,mainstream
18,popular_1_exp_Experiment_1_seed_42,3,0.027431428585362183,connected,niche
174,popular_1_exp_Experiment_1_seed_42,3,0.051911765210558125,connected,mainstream
80,popular_1_exp_Experiment_1_seed_42,3,0.0578079610185659,connected,mainstream
249,popular_1_exp_Experiment_1_seed_42,3,0.05053994881307932,connected,mainstream
597,popular_1_exp_Experiment_1_seed_42,3,0.05554987890114982,connected,mainstream
478,popular_1_exp_Experiment_1_seed_42,3,0.05868333413451879,connected,mainstream
422,popular_1_exp_Experiment_1_seed_42,3,0.05890203124430943,connected,mainstream
257,popular_1_exp_Experiment_1_seed_42,3,0.0606538771538778,connected,mainstream
147,popular_1_exp_Experiment_1_seed_42,3,0.0598308113051097,connected,mainstream
319,popular_1_exp_Experiment_1_seed_42,3,0.06469020992857433,connected,mainstream
39,popular_1_exp_Experiment_1_seed_42,3,0.015719171255977566,connected,niche
100,popular_1_exp_Experiment_1_seed_42,3,0.05032053359153049,connected,mainstream
322,popular_1_exp_Experiment_1_seed_42,3,0.07710499514547901,connected,mainstream
572,popular_1_exp_Experiment_1_seed_42,3,0.05711966207652135,connected,mainstream
332,popular_1_exp_Experiment_1_seed_42,3,0.05318768796440874,connected,mainstream
334,popular_1_exp_Experiment_1_seed_42,3,0.049737510354153004,connected,mainstream
101,popular_1_exp_Experiment_1_seed_42,3,0.049714089147721734,connected,mainstream
256,popular_1_exp_Experiment_1_seed_42,3,0.055330983190944684,connected,mainstream
207,popular_1_exp_Experiment_1_seed_42,3,0.06568141285266102,connected,mainstream
95,popular_1_exp_Experiment_1_seed_42,3,0.058873333450426675,connected,mainstream
544,popular_1_exp_Experiment_1_seed_42,3,0.055773742623765526,connected,mainstream
112,popular_1_exp_Experiment_1_seed_42,3,0.05003491666777493,connected,mainstream
301,popular_1_exp_Experiment_1_seed_42,3,0.053621281830697136,connected,mainstream
325,popular_1_exp_Experiment_1_seed_42,3,0.058025339194865626,connected,mainstream
439,popular_1_exp_Experiment_1_seed_42,3,0.06291546040701466,connected,mainstream
128,popular_1_exp_Experiment_1_seed_42,3,0.0917480894408919,connected,mainstream
493,popular_1_exp_Experiment_1_seed_42,3,0.05428426042340432,connected,mainstream
232,popular_1_exp_Experiment_1_seed_42,3,0.06731446420762238,connected,mainstream
87,popular_1_exp_Experiment_1_seed_42,3,0.05501294658419761,connected,mainstream
117,popular_1_exp_Experiment_1_seed_42,3,0.06794808831726971,connected,mainstream
79,popular_1_exp_Experiment_1_seed_42,3,0.05757060008495795,connected,mainstream
306,popular_1_exp_Experiment_1_seed_42,3,0.05241251235526817,connected,mainstream
8,popular_1_exp_Experiment_1_seed_42,3,0.01947608751599619,connected,niche
324,popular_1_exp_Experiment_1_seed_42,3,0.05892837562781386,connected,mainstream
366,popular_1_exp_Experiment_1_seed_42,3,0.05428928099229067,connected,mainstream
505,popular_1_exp_Experiment_1_seed_42,3,0.049456672353263655,connected,mainstream
86,popular_1_exp_Experiment_1_seed_42,3,0.051308629305950926,connected,mainstream
284,popular_1_exp_Experiment_1_seed_42,3,0.0590559663285288,connected,mainstream
206,popular_1_exp_Experiment_1_seed_42,3,0.05745050053108738,connected,mainstream
192,popular_1_exp_Experiment_1_seed_42,3,0.05697335552833014,connected,mainstream
464,popular_1_exp_Experiment_1_seed_42,3,0.05564998976328959,connected,mainstream
180,popular_1_exp_Experiment_1_seed_42,3,0.05109965154397749,connected,mainstream
497,popular_1_exp_Experiment_1_seed_42,3,0.056311948060833,connected,mainstream
395,popular_1_exp_Experiment_1_seed_42,3,0.04981077884391697,connected,mainstream
49,popular_1_exp_Experiment_1_seed_42,3,0.029245175056550707,connected,niche
413,popular_1_exp_Experiment_1_seed_42,3,0.05259537646373796,connected,mainstream
549,popular_1_exp_Experiment_1_seed_42,3,0.04999357117135795,connected,mainstream
15,popular_1_exp_Experiment_1_seed_42,3,0.023833904054001872,connected,niche
244,popular_1_exp_Experiment_1_seed_42,3,0.06582285244874769,connected,mainstream
234,popular_1_exp_Experiment_1_seed_42,3,0.05325623052947171,connected,mainstream
276,popular_1_exp_Experiment_1_seed_42,3,0.05818715804334634,connected,mainstream
361,popular_1_exp_Experiment_1_seed_42,3,0.06874114961576011,connected,mainstream
412,popular_1_exp_Experiment_1_seed_42,3,0.05560764751288705,connected,mainstream
375,popular_1_exp_Experiment_1_seed_42,3,0.054196628087362086,connected,mainstream
250,popular_1_exp_Experiment_1_seed_42,3,0.06372236929963523,connected,mainstream
233,popular_1_exp_Experiment_1_seed_42,3,0.058631583950410106,connected,mainstream
369,popular_1_exp_Experiment_1_seed_42,3,0.05045893009355784,connected,mainstream
391,popular_1_exp_Experiment_1_seed_42,3,0.056345179564285176,connected,mainstream
171,popular_1_exp_Experiment_1_seed_42,3,0.0625832839535881,connected,mainstream
304,popular_1_exp_Experiment_1_seed_42,3,0.051616007919387065,connected,mainstream
72,popular_1_exp_Experiment_1_seed_42,3,0.05339628650642631,connected,mainstream
272,popular_1_exp_Experiment_1_seed_42,3,0.07696917368651762,connected,mainstream
154,popular_1_exp_Experiment_1_seed_42,3,0.061985300292067225,connected,mainstream
488,popular_1_exp_Experiment_1_seed_42,3,0.06301821269664985,connected,mainstream
76,popular_1_exp_Experiment_1_seed_42,3,0.05654248967130576,connected,mainstream
436,popular_1_exp_Experiment_1_seed_42,3,0.06619204669672128,connected,mainstream
240,popular_1_exp_Experiment_1_seed_42,3,0.05387900143732186,connected,mainstream
570,popular_1_exp_Experiment_1_seed_42,3,0.04954250284284062,connected,mainstream
223,popular_1_exp_Experiment_1_seed_42,3,0.05017912480679077,connected,mainstream
146,popular_1_exp_Experiment_1_seed_42,3,0.055381131529782114,connected,mainstream
13,popular_1_exp_Experiment_1_seed_42,3,0.028185260655462757,connected,niche
152,popular_1_exp_Experiment_1_seed_42,3,0.0505287130213053,connected,mainstream
68,popular_1_exp_Experiment_1_seed_42,3,0.050799831483720914,connected,mainstream
120,popular_1_exp_Experiment_1_seed_42,3,0.057353391245108326,connected,mainstream
506,popular_1_exp_Experiment_1_seed_42,3,0.05291101715068333,connected,mainstream
108,popular_1_exp_Experiment_1_seed_42,3,0.06195423436497579,connected,mainstream
77,popular_1_exp_Experiment_1_seed_42,3,0.05610368409263742,connected,mainstream
400,popular_1_exp_Experiment_1_seed_42,3,0.06196605308063621,connected,mainstream
337,popular_1_exp_Experiment_1_seed_42,3,0.0608040697128763,connected,mainstream
7,popular_1_exp_Experiment_1_seed_42,3,0.02731053599624585,connected,niche
345,popular_1_exp_Experiment_1_seed_42,3,0.0655540216433143,connected,mainstream
438,popular_1_exp_Experiment_1_seed_42,3,0.052889957091344864,connected,mainstream
9,popular_1_exp_Experiment_1_seed_42,3,0.016688766510896198,connected,niche
261,popular_1_exp_Experiment_1_seed_42,3,0.050129972263073384,connected,mainstream
455,popular_1_exp_Experiment_1_seed_42,3,0.04961354361577528,connected,mainstream
65,popular_1_exp_Experiment_1_seed_42,3,0.07035152212956337,connected,mainstream
329,popular_1_exp_Experiment_1_seed_42,3,0.053328985535852934,connected,mainstream
518,popular_1_exp_Experiment_1_seed_42,3,0.06705298294310054,connected,mainstream
382,popular_1_exp_Experiment_1_seed_42,3,0.06314093634083505,connected,mainstream
482,popular_1_exp_Experiment_1_seed_42,3,0.053356923232689944,connected,mainstream
320,popular_1_exp_Experiment_1_seed_42,3,0.060093159032018006,connected,mainstream
104,popular_1_exp_Experiment_1_seed_42,3,0.05368726729514075,connected,mainstream
317,popular_1_exp_Experiment_1_seed_42,3,0.052896310334787096,connected,mainstream
463,popular_1_exp_Experiment_1_seed_42,3,0.0593006926559607,connected,mainstream
266,popular_1_exp_Experiment_1_seed_42,3,0.05163131681833496,connected,mainstream
115,popular_1_exp_Experiment_1_seed_42,3,0.05737621702823564,connected,mainstream
346,popular_1_exp_Experiment_1_seed_42,3,0.05255655418431074,connected,mainstream
450,popular_1_exp_Experiment_1_seed_42,3,0.05736644037768148,connected,mainstream
496,popular_1_exp_Experiment_1_seed_42,3,0.07077970546171204,connected,mainstream
348,popular_1_exp_Experiment_1_seed_42,3,0.06577167713529491,connected,mainstream
508,popular_1_exp_Experiment_1_seed_42,3,0.07239183379465876,connected,mainstream
507,popular_1_exp_Experiment_1_seed_42,3,0.058971337741889174,connected,mainstream
243,popular_1_exp_Experiment_1_seed_42,3,0.05919855709264473,connected,mainstream
260,popular_1_exp_Experiment_1_seed_42,3,0.05858728202872442,connected,mainstream
487,popular_1_exp_Experiment_1_seed_42,3,0.05707006199275438,connected,mainstream
550,popular_1_exp_Experiment_1_seed_42,3,0.05037905420479305,connected,mainstream
343,popular_1_exp_Experiment_1_seed_42,3,0.07189751541824127,connected,mainstream
177,popular_1_exp_Experiment_1_seed_42,3,0.07898676114246146,connected,mainstream
333,popular_1_exp_Experiment_1_seed_42,3,0.05190099904755325,connected,mainstream
5,popular_1_exp_Experiment_1_seed_42,3,0.015069333519645386,connected,niche
425,popular_1_exp_Experiment_1_seed_42,3,0.05287582524835657,connected,mainstream
372,popular_1_exp_Experiment_1_seed_42,3,0.05719667033340196,connected,mainstream
288,popular_1_exp_Experiment_1_seed_42,3,0.05778792209556218,connected,mainstream
50,popular_1_exp_Experiment_1_seed_42,3,0.01397965206200924,connected,niche
279,popular_1_exp_Experiment_1_seed_42,3,0.06594007229128117,connected,mainstream
165,popular_1_exp_Experiment_1_seed_42,3,0.05312398944733951,connected,mainstream
124,popular_1_exp_Experiment_1_seed_42,3,0.058204745611247416,connected,mainstream
134,popular_1_exp_Experiment_1_seed_42,3,0.06365363595839936,connected,mainstream
82,popular_1_exp_Experiment_1_seed_42,3,0.061551153535450126,connected,mainstream
571,popular_1_exp_Experiment_1_seed_42,3,0.055142204214252484,connected,mainstream
119,popular_1_exp_Experiment_1_seed_42,3,0.050835907516641306,connected,mainstream
31,popular_1_exp_Experiment_1_seed_42,3,0.021797345585909105,connected,niche
81,popular_1_exp_Experiment_1_seed_42,3,0.05523776237849811,connected,mainstream
184,popular_1_exp_Experiment_1_seed_42,3,0.05875945629014895,connected,mainstream
350,popular_1_exp_Experiment_1_seed_42,3,0.052601559175869166,connected,mainstream
363,popular_1_exp_Experiment_1_seed_42,3,0.05547111113650575,connected,mainstream
393,popular_1_exp_Experiment_1_seed_42,3,0.05234042028202696,connected,mainstream
416,popular_1_exp_Experiment_1_seed_42,3,0.056273493769720156,connected,mainstream
399,popular_1_exp_Experiment_1_seed_42,3,0.05827323084655183,connected,mainstream
148,popular_1_exp_Experiment_1_seed_42,3,0.05743420968732992,connected,mainstream
150,popular_1_exp_Experiment_1_seed_42,3,0.053755642550850725,connected,mainstream
274,popular_1_exp_Experiment_1_seed_42,3,0.04922807025617487,connected,mainstream
307,popular_1_exp_Experiment_1_seed_42,3,0.05564228630396029,connected,mainstream
591,popular_1_exp_Experiment_1_seed_42,3,0.05607787748392077,connected,mainstream
326,popular_1_exp_Experiment_1_seed_42,3,0.05398283842731024,connected,mainstream
543,popular_1_exp_Experiment_1_seed_42,3,0.05007483436306623,connected,mainstream
456,popular_1_exp_Experiment_1_seed_42,3,0.053936368336341134,connected,mainstream
460,popular_1_exp_Experiment_1_seed_42,3,0.058298015369203794,connected,mainstream
213,popular_1_exp_Experiment_1_seed_42,3,0.056911590209931584,connected,mainstream
516,popular_1_exp_Experiment_1_seed_42,3,0.05758080201606899,connected,mainstream
313,popular_1_exp_Experiment_1_seed_42,3,0.05807455928357999,connected,mainstream
181,popular_1_exp_Experiment_1_seed_42,3,0.052787784163352336,connected,mainstream
433,popular_1_exp_Experiment_1_seed_42,3,0.06261418334036857,connected,mainstream
285,popular_1_exp_Experiment_1_seed_42,3,0.05027851336108267,connected,mainstream
384,popular_1_exp_Experiment_1_seed_42,3,0.08843201702293946,connected,mainstream
195,popular_1_exp_Experiment_1_seed_42,3,0.06687155542802685,connected,mainstream
303,popular_1_exp_Experiment_1_seed_42,3,0.06065553936345486,connected,mainstream
423,popular_1_exp_Experiment_1_seed_42,3,0.04978637939818873,connected,mainstream
259,popular_1_exp_Experiment_1_seed_42,3,0.05345060161193261,connected,mainstream
327,popular_1_exp_Experiment_1_seed_42,3,0.04958973527430999,connected,mainstream
420,popular_1_exp_Experiment_1_seed_42,3,0.05650918180517774,connected,mainstream
525,popular_1_exp_Experiment_1_seed_42,3,0.055596759637175606,connected,mainstream
352,popular_1_exp_Experiment_1_seed_42,3,0.01392881179331646,connected,mainstream
551,popular_1_exp_Experiment_1_seed_42,3,0.06709700966578151,connected,mainstream
532,popular_1_exp_Experiment_1_seed_42,3,0.06439602179153914,connected,mainstream
528,popular_1_exp_Experiment_1_seed_42,3,0.058810169084410224,connected,mainstream
452,popular_1_exp_Experiment_1_seed_42,3,0.05019577905043998,connected,mainstream
404,popular_1_exp_Experiment_1_seed_42,3,0.05054709227195472,connected,mainstream
19,popular_1_exp_Experiment_1_seed_42,3,0.031432233941569694,connected,niche
443,popular_1_exp_Experiment_1_seed_42,3,0.06902982002313003,connected,mainstream
342,popular_1_exp_Experiment_1_seed_42,3,0.06656633373014116,connected,mainstream
265,popular_1_exp_Experiment_1_seed_42,3,0.07077823506998752,connected,mainstream
561,popular_1_exp_Experiment_1_seed_42,3,0.06120802837441123,connected,mainstream
173,popular_1_exp_Experiment_1_seed_42,3,0.06944347405341557,connected,mainstream
205,popular_1_exp_Experiment_1_seed_42,3,0.06561493941351144,connected,mainstream
318,popular_1_exp_Experiment_1_seed_42,3,0.06263651674161633,connected,mainstream
94,popular_1_exp_Experiment_1_seed_42,3,0.06337080431791538,connected,mainstream
500,popular_1_exp_Experiment_1_seed_42,3,0.05907670318574615,connected,mainstream
472,popular_1_exp_Experiment_1_seed_42,3,0.0560382265049424,connected,mainstream
105,popular_1_exp_Experiment_1_seed_42,3,0.061407884672402484,connected,mainstream
200,popular_1_exp_Experiment_1_seed_42,3,0.06187771418878785,connected,mainstream
523,popular_1_exp_Experiment_1_seed_42,3,0.05050095145596977,connected,mainstream
447,popular_1_exp_Experiment_1_seed_42,3,0.05760885599668355,connected,mainstream
380,popular_1_exp_Experiment_1_seed_42,3,0.0557759672348229,connected,mainstream
141,popular_1_exp_Experiment_1_seed_42,3,0.05808388033276408,connected,mainstream
127,popular_1_exp_Experiment_1_seed_42,3,0.05261130646022102,connected,mainstream
139,popular_1_exp_Experiment_1_seed_42,3,0.05211360681276325,connected,mainstream
379,popular_1_exp_Experiment_1_seed_42,3,0.06588910568244548,connected,mainstream
589,popular_1_exp_Experiment_1_seed_42,3,0.052723958705712885,connected,mainstream
514,popular_1_exp_Experiment_1_seed_42,3,0.05546821782141351,connected,mainstream
513,popular_1_exp_Experiment_1_seed_42,3,0.06166782745676933,connected,mainstream
522,popular_1_exp_Experiment_1_seed_42,3,0.054391832239855525,connected,mainstream
75,popular_1_exp_Experiment_1_seed_42,3,0.0613611715620364,connected,mainstream
24,popular_1_exp_Experiment_1_seed_42,3,0.027768839473788647,connected,niche
189,popular_1_exp_Experiment_1_seed_42,3,0.050391498284540225,connected,mainstream
216,popular_1_exp_Experiment_1_seed_42,3,5.078825394350221e-05,connected,mainstream
198,popular_1_exp_Experiment_1_seed_42,3,0.05340155063569474,connected,mainstream
580,popular_1_exp_Experiment_1_seed_42,3,0.07270156930911771,connected,mainstream
0,popular_1_exp_Experiment_1_seed_42,3,0.03237128364519806,connected,niche
392,popular_1_exp_Experiment_1_seed_42,3,0.04979504665496282,connected,mainstream
178,popular_1_exp_Experiment_1_seed_42,3,0.05036364537897927,connected,mainstream
470,popular_1_exp_Experiment_1_seed_42,3,0.054607871719156514,connected,mainstream
598,popular_1_exp_Experiment_1_seed_42,3,0.05378156651082122,connected,mainstream
11,popular_1_exp_Experiment_1_seed_42,3,0.027161874923872564,connected,niche
114,popular_1_exp_Experiment_1_seed_42,3,0.05090756393580995,connected,mainstream
474,popular_1_exp_Experiment_1_seed_42,3,0.06597805996462758,connected,mainstream
537,popular_1_exp_Experiment_1_seed_42,3,0.05134857851551242,connected,mainstream
417,popular_1_exp_Experiment_1_seed_42,3,0.0558387054273686,connected,mainstream
394,popular_1_exp_Experiment_1_seed_42,3,0.06287936793438034,connected,mainstream
534,popular_1_exp_Experiment_1_seed_42,3,0.07558425804194989,connected,mainstream
407,popular_1_exp_Experiment_1_seed_42,3,0.06103906730570708,connected,mainstream
179,popular_1_exp_Experiment_1_seed_42,3,0.05023325005851626,connected,mainstream
58,popular_1_exp_Experiment_1_seed_42,3,0.01753258414709606,connected,niche
172,popular_1_exp_Experiment_1_seed_42,3,0.057103337580641206,connected,mainstream
445,popular_1_exp_Experiment_1_seed_42,3,0.06532034465056002,connected,mainstream
136,popular_1_exp_Experiment_1_seed_42,3,0.0630770978000053,connected,mainstream
536,popular_1_exp_Experiment_1_seed_42,3,0.059533145823951916,connected,mainstream
168,popular_1_exp_Experiment_1_seed_42,3,0.05884348031372399,connected,mainstream
109,popular_1_exp_Experiment_1_seed_42,3,0.060903927573039286,connected,mainstream
442,popular_1_exp_Experiment_1_seed_42,3,0.058836831572030734,connected,mainstream
587,popular_1_exp_Experiment_1_seed_42,3,0.06211098642255055,connected,mainstream
368,popular_1_exp_Experiment_1_seed_42,3,0.05773107390780041,connected,mainstream
449,popular_1_exp_Experiment_1_seed_42,3,0.057180106782287556,connected,mainstream
280,popular_1_exp_Experiment_1_seed_42,3,0.055991663969802034,connected,mainstream
576,popular_1_exp_Experiment_1_seed_42,3,0.0527707984203403,connected,mainstream
51,popular_1_exp_Experiment_1_seed_42,3,0.0153420398764057,connected,niche
465,popular_1_exp_Experiment_1_seed_42,3,0.06040126641670652,connected,mainstream
176,popular_1_exp_Experiment_1_seed_42,3,0.05418835033868866,connected,mainstream
121,popular_1_exp_Experiment_1_seed_42,3,0.05683771859385537,connected,mainstream
491,popular_1_exp_Experiment_1_seed_42,3,0.05862541764202109,connected,mainstream
210,popular_1_exp_Experiment_1_seed_42,3,0.058910332164805734,connected,mainstream
194,popular_1_exp_Experiment_1_seed_42,3,0.05131813188159193,connected,mainstream
163,popular_1_exp_Experiment_1_seed_42,3,0.052833552991976736,connected,mainstream
263,popular_1_exp_Experiment_1_seed_42,3,0.05396372028931854,connected,mainstream
338,popular_1_exp_Experiment_1_seed_42,3,0.056615699935419844,connected,mainstream
328,popular_1_exp_Experiment_1_seed_42,3,0.051536137398331926,connected,mainstream
218,popular_1_exp_Experiment_1_seed_42,3,0.05554516448643184,connected,mainstream
126,popular_1_exp_Experiment_1_seed_42,3,0.05958496594589749,connected,mainstream
91,popular_1_exp_Experiment_1_seed_42,3,0.05878995854282293,connected,mainstream
495,popular_1_exp_Experiment_1_seed_42,3,0.0582630475073416,connected,mainstream
156,popular_1_exp_Experiment_1_seed_42,3,0.06346050518377445,connected,mainstream
287,popular_1_exp_Experiment_1_seed_42,3,0.059418511230073856,connected,mainstream
3,popular_1_exp_Experiment_1_seed_42,3,0.024067963813965105,connected,niche
273,popular_1_exp_Experiment_1_seed_42,3,0.053851216608083806,connected,mainstream
547,popular_1_exp_Experiment_1_seed_42,3,0.07025570742985768,connected,mainstream
202,popular_1_exp_Experiment_1_seed_42,3,0.05745517262788596,connected,mainstream
28,popular_1_exp_Experiment_1_seed_42,3,0.02556574740799812,connected,niche
199,popular_1_exp_Experiment_1_seed_42,3,0.07145414551434397,connected,mainstream
542,popular_1_exp_Experiment_1_seed_42,3,0.05914215184007456,connected,mainstream
296,popular_1_exp_Experiment_1_seed_42,3,0.05363652583003795,connected,mainstream
356,popular_1_exp_Experiment_1_seed_42,3,0.05374259397297171,connected,mainstream
56,popular_1_exp_Experiment_1_seed_42,3,0.01841274681945085,connected,niche
312,popular_1_exp_Experiment_1_seed_42,3,0.055486550567044685,connected,mainstream
275,popular_1_exp_Experiment_1_seed_42,3,0.05612974698110886,connected,mainstream
185,popular_1_exp_Experiment_1_seed_42,3,0.05228741027474195,connected,mainstream
336,popular_1_exp_Experiment_1_seed_42,3,0.05908565301223162,connected,mainstream
228,popular_1_exp_Experiment_1_seed_42,3,0.05268273808176585,connected,mainstream
237,popular_1_exp_Experiment_1_seed_42,3,0.051127639564356536,connected,mainstream
448,popular_1_exp_Experiment_1_seed_42,3,0.05775259719887376,connected,mainstream
584,popular_1_exp_Experiment_1_seed_42,3,0.057518673054085055,connected,mainstream
144,popular_1_exp_Experiment_1_seed_42,3,0.05250184477704702,connected,mainstream
459,popular_1_exp_Experiment_1_seed_42,3,0.0530562019128826,connected,mainstream
40,popular_1_exp_Experiment_1_seed_42,3,0.02757829998339854,connected,niche
155,popular_1_exp_Experiment_1_seed_42,3,0.05644029077050894,connected,mainstream
520,popular_1_exp_Experiment_1_seed_42,3,0.061810469142008384,connected,mainstream
35,popular_1_exp_Experiment_1_seed_42,3,0.02298657428922482,connected,niche
143,popular_1_exp_Experiment_1_seed_42,3,4.642539123862004e-05,connected,mainstream
408,popular_1_exp_Experiment_1_seed_42,3,0.058666200626871105,connected,mainstream
367,popular_1_exp_Experiment_1_seed_42,3,0.05618830043105013,connected,mainstream
92,popular_1_exp_Experiment_1_seed_42,3,0.05579568741477945,connected,mainstream
370,popular_1_exp_Experiment_1_seed_42,3,0.05300396278066613,connected,mainstream
32,popular_1_exp_Experiment_1_seed_42,3,0.030777898520767528,connected,niche
485,popular_1_exp_Experiment_1_seed_42,3,0.05763113437555103,connected,mainstream
106,popular_1_exp_Experiment_1_seed_42,3,0.053218928603126464,connected,mainstream
251,popular_1_exp_Experiment_1_seed_42,3,0.05903838686421428,connected,mainstream
52,popular_1_exp_Experiment_1_seed_42,3,0.017373193631313823,connected,niche
331,popular_1_exp_Experiment_1_seed_42,3,0.09614625222550828,connected,mainstream
25,popular_1_exp_Experiment_1_seed_42,3,0.02257926485357961,connected,niche
475,popular_1_exp_Experiment_1_seed_42,3,0.05262557279878613,connected,mainstream
83,popular_1_exp_Experiment_1_seed_42,3,0.05627989515357332,connected,mainstream
411,popular_1_exp_Experiment_1_seed_42,3,0.07228311153763385,connected,mainstream
503,popular_1_exp_Experiment_1_seed_42,3,0.05771671085521873,connected,mainstream
579,popular_1_exp_Experiment_1_seed_42,3,0.0499804707352752,connected,mainstream
111,popular_1_exp_Experiment_1_seed_42,3,0.04981875612960188,connected,mainstream
29,popular_1_exp_Experiment_1_seed_42,3,0.023250198908362815,connected,niche
480,popular_1_exp_Experiment_1_seed_42,3,4.910374280641562e-05,connected,mainstream
84,popular_1_exp_Experiment_1_seed_42,3,0.07298838776635415,connected,mainstream
527,popular_1_exp_Experiment_1_seed_42,3,0.05189475364280563,connected,mainstream
441,popular_1_exp_Experiment_1_seed_42,3,0.06096684297341578,connected,mainstream
349,popular_1_exp_Experiment_1_seed_42,3,0.04827234699216104,connected,mainstream
64,popular_1_exp_Experiment_1_seed_42,3,0.06635435092770864,connected,mainstream
360,popular_1_exp_Experiment_1_seed_42,3,0.0561519985223921,connected,mainstream
258,popular_1_exp_Experiment_1_seed_42,3,0.05706229222154679,connected,mainstream
530,popular_1_exp_Experiment_1_seed_42,3,0.06368695570773207,connected,mainstream
291,popular_1_exp_Experiment_1_seed_42,3,0.061237467628812346,connected,mainstream
305,popular_1_exp_Experiment_1_seed_42,3,0.05899817930996155,connected,mainstream
16,popular_1_exp_Experiment_1_seed_42,3,0.02290209279791978,connected,niche
47,popular_1_exp_Experiment_1_seed_42,3,0.026633260821391707,connected,niche
590,popular_1_exp_Experiment_1_seed_42,3,0.0545239789714567,connected,mainstream
188,popular_1_exp_Experiment_1_seed_42,3,0.062290145491738426,connected,mainstream
397,popular_1_exp_Experiment_1_seed_42,3,0.07331345064326242,connected,mainstream
457,popular_1_exp_Experiment_1_seed_42,3,0.05388270335896763,connected,mainstream
302,popular_1_exp_Experiment_1_seed_42,3,0.05111596735590531,connected,mainstream
26,popular_1_exp_Experiment_1_seed_42,3,0.02716600905659834,connected,niche
6,popular_1_exp_Experiment_1_seed_42,3,0.013183743520425298,connected,niche
315,popular_1_exp_Experiment_1_seed_42,3,0.05914925296272273,connected,mainstream
268,popular_1_exp_Experiment_1_seed_42,3,0.05568392765504437,connected,mainstream
494,popular_1_exp_Experiment_1_seed_42,3,0.04857033852657253,connected,mainstream
330,popular_1_exp_Experiment_1_seed_42,3,0.058519915931143245,connected,mainstream
501,popular_1_exp_Experiment_1_seed_42,3,0.07412506888564334,connected,mainstream
10,popular_1_exp_Experiment_1_seed_42,3,0.026998955591475183,connected,niche
509,popular_1_exp_Experiment_1_seed_42,3,0.04872375251134453,connected,mainstream
548,popular_1_exp_Experiment_1_seed_42,3,0.05736596390859674,connected,mainstream
164,popular_1_exp_Experiment_1_seed_42,3,0.049551718093758905,connected,mainstream
484,popular_1_exp_Experiment_1_seed_42,3,0.055193407323287653,connected,mainstream
63,popular_1_exp_Experiment_1_seed_42,3,4.6911551644001724e-05,connected,mainstream
339,popular_1_exp_Experiment_1_seed_42,3,0.05231737178129043,connected,mainstream
246,popular_1_exp_Experiment_1_seed_42,3,0.04946767769318167,connected,mainstream
193,popular_1_exp_Experiment_1_seed_42,3,0.05006405607852037,connected,mainstream
529,popular_1_exp_Experiment_1_seed_42,3,0.05123736271267095,connected,mainstream
113,popular_1_exp_Experiment_1_seed_42,3,0.05989041775701919,connected,mainstream
427,popular_1_exp_Experiment_1_seed_42,3,0.054313747142297863,connected,mainstream
344,popular_1_exp_Experiment_1_seed_42,3,0.05607495961315715,connected,mainstream
575,popular_1_exp_Experiment_1_seed_42,3,0.057327504719839266,connected,mainstream
583,popular_1_exp_Experiment_1_seed_42,3,0.05662506690628175,connected,mainstream
55,popular_1_exp_Experiment_1_seed_42,3,0.020402199379360983,connected,niche
476,popular_1_exp_Experiment_1_seed_42,3,0.06455563349239384,connected,mainstream
89,popular_1_exp_Experiment_1_seed_42,3,0.0496144721276773,connected,mainstream
409,popular_1_exp_Experiment_1_seed_42,3,0.0599619776876865,connected,mainstream
353,popular_1_exp_Experiment_1_seed_42,3,0.057801115635268095,connected,mainstream
62,popular_1_exp_Experiment_1_seed_42,3,0.05731071277213595,connected,mainstream
418,popular_1_exp_Experiment_1_seed_42,3,0.05851636803632195,connected,mainstream
573,popular_1_exp_Experiment_1_seed_42,3,0.052754861125856305,connected,mainstream
440,popular_1_exp_Experiment_1_seed_42,3,0.051197714405796596,connected,mainstream
454,popular_1_exp_Experiment_1_seed_42,3,0.05646011144327292,connected,mainstream
562,popular_1_exp_Experiment_1_seed_42,3,0.056181253793783505,connected,mainstream
221,popular_1_exp_Experiment_1_seed_42,3,0.06375381694478525,connected,mainstream
406,popular_1_exp_Experiment_1_seed_42,3,0.05260408288503654,connected,mainstream
432,popular_1_exp_Experiment_1_seed_42,3,0.06373425110289983,connected,mainstream
290,popular_1_exp_Experiment_1_seed_42,3,0.05410206593389751,connected,mainstream
27,popular_1_exp_Experiment_1_seed_42,3,0.028779236892543563,connected,niche
247,popular_1_exp_Experiment_1_seed_42,3,0.05237353483765247,connected,mainstream
271,popular_1_exp_Experiment_1_seed_42,3,0.049798555864168335,connected,mainstream
401,popular_1_exp_Experiment_1_seed_42,3,0.056241107102183906,connected,mainstream
578,popular_1_exp_Experiment_1_seed_42,3,0.0727078648145562,connected,mainstream
535,popular_1_exp_Experiment_1_seed_42,3,0.0556380604551642,connected,mainstream
371,popular_1_exp_Experiment_1_seed_42,3,0.051619868903526815,connected,mainstream
444,popular_1_exp_Experiment_1_seed_42,3,0.04923089257139809,connected,mainstream
226,popular_1_exp_Experiment_1_seed_42,3,0.05588653091705367,connected,mainstream
191,popular_1_exp_Experiment_1_seed_42,3,0.06188265700318557,connected,mainstream
122,popular_1_exp_Experiment_1_seed_42,3,0.07088164553375885,connected,mainstream
4,popular_1_exp_Experiment_1_seed_42,3,0.027746752611972198,connected,niche
21,popular_1_exp_Experiment_1_seed_42,3,0.016502124842644388,connected,niche
390,popular_1_exp_Experiment_1_seed_42,3,0.060337623542450675,connected,mainstream
190,popular_1_exp_Experiment_1_seed_42,3,0.049946371570305764,connected,mainstream
552,popular_1_exp_Experiment_1_seed_42,3,0.06285987310408432,connected,mainstream
235,popular_1_exp_Experiment_1_seed_42,3,0.05780928181980823,connected,mainstream
593,popular_1_exp_Experiment_1_seed_42,3,0.056696317450451304,connected,mainstream
214,popular_1_exp_Experiment_1_seed_42,3,0.07235898091254231,connected,mainstream
483,popular_1_exp_Experiment_1_seed_42,3,0.07094155643792312,connected,mainstream
515,popular_1_exp_Experiment_1_seed_42,3,0.053829957808779645,connected,mainstream
435,popular_1_exp_Experiment_1_seed_42,3,0.05201436525248679,connected,mainstream
377,popular_1_exp_Experiment_1_seed_42,3,0.07319888045526675,connected,mainstream
162,popular_1_exp_Experiment_1_seed_42,3,0.056191727887906995,connected,mainstream
66,popular_1_exp_Experiment_1_seed_42,3,0.060449806802984424,connected,mainstream
421,popular_1_exp_Experiment_1_seed_42,3,0.07566186563341988,connected,mainstream
566,popular_1_exp_Experiment_1_seed_42,3,0.06880127386459478,connected,mainstream
153,popular_1_exp_Experiment_1_seed_42,3,0.05252412400860549,connected,mainstream
48,popular_1_exp_Experiment_1_seed_42,3,0.014284582612478648,connected,niche
486,popular_1_exp_Experiment_1_seed_42,3,0.05379200955155674,connected,mainstream
389,popular_1_exp_Experiment_1_seed_42,3,0.05468137028340881,connected,mainstream
466,popular_1_exp_Experiment_1_seed_42,3,0.05034562350476119,connected,mainstream
107,popular_1_exp_Experiment_1_seed_42,3,0.052862181242367294,connected,mainstream
585,popular_1_exp_Experiment_1_seed_42,3,0.058616457375736376,connected,mainstream
53,popular_1_exp_Experiment_1_seed_42,3,0.03163174840245283,connected,niche
567,popular_1_exp_Experiment_1_seed_42,3,0.05520284270842072,connected,mainstream
167,popular_1_exp_Experiment_1_seed_42,3,0.07246330645986832,connected,mainstream
502,popular_1_exp_Experiment_1_seed_42,3,0.06188356357036781,connected,mainstream
451,popular_1_exp_Experiment_1_seed_42,3,0.05218582430285378,connected,mainstream
300,popular_1_exp_Experiment_1_seed_42,3,0.05855109050460633,connected,mainstream
264,popular_1_exp_Experiment_1_seed_42,3,0.0642912660836507,connected,mainstream
253,popular_1_exp_Experiment_1_seed_42,3,0.06475886994007339,connected,mainstream
231,popular_1_exp_Experiment_1_seed_42,3,0.0681315891646028,connected,mainstream
335,popular_1_exp_Experiment_1_seed_42,3,0.05508960584362054,connected,mainstream
362,popular_1_exp_Experiment_1_seed_42,3,0.05171019296983536,connected,mainstream
461,popular_1_exp_Experiment_1_seed_42,3,0.06406932133559458,connected,mainstream
57,popular_1_exp_Experiment_1_seed_42,4,0.026622564846906827,connected,niche
538,popular_1_exp_Experiment_1_seed_42,4,0.06601442645639742,connected,mainstream
309,popular_1_exp_Experiment_1_seed_42,4,0.04995425333559389,connected,mainstream
44,popular_1_exp_Experiment_1_seed_42,4,0.019097007157729436,connected,niche
424,popular_1_exp_Experiment_1_seed_42,4,0.05211939205306922,connected,mainstream
588,popular_1_exp_Experiment_1_seed_42,4,0.05150882079537252,connected,mainstream
462,popular_1_exp_Experiment_1_seed_42,4,0.05381586433579766,connected,mainstream
1,popular_1_exp_Experiment_1_seed_42,4,0.028364543318875935,connected,niche
294,popular_1_exp_Experiment_1_seed_42,4,0.05090424864372234,connected,mainstream
364,popular_1_exp_Experiment_1_seed_42,4,0.04982961909380512,connected,mainstream
489,popular_1_exp_Experiment_1_seed_42,4,0.05680500979895243,connected,mainstream
73,popular_1_exp_Experiment_1_seed_42,4,0.06615338719810385,connected,mainstream
388,popular_1_exp_Experiment_1_seed_42,4,0.06793009539414573,connected,mainstream
569,popular_1_exp_Experiment_1_seed_42,4,0.048647394956707966,connected,mainstream
387,popular_1_exp_Experiment_1_seed_42,4,0.055186813818625384,connected,mainstream
373,popular_1_exp_Experiment_1_seed_42,4,0.05529223937203703,connected,mainstream
292,popular_1_exp_Experiment_1_seed_42,4,0.05446712306136236,connected,mainstream
383,popular_1_exp_Experiment_1_seed_42,4,0.052125235053692785,connected,mainstream
519,popular_1_exp_Experiment_1_seed_42,4,0.050523118960768686,connected,mainstream
554,popular_1_exp_Experiment_1_seed_42,4,0.04930563899965119,connected,mainstream
97,popular_1_exp_Experiment_1_seed_42,4,0.06133901383850301,connected,mainstream
419,popular_1_exp_Experiment_1_seed_42,4,0.05638054053767338,connected,mainstream
125,popular_1_exp_Experiment_1_seed_42,4,0.052330347069951884,connected,mainstream
61,popular_1_exp_Experiment_1_seed_42,4,0.06198987344729288,connected,mainstream
71,popular_1_exp_Experiment_1_seed_42,4,0.050342929773194135,connected,mainstream
85,popular_1_exp_Experiment_1_seed_42,4,0.051203321490759755,connected,mainstream
403,popular_1_exp_Experiment_1_seed_42,4,0.06436490054410228,connected,mainstream
2,popular_1_exp_Experiment_1_seed_42,4,0.01459471381411405,connected,niche
374,popular_1_exp_Experiment_1_seed_42,4,0.05393039110317938,connected,mainstream
594,popular_1_exp_Experiment_1_seed_42,4,0.05236237153948232,connected,mainstream
560,popular_1_exp_Experiment_1_seed_42,4,0.06563779403425153,connected,mainstream
510,popular_1_exp_Experiment_1_seed_42,4,0.05622294588542829,connected,mainstream
546,popular_1_exp_Experiment_1_seed_42,4,0.052317449772972376,connected,mainstream
428,popular_1_exp_Experiment_1_seed_42,4,0.0799812446543028,connected,mainstream
212,popular_1_exp_Experiment_1_seed_42,4,0.04975709570285666,connected,mainstream
238,popular_1_exp_Experiment_1_seed_42,4,0.06868195890502608,connected,mainstream
183,popular_1_exp_Experiment_1_seed_42,4,0.05022711319945974,connected,mainstream
308,popular_1_exp_Experiment_1_seed_42,4,0.05974206786595132,connected,mainstream
88,popular_1_exp_Experiment_1_seed_42,4,0.05593434503760921,connected,mainstream
54,popular_1_exp_Experiment_1_seed_42,4,0.028167026148972027,connected,niche
93,popular_1_exp_Experiment_1_seed_42,4,0.06327259536907902,connected,mainstream
142,popular_1_exp_Experiment_1_seed_42,4,0.05540241573043917,connected,mainstream
43,popular_1_exp_Experiment_1_seed_42,4,0.030535768716088457,connected,niche
385,popular_1_exp_Experiment_1_seed_42,4,0.050916857169698494,connected,mainstream
533,popular_1_exp_Experiment_1_seed_42,4,0.05063511732528736,connected,mainstream
431,popular_1_exp_Experiment_1_seed_42,4,0.059265733178293,connected,mainstream
67,popular_1_exp_Experiment_1_seed_42,4,0.07994488348201058,connected,mainstream
415,popular_1_exp_Experiment_1_seed_42,4,0.0674897388245798,connected,mainstream
220,popular_1_exp_Experiment_1_seed_42,4,0.05633201827631381,connected,mainstream
402,popular_1_exp_Experiment_1_seed_42,4,0.0499395447958661,connected,mainstream
98,popular_1_exp_Experiment_1_seed_42,4,0.05250491027305031,connected,mainstream
358,popular_1_exp_Experiment_1_seed_42,4,0.05326661439583208,connected,mainstream
196,popular_1_exp_Experiment_1_seed_42,4,0.049781305200813225,connected,mainstream
239,popular_1_exp_Experiment_1_seed_42,4,0.06777934970770155,connected,mainstream
245,popular_1_exp_Experiment_1_seed_42,4,0.05175086006350782,connected,mainstream
102,popular_1_exp_Experiment_1_seed_42,4,0.05458670638767557,connected,mainstream
78,popular_1_exp_Experiment_1_seed_42,4,0.06638786213878345,connected,mainstream
295,popular_1_exp_Experiment_1_seed_42,4,0.056043775444800305,connected,mainstream
131,popular_1_exp_Experiment_1_seed_42,4,0.061894561528832104,connected,mainstream
531,popular_1_exp_Experiment_1_seed_42,4,0.05655826996789324,connected,mainstream
468,popular_1_exp_Experiment_1_seed_42,4,0.05015078258782457,connected,mainstream
473,popular_1_exp_Experiment_1_seed_42,4,0.04951692978126917,connected,mainstream
224,popular_1_exp_Experiment_1_seed_42,4,0.04996456461972357,connected,mainstream
581,popular_1_exp_Experiment_1_seed_42,4,0.05853018591121239,connected,mainstream
577,popular_1_exp_Experiment_1_seed_42,4,0.054721710852480454,connected,mainstream
215,popular_1_exp_Experiment_1_seed_42,4,0.05093820756593387,connected,mainstream
161,popular_1_exp_Experiment_1_seed_42,4,0.05612889018536804,connected,mainstream
504,popular_1_exp_Experiment_1_seed_42,4,0.050140211519331214,connected,mainstream
559,popular_1_exp_Experiment_1_seed_42,4,0.055264821703629625,connected,mainstream
574,popular_1_exp_Experiment_1_seed_42,4,0.0551750790596143,connected,mainstream
17,popular_1_exp_Experiment_1_seed_42,4,0.03248676000201259,connected,niche
151,popular_1_exp_Experiment_1_seed_42,4,0.06426639945382152,connected,mainstream
12,popular_1_exp_Experiment_1_seed_42,4,0.02898719276566011,connected,niche
376,popular_1_exp_Experiment_1_seed_42,4,0.06147664753775282,connected,mainstream
204,popular_1_exp_Experiment_1_seed_42,4,0.05072569758060056,connected,mainstream
283,popular_1_exp_Experiment_1_seed_42,4,0.06341354686962368,connected,mainstream
386,popular_1_exp_Experiment_1_seed_42,4,0.055811299231785856,connected,mainstream
38,popular_1_exp_Experiment_1_seed_42,4,0.02541146741346581,connected,niche
74,popular_1_exp_Experiment_1_seed_42,4,0.05990740591125021,connected,mainstream
398,popular_1_exp_Experiment_1_seed_42,4,0.05650679084851948,connected,mainstream
159,popular_1_exp_Experiment_1_seed_42,4,0.06418346255090766,connected,mainstream
458,popular_1_exp_Experiment_1_seed_42,4,0.05115265835661927,connected,mainstream
355,popular_1_exp_Experiment_1_seed_42,4,0.07111046525073426,connected,mainstream
521,popular_1_exp_Experiment_1_seed_42,4,0.06110846687031265,connected,mainstream
217,popular_1_exp_Experiment_1_seed_42,4,0.05872128450729644,connected,mainstream
158,popular_1_exp_Experiment_1_seed_42,4,0.07019425390805198,connected,mainstream
316,popular_1_exp_Experiment_1_seed_42,4,0.052907248784023024,connected,mainstream
149,popular_1_exp_Experiment_1_seed_42,4,0.049746041882495616,connected,mainstream
219,popular_1_exp_Experiment_1_seed_42,4,0.05965873956957005,connected,mainstream
381,popular_1_exp_Experiment_1_seed_42,4,0.049816658912533986,connected,mainstream
45,popular_1_exp_Experiment_1_seed_42,4,0.032888517810746865,connected,niche
540,popular_1_exp_Experiment_1_seed_42,4,0.06667777859632183,connected,mainstream
248,popular_1_exp_Experiment_1_seed_42,4,0.06636409073508447,connected,mainstream
211,popular_1_exp_Experiment_1_seed_42,4,0.05350383059927266,connected,mainstream
278,popular_1_exp_Experiment_1_seed_42,4,0.06746036687382255,connected,mainstream
96,popular_1_exp_Experiment_1_seed_42,4,0.060818924223610814,connected,mainstream
157,popular_1_exp_Experiment_1_seed_42,4,0.05269645665726719,connected,mainstream
59,popular_1_exp_Experiment_1_seed_42,4,0.025280034884659575,connected,niche
255,popular_1_exp_Experiment_1_seed_42,4,0.07737752044507935,connected,mainstream
140,popular_1_exp_Experiment_1_seed_42,4,0.0563662143441245,connected,mainstream
564,popular_1_exp_Experiment_1_seed_42,4,0.0590812328579177,connected,mainstream
46,popular_1_exp_Experiment_1_seed_42,4,0.029176442841696498,connected,niche
599,popular_1_exp_Experiment_1_seed_42,4,0.07246721231516222,connected,mainstream
512,popular_1_exp_Experiment_1_seed_42,4,0.057160817796175906,connected,mainstream
116,popular_1_exp_Experiment_1_seed_42,4,0.050873971644483214,connected,mainstream
203,popular_1_exp_Experiment_1_seed_42,4,0.06848320643492532,connected,mainstream
241,popular_1_exp_Experiment_1_seed_42,4,0.05650111734573568,connected,mainstream
354,popular_1_exp_Experiment_1_seed_42,4,0.06025374484328214,connected,mainstream
22,popular_1_exp_Experiment_1_seed_42,4,0.02918940056940042,connected,niche
90,popular_1_exp_Experiment_1_seed_42,4,0.04905625562548701,connected,mainstream
70,popular_1_exp_Experiment_1_seed_42,4,0.06290576200324238,connected,mainstream
311,popular_1_exp_Experiment_1_seed_42,4,0.0589513325698733,connected,mainstream
563,popular_1_exp_Experiment_1_seed_42,4,0.050959709838837,connected,mainstream
558,popular_1_exp_Experiment_1_seed_42,4,0.07187459006034592,connected,mainstream
227,popular_1_exp_Experiment_1_seed_42,4,0.053427151780574535,connected,mainstream
511,popular_1_exp_Experiment_1_seed_42,4,0.05586506116620061,connected,mainstream
37,popular_1_exp_Experiment_1_seed_42,4,0.01470670284632812,connected,niche
175,popular_1_exp_Experiment_1_seed_42,4,0.05290070494800564,connected,mainstream
169,popular_1_exp_Experiment_1_seed_42,4,0.05560947810245661,connected,mainstream
524,popular_1_exp_Experiment_1_seed_42,4,0.05913163145041426,connected,mainstream
182,popular_1_exp_Experiment_1_seed_42,4,0.05231395520325479,connected,mainstream
133,popular_1_exp_Experiment_1_seed_42,4,0.05576216407714512,connected,mainstream
242,popular_1_exp_Experiment_1_seed_42,4,0.07121166355690804,connected,mainstream
323,popular_1_exp_Experiment_1_seed_42,4,0.05678590527392164,connected,mainstream
498,popular_1_exp_Experiment_1_seed_42,4,0.07683000132923277,connected,mainstream
297,popular_1_exp_Experiment_1_seed_42,4,0.05434376818098979,connected,mainstream
99,popular_1_exp_Experiment_1_seed_42,4,0.04967954409024621,connected,mainstream
186,popular_1_exp_Experiment_1_seed_42,4,0.06471712956143787,connected,mainstream
130,popular_1_exp_Experiment_1_seed_42,4,0.0497152873620554,connected,mainstream
469,popular_1_exp_Experiment_1_seed_42,4,0.07079730673523726,connected,mainstream
299,popular_1_exp_Experiment_1_seed_42,4,0.06582267468228632,connected,mainstream
135,popular_1_exp_Experiment_1_seed_42,4,0.05840965514061194,connected,mainstream
298,popular_1_exp_Experiment_1_seed_42,4,0.0596932214702271,connected,mainstream
209,popular_1_exp_Experiment_1_seed_42,4,0.05291570773727584,connected,mainstream
499,popular_1_exp_Experiment_1_seed_42,4,0.050814784611267955,connected,mainstream
222,popular_1_exp_Experiment_1_seed_42,4,0.060866063300624364,connected,mainstream
262,popular_1_exp_Experiment_1_seed_42,4,0.06714461104477953,connected,mainstream
252,popular_1_exp_Experiment_1_seed_42,4,0.0502079255630264,connected,mainstream
351,popular_1_exp_Experiment_1_seed_42,4,0.054635361248738835,connected,mainstream
289,popular_1_exp_Experiment_1_seed_42,4,0.06087979332098748,connected,mainstream
357,popular_1_exp_Experiment_1_seed_42,4,0.051473538279080876,connected,mainstream
129,popular_1_exp_Experiment_1_seed_42,4,0.06410779107063035,connected,mainstream
229,popular_1_exp_Experiment_1_seed_42,4,0.051193080227474874,connected,mainstream
526,popular_1_exp_Experiment_1_seed_42,4,0.056290417028578905,connected,mainstream
405,popular_1_exp_Experiment_1_seed_42,4,0.055658768657545876,connected,mainstream
187,popular_1_exp_Experiment_1_seed_42,4,0.05076208587368427,connected,mainstream
293,popular_1_exp_Experiment_1_seed_42,4,0.05066523347849819,connected,mainstream
60,popular_1_exp_Experiment_1_seed_42,4,0.063100109615183,connected,mainstream
314,popular_1_exp_Experiment_1_seed_42,4,0.06377552257261017,connected,mainstream
414,popular_1_exp_Experiment_1_seed_42,4,0.051656781859557875,connected,mainstream
225,popular_1_exp_Experiment_1_seed_42,4,0.0524274727060542,connected,mainstream
453,popular_1_exp_Experiment_1_seed_42,4,0.05296607519743605,connected,mainstream
269,popular_1_exp_Experiment_1_seed_42,4,0.06403007641176571,connected,mainstream
479,popular_1_exp_Experiment_1_seed_42,4,0.06177148930412838,connected,mainstream
430,popular_1_exp_Experiment_1_seed_42,4,0.06101027066373588,connected,mainstream
118,popular_1_exp_Experiment_1_seed_42,4,0.05929146586896544,connected,mainstream
553,popular_1_exp_Experiment_1_seed_42,4,0.05298215626839071,connected,mainstream
138,popular_1_exp_Experiment_1_seed_42,4,0.07769939726430013,connected,mainstream
236,popular_1_exp_Experiment_1_seed_42,4,0.05680069172275882,connected,mainstream
36,popular_1_exp_Experiment_1_seed_42,4,0.017989288471346038,connected,niche
410,popular_1_exp_Experiment_1_seed_42,4,0.07122939383151115,connected,mainstream
201,popular_1_exp_Experiment_1_seed_42,4,0.060214297699990794,connected,mainstream
340,popular_1_exp_Experiment_1_seed_42,4,0.055777089986837475,connected,mainstream
490,popular_1_exp_Experiment_1_seed_42,4,0.055643474256351105,connected,mainstream
341,popular_1_exp_Experiment_1_seed_42,4,0.05313419864125956,connected,mainstream
545,popular_1_exp_Experiment_1_seed_42,4,0.0814469927091665,connected,mainstream
477,popular_1_exp_Experiment_1_seed_42,4,0.06015987350621127,connected,mainstream
34,popular_1_exp_Experiment_1_seed_42,4,0.013577164064887584,connected,niche
595,popular_1_exp_Experiment_1_seed_42,4,0.052545616077654726,connected,mainstream
434,popular_1_exp_Experiment_1_seed_42,4,0.06050873874427265,connected,mainstream
145,popular_1_exp_Experiment_1_seed_42,4,0.05065390109332519,connected,mainstream
254,popular_1_exp_Experiment_1_seed_42,4,0.05028566229201464,connected,mainstream
267,popular_1_exp_Experiment_1_seed_42,4,0.05573310474124186,connected,mainstream
197,popular_1_exp_Experiment_1_seed_42,4,0.05788851212814605,connected,mainstream
555,popular_1_exp_Experiment_1_seed_42,4,0.0561259035699587,connected,mainstream
541,popular_1_exp_Experiment_1_seed_42,4,0.051981768620342046,connected,mainstream
321,popular_1_exp_Experiment_1_seed_42,4,0.056724600089106014,connected,mainstream
481,popular_1_exp_Experiment_1_seed_42,4,0.05595958300077925,connected,mainstream
437,popular_1_exp_Experiment_1_seed_42,4,0.06567596222949666,connected,mainstream
281,popular_1_exp_Experiment_1_seed_42,4,0.057249918389386346,connected,mainstream
33,popular_1_exp_Experiment_1_seed_42,4,0.03173385884097918,connected,niche
426,popular_1_exp_Experiment_1_seed_42,4,0.05648028071421751,connected,mainstream
286,popular_1_exp_Experiment_1_seed_42,4,0.05066888514400997,connected,mainstream
565,popular_1_exp_Experiment_1_seed_42,4,0.06357318677886976,connected,mainstream
166,popular_1_exp_Experiment_1_seed_42,4,0.04943654639652765,connected,mainstream
596,popular_1_exp_Experiment_1_seed_42,4,0.05295299862837119,connected,mainstream
517,popular_1_exp_Experiment_1_seed_42,4,0.060229657017856285,connected,mainstream
492,popular_1_exp_Experiment_1_seed_42,4,0.050285250792821506,connected,mainstream
270,popular_1_exp_Experiment_1_seed_42,4,0.05713715801033048,connected,mainstream
378,popular_1_exp_Experiment_1_seed_42,4,0.05750345358661756,connected,mainstream
69,popular_1_exp_Experiment_1_seed_42,4,0.054543201720910546,connected,mainstream
103,popular_1_exp_Experiment_1_seed_42,4,0.05105783166491851,connected,mainstream
310,popular_1_exp_Experiment_1_seed_42,4,0.0557556129464273,connected,mainstream
20,popular_1_exp_Experiment_1_seed_42,4,0.0323877023726924,connected,niche
429,popular_1_exp_Experiment_1_seed_42,4,0.06563672371782787,connected,mainstream
14,popular_1_exp_Experiment_1_seed_42,4,0.027300150253680152,connected,niche
277,popular_1_exp_Experiment_1_seed_42,4,0.050957313716963416,connected,mainstream
582,popular_1_exp_Experiment_1_seed_42,4,0.05649018119478486,connected,mainstream
446,popular_1_exp_Experiment_1_seed_42,4,0.06095748346768733,connected,mainstream
556,popular_1_exp_Experiment_1_seed_42,4,0.05476554560393582,connected,mainstream
137,popular_1_exp_Experiment_1_seed_42,4,0.05656689366626099,connected,mainstream
539,popular_1_exp_Experiment_1_seed_42,4,0.05931584759809077,connected,mainstream
30,popular_1_exp_Experiment_1_seed_42,4,0.019045571957477095,connected,niche
586,popular_1_exp_Experiment_1_seed_42,4,0.06552903012551706,connected,mainstream
282,popular_1_exp_Experiment_1_seed_42,4,0.05305173362508416,connected,mainstream
592,popular_1_exp_Experiment_1_seed_42,4,0.0545813785538841,connected,mainstream
110,popular_1_exp_Experiment_1_seed_42,4,0.052509080966133714,connected,mainstream
347,popular_1_exp_Experiment_1_seed_42,4,0.06275321944761533,connected,mainstream
230,popular_1_exp_Experiment_1_seed_42,4,0.052258931489238665,connected,mainstream
467,popular_1_exp_Experiment_1_seed_42,4,0.060012221903347936,connected,mainstream
568,popular_1_exp_Experiment_1_seed_42,4,0.05837489017853659,connected,mainstream
123,popular_1_exp_Experiment_1_seed_42,4,0.05505830399878652,connected,mainstream
42,popular_1_exp_Experiment_1_seed_42,4,0.014393002184546049,connected,niche
132,popular_1_exp_Experiment_1_seed_42,4,0.08379521964528396,connected,mainstream
359,popular_1_exp_Experiment_1_seed_42,4,0.07203315928412075,connected,mainstream
557,popular_1_exp_Experiment_1_seed_42,4,0.05919213724769295,connected,mainstream
41,popular_1_exp_Experiment_1_seed_42,4,0.015660059897704467,connected,niche
208,popular_1_exp_Experiment_1_seed_42,4,0.04951539837851258,connected,mainstream
396,popular_1_exp_Experiment_1_seed_42,4,0.05469164227477643,connected,mainstream
365,popular_1_exp_Experiment_1_seed_42,4,0.049993249543347114,connected,mainstream
160,popular_1_exp_Experiment_1_seed_42,4,0.08563815266614293,connected,mainstream
170,popular_1_exp_Experiment_1_seed_42,4,0.05748727099066863,connected,mainstream
23,popular_1_exp_Experiment_1_seed_42,4,0.022237323763412215,connected,niche
471,popular_1_exp_Experiment_1_seed_42,4,0.04913321746529458,connected,mainstream
18,popular_1_exp_Experiment_1_seed_42,4,0.029546180379542857,connected,niche
174,popular_1_exp_Experiment_1_seed_42,4,0.05109590087779554,connected,mainstream
80,popular_1_exp_Experiment_1_seed_42,4,0.05811070836003653,connected,mainstream
249,popular_1_exp_Experiment_1_seed_42,4,0.05284215672623507,connected,mainstream
597,popular_1_exp_Experiment_1_seed_42,4,0.05707607910007486,connected,mainstream
478,popular_1_exp_Experiment_1_seed_42,4,0.058224734292110066,connected,mainstream
422,popular_1_exp_Experiment_1_seed_42,4,0.05850894225575943,connected,mainstream
257,popular_1_exp_Experiment_1_seed_42,4,0.05999277683087998,connected,mainstream
147,popular_1_exp_Experiment_1_seed_42,4,0.05561559339411812,connected,mainstream
319,popular_1_exp_Experiment_1_seed_42,4,0.06510652092425932,connected,mainstream
39,popular_1_exp_Experiment_1_seed_42,4,0.015697767253764636,connected,niche
100,popular_1_exp_Experiment_1_seed_42,4,0.050246537345275934,connected,mainstream
322,popular_1_exp_Experiment_1_seed_42,4,0.07578958602983199,connected,mainstream
572,popular_1_exp_Experiment_1_seed_42,4,0.05722162955532307,connected,mainstream
332,popular_1_exp_Experiment_1_seed_42,4,0.05328085751775957,connected,mainstream
334,popular_1_exp_Experiment_1_seed_42,4,0.05031338856796844,connected,mainstream
101,popular_1_exp_Experiment_1_seed_42,4,0.04979675235227948,connected,mainstream
256,popular_1_exp_Experiment_1_seed_42,4,0.05495505025953925,connected,mainstream
207,popular_1_exp_Experiment_1_seed_42,4,0.0654617625665667,connected,mainstream
95,popular_1_exp_Experiment_1_seed_42,4,0.05792884393414378,connected,mainstream
544,popular_1_exp_Experiment_1_seed_42,4,0.05790640774093935,connected,mainstream
112,popular_1_exp_Experiment_1_seed_42,4,0.05045041601533203,connected,mainstream
301,popular_1_exp_Experiment_1_seed_42,4,0.05372172537664813,connected,mainstream
325,popular_1_exp_Experiment_1_seed_42,4,0.05642338574908425,connected,mainstream
439,popular_1_exp_Experiment_1_seed_42,4,0.061318376877278986,connected,mainstream
128,popular_1_exp_Experiment_1_seed_42,4,0.09226195791789883,connected,mainstream
493,popular_1_exp_Experiment_1_seed_42,4,0.05549530227743358,connected,mainstream
232,popular_1_exp_Experiment_1_seed_42,4,0.07037918406060471,connected,mainstream
87,popular_1_exp_Experiment_1_seed_42,4,0.05591066517226836,connected,mainstream
117,popular_1_exp_Experiment_1_seed_42,4,0.0684800728490203,connected,mainstream
79,popular_1_exp_Experiment_1_seed_42,4,0.05796676979367616,connected,mainstream
306,popular_1_exp_Experiment_1_seed_42,4,0.05206534128360266,connected,mainstream
8,popular_1_exp_Experiment_1_seed_42,4,0.023715472765021797,connected,niche
324,popular_1_exp_Experiment_1_seed_42,4,0.05757940319623558,connected,mainstream
366,popular_1_exp_Experiment_1_seed_42,4,0.055041019415624025,connected,mainstream
505,popular_1_exp_Experiment_1_seed_42,4,0.04939183862247474,connected,mainstream
86,popular_1_exp_Experiment_1_seed_42,4,0.051870662286174596,connected,mainstream
284,popular_1_exp_Experiment_1_seed_42,4,0.058290912221595076,connected,mainstream
206,popular_1_exp_Experiment_1_seed_42,4,0.05871330620508838,connected,mainstream
192,popular_1_exp_Experiment_1_seed_42,4,0.05664216888929685,connected,mainstream
464,popular_1_exp_Experiment_1_seed_42,4,0.05523113847366975,connected,mainstream
180,popular_1_exp_Experiment_1_seed_42,4,0.05142453537466218,connected,mainstream
497,popular_1_exp_Experiment_1_seed_42,4,0.05690413441005216,connected,mainstream
395,popular_1_exp_Experiment_1_seed_42,4,0.05012638961468688,connected,mainstream
49,popular_1_exp_Experiment_1_seed_42,4,0.026327542296796725,connected,niche
413,popular_1_exp_Experiment_1_seed_42,4,0.052309149686978675,connected,mainstream
549,popular_1_exp_Experiment_1_seed_42,4,0.051138218583000966,connected,mainstream
15,popular_1_exp_Experiment_1_seed_42,4,0.025857422522283624,connected,niche
244,popular_1_exp_Experiment_1_seed_42,4,0.06568623358145743,connected,mainstream
234,popular_1_exp_Experiment_1_seed_42,4,0.05507196443659984,connected,mainstream
276,popular_1_exp_Experiment_1_seed_42,4,0.05776543758029154,connected,mainstream
361,popular_1_exp_Experiment_1_seed_42,4,0.06829221768349499,connected,mainstream
412,popular_1_exp_Experiment_1_seed_42,4,0.0556114043110243,connected,mainstream
375,popular_1_exp_Experiment_1_seed_42,4,0.05434245504487891,connected,mainstream
250,popular_1_exp_Experiment_1_seed_42,4,0.06381743456883614,connected,mainstream
233,popular_1_exp_Experiment_1_seed_42,4,0.05915804114703668,connected,mainstream
369,popular_1_exp_Experiment_1_seed_42,4,0.050089821000754244,connected,mainstream
391,popular_1_exp_Experiment_1_seed_42,4,0.055739177204860206,connected,mainstream
171,popular_1_exp_Experiment_1_seed_42,4,0.062298975050821416,connected,mainstream
304,popular_1_exp_Experiment_1_seed_42,4,0.052258093669693195,connected,mainstream
72,popular_1_exp_Experiment_1_seed_42,4,0.0534855336065837,connected,mainstream
272,popular_1_exp_Experiment_1_seed_42,4,0.07993453943016078,connected,mainstream
154,popular_1_exp_Experiment_1_seed_42,4,0.06212378048002574,connected,mainstream
488,popular_1_exp_Experiment_1_seed_42,4,0.06487491903759073,connected,mainstream
76,popular_1_exp_Experiment_1_seed_42,4,0.057663463565231665,connected,mainstream
436,popular_1_exp_Experiment_1_seed_42,4,0.06974642675881017,connected,mainstream
240,popular_1_exp_Experiment_1_seed_42,4,0.05414111640835578,connected,mainstream
570,popular_1_exp_Experiment_1_seed_42,4,0.05004789311640811,connected,mainstream
223,popular_1_exp_Experiment_1_seed_42,4,0.05047014392864895,connected,mainstream
146,popular_1_exp_Experiment_1_seed_42,4,0.054844733520466406,connected,mainstream
13,popular_1_exp_Experiment_1_seed_42,4,0.028383734182824794,connected,niche
152,popular_1_exp_Experiment_1_seed_42,4,0.054912022487763834,connected,mainstream
68,popular_1_exp_Experiment_1_seed_42,4,0.04951250631234372,connected,mainstream
120,popular_1_exp_Experiment_1_seed_42,4,0.05707004699892776,connected,mainstream
506,popular_1_exp_Experiment_1_seed_42,4,0.053000581726408674,connected,mainstream
108,popular_1_exp_Experiment_1_seed_42,4,0.06268757011243109,connected,mainstream
77,popular_1_exp_Experiment_1_seed_42,4,0.056209907789831294,connected,mainstream
400,popular_1_exp_Experiment_1_seed_42,4,0.06370493340969292,connected,mainstream
337,popular_1_exp_Experiment_1_seed_42,4,0.06013106616943333,connected,mainstream
7,popular_1_exp_Experiment_1_seed_42,4,0.027896520937354424,connected,niche
345,popular_1_exp_Experiment_1_seed_42,4,0.06599683077659091,connected,mainstream
438,popular_1_exp_Experiment_1_seed_42,4,0.05301670723402064,connected,mainstream
9,popular_1_exp_Experiment_1_seed_42,4,0.02349270639366514,connected,niche
261,popular_1_exp_Experiment_1_seed_42,4,0.05094368621990814,connected,mainstream
455,popular_1_exp_Experiment_1_seed_42,4,0.049705958377189365,connected,mainstream
65,popular_1_exp_Experiment_1_seed_42,4,0.06946904760295029,connected,mainstream
329,popular_1_exp_Experiment_1_seed_42,4,0.05240995371812229,connected,mainstream
518,popular_1_exp_Experiment_1_seed_42,4,0.06777630459406879,connected,mainstream
382,popular_1_exp_Experiment_1_seed_42,4,0.06323907924404416,connected,mainstream
482,popular_1_exp_Experiment_1_seed_42,4,0.052070882500607346,connected,mainstream
320,popular_1_exp_Experiment_1_seed_42,4,0.060096653225854973,connected,mainstream
104,popular_1_exp_Experiment_1_seed_42,4,0.05388972237510736,connected,mainstream
317,popular_1_exp_Experiment_1_seed_42,4,0.053686010223876125,connected,mainstream
463,popular_1_exp_Experiment_1_seed_42,4,0.057722408408933945,connected,mainstream
266,popular_1_exp_Experiment_1_seed_42,4,0.050326253955822214,connected,mainstream
115,popular_1_exp_Experiment_1_seed_42,4,0.05736044627948627,connected,mainstream
346,popular_1_exp_Experiment_1_seed_42,4,0.05664197698716921,connected,mainstream
450,popular_1_exp_Experiment_1_seed_42,4,0.055784312359830675,connected,mainstream
496,popular_1_exp_Experiment_1_seed_42,4,0.06281013958610866,connected,mainstream
348,popular_1_exp_Experiment_1_seed_42,4,0.06480129567193338,connected,mainstream
508,popular_1_exp_Experiment_1_seed_42,4,0.07124348238550558,connected,mainstream
507,popular_1_exp_Experiment_1_seed_42,4,0.058874776629041135,connected,mainstream
243,popular_1_exp_Experiment_1_seed_42,4,0.059299083225631495,connected,mainstream
260,popular_1_exp_Experiment_1_seed_42,4,0.05854961697033818,connected,mainstream
487,popular_1_exp_Experiment_1_seed_42,4,0.06011668227850764,connected,mainstream
550,popular_1_exp_Experiment_1_seed_42,4,0.05129009060931069,connected,mainstream
343,popular_1_exp_Experiment_1_seed_42,4,0.05042040139903466,connected,mainstream
177,popular_1_exp_Experiment_1_seed_42,4,0.07881704039149638,connected,mainstream
333,popular_1_exp_Experiment_1_seed_42,4,0.052270565674510515,connected,mainstream
5,popular_1_exp_Experiment_1_seed_42,4,0.015067404756480711,connected,niche
425,popular_1_exp_Experiment_1_seed_42,4,0.052970241320346494,connected,mainstream
372,popular_1_exp_Experiment_1_seed_42,4,0.056978466390367216,connected,mainstream
288,popular_1_exp_Experiment_1_seed_42,4,0.058168133852632704,connected,mainstream
50,popular_1_exp_Experiment_1_seed_42,4,0.01385270105432538,connected,niche
279,popular_1_exp_Experiment_1_seed_42,4,0.06372186407806553,connected,mainstream
165,popular_1_exp_Experiment_1_seed_42,4,0.053196599999809614,connected,mainstream
124,popular_1_exp_Experiment_1_seed_42,4,0.05956515594302774,connected,mainstream
134,popular_1_exp_Experiment_1_seed_42,4,0.06404101465803393,connected,mainstream
82,popular_1_exp_Experiment_1_seed_42,4,0.06456190288873992,connected,mainstream
571,popular_1_exp_Experiment_1_seed_42,4,0.05515179798049764,connected,mainstream
119,popular_1_exp_Experiment_1_seed_42,4,0.05182165632411347,connected,mainstream
31,popular_1_exp_Experiment_1_seed_42,4,0.019579498705504277,connected,niche
81,popular_1_exp_Experiment_1_seed_42,4,0.05423462149247732,connected,mainstream
184,popular_1_exp_Experiment_1_seed_42,4,0.06121479935596676,connected,mainstream
350,popular_1_exp_Experiment_1_seed_42,4,0.05370511779707191,connected,mainstream
363,popular_1_exp_Experiment_1_seed_42,4,0.05446311166848474,connected,mainstream
393,popular_1_exp_Experiment_1_seed_42,4,0.052043739791754105,connected,mainstream
416,popular_1_exp_Experiment_1_seed_42,4,0.05604929324215102,connected,mainstream
399,popular_1_exp_Experiment_1_seed_42,4,0.057201509637901334,connected,mainstream
148,popular_1_exp_Experiment_1_seed_42,4,0.05707227807954048,connected,mainstream
150,popular_1_exp_Experiment_1_seed_42,4,0.05468167886951824,connected,mainstream
274,popular_1_exp_Experiment_1_seed_42,4,0.04966247194671636,connected,mainstream
307,popular_1_exp_Experiment_1_seed_42,4,0.05724900794379259,connected,mainstream
591,popular_1_exp_Experiment_1_seed_42,4,0.05519526582243708,connected,mainstream
326,popular_1_exp_Experiment_1_seed_42,4,0.05357603856183193,connected,mainstream
543,popular_1_exp_Experiment_1_seed_42,4,0.05134845254939439,connected,mainstream
456,popular_1_exp_Experiment_1_seed_42,4,0.05307140910458577,connected,mainstream
460,popular_1_exp_Experiment_1_seed_42,4,0.05840722725312841,connected,mainstream
213,popular_1_exp_Experiment_1_seed_42,4,0.056872730244740655,connected,mainstream
516,popular_1_exp_Experiment_1_seed_42,4,0.05665969636366655,connected,mainstream
313,popular_1_exp_Experiment_1_seed_42,4,0.05889601625790721,connected,mainstream
181,popular_1_exp_Experiment_1_seed_42,4,0.0530594712026545,connected,mainstream
433,popular_1_exp_Experiment_1_seed_42,4,0.06224328860856381,connected,mainstream
285,popular_1_exp_Experiment_1_seed_42,4,0.05151712884750045,connected,mainstream
384,popular_1_exp_Experiment_1_seed_42,4,0.0881082052381162,connected,mainstream
195,popular_1_exp_Experiment_1_seed_42,4,0.06534215651974618,connected,mainstream
303,popular_1_exp_Experiment_1_seed_42,4,0.05958241690010521,connected,mainstream
423,popular_1_exp_Experiment_1_seed_42,4,0.05083138765400282,connected,mainstream
259,popular_1_exp_Experiment_1_seed_42,4,0.053528769151457885,connected,mainstream
327,popular_1_exp_Experiment_1_seed_42,4,0.04966866358629842,connected,mainstream
420,popular_1_exp_Experiment_1_seed_42,4,0.056620612528226054,connected,mainstream
525,popular_1_exp_Experiment_1_seed_42,4,0.05484497641957903,connected,mainstream
352,popular_1_exp_Experiment_1_seed_42,4,0.013418243869905233,connected,mainstream
551,popular_1_exp_Experiment_1_seed_42,4,0.06580666861739275,connected,mainstream
532,popular_1_exp_Experiment_1_seed_42,4,0.06487684131275359,connected,mainstream
528,popular_1_exp_Experiment_1_seed_42,4,0.06034281532532857,connected,mainstream
452,popular_1_exp_Experiment_1_seed_42,4,0.049745713730245916,connected,mainstream
404,popular_1_exp_Experiment_1_seed_42,4,0.049611872948072976,connected,mainstream
19,popular_1_exp_Experiment_1_seed_42,4,0.0308458994342858,connected,niche
443,popular_1_exp_Experiment_1_seed_42,4,0.06373348072896806,connected,mainstream
342,popular_1_exp_Experiment_1_seed_42,4,0.06674992867218742,connected,mainstream
265,popular_1_exp_Experiment_1_seed_42,4,0.07161984734576206,connected,mainstream
561,popular_1_exp_Experiment_1_seed_42,4,0.059391191876672335,connected,mainstream
173,popular_1_exp_Experiment_1_seed_42,4,0.06946647653564557,connected,mainstream
205,popular_1_exp_Experiment_1_seed_42,4,0.06621152032265432,connected,mainstream
318,popular_1_exp_Experiment_1_seed_42,4,0.0634350883033367,connected,mainstream
94,popular_1_exp_Experiment_1_seed_42,4,0.06084358721834864,connected,mainstream
500,popular_1_exp_Experiment_1_seed_42,4,0.05978231296027311,connected,mainstream
472,popular_1_exp_Experiment_1_seed_42,4,0.05624905292057863,connected,mainstream
105,popular_1_exp_Experiment_1_seed_42,4,0.06172934000542782,connected,mainstream
200,popular_1_exp_Experiment_1_seed_42,4,0.06172967792416575,connected,mainstream
523,popular_1_exp_Experiment_1_seed_42,4,0.04983246270366645,connected,mainstream
447,popular_1_exp_Experiment_1_seed_42,4,0.058595690307138626,connected,mainstream
380,popular_1_exp_Experiment_1_seed_42,4,0.055528629262923034,connected,mainstream
141,popular_1_exp_Experiment_1_seed_42,4,0.056148460023302905,connected,mainstream
127,popular_1_exp_Experiment_1_seed_42,4,0.052875565882846566,connected,mainstream
139,popular_1_exp_Experiment_1_seed_42,4,0.05263026351971831,connected,mainstream
379,popular_1_exp_Experiment_1_seed_42,4,0.06420118109784635,connected,mainstream
589,popular_1_exp_Experiment_1_seed_42,4,0.052638079163592054,connected,mainstream
514,popular_1_exp_Experiment_1_seed_42,4,0.05454089974396042,connected,mainstream
513,popular_1_exp_Experiment_1_seed_42,4,0.06322397575023214,connected,mainstream
522,popular_1_exp_Experiment_1_seed_42,4,0.05392302560053708,connected,mainstream
75,popular_1_exp_Experiment_1_seed_42,4,0.0582446423786963,connected,mainstream
24,popular_1_exp_Experiment_1_seed_42,4,0.027564432608350595,connected,niche
189,popular_1_exp_Experiment_1_seed_42,4,0.05088882200002973,connected,mainstream
216,popular_1_exp_Experiment_1_seed_42,4,6.6881651283624305e-06,connected,mainstream
198,popular_1_exp_Experiment_1_seed_42,4,0.05337922303964898,connected,mainstream
580,popular_1_exp_Experiment_1_seed_42,4,0.07122905607838899,connected,mainstream
0,popular_1_exp_Experiment_1_seed_42,4,0.03404571479091267,connected,niche
392,popular_1_exp_Experiment_1_seed_42,4,0.049814713498579216,connected,mainstream
178,popular_1_exp_Experiment_1_seed_42,4,0.050294123264354,connected,mainstream
470,popular_1_exp_Experiment_1_seed_42,4,0.05433437317843171,connected,mainstream
598,popular_1_exp_Experiment_1_seed_42,4,0.054354945405690115,connected,mainstream
11,popular_1_exp_Experiment_1_seed_42,4,0.024455406065025165,connected,niche
114,popular_1_exp_Experiment_1_seed_42,4,0.051359868663109626,connected,mainstream
474,popular_1_exp_Experiment_1_seed_42,4,0.0679681584990092,connected,mainstream
537,popular_1_exp_Experiment_1_seed_42,4,0.05277388876457719,connected,mainstream
417,popular_1_exp_Experiment_1_seed_42,4,0.05553245606867747,connected,mainstream
394,popular_1_exp_Experiment_1_seed_42,4,0.06406493757149495,connected,mainstream
534,popular_1_exp_Experiment_1_seed_42,4,0.07570581037550941,connected,mainstream
407,popular_1_exp_Experiment_1_seed_42,4,0.06043345201697769,connected,mainstream
179,popular_1_exp_Experiment_1_seed_42,4,0.05050808095784103,connected,mainstream
58,popular_1_exp_Experiment_1_seed_42,4,0.025268873535723657,connected,niche
172,popular_1_exp_Experiment_1_seed_42,4,0.05867984166364337,connected,mainstream
445,popular_1_exp_Experiment_1_seed_42,4,0.06748904874927729,connected,mainstream
136,popular_1_exp_Experiment_1_seed_42,4,0.06371018062864324,connected,mainstream
536,popular_1_exp_Experiment_1_seed_42,4,0.05977827385199669,connected,mainstream
168,popular_1_exp_Experiment_1_seed_42,4,0.06364172140740208,connected,mainstream
109,popular_1_exp_Experiment_1_seed_42,4,0.05744331653690821,connected,mainstream
442,popular_1_exp_Experiment_1_seed_42,4,0.05853482399120057,connected,mainstream
587,popular_1_exp_Experiment_1_seed_42,4,0.06137751169875738,connected,mainstream
368,popular_1_exp_Experiment_1_seed_42,4,0.05843520288995768,connected,mainstream
449,popular_1_exp_Experiment_1_seed_42,4,0.05713966932413513,connected,mainstream
280,popular_1_exp_Experiment_1_seed_42,4,0.05702357126291783,connected,mainstream
576,popular_1_exp_Experiment_1_seed_42,4,0.053454493127164764,connected,mainstream
51,popular_1_exp_Experiment_1_seed_42,4,0.021409985191420667,connected,niche
465,popular_1_exp_Experiment_1_seed_42,4,0.06025711068412781,connected,mainstream
176,popular_1_exp_Experiment_1_seed_42,4,0.052871896411410456,connected,mainstream
121,popular_1_exp_Experiment_1_seed_42,4,0.05558535940050698,connected,mainstream
491,popular_1_exp_Experiment_1_seed_42,4,0.05868390989567438,connected,mainstream
210,popular_1_exp_Experiment_1_seed_42,4,0.05817870291220514,connected,mainstream
194,popular_1_exp_Experiment_1_seed_42,4,0.05276988381908426,connected,mainstream
163,popular_1_exp_Experiment_1_seed_42,4,0.05337588866699117,connected,mainstream
263,popular_1_exp_Experiment_1_seed_42,4,0.05258046804133632,connected,mainstream
338,popular_1_exp_Experiment_1_seed_42,4,0.05668053016451798,connected,mainstream
328,popular_1_exp_Experiment_1_seed_42,4,0.05054823974772594,connected,mainstream
218,popular_1_exp_Experiment_1_seed_42,4,0.05580361460120057,connected,mainstream
126,popular_1_exp_Experiment_1_seed_42,4,0.05896011816141198,connected,mainstream
91,popular_1_exp_Experiment_1_seed_42,4,0.055575656921779175,connected,mainstream
495,popular_1_exp_Experiment_1_seed_42,4,0.05919088438105228,connected,mainstream
156,popular_1_exp_Experiment_1_seed_42,4,0.06220803035003871,connected,mainstream
287,popular_1_exp_Experiment_1_seed_42,4,0.060747685546205236,connected,mainstream
3,popular_1_exp_Experiment_1_seed_42,4,0.02728905382227094,connected,niche
273,popular_1_exp_Experiment_1_seed_42,4,0.05115756640349207,connected,mainstream
547,popular_1_exp_Experiment_1_seed_42,4,0.07091079630177048,connected,mainstream
202,popular_1_exp_Experiment_1_seed_42,4,0.05571757200169978,connected,mainstream
28,popular_1_exp_Experiment_1_seed_42,4,0.024630064167513444,connected,niche
199,popular_1_exp_Experiment_1_seed_42,4,0.06721106794248169,connected,mainstream
542,popular_1_exp_Experiment_1_seed_42,4,0.06090197611733575,connected,mainstream
296,popular_1_exp_Experiment_1_seed_42,4,0.053440716102200254,connected,mainstream
356,popular_1_exp_Experiment_1_seed_42,4,0.05335744539864377,connected,mainstream
56,popular_1_exp_Experiment_1_seed_42,4,0.02779384526845494,connected,niche
312,popular_1_exp_Experiment_1_seed_42,4,0.05554356350092099,connected,mainstream
275,popular_1_exp_Experiment_1_seed_42,4,0.05737843954658714,connected,mainstream
185,popular_1_exp_Experiment_1_seed_42,4,0.052325271382018014,connected,mainstream
336,popular_1_exp_Experiment_1_seed_42,4,0.060623315860430155,connected,mainstream
228,popular_1_exp_Experiment_1_seed_42,4,0.053130635044287146,connected,mainstream
237,popular_1_exp_Experiment_1_seed_42,4,0.05056786093941793,connected,mainstream
448,popular_1_exp_Experiment_1_seed_42,4,0.05375909437310775,connected,mainstream
584,popular_1_exp_Experiment_1_seed_42,4,0.057377582425401454,connected,mainstream
144,popular_1_exp_Experiment_1_seed_42,4,0.05231934327238839,connected,mainstream
459,popular_1_exp_Experiment_1_seed_42,4,0.053159350728848836,connected,mainstream
40,popular_1_exp_Experiment_1_seed_42,4,0.021683225098517552,connected,niche
155,popular_1_exp_Experiment_1_seed_42,4,0.05568215221266604,connected,mainstream
520,popular_1_exp_Experiment_1_seed_42,4,0.06328852589558258,connected,mainstream
35,popular_1_exp_Experiment_1_seed_42,4,0.02847448482506448,connected,niche
143,popular_1_exp_Experiment_1_seed_42,4,6.11363176804873e-06,connected,mainstream
408,popular_1_exp_Experiment_1_seed_42,4,0.05823070452847478,connected,mainstream
367,popular_1_exp_Experiment_1_seed_42,4,0.05537331926697157,connected,mainstream
92,popular_1_exp_Experiment_1_seed_42,4,0.055887876560032745,connected,mainstream
370,popular_1_exp_Experiment_1_seed_42,4,0.05348159693693565,connected,mainstream
32,popular_1_exp_Experiment_1_seed_42,4,0.03108878178755173,connected,niche
485,popular_1_exp_Experiment_1_seed_42,4,0.05792442183144549,connected,mainstream
106,popular_1_exp_Experiment_1_seed_42,4,0.05391471265261762,connected,mainstream
251,popular_1_exp_Experiment_1_seed_42,4,0.05872609922554243,connected,mainstream
52,popular_1_exp_Experiment_1_seed_42,4,0.021960935388354013,connected,niche
331,popular_1_exp_Experiment_1_seed_42,4,0.09944360120125169,connected,mainstream
25,popular_1_exp_Experiment_1_seed_42,4,0.024464757647410407,connected,niche
475,popular_1_exp_Experiment_1_seed_42,4,0.05249572167062056,connected,mainstream
83,popular_1_exp_Experiment_1_seed_42,4,0.05593503838741177,connected,mainstream
411,popular_1_exp_Experiment_1_seed_42,4,0.07037351385538519,connected,mainstream
503,popular_1_exp_Experiment_1_seed_42,4,0.057964209124554904,connected,mainstream
579,popular_1_exp_Experiment_1_seed_42,4,0.0500418261347964,connected,mainstream
111,popular_1_exp_Experiment_1_seed_42,4,0.050389257336215465,connected,mainstream
29,popular_1_exp_Experiment_1_seed_42,4,0.027439547597363587,connected,niche
480,popular_1_exp_Experiment_1_seed_42,4,6.466336501256377e-06,connected,mainstream
84,popular_1_exp_Experiment_1_seed_42,4,0.07311137955334844,connected,mainstream
527,popular_1_exp_Experiment_1_seed_42,4,0.05222064597635567,connected,mainstream
441,popular_1_exp_Experiment_1_seed_42,4,0.06310307948083033,connected,mainstream
349,popular_1_exp_Experiment_1_seed_42,4,0.048462859508457155,connected,mainstream
64,popular_1_exp_Experiment_1_seed_42,4,0.06691210268533758,connected,mainstream
360,popular_1_exp_Experiment_1_seed_42,4,0.05513739567965257,connected,mainstream
258,popular_1_exp_Experiment_1_seed_42,4,0.056420386797911455,connected,mainstream
530,popular_1_exp_Experiment_1_seed_42,4,0.06452169064321867,connected,mainstream
291,popular_1_exp_Experiment_1_seed_42,4,0.06088665083861603,connected,mainstream
305,popular_1_exp_Experiment_1_seed_42,4,0.058907953645851975,connected,mainstream
16,popular_1_exp_Experiment_1_seed_42,4,0.02448233550142384,connected,niche
47,popular_1_exp_Experiment_1_seed_42,4,0.029123331488296142,connected,niche
590,popular_1_exp_Experiment_1_seed_42,4,0.056329665296095954,connected,mainstream
188,popular_1_exp_Experiment_1_seed_42,4,0.06250616287446313,connected,mainstream
397,popular_1_exp_Experiment_1_seed_42,4,0.07160753697489823,connected,mainstream
457,popular_1_exp_Experiment_1_seed_42,4,0.05416752521346783,connected,mainstream
302,popular_1_exp_Experiment_1_seed_42,4,0.0509611759665743,connected,mainstream
26,popular_1_exp_Experiment_1_seed_42,4,0.029001059979427493,connected,niche
6,popular_1_exp_Experiment_1_seed_42,4,0.013124526681955578,connected,niche
315,popular_1_exp_Experiment_1_seed_42,4,0.05942150798006756,connected,mainstream
268,popular_1_exp_Experiment_1_seed_42,4,0.0557440253389729,connected,mainstream
494,popular_1_exp_Experiment_1_seed_42,4,0.04933829250654389,connected,mainstream
330,popular_1_exp_Experiment_1_seed_42,4,0.059536184954866574,connected,mainstream
501,popular_1_exp_Experiment_1_seed_42,4,0.07222348407246243,connected,mainstream
10,popular_1_exp_Experiment_1_seed_42,4,0.02954693748538544,connected,niche
509,popular_1_exp_Experiment_1_seed_42,4,0.048630969243492285,connected,mainstream
548,popular_1_exp_Experiment_1_seed_42,4,0.05787915610094963,connected,mainstream
164,popular_1_exp_Experiment_1_seed_42,4,0.04961271576895875,connected,mainstream
484,popular_1_exp_Experiment_1_seed_42,4,0.05525411910501329,connected,mainstream
63,popular_1_exp_Experiment_1_seed_42,4,6.177652891391174e-06,connected,mainstream
339,popular_1_exp_Experiment_1_seed_42,4,0.053833159387052375,connected,mainstream
246,popular_1_exp_Experiment_1_seed_42,4,0.0503421376685535,connected,mainstream
193,popular_1_exp_Experiment_1_seed_42,4,0.049992730435471,connected,mainstream
529,popular_1_exp_Experiment_1_seed_42,4,0.05189675423440937,connected,mainstream
113,popular_1_exp_Experiment_1_seed_42,4,0.058922650073912376,connected,mainstream
427,popular_1_exp_Experiment_1_seed_42,4,0.053926159872674434,connected,mainstream
344,popular_1_exp_Experiment_1_seed_42,4,0.056300206538889196,connected,mainstream
575,popular_1_exp_Experiment_1_seed_42,4,0.05561225663809249,connected,mainstream
583,popular_1_exp_Experiment_1_seed_42,4,0.05645310411934822,connected,mainstream
55,popular_1_exp_Experiment_1_seed_42,4,0.025561970713604748,connected,niche
476,popular_1_exp_Experiment_1_seed_42,4,0.0649717395921937,connected,mainstream
89,popular_1_exp_Experiment_1_seed_42,4,0.04965589905418949,connected,mainstream
409,popular_1_exp_Experiment_1_seed_42,4,0.06484474238273123,connected,mainstream
353,popular_1_exp_Experiment_1_seed_42,4,0.05974095897460472,connected,mainstream
62,popular_1_exp_Experiment_1_seed_42,4,0.056285031471414455,connected,mainstream
418,popular_1_exp_Experiment_1_seed_42,4,0.05864309828388395,connected,mainstream
573,popular_1_exp_Experiment_1_seed_42,4,0.05233663283883855,connected,mainstream
440,popular_1_exp_Experiment_1_seed_42,4,0.051278634308099175,connected,mainstream
454,popular_1_exp_Experiment_1_seed_42,4,0.05829213676276407,connected,mainstream
562,popular_1_exp_Experiment_1_seed_42,4,0.055707219940822915,connected,mainstream
221,popular_1_exp_Experiment_1_seed_42,4,0.06345374028736252,connected,mainstream
406,popular_1_exp_Experiment_1_seed_42,4,0.05361870460658639,connected,mainstream
432,popular_1_exp_Experiment_1_seed_42,4,0.060640913263381606,connected,mainstream
290,popular_1_exp_Experiment_1_seed_42,4,0.05685485511748173,connected,mainstream
27,popular_1_exp_Experiment_1_seed_42,4,0.02874732155103671,connected,niche
247,popular_1_exp_Experiment_1_seed_42,4,0.05184834074203284,connected,mainstream
271,popular_1_exp_Experiment_1_seed_42,4,0.04970745329326844,connected,mainstream
401,popular_1_exp_Experiment_1_seed_42,4,0.05606789145954258,connected,mainstream
578,popular_1_exp_Experiment_1_seed_42,4,0.07102708499805922,connected,mainstream
535,popular_1_exp_Experiment_1_seed_42,4,0.05604211211519703,connected,mainstream
371,popular_1_exp_Experiment_1_seed_42,4,0.05217526021421188,connected,mainstream
444,popular_1_exp_Experiment_1_seed_42,4,0.05065267797662065,connected,mainstream
226,popular_1_exp_Experiment_1_seed_42,4,0.05593616232667991,connected,mainstream
191,popular_1_exp_Experiment_1_seed_42,4,0.06194085248339078,connected,mainstream
122,popular_1_exp_Experiment_1_seed_42,4,0.07189874306424714,connected,mainstream
4,popular_1_exp_Experiment_1_seed_42,4,0.02579633004003821,connected,niche
21,popular_1_exp_Experiment_1_seed_42,4,0.018361177843801774,connected,niche
390,popular_1_exp_Experiment_1_seed_42,4,0.060571424594536905,connected,mainstream
190,popular_1_exp_Experiment_1_seed_42,4,0.049597690390274486,connected,mainstream
552,popular_1_exp_Experiment_1_seed_42,4,0.060901932396454826,connected,mainstream
235,popular_1_exp_Experiment_1_seed_42,4,0.057354650343277275,connected,mainstream
593,popular_1_exp_Experiment_1_seed_42,4,0.05606466260203175,connected,mainstream
214,popular_1_exp_Experiment_1_seed_42,4,0.07204626575138401,connected,mainstream
483,popular_1_exp_Experiment_1_seed_42,4,0.06889747379153997,connected,mainstream
515,popular_1_exp_Experiment_1_seed_42,4,0.053621992497482625,connected,mainstream
435,popular_1_exp_Experiment_1_seed_42,4,0.050777826436680246,connected,mainstream
377,popular_1_exp_Experiment_1_seed_42,4,0.06917257370213818,connected,mainstream
162,popular_1_exp_Experiment_1_seed_42,4,0.05588419689874363,connected,mainstream
66,popular_1_exp_Experiment_1_seed_42,4,0.06217601412810153,connected,mainstream
421,popular_1_exp_Experiment_1_seed_42,4,0.07746461709112375,connected,mainstream
566,popular_1_exp_Experiment_1_seed_42,4,0.0686379768303429,connected,mainstream
153,popular_1_exp_Experiment_1_seed_42,4,0.052552584441702,connected,mainstream
48,popular_1_exp_Experiment_1_seed_42,4,0.01426997666884231,connected,niche
486,popular_1_exp_Experiment_1_seed_42,4,0.05451163679400728,connected,mainstream
389,popular_1_exp_Experiment_1_seed_42,4,0.05421302801393229,connected,mainstream
466,popular_1_exp_Experiment_1_seed_42,4,0.05018881741830269,connected,mainstream
107,popular_1_exp_Experiment_1_seed_42,4,0.053331646429228934,connected,mainstream
585,popular_1_exp_Experiment_1_seed_42,4,0.05858036957319773,connected,mainstream
53,popular_1_exp_Experiment_1_seed_42,4,0.031884410114740636,connected,niche
567,popular_1_exp_Experiment_1_seed_42,4,0.05556121228748089,connected,mainstream
167,popular_1_exp_Experiment_1_seed_42,4,0.07231713864656858,connected,mainstream
502,popular_1_exp_Experiment_1_seed_42,4,0.06166554225557732,connected,mainstream
451,popular_1_exp_Experiment_1_seed_42,4,0.05217959179872931,connected,mainstream
300,popular_1_exp_Experiment_1_seed_42,4,0.05717306719803159,connected,mainstream
264,popular_1_exp_Experiment_1_seed_42,4,0.06363733297845146,connected,mainstream
253,popular_1_exp_Experiment_1_seed_42,4,0.06464464997986369,connected,mainstream
231,popular_1_exp_Experiment_1_seed_42,4,0.06843792879702214,connected,mainstream
335,popular_1_exp_Experiment_1_seed_42,4,0.056675867214345234,connected,mainstream
362,popular_1_exp_Experiment_1_seed_42,4,0.05066989268431018,connected,mainstream
461,popular_1_exp_Experiment_1_seed_42,4,0.06523549889866075,connected,mainstream
57,popular_1_exp_Experiment_1_seed_42,5,0.02312169434408791,connected,niche
538,popular_1_exp_Experiment_1_seed_42,5,0.0654858611178535,connected,mainstream
309,popular_1_exp_Experiment_1_seed_42,5,0.05081096470282654,connected,mainstream
44,popular_1_exp_Experiment_1_seed_42,5,0.02039036400630034,connected,niche
424,popular_1_exp_Experiment_1_seed_42,5,0.05214793967763659,connected,mainstream
588,popular_1_exp_Experiment_1_seed_42,5,0.05349161537574857,connected,mainstream
462,popular_1_exp_Experiment_1_seed_42,5,0.051381791210060423,connected,mainstream
1,popular_1_exp_Experiment_1_seed_42,5,0.025788553743602508,connected,niche
294,popular_1_exp_Experiment_1_seed_42,5,0.05064640775178486,connected,mainstream
364,popular_1_exp_Experiment_1_seed_42,5,0.049796908449178,connected,mainstream
489,popular_1_exp_Experiment_1_seed_42,5,0.056096035299831516,connected,mainstream
73,popular_1_exp_Experiment_1_seed_42,5,0.06682933401701131,connected,mainstream
388,popular_1_exp_Experiment_1_seed_42,5,0.06790508936552359,connected,mainstream
569,popular_1_exp_Experiment_1_seed_42,5,0.050620245924251815,connected,mainstream
387,popular_1_exp_Experiment_1_seed_42,5,0.05523961241466906,connected,mainstream
373,popular_1_exp_Experiment_1_seed_42,5,0.055585174935085156,connected,mainstream
292,popular_1_exp_Experiment_1_seed_42,5,0.05320465953176714,connected,mainstream
383,popular_1_exp_Experiment_1_seed_42,5,0.051925782983811064,connected,mainstream
519,popular_1_exp_Experiment_1_seed_42,5,0.050396448906683926,connected,mainstream
554,popular_1_exp_Experiment_1_seed_42,5,0.04931743361208187,connected,mainstream
97,popular_1_exp_Experiment_1_seed_42,5,0.06598096819300735,connected,mainstream
419,popular_1_exp_Experiment_1_seed_42,5,0.05625631467292135,connected,mainstream
125,popular_1_exp_Experiment_1_seed_42,5,0.05385027829447476,connected,mainstream
61,popular_1_exp_Experiment_1_seed_42,5,0.06225117443369648,connected,mainstream
71,popular_1_exp_Experiment_1_seed_42,5,0.05245995941325158,connected,mainstream
85,popular_1_exp_Experiment_1_seed_42,5,0.05076244636924566,connected,mainstream
403,popular_1_exp_Experiment_1_seed_42,5,0.06428841920037075,connected,mainstream
2,popular_1_exp_Experiment_1_seed_42,5,0.014596597854633324,connected,niche
374,popular_1_exp_Experiment_1_seed_42,5,0.05475862129761271,connected,mainstream
594,popular_1_exp_Experiment_1_seed_42,5,0.05219326526600184,connected,mainstream
560,popular_1_exp_Experiment_1_seed_42,5,0.06564248107560981,connected,mainstream
510,popular_1_exp_Experiment_1_seed_42,5,0.056281567938273214,connected,mainstream
546,popular_1_exp_Experiment_1_seed_42,5,0.0523655973617801,connected,mainstream
428,popular_1_exp_Experiment_1_seed_42,5,0.07940688955219023,connected,mainstream
212,popular_1_exp_Experiment_1_seed_42,5,0.0498958645934639,connected,mainstream
238,popular_1_exp_Experiment_1_seed_42,5,0.06948978624116901,connected,mainstream
183,popular_1_exp_Experiment_1_seed_42,5,0.049604484446395404,connected,mainstream
308,popular_1_exp_Experiment_1_seed_42,5,0.05854469075768126,connected,mainstream
88,popular_1_exp_Experiment_1_seed_42,5,0.05507158420180249,connected,mainstream
54,popular_1_exp_Experiment_1_seed_42,5,0.02015447183351601,connected,niche
93,popular_1_exp_Experiment_1_seed_42,5,0.06271482381573053,connected,mainstream
142,popular_1_exp_Experiment_1_seed_42,5,0.05544677449397264,connected,mainstream
43,popular_1_exp_Experiment_1_seed_42,5,0.026938588280503873,connected,niche
385,popular_1_exp_Experiment_1_seed_42,5,0.04993042795371965,connected,mainstream
533,popular_1_exp_Experiment_1_seed_42,5,0.05104356140645546,connected,mainstream
431,popular_1_exp_Experiment_1_seed_42,5,0.05576033811554467,connected,mainstream
67,popular_1_exp_Experiment_1_seed_42,5,0.07978840638133426,connected,mainstream
415,popular_1_exp_Experiment_1_seed_42,5,0.0700469856053569,connected,mainstream
220,popular_1_exp_Experiment_1_seed_42,5,0.05484993672665131,connected,mainstream
402,popular_1_exp_Experiment_1_seed_42,5,0.049537104336724334,connected,mainstream
98,popular_1_exp_Experiment_1_seed_42,5,0.052918982705373784,connected,mainstream
358,popular_1_exp_Experiment_1_seed_42,5,0.05297620494483026,connected,mainstream
196,popular_1_exp_Experiment_1_seed_42,5,0.049658062933696574,connected,mainstream
239,popular_1_exp_Experiment_1_seed_42,5,0.06764822269127817,connected,mainstream
245,popular_1_exp_Experiment_1_seed_42,5,0.05176465440917801,connected,mainstream
102,popular_1_exp_Experiment_1_seed_42,5,0.05696185858343139,connected,mainstream
78,popular_1_exp_Experiment_1_seed_42,5,0.06668367404462613,connected,mainstream
295,popular_1_exp_Experiment_1_seed_42,5,0.05590145097184865,connected,mainstream
131,popular_1_exp_Experiment_1_seed_42,5,0.060091583520383095,connected,mainstream
531,popular_1_exp_Experiment_1_seed_42,5,0.056355657410689396,connected,mainstream
468,popular_1_exp_Experiment_1_seed_42,5,0.04990053527272953,connected,mainstream
473,popular_1_exp_Experiment_1_seed_42,5,0.04947087255067284,connected,mainstream
224,popular_1_exp_Experiment_1_seed_42,5,0.049546813847500065,connected,mainstream
581,popular_1_exp_Experiment_1_seed_42,5,0.05907296306848169,connected,mainstream
577,popular_1_exp_Experiment_1_seed_42,5,0.054975052687912085,connected,mainstream
215,popular_1_exp_Experiment_1_seed_42,5,0.05112110095125025,connected,mainstream
161,popular_1_exp_Experiment_1_seed_42,5,0.055451953910609496,connected,mainstream
504,popular_1_exp_Experiment_1_seed_42,5,0.050481864315711666,connected,mainstream
559,popular_1_exp_Experiment_1_seed_42,5,0.05487316733005843,connected,mainstream
574,popular_1_exp_Experiment_1_seed_42,5,0.05641743459317042,connected,mainstream
17,popular_1_exp_Experiment_1_seed_42,5,0.03267578336031327,connected,niche
151,popular_1_exp_Experiment_1_seed_42,5,0.06346502227651606,connected,mainstream
12,popular_1_exp_Experiment_1_seed_42,5,0.0231080770744644,connected,niche
376,popular_1_exp_Experiment_1_seed_42,5,0.061987492244684916,connected,mainstream
204,popular_1_exp_Experiment_1_seed_42,5,0.05116887789616378,connected,mainstream
283,popular_1_exp_Experiment_1_seed_42,5,0.06425025445115905,connected,mainstream
386,popular_1_exp_Experiment_1_seed_42,5,0.05586211820670181,connected,mainstream
38,popular_1_exp_Experiment_1_seed_42,5,0.027006917720569318,connected,niche
74,popular_1_exp_Experiment_1_seed_42,5,0.06019115215787222,connected,mainstream
398,popular_1_exp_Experiment_1_seed_42,5,0.056755067526877485,connected,mainstream
159,popular_1_exp_Experiment_1_seed_42,5,0.06306997797860854,connected,mainstream
458,popular_1_exp_Experiment_1_seed_42,5,0.0505377381466768,connected,mainstream
355,popular_1_exp_Experiment_1_seed_42,5,0.07121077933278505,connected,mainstream
521,popular_1_exp_Experiment_1_seed_42,5,0.06060819419935403,connected,mainstream
217,popular_1_exp_Experiment_1_seed_42,5,0.05869137399856699,connected,mainstream
158,popular_1_exp_Experiment_1_seed_42,5,0.07034987811605914,connected,mainstream
316,popular_1_exp_Experiment_1_seed_42,5,0.052935427846072386,connected,mainstream
149,popular_1_exp_Experiment_1_seed_42,5,0.049742600099910696,connected,mainstream
219,popular_1_exp_Experiment_1_seed_42,5,0.05956798844437389,connected,mainstream
381,popular_1_exp_Experiment_1_seed_42,5,0.05006777766335783,connected,mainstream
45,popular_1_exp_Experiment_1_seed_42,5,0.028586194769837082,connected,niche
540,popular_1_exp_Experiment_1_seed_42,5,0.06667778201255237,connected,mainstream
248,popular_1_exp_Experiment_1_seed_42,5,0.06803775537593128,connected,mainstream
211,popular_1_exp_Experiment_1_seed_42,5,0.05289053643158285,connected,mainstream
278,popular_1_exp_Experiment_1_seed_42,5,0.06864802604517638,connected,mainstream
96,popular_1_exp_Experiment_1_seed_42,5,0.06521285492733132,connected,mainstream
157,popular_1_exp_Experiment_1_seed_42,5,0.05297639724176745,connected,mainstream
59,popular_1_exp_Experiment_1_seed_42,5,0.030340011992941663,connected,niche
255,popular_1_exp_Experiment_1_seed_42,5,0.07759221622272548,connected,mainstream
140,popular_1_exp_Experiment_1_seed_42,5,0.05724345422373611,connected,mainstream
564,popular_1_exp_Experiment_1_seed_42,5,0.060704919474003784,connected,mainstream
46,popular_1_exp_Experiment_1_seed_42,5,0.02917596875008906,connected,niche
599,popular_1_exp_Experiment_1_seed_42,5,0.0725935292109806,connected,mainstream
512,popular_1_exp_Experiment_1_seed_42,5,0.05267470501492657,connected,mainstream
116,popular_1_exp_Experiment_1_seed_42,5,0.050127904022477465,connected,mainstream
203,popular_1_exp_Experiment_1_seed_42,5,0.06865627891039909,connected,mainstream
241,popular_1_exp_Experiment_1_seed_42,5,0.05743341782131233,connected,mainstream
354,popular_1_exp_Experiment_1_seed_42,5,0.05984570524639236,connected,mainstream
22,popular_1_exp_Experiment_1_seed_42,5,0.026474734364404437,connected,niche
90,popular_1_exp_Experiment_1_seed_42,5,0.05025908229745641,connected,mainstream
70,popular_1_exp_Experiment_1_seed_42,5,0.06097489906851498,connected,mainstream
311,popular_1_exp_Experiment_1_seed_42,5,0.0598308684215905,connected,mainstream
563,popular_1_exp_Experiment_1_seed_42,5,0.05018350222590468,connected,mainstream
558,popular_1_exp_Experiment_1_seed_42,5,0.07581447775530974,connected,mainstream
227,popular_1_exp_Experiment_1_seed_42,5,0.05371053685450838,connected,mainstream
511,popular_1_exp_Experiment_1_seed_42,5,0.056816142176624146,connected,mainstream
37,popular_1_exp_Experiment_1_seed_42,5,0.014716173215819547,connected,niche
175,popular_1_exp_Experiment_1_seed_42,5,0.053389745751858585,connected,mainstream
169,popular_1_exp_Experiment_1_seed_42,5,0.05622563934265917,connected,mainstream
524,popular_1_exp_Experiment_1_seed_42,5,0.05948668564274303,connected,mainstream
182,popular_1_exp_Experiment_1_seed_42,5,0.053263664871229466,connected,mainstream
133,popular_1_exp_Experiment_1_seed_42,5,0.05600482590180941,connected,mainstream
242,popular_1_exp_Experiment_1_seed_42,5,0.07285767184963819,connected,mainstream
323,popular_1_exp_Experiment_1_seed_42,5,0.057566664869910335,connected,mainstream
498,popular_1_exp_Experiment_1_seed_42,5,0.0771613649894004,connected,mainstream
297,popular_1_exp_Experiment_1_seed_42,5,0.054889726726379096,connected,mainstream
99,popular_1_exp_Experiment_1_seed_42,5,0.05042072472241293,connected,mainstream
186,popular_1_exp_Experiment_1_seed_42,5,0.06886954616166856,connected,mainstream
130,popular_1_exp_Experiment_1_seed_42,5,0.04924251032423033,connected,mainstream
469,popular_1_exp_Experiment_1_seed_42,5,0.06964353723675078,connected,mainstream
299,popular_1_exp_Experiment_1_seed_42,5,0.06378280645728086,connected,mainstream
135,popular_1_exp_Experiment_1_seed_42,5,0.05934629084785634,connected,mainstream
298,popular_1_exp_Experiment_1_seed_42,5,0.05705769555853848,connected,mainstream
209,popular_1_exp_Experiment_1_seed_42,5,0.05332604406574661,connected,mainstream
499,popular_1_exp_Experiment_1_seed_42,5,0.050649602799889594,connected,mainstream
222,popular_1_exp_Experiment_1_seed_42,5,0.060315631310610705,connected,mainstream
262,popular_1_exp_Experiment_1_seed_42,5,0.06487494125386707,connected,mainstream
252,popular_1_exp_Experiment_1_seed_42,5,0.05002181999968355,connected,mainstream
351,popular_1_exp_Experiment_1_seed_42,5,0.055066072722974646,connected,mainstream
289,popular_1_exp_Experiment_1_seed_42,5,0.06322337956882111,connected,mainstream
357,popular_1_exp_Experiment_1_seed_42,5,0.0504183407599762,connected,mainstream
129,popular_1_exp_Experiment_1_seed_42,5,0.06312779060686503,connected,mainstream
229,popular_1_exp_Experiment_1_seed_42,5,0.05024890856446614,connected,mainstream
526,popular_1_exp_Experiment_1_seed_42,5,0.05595097858682919,connected,mainstream
405,popular_1_exp_Experiment_1_seed_42,5,0.05653953691666901,connected,mainstream
187,popular_1_exp_Experiment_1_seed_42,5,0.050815680649868404,connected,mainstream
293,popular_1_exp_Experiment_1_seed_42,5,0.05152240686510761,connected,mainstream
60,popular_1_exp_Experiment_1_seed_42,5,0.06407084525051283,connected,mainstream
314,popular_1_exp_Experiment_1_seed_42,5,0.06410055172672965,connected,mainstream
414,popular_1_exp_Experiment_1_seed_42,5,0.0515067650905636,connected,mainstream
225,popular_1_exp_Experiment_1_seed_42,5,0.05244149094806014,connected,mainstream
453,popular_1_exp_Experiment_1_seed_42,5,0.0529269418185823,connected,mainstream
269,popular_1_exp_Experiment_1_seed_42,5,0.06272932867318914,connected,mainstream
479,popular_1_exp_Experiment_1_seed_42,5,0.06805629280413769,connected,mainstream
430,popular_1_exp_Experiment_1_seed_42,5,0.06226793350119938,connected,mainstream
118,popular_1_exp_Experiment_1_seed_42,5,0.059946645443956115,connected,mainstream
553,popular_1_exp_Experiment_1_seed_42,5,0.053027545750720856,connected,mainstream
138,popular_1_exp_Experiment_1_seed_42,5,0.07943567418996074,connected,mainstream
236,popular_1_exp_Experiment_1_seed_42,5,0.05143125056157804,connected,mainstream
36,popular_1_exp_Experiment_1_seed_42,5,0.01794577129747448,connected,niche
410,popular_1_exp_Experiment_1_seed_42,5,0.07067291657789157,connected,mainstream
201,popular_1_exp_Experiment_1_seed_42,5,0.060488983421105036,connected,mainstream
340,popular_1_exp_Experiment_1_seed_42,5,0.05594986115087198,connected,mainstream
490,popular_1_exp_Experiment_1_seed_42,5,0.05503195128796367,connected,mainstream
341,popular_1_exp_Experiment_1_seed_42,5,0.05539376172712512,connected,mainstream
545,popular_1_exp_Experiment_1_seed_42,5,0.08010526475908851,connected,mainstream
477,popular_1_exp_Experiment_1_seed_42,5,0.06017053714443044,connected,mainstream
34,popular_1_exp_Experiment_1_seed_42,5,0.013560040628984046,connected,niche
595,popular_1_exp_Experiment_1_seed_42,5,0.053667365765701504,connected,mainstream
434,popular_1_exp_Experiment_1_seed_42,5,0.05867536688298297,connected,mainstream
145,popular_1_exp_Experiment_1_seed_42,5,0.050902081413041034,connected,mainstream
254,popular_1_exp_Experiment_1_seed_42,5,0.050181114532678116,connected,mainstream
267,popular_1_exp_Experiment_1_seed_42,5,0.055479700626157584,connected,mainstream
197,popular_1_exp_Experiment_1_seed_42,5,0.05919839443503841,connected,mainstream
555,popular_1_exp_Experiment_1_seed_42,5,0.05724330369256544,connected,mainstream
541,popular_1_exp_Experiment_1_seed_42,5,0.050959661095209365,connected,mainstream
321,popular_1_exp_Experiment_1_seed_42,5,0.05853633106670056,connected,mainstream
481,popular_1_exp_Experiment_1_seed_42,5,0.056343249837564606,connected,mainstream
437,popular_1_exp_Experiment_1_seed_42,5,0.06567752176355074,connected,mainstream
281,popular_1_exp_Experiment_1_seed_42,5,0.05725200845396081,connected,mainstream
33,popular_1_exp_Experiment_1_seed_42,5,0.028345600144275392,connected,niche
426,popular_1_exp_Experiment_1_seed_42,5,0.05615025629696319,connected,mainstream
286,popular_1_exp_Experiment_1_seed_42,5,0.05025706748567788,connected,mainstream
565,popular_1_exp_Experiment_1_seed_42,5,0.06354389330115622,connected,mainstream
166,popular_1_exp_Experiment_1_seed_42,5,0.04961631202196016,connected,mainstream
596,popular_1_exp_Experiment_1_seed_42,5,0.054522154515164505,connected,mainstream
517,popular_1_exp_Experiment_1_seed_42,5,0.060113645693882604,connected,mainstream
492,popular_1_exp_Experiment_1_seed_42,5,0.050009010202722186,connected,mainstream
270,popular_1_exp_Experiment_1_seed_42,5,0.0580798053012157,connected,mainstream
378,popular_1_exp_Experiment_1_seed_42,5,0.05721350950815691,connected,mainstream
69,popular_1_exp_Experiment_1_seed_42,5,0.054345551353570824,connected,mainstream
103,popular_1_exp_Experiment_1_seed_42,5,0.05098746243681645,connected,mainstream
310,popular_1_exp_Experiment_1_seed_42,5,0.05546638218880562,connected,mainstream
20,popular_1_exp_Experiment_1_seed_42,5,0.026635975421433405,connected,niche
429,popular_1_exp_Experiment_1_seed_42,5,0.06729309333460051,connected,mainstream
14,popular_1_exp_Experiment_1_seed_42,5,0.027667514738529363,connected,niche
277,popular_1_exp_Experiment_1_seed_42,5,0.050164219300776865,connected,mainstream
582,popular_1_exp_Experiment_1_seed_42,5,0.05674985567858124,connected,mainstream
446,popular_1_exp_Experiment_1_seed_42,5,0.06178712566843501,connected,mainstream
556,popular_1_exp_Experiment_1_seed_42,5,0.054766066945200614,connected,mainstream
137,popular_1_exp_Experiment_1_seed_42,5,0.05738309777114301,connected,mainstream
539,popular_1_exp_Experiment_1_seed_42,5,0.060601962243583336,connected,mainstream
30,popular_1_exp_Experiment_1_seed_42,5,0.025614732494555714,connected,niche
586,popular_1_exp_Experiment_1_seed_42,5,0.06543921602074332,connected,mainstream
282,popular_1_exp_Experiment_1_seed_42,5,0.05141798145729496,connected,mainstream
592,popular_1_exp_Experiment_1_seed_42,5,0.055133979188219016,connected,mainstream
110,popular_1_exp_Experiment_1_seed_42,5,0.0531048482664361,connected,mainstream
347,popular_1_exp_Experiment_1_seed_42,5,0.06347202789789289,connected,mainstream
230,popular_1_exp_Experiment_1_seed_42,5,0.05164094864363919,connected,mainstream
467,popular_1_exp_Experiment_1_seed_42,5,0.060733327825871354,connected,mainstream
568,popular_1_exp_Experiment_1_seed_42,5,0.05827935997738892,connected,mainstream
123,popular_1_exp_Experiment_1_seed_42,5,0.0548963058749077,connected,mainstream
42,popular_1_exp_Experiment_1_seed_42,5,0.014392770758790118,connected,niche
132,popular_1_exp_Experiment_1_seed_42,5,0.08424312743455319,connected,mainstream
359,popular_1_exp_Experiment_1_seed_42,5,0.06977997267884743,connected,mainstream
557,popular_1_exp_Experiment_1_seed_42,5,0.058780522385965546,connected,mainstream
41,popular_1_exp_Experiment_1_seed_42,5,0.02607605569610741,connected,niche
208,popular_1_exp_Experiment_1_seed_42,5,0.04963337893270353,connected,mainstream
396,popular_1_exp_Experiment_1_seed_42,5,0.05414130172135808,connected,mainstream
365,popular_1_exp_Experiment_1_seed_42,5,0.05003051800985781,connected,mainstream
160,popular_1_exp_Experiment_1_seed_42,5,0.08479325856235409,connected,mainstream
170,popular_1_exp_Experiment_1_seed_42,5,0.0561142273195624,connected,mainstream
23,popular_1_exp_Experiment_1_seed_42,5,0.02627911721965678,connected,niche
471,popular_1_exp_Experiment_1_seed_42,5,0.04986756604729384,connected,mainstream
18,popular_1_exp_Experiment_1_seed_42,5,0.02134897918994508,connected,niche
174,popular_1_exp_Experiment_1_seed_42,5,0.05120670302047537,connected,mainstream
80,popular_1_exp_Experiment_1_seed_42,5,0.057972142432659635,connected,mainstream
249,popular_1_exp_Experiment_1_seed_42,5,0.05239579806712041,connected,mainstream
597,popular_1_exp_Experiment_1_seed_42,5,0.05576757229324756,connected,mainstream
478,popular_1_exp_Experiment_1_seed_42,5,0.05848949060747543,connected,mainstream
422,popular_1_exp_Experiment_1_seed_42,5,0.059243593164243706,connected,mainstream
257,popular_1_exp_Experiment_1_seed_42,5,0.0599057183521313,connected,mainstream
147,popular_1_exp_Experiment_1_seed_42,5,0.056611581219990346,connected,mainstream
319,popular_1_exp_Experiment_1_seed_42,5,0.0646888483983573,connected,mainstream
39,popular_1_exp_Experiment_1_seed_42,5,0.015694948619728366,connected,niche
100,popular_1_exp_Experiment_1_seed_42,5,0.05067488647889149,connected,mainstream
322,popular_1_exp_Experiment_1_seed_42,5,0.07709854444864364,connected,mainstream
572,popular_1_exp_Experiment_1_seed_42,5,0.05723505737146156,connected,mainstream
332,popular_1_exp_Experiment_1_seed_42,5,0.05425584903911498,connected,mainstream
334,popular_1_exp_Experiment_1_seed_42,5,0.04978869731375519,connected,mainstream
101,popular_1_exp_Experiment_1_seed_42,5,0.050094561453433696,connected,mainstream
256,popular_1_exp_Experiment_1_seed_42,5,0.054986647239410776,connected,mainstream
207,popular_1_exp_Experiment_1_seed_42,5,0.0653223383874769,connected,mainstream
95,popular_1_exp_Experiment_1_seed_42,5,0.05804760215449401,connected,mainstream
544,popular_1_exp_Experiment_1_seed_42,5,0.05818725253003221,connected,mainstream
112,popular_1_exp_Experiment_1_seed_42,5,0.05047021561335544,connected,mainstream
301,popular_1_exp_Experiment_1_seed_42,5,0.05436358968416041,connected,mainstream
325,popular_1_exp_Experiment_1_seed_42,5,0.056625523979181684,connected,mainstream
439,popular_1_exp_Experiment_1_seed_42,5,0.06300114568432759,connected,mainstream
128,popular_1_exp_Experiment_1_seed_42,5,0.0923701738701969,connected,mainstream
493,popular_1_exp_Experiment_1_seed_42,5,0.05641254253523357,connected,mainstream
232,popular_1_exp_Experiment_1_seed_42,5,0.06870952736939807,connected,mainstream
87,popular_1_exp_Experiment_1_seed_42,5,0.05510172041655084,connected,mainstream
117,popular_1_exp_Experiment_1_seed_42,5,0.06820067468989605,connected,mainstream
79,popular_1_exp_Experiment_1_seed_42,5,0.058020562274338265,connected,mainstream
306,popular_1_exp_Experiment_1_seed_42,5,0.05201962328239568,connected,mainstream
8,popular_1_exp_Experiment_1_seed_42,5,0.024223310448452714,connected,niche
324,popular_1_exp_Experiment_1_seed_42,5,0.05873286605198932,connected,mainstream
366,popular_1_exp_Experiment_1_seed_42,5,0.05493900327791751,connected,mainstream
505,popular_1_exp_Experiment_1_seed_42,5,0.0495678671858665,connected,mainstream
86,popular_1_exp_Experiment_1_seed_42,5,0.05195167768949721,connected,mainstream
284,popular_1_exp_Experiment_1_seed_42,5,0.05989002694427958,connected,mainstream
206,popular_1_exp_Experiment_1_seed_42,5,0.05788879453311646,connected,mainstream
192,popular_1_exp_Experiment_1_seed_42,5,0.05666129575254212,connected,mainstream
464,popular_1_exp_Experiment_1_seed_42,5,0.05517598110219718,connected,mainstream
180,popular_1_exp_Experiment_1_seed_42,5,0.05144234745224999,connected,mainstream
497,popular_1_exp_Experiment_1_seed_42,5,0.05603467521863709,connected,mainstream
395,popular_1_exp_Experiment_1_seed_42,5,0.04870354595774764,connected,mainstream
49,popular_1_exp_Experiment_1_seed_42,5,0.029273705668257006,connected,niche
413,popular_1_exp_Experiment_1_seed_42,5,0.05242610038200185,connected,mainstream
549,popular_1_exp_Experiment_1_seed_42,5,0.05058291920887479,connected,mainstream
15,popular_1_exp_Experiment_1_seed_42,5,0.026123894090123195,connected,niche
244,popular_1_exp_Experiment_1_seed_42,5,0.06356499378475484,connected,mainstream
234,popular_1_exp_Experiment_1_seed_42,5,0.05425342575869241,connected,mainstream
276,popular_1_exp_Experiment_1_seed_42,5,0.05814410073479783,connected,mainstream
361,popular_1_exp_Experiment_1_seed_42,5,0.06708647481164,connected,mainstream
412,popular_1_exp_Experiment_1_seed_42,5,0.05597518321402207,connected,mainstream
375,popular_1_exp_Experiment_1_seed_42,5,0.05295486673330121,connected,mainstream
250,popular_1_exp_Experiment_1_seed_42,5,0.06382995345202308,connected,mainstream
233,popular_1_exp_Experiment_1_seed_42,5,0.05812151319711576,connected,mainstream
369,popular_1_exp_Experiment_1_seed_42,5,0.050041214042031136,connected,mainstream
391,popular_1_exp_Experiment_1_seed_42,5,0.05662493329347732,connected,mainstream
171,popular_1_exp_Experiment_1_seed_42,5,0.06261574560735521,connected,mainstream
304,popular_1_exp_Experiment_1_seed_42,5,0.05204838649429253,connected,mainstream
72,popular_1_exp_Experiment_1_seed_42,5,0.054134124557161455,connected,mainstream
272,popular_1_exp_Experiment_1_seed_42,5,0.07783913724584657,connected,mainstream
154,popular_1_exp_Experiment_1_seed_42,5,0.0636914036316113,connected,mainstream
488,popular_1_exp_Experiment_1_seed_42,5,0.06291676851623276,connected,mainstream
76,popular_1_exp_Experiment_1_seed_42,5,0.05809923698863096,connected,mainstream
436,popular_1_exp_Experiment_1_seed_42,5,0.06612149652785491,connected,mainstream
240,popular_1_exp_Experiment_1_seed_42,5,0.05241689229020117,connected,mainstream
570,popular_1_exp_Experiment_1_seed_42,5,0.050697982115153396,connected,mainstream
223,popular_1_exp_Experiment_1_seed_42,5,0.0509718841902314,connected,mainstream
146,popular_1_exp_Experiment_1_seed_42,5,0.054774096745577094,connected,mainstream
13,popular_1_exp_Experiment_1_seed_42,5,0.025462589103661296,connected,niche
152,popular_1_exp_Experiment_1_seed_42,5,0.04963278051627065,connected,mainstream
68,popular_1_exp_Experiment_1_seed_42,5,0.049134694037661464,connected,mainstream
120,popular_1_exp_Experiment_1_seed_42,5,0.05660317346240029,connected,mainstream
506,popular_1_exp_Experiment_1_seed_42,5,0.052955921341410195,connected,mainstream
108,popular_1_exp_Experiment_1_seed_42,5,0.062057940679692246,connected,mainstream
77,popular_1_exp_Experiment_1_seed_42,5,0.056405996168272986,connected,mainstream
400,popular_1_exp_Experiment_1_seed_42,5,0.06393392176578272,connected,mainstream
337,popular_1_exp_Experiment_1_seed_42,5,0.059515196133361314,connected,mainstream
7,popular_1_exp_Experiment_1_seed_42,5,0.025957374406527862,connected,niche
345,popular_1_exp_Experiment_1_seed_42,5,0.06575404055172569,connected,mainstream
438,popular_1_exp_Experiment_1_seed_42,5,0.05243952154876729,connected,mainstream
9,popular_1_exp_Experiment_1_seed_42,5,0.028115003873759842,connected,niche
261,popular_1_exp_Experiment_1_seed_42,5,0.050824449021601846,connected,mainstream
455,popular_1_exp_Experiment_1_seed_42,5,0.049545562673641734,connected,mainstream
65,popular_1_exp_Experiment_1_seed_42,5,0.07124487301990907,connected,mainstream
329,popular_1_exp_Experiment_1_seed_42,5,0.05242034780452326,connected,mainstream
518,popular_1_exp_Experiment_1_seed_42,5,0.06950393548039652,connected,mainstream
382,popular_1_exp_Experiment_1_seed_42,5,0.063252003412368,connected,mainstream
482,popular_1_exp_Experiment_1_seed_42,5,0.05246348825435098,connected,mainstream
320,popular_1_exp_Experiment_1_seed_42,5,0.06009711336660717,connected,mainstream
104,popular_1_exp_Experiment_1_seed_42,5,0.05390359711704543,connected,mainstream
317,popular_1_exp_Experiment_1_seed_42,5,0.05400639693600349,connected,mainstream
463,popular_1_exp_Experiment_1_seed_42,5,0.05702507990710994,connected,mainstream
266,popular_1_exp_Experiment_1_seed_42,5,0.04945389067590778,connected,mainstream
115,popular_1_exp_Experiment_1_seed_42,5,0.05695480805147288,connected,mainstream
346,popular_1_exp_Experiment_1_seed_42,5,0.05458023022897362,connected,mainstream
450,popular_1_exp_Experiment_1_seed_42,5,0.055629852028045074,connected,mainstream
496,popular_1_exp_Experiment_1_seed_42,5,0.06929820199854413,connected,mainstream
348,popular_1_exp_Experiment_1_seed_42,5,0.06638464699868034,connected,mainstream
508,popular_1_exp_Experiment_1_seed_42,5,0.07055434275328282,connected,mainstream
507,popular_1_exp_Experiment_1_seed_42,5,0.05929850573063657,connected,mainstream
243,popular_1_exp_Experiment_1_seed_42,5,0.05956904410943317,connected,mainstream
260,popular_1_exp_Experiment_1_seed_42,5,0.058544656962649454,connected,mainstream
487,popular_1_exp_Experiment_1_seed_42,5,0.056980299986124035,connected,mainstream
550,popular_1_exp_Experiment_1_seed_42,5,0.04952348618442708,connected,mainstream
343,popular_1_exp_Experiment_1_seed_42,5,0.04630749355080455,connected,mainstream
177,popular_1_exp_Experiment_1_seed_42,5,0.08067593267051028,connected,mainstream
333,popular_1_exp_Experiment_1_seed_42,5,0.05196914086446006,connected,mainstream
5,popular_1_exp_Experiment_1_seed_42,5,0.02024821040712266,connected,niche
425,popular_1_exp_Experiment_1_seed_42,5,0.05390567869868799,connected,mainstream
372,popular_1_exp_Experiment_1_seed_42,5,0.056949731714741235,connected,mainstream
288,popular_1_exp_Experiment_1_seed_42,5,0.057651749014704566,connected,mainstream
50,popular_1_exp_Experiment_1_seed_42,5,0.013839826309389727,connected,niche
279,popular_1_exp_Experiment_1_seed_42,5,0.06767892155014517,connected,mainstream
165,popular_1_exp_Experiment_1_seed_42,5,0.05339105803289226,connected,mainstream
124,popular_1_exp_Experiment_1_seed_42,5,0.05974430462869429,connected,mainstream
134,popular_1_exp_Experiment_1_seed_42,5,0.06365083555445977,connected,mainstream
82,popular_1_exp_Experiment_1_seed_42,5,0.06242664635361842,connected,mainstream
571,popular_1_exp_Experiment_1_seed_42,5,0.05482647103534597,connected,mainstream
119,popular_1_exp_Experiment_1_seed_42,5,0.05072364681557214,connected,mainstream
31,popular_1_exp_Experiment_1_seed_42,5,0.025658949647988077,connected,niche
81,popular_1_exp_Experiment_1_seed_42,5,0.05410252063505894,connected,mainstream
184,popular_1_exp_Experiment_1_seed_42,5,0.06247819832683912,connected,mainstream
350,popular_1_exp_Experiment_1_seed_42,5,0.05232091037615722,connected,mainstream
363,popular_1_exp_Experiment_1_seed_42,5,0.05443674180107127,connected,mainstream
393,popular_1_exp_Experiment_1_seed_42,5,0.05317778831255787,connected,mainstream
416,popular_1_exp_Experiment_1_seed_42,5,0.056479925586840646,connected,mainstream
399,popular_1_exp_Experiment_1_seed_42,5,0.058088014473769156,connected,mainstream
148,popular_1_exp_Experiment_1_seed_42,5,0.05769165012740568,connected,mainstream
150,popular_1_exp_Experiment_1_seed_42,5,0.05511030478420619,connected,mainstream
274,popular_1_exp_Experiment_1_seed_42,5,0.050262669622334256,connected,mainstream
307,popular_1_exp_Experiment_1_seed_42,5,0.05672461054372797,connected,mainstream
591,popular_1_exp_Experiment_1_seed_42,5,0.055079037126274606,connected,mainstream
326,popular_1_exp_Experiment_1_seed_42,5,0.05371085158417962,connected,mainstream
543,popular_1_exp_Experiment_1_seed_42,5,0.05010475269362189,connected,mainstream
456,popular_1_exp_Experiment_1_seed_42,5,0.054082975607636585,connected,mainstream
460,popular_1_exp_Experiment_1_seed_42,5,0.05901674834452331,connected,mainstream
213,popular_1_exp_Experiment_1_seed_42,5,0.05700071974451489,connected,mainstream
516,popular_1_exp_Experiment_1_seed_42,5,0.05647216563284379,connected,mainstream
313,popular_1_exp_Experiment_1_seed_42,5,0.05896716708875349,connected,mainstream
181,popular_1_exp_Experiment_1_seed_42,5,0.05385551483348052,connected,mainstream
433,popular_1_exp_Experiment_1_seed_42,5,0.0624808015846274,connected,mainstream
285,popular_1_exp_Experiment_1_seed_42,5,0.051044439343266246,connected,mainstream
384,popular_1_exp_Experiment_1_seed_42,5,0.08874972976579187,connected,mainstream
195,popular_1_exp_Experiment_1_seed_42,5,0.06465379234111947,connected,mainstream
303,popular_1_exp_Experiment_1_seed_42,5,0.06010466253716268,connected,mainstream
423,popular_1_exp_Experiment_1_seed_42,5,0.0500126793619503,connected,mainstream
259,popular_1_exp_Experiment_1_seed_42,5,0.0535390628192143,connected,mainstream
327,popular_1_exp_Experiment_1_seed_42,5,0.0496790574380829,connected,mainstream
420,popular_1_exp_Experiment_1_seed_42,5,0.056635286532907315,connected,mainstream
525,popular_1_exp_Experiment_1_seed_42,5,0.05466780948078265,connected,mainstream
352,popular_1_exp_Experiment_1_seed_42,5,0.01282160616700423,connected,mainstream
551,popular_1_exp_Experiment_1_seed_42,5,0.06538622651533321,connected,mainstream
532,popular_1_exp_Experiment_1_seed_42,5,0.06501187405527357,connected,mainstream
528,popular_1_exp_Experiment_1_seed_42,5,0.06019400931610317,connected,mainstream
452,popular_1_exp_Experiment_1_seed_42,5,0.04968644586915041,connected,mainstream
404,popular_1_exp_Experiment_1_seed_42,5,0.05074894983052122,connected,mainstream
19,popular_1_exp_Experiment_1_seed_42,5,0.02608812989630344,connected,niche
443,popular_1_exp_Experiment_1_seed_42,5,0.0683001577305385,connected,mainstream
342,popular_1_exp_Experiment_1_seed_42,5,0.07095239426486126,connected,mainstream
265,popular_1_exp_Experiment_1_seed_42,5,0.07080792725056591,connected,mainstream
561,popular_1_exp_Experiment_1_seed_42,5,0.05902822631869883,connected,mainstream
173,popular_1_exp_Experiment_1_seed_42,5,0.06877957890570878,connected,mainstream
205,popular_1_exp_Experiment_1_seed_42,5,0.06976093710724636,connected,mainstream
318,popular_1_exp_Experiment_1_seed_42,5,0.06284512169000724,connected,mainstream
94,popular_1_exp_Experiment_1_seed_42,5,0.06051078496655384,connected,mainstream
500,popular_1_exp_Experiment_1_seed_42,5,0.05917495093014006,connected,mainstream
472,popular_1_exp_Experiment_1_seed_42,5,0.05711990019337118,connected,mainstream
105,popular_1_exp_Experiment_1_seed_42,5,0.061831916387843806,connected,mainstream
200,popular_1_exp_Experiment_1_seed_42,5,0.061710183436643494,connected,mainstream
523,popular_1_exp_Experiment_1_seed_42,5,0.04974443126303391,connected,mainstream
447,popular_1_exp_Experiment_1_seed_42,5,0.05658475567700085,connected,mainstream
380,popular_1_exp_Experiment_1_seed_42,5,0.056465242958608754,connected,mainstream
141,popular_1_exp_Experiment_1_seed_42,5,0.056331660366889524,connected,mainstream
127,popular_1_exp_Experiment_1_seed_42,5,0.05273720100141773,connected,mainstream
139,popular_1_exp_Experiment_1_seed_42,5,0.051652575009911154,connected,mainstream
379,popular_1_exp_Experiment_1_seed_42,5,0.06375472878799825,connected,mainstream
589,popular_1_exp_Experiment_1_seed_42,5,0.05154001418068399,connected,mainstream
514,popular_1_exp_Experiment_1_seed_42,5,0.05544335290667604,connected,mainstream
513,popular_1_exp_Experiment_1_seed_42,5,0.06276245886819891,connected,mainstream
522,popular_1_exp_Experiment_1_seed_42,5,0.0554746454028787,connected,mainstream
75,popular_1_exp_Experiment_1_seed_42,5,0.05570123638136215,connected,mainstream
24,popular_1_exp_Experiment_1_seed_42,5,0.023727179891065972,connected,niche
189,popular_1_exp_Experiment_1_seed_42,5,0.05043960883892496,connected,mainstream
216,popular_1_exp_Experiment_1_seed_42,5,8.807460251341471e-07,connected,mainstream
198,popular_1_exp_Experiment_1_seed_42,5,0.05337738157349655,connected,mainstream
580,popular_1_exp_Experiment_1_seed_42,5,0.07103514487105023,connected,mainstream
0,popular_1_exp_Experiment_1_seed_42,5,0.03159039670408002,connected,niche
392,popular_1_exp_Experiment_1_seed_42,5,0.05079656234642268,connected,mainstream
178,popular_1_exp_Experiment_1_seed_42,5,0.0509322936803698,connected,mainstream
470,popular_1_exp_Experiment_1_seed_42,5,0.0552471115118846,connected,mainstream
598,popular_1_exp_Experiment_1_seed_42,5,0.05573887412759998,connected,mainstream
11,popular_1_exp_Experiment_1_seed_42,5,0.02552607601423189,connected,niche
114,popular_1_exp_Experiment_1_seed_42,5,0.05073778592864905,connected,mainstream
474,popular_1_exp_Experiment_1_seed_42,5,0.06646536247793457,connected,mainstream
537,popular_1_exp_Experiment_1_seed_42,5,0.05143175904877941,connected,mainstream
417,popular_1_exp_Experiment_1_seed_42,5,0.05549212693502267,connected,mainstream
394,popular_1_exp_Experiment_1_seed_42,5,0.06422106196815203,connected,mainstream
534,popular_1_exp_Experiment_1_seed_42,5,0.07082289641077046,connected,mainstream
407,popular_1_exp_Experiment_1_seed_42,5,0.060353092186221154,connected,mainstream
179,popular_1_exp_Experiment_1_seed_42,5,0.0507391697019047,connected,mainstream
58,popular_1_exp_Experiment_1_seed_42,5,0.021845074551440972,connected,niche
172,popular_1_exp_Experiment_1_seed_42,5,0.0580612288616163,connected,mainstream
445,popular_1_exp_Experiment_1_seed_42,5,0.06792647017377307,connected,mainstream
136,popular_1_exp_Experiment_1_seed_42,5,0.06249134697298537,connected,mainstream
536,popular_1_exp_Experiment_1_seed_42,5,0.05970019654906936,connected,mainstream
168,popular_1_exp_Experiment_1_seed_42,5,0.05949628854756168,connected,mainstream
109,popular_1_exp_Experiment_1_seed_42,5,0.059035408966409415,connected,mainstream
442,popular_1_exp_Experiment_1_seed_42,5,0.058495053445576844,connected,mainstream
587,popular_1_exp_Experiment_1_seed_42,5,0.05902049106532276,connected,mainstream
368,popular_1_exp_Experiment_1_seed_42,5,0.05935126555292186,connected,mainstream
449,popular_1_exp_Experiment_1_seed_42,5,0.0570084966957651,connected,mainstream
280,popular_1_exp_Experiment_1_seed_42,5,0.05516108122215913,connected,mainstream
576,popular_1_exp_Experiment_1_seed_42,5,0.05218088484717583,connected,mainstream
51,popular_1_exp_Experiment_1_seed_42,5,0.02255296574630108,connected,niche
465,popular_1_exp_Experiment_1_seed_42,5,0.06105569719225092,connected,mainstream
176,popular_1_exp_Experiment_1_seed_42,5,0.052683544828044604,connected,mainstream
121,popular_1_exp_Experiment_1_seed_42,5,0.055684285907458185,connected,mainstream
491,popular_1_exp_Experiment_1_seed_42,5,0.057390836678914064,connected,mainstream
210,popular_1_exp_Experiment_1_seed_42,5,0.05878637764543454,connected,mainstream
194,popular_1_exp_Experiment_1_seed_42,5,0.05159939817467741,connected,mainstream
163,popular_1_exp_Experiment_1_seed_42,5,0.053324662202209,connected,mainstream
263,popular_1_exp_Experiment_1_seed_42,5,0.05296093299568608,connected,mainstream
338,popular_1_exp_Experiment_1_seed_42,5,0.057001461089375406,connected,mainstream
328,popular_1_exp_Experiment_1_seed_42,5,0.05103784113448601,connected,mainstream
218,popular_1_exp_Experiment_1_seed_42,5,0.05566352680847525,connected,mainstream
126,popular_1_exp_Experiment_1_seed_42,5,0.05846724812446764,connected,mainstream
91,popular_1_exp_Experiment_1_seed_42,5,0.055152374403781644,connected,mainstream
495,popular_1_exp_Experiment_1_seed_42,5,0.05809646637444562,connected,mainstream
156,popular_1_exp_Experiment_1_seed_42,5,0.062327616389237485,connected,mainstream
287,popular_1_exp_Experiment_1_seed_42,5,0.05998336677943281,connected,mainstream
3,popular_1_exp_Experiment_1_seed_42,5,0.02303372729752931,connected,niche
273,popular_1_exp_Experiment_1_seed_42,5,0.052890801516003665,connected,mainstream
547,popular_1_exp_Experiment_1_seed_42,5,0.0718052874275773,connected,mainstream
202,popular_1_exp_Experiment_1_seed_42,5,0.05548875216615263,connected,mainstream
28,popular_1_exp_Experiment_1_seed_42,5,0.028003934501162526,connected,niche
199,popular_1_exp_Experiment_1_seed_42,5,0.07075700889272593,connected,mainstream
542,popular_1_exp_Experiment_1_seed_42,5,0.060909397234384176,connected,mainstream
296,popular_1_exp_Experiment_1_seed_42,5,0.053665144460969094,connected,mainstream
356,popular_1_exp_Experiment_1_seed_42,5,0.05327652665385122,connected,mainstream
56,popular_1_exp_Experiment_1_seed_42,5,0.028484376989160346,connected,niche
312,popular_1_exp_Experiment_1_seed_42,5,0.05576727728311182,connected,mainstream
275,popular_1_exp_Experiment_1_seed_42,5,0.057192548541594945,connected,mainstream
185,popular_1_exp_Experiment_1_seed_42,5,0.05336692475638627,connected,mainstream
336,popular_1_exp_Experiment_1_seed_42,5,0.05924809433081271,connected,mainstream
228,popular_1_exp_Experiment_1_seed_42,5,0.052631144599205815,connected,mainstream
237,popular_1_exp_Experiment_1_seed_42,5,0.05088341309291592,connected,mainstream
448,popular_1_exp_Experiment_1_seed_42,5,0.056016857398459435,connected,mainstream
584,popular_1_exp_Experiment_1_seed_42,5,0.05956255686770819,connected,mainstream
144,popular_1_exp_Experiment_1_seed_42,5,0.05211011994443309,connected,mainstream
459,popular_1_exp_Experiment_1_seed_42,5,0.05257688375997968,connected,mainstream
40,popular_1_exp_Experiment_1_seed_42,5,0.024819407464044926,connected,niche
155,popular_1_exp_Experiment_1_seed_42,5,0.054820774976557185,connected,mainstream
520,popular_1_exp_Experiment_1_seed_42,5,0.06374977468895819,connected,mainstream
35,popular_1_exp_Experiment_1_seed_42,5,0.029669885596047666,connected,niche
143,popular_1_exp_Experiment_1_seed_42,5,8.050873110187627e-07,connected,mainstream
408,popular_1_exp_Experiment_1_seed_42,5,0.05931498980762506,connected,mainstream
367,popular_1_exp_Experiment_1_seed_42,5,0.05526599664454148,connected,mainstream
92,popular_1_exp_Experiment_1_seed_42,5,0.05590001669438708,connected,mainstream
370,popular_1_exp_Experiment_1_seed_42,5,0.05344307214572768,connected,mainstream
32,popular_1_exp_Experiment_1_seed_42,5,0.031129721147786688,connected,niche
485,popular_1_exp_Experiment_1_seed_42,5,0.05858569699525079,connected,mainstream
106,popular_1_exp_Experiment_1_seed_42,5,0.0529389975488316,connected,mainstream
251,popular_1_exp_Experiment_1_seed_42,5,0.05868497492744571,connected,mainstream
52,popular_1_exp_Experiment_1_seed_42,5,0.0183881999977446,connected,niche
331,popular_1_exp_Experiment_1_seed_42,5,0.09703509026962248,connected,mainstream
25,popular_1_exp_Experiment_1_seed_42,5,0.02470850064016068,connected,niche
475,popular_1_exp_Experiment_1_seed_42,5,0.05247862193357819,connected,mainstream
83,popular_1_exp_Experiment_1_seed_42,5,0.056216408059535206,connected,mainstream
411,popular_1_exp_Experiment_1_seed_42,5,0.07099610692358525,connected,mainstream
503,popular_1_exp_Experiment_1_seed_42,5,0.058004288352692696,connected,mainstream
579,popular_1_exp_Experiment_1_seed_42,5,0.05070048951304249,connected,mainstream
111,popular_1_exp_Experiment_1_seed_42,5,0.050551543001706174,connected,mainstream
29,popular_1_exp_Experiment_1_seed_42,5,0.02608632922113906,connected,niche
480,popular_1_exp_Experiment_1_seed_42,5,8.515340248568068e-07,connected,mainstream
84,popular_1_exp_Experiment_1_seed_42,5,0.07312757600266456,connected,mainstream
527,popular_1_exp_Experiment_1_seed_42,5,0.052344558699286635,connected,mainstream
441,popular_1_exp_Experiment_1_seed_42,5,0.06248939954133692,connected,mainstream
349,popular_1_exp_Experiment_1_seed_42,5,0.04893190834863239,connected,mainstream
64,popular_1_exp_Experiment_1_seed_42,5,0.06661355015791315,connected,mainstream
360,popular_1_exp_Experiment_1_seed_42,5,0.05501870293816571,connected,mainstream
258,popular_1_exp_Experiment_1_seed_42,5,0.05597409087610301,connected,mainstream
530,popular_1_exp_Experiment_1_seed_42,5,0.06432861058387775,connected,mainstream
291,popular_1_exp_Experiment_1_seed_42,5,0.06084045274278771,connected,mainstream
305,popular_1_exp_Experiment_1_seed_42,5,0.057449198350516005,connected,mainstream
16,popular_1_exp_Experiment_1_seed_42,5,0.02156149538497314,connected,niche
47,popular_1_exp_Experiment_1_seed_42,5,0.02864335065553345,connected,niche
590,popular_1_exp_Experiment_1_seed_42,5,0.053181126539351475,connected,mainstream
188,popular_1_exp_Experiment_1_seed_42,5,0.062248585605286115,connected,mainstream
397,popular_1_exp_Experiment_1_seed_42,5,0.06717446441452278,connected,mainstream
457,popular_1_exp_Experiment_1_seed_42,5,0.053821784190738485,connected,mainstream
302,popular_1_exp_Experiment_1_seed_42,5,0.05079870347623127,connected,mainstream
26,popular_1_exp_Experiment_1_seed_42,5,0.024315530653792064,connected,niche
6,popular_1_exp_Experiment_1_seed_42,5,0.01312094427987834,connected,niche
315,popular_1_exp_Experiment_1_seed_42,5,0.059007867499153106,connected,mainstream
268,popular_1_exp_Experiment_1_seed_42,5,0.05608861383734787,connected,mainstream
494,popular_1_exp_Experiment_1_seed_42,5,0.049000076552211454,connected,mainstream
330,popular_1_exp_Experiment_1_seed_42,5,0.05872388146570235,connected,mainstream
501,popular_1_exp_Experiment_1_seed_42,5,0.07109717794497887,connected,mainstream
10,popular_1_exp_Experiment_1_seed_42,5,0.02902585691250181,connected,niche
509,popular_1_exp_Experiment_1_seed_42,5,0.048618750870771,connected,mainstream
548,popular_1_exp_Experiment_1_seed_42,5,0.056658602457319664,connected,mainstream
164,popular_1_exp_Experiment_1_seed_42,5,0.04962074838462293,connected,mainstream
484,popular_1_exp_Experiment_1_seed_42,5,0.05581119934134756,connected,mainstream
63,popular_1_exp_Experiment_1_seed_42,5,8.135180762325825e-07,connected,mainstream
339,popular_1_exp_Experiment_1_seed_42,5,0.05301773618009867,connected,mainstream
246,popular_1_exp_Experiment_1_seed_42,5,0.04957892559556734,connected,mainstream
193,popular_1_exp_Experiment_1_seed_42,5,0.04973488166616449,connected,mainstream
529,popular_1_exp_Experiment_1_seed_42,5,0.05201263947157989,connected,mainstream
113,popular_1_exp_Experiment_1_seed_42,5,0.05886086493074594,connected,mainstream
427,popular_1_exp_Experiment_1_seed_42,5,0.053555748453518466,connected,mainstream
344,popular_1_exp_Experiment_1_seed_42,5,0.05860012558962504,connected,mainstream
575,popular_1_exp_Experiment_1_seed_42,5,0.05615562725496162,connected,mainstream
583,popular_1_exp_Experiment_1_seed_42,5,0.05513901340968281,connected,mainstream
55,popular_1_exp_Experiment_1_seed_42,5,0.028292659520454493,connected,niche
476,popular_1_exp_Experiment_1_seed_42,5,0.06583610280690516,connected,mainstream
89,popular_1_exp_Experiment_1_seed_42,5,0.04986957428209363,connected,mainstream
409,popular_1_exp_Experiment_1_seed_42,5,0.06177230703796002,connected,mainstream
353,popular_1_exp_Experiment_1_seed_42,5,0.05847407483472944,connected,mainstream
62,popular_1_exp_Experiment_1_seed_42,5,0.05649993294913747,connected,mainstream
418,popular_1_exp_Experiment_1_seed_42,5,0.05865978704076455,connected,mainstream
573,popular_1_exp_Experiment_1_seed_42,5,0.05234000008028485,connected,mainstream
440,popular_1_exp_Experiment_1_seed_42,5,0.051588750344195244,connected,mainstream
454,popular_1_exp_Experiment_1_seed_42,5,0.05853196788924684,connected,mainstream
562,popular_1_exp_Experiment_1_seed_42,5,0.054779419458974445,connected,mainstream
221,popular_1_exp_Experiment_1_seed_42,5,0.06192542437073357,connected,mainstream
406,popular_1_exp_Experiment_1_seed_42,5,0.05227537487788905,connected,mainstream
432,popular_1_exp_Experiment_1_seed_42,5,0.06050934692279044,connected,mainstream
290,popular_1_exp_Experiment_1_seed_42,5,0.054195189325191274,connected,mainstream
27,popular_1_exp_Experiment_1_seed_42,5,0.02759212185310157,connected,niche
247,popular_1_exp_Experiment_1_seed_42,5,0.05279239324507759,connected,mainstream
271,popular_1_exp_Experiment_1_seed_42,5,0.049717178570201935,connected,mainstream
401,popular_1_exp_Experiment_1_seed_42,5,0.056491747765718046,connected,mainstream
578,popular_1_exp_Experiment_1_seed_42,5,0.06967014697521405,connected,mainstream
535,popular_1_exp_Experiment_1_seed_42,5,0.05586642754407684,connected,mainstream
371,popular_1_exp_Experiment_1_seed_42,5,0.051469351890438,connected,mainstream
444,popular_1_exp_Experiment_1_seed_42,5,0.049661837244260376,connected,mainstream
226,popular_1_exp_Experiment_1_seed_42,5,0.05629090428973078,connected,mainstream
191,popular_1_exp_Experiment_1_seed_42,5,0.06194851608572233,connected,mainstream
122,popular_1_exp_Experiment_1_seed_42,5,0.07081520609551532,connected,mainstream
4,popular_1_exp_Experiment_1_seed_42,5,0.026373986494380636,connected,niche
21,popular_1_exp_Experiment_1_seed_42,5,0.01678582172398474,connected,niche
390,popular_1_exp_Experiment_1_seed_42,5,0.060334211299317986,connected,mainstream
190,popular_1_exp_Experiment_1_seed_42,5,0.04917077784936243,connected,mainstream
552,popular_1_exp_Experiment_1_seed_42,5,0.06291828889004075,connected,mainstream
235,popular_1_exp_Experiment_1_seed_42,5,0.05775190339193436,connected,mainstream
593,popular_1_exp_Experiment_1_seed_42,5,0.0565792524560122,connected,mainstream
214,popular_1_exp_Experiment_1_seed_42,5,0.07184897822537449,connected,mainstream
483,popular_1_exp_Experiment_1_seed_42,5,0.06828380226114018,connected,mainstream
515,popular_1_exp_Experiment_1_seed_42,5,0.0534714716712984,connected,mainstream
435,popular_1_exp_Experiment_1_seed_42,5,0.05016936085048987,connected,mainstream
377,popular_1_exp_Experiment_1_seed_42,5,0.0720989941912047,connected,mainstream
162,popular_1_exp_Experiment_1_seed_42,5,0.056031229050097185,connected,mainstream
66,popular_1_exp_Experiment_1_seed_42,5,0.06193419559527797,connected,mainstream
421,popular_1_exp_Experiment_1_seed_42,5,0.07414661778738176,connected,mainstream
566,popular_1_exp_Experiment_1_seed_42,5,0.06924437754455891,connected,mainstream
153,popular_1_exp_Experiment_1_seed_42,5,0.05402192572486702,connected,mainstream
48,popular_1_exp_Experiment_1_seed_42,5,0.014260097242671391,connected,niche
486,popular_1_exp_Experiment_1_seed_42,5,0.05383955446579993,connected,mainstream
389,popular_1_exp_Experiment_1_seed_42,5,0.054426987712711594,connected,mainstream
466,popular_1_exp_Experiment_1_seed_42,5,0.05060591631217301,connected,mainstream
107,popular_1_exp_Experiment_1_seed_42,5,0.052085724439189914,connected,mainstream
585,popular_1_exp_Experiment_1_seed_42,5,0.058567063617469294,connected,mainstream
53,popular_1_exp_Experiment_1_seed_42,5,0.03191768243899253,connected,niche
567,popular_1_exp_Experiment_1_seed_42,5,0.05607148610399698,connected,mainstream
167,popular_1_exp_Experiment_1_seed_42,5,0.07030971367037774,connected,mainstream
502,popular_1_exp_Experiment_1_seed_42,5,0.06163683162976128,connected,mainstream
451,popular_1_exp_Experiment_1_seed_42,5,0.05334390781664524,connected,mainstream
300,popular_1_exp_Experiment_1_seed_42,5,0.05750198386599346,connected,mainstream
264,popular_1_exp_Experiment_1_seed_42,5,0.0643413241590849,connected,mainstream
253,popular_1_exp_Experiment_1_seed_42,5,0.06462960866823114,connected,mainstream
231,popular_1_exp_Experiment_1_seed_42,5,0.06805278450993683,connected,mainstream
335,popular_1_exp_Experiment_1_seed_42,5,0.055959787182056166,connected,mainstream
362,popular_1_exp_Experiment_1_seed_42,5,0.05053289840802702,connected,mainstream
461,popular_1_exp_Experiment_1_seed_42,5,0.06441550190731785,connected,mainstream
