item_id,popularity
2858,0.003427283697707179
260,0.002990375011622571
1196,0.002989375220578899
1210,0.0028823975789060087
480,0.0026714416686912435
2028,0.002652445638861478
589,0.0026484464746867904
2571,0.0025894588031101498
1270,0.002582460265804447
593,0.0025774613105860873
1580,0.0025374696688392124
1198,0.0025134746837910875
608,0.0025124748927474157
2762,0.002458486176389135
110,0.002442489519690385
2396,0.002368504982458666
1197,0.0023175156392314005
527,0.0023035185646199945
1617,0.0022875219079212445
1265,0.0022775239974845256
1097,0.002268525878091479
2628,0.002249529848261713
2997,0.0022405317288686664
318,0.0022265346542572604
858,0.002222535490082573
356,0.0021935415498160883
2716,0.002180544266248354
296,0.0021705463558116356
1240,0.0020975616096235885
1,0.0020765659977064793
1214,0.00202357707239187
2916,0.0019955829231690578
457,0.0019945831321253856
3578,0.0019235979680246827
1200,0.001819619699482808
541,0.0017996238786093706
2987,0.0017986240875656988
1259,0.0017846270129542926
50,0.0017826274308669488
34,0.001750634117469449
2791,0.0017306382965960115
780,0.0017296385055523395
3175,0.0017276389234649958
1193,0.0017246395503339802
919,0.001717641013028277
924,0.0017156414309409333
1127,0.0017146416398972615
2355,0.001702644147373199
1387,0.0016966454011111678
1221,0.0016916464458928083
912,0.0016686512518883554
1036,0.0016656518787573397
1213,0.001656653759364293
1610,0.0016516548041459334
377,0.0016496552220585897
1291,0.0016276598190978085
2000,0.0016266600280541367
1136,0.0015986658788313243
3114,0.001584668804219918
1307,0.0015676723564774962
1704,0.0015476765356040587
1721,0.001545676953516715
1968,0.001538678416211012
648,0.0015266809236869495
2599,0.00152168196846859
3793,0.0015106842669881995
32,0.0015106842669881995
2174,0.0014946876102894496
2797,0.001490688446114762
2291,0.0014726922073286684
2918,0.0014726922073286684
3471,0.0014506968043678872
590,0.0014506968043678872
2959,0.0014506968043678872
1374,0.0014476974312368715
2683,0.0014337003566254653
1394,0.0014337003566254653
592,0.0014307009834944498
1784,0.0014237024461887465
1573,0.001420703073057731
1304,0.0014187034909703873
3418,0.0014167039088830435
223,0.001411704953664684
380,0.0013997074611406216
2706,0.0013887097596602311
1225,0.001381711222354528
1584,0.001381711222354528
1527,0.0013767122671361686
3481,0.0013727131029614812
1923,0.0013707135208741374
750,0.00136671435669945
2699,0.00136671435669945
39,0.0013617154014810904
21,0.0013557166552190592
1393,0.0013527172820880437
2804,0.0013517174910443717
588,0.0013507177000007
2406,0.0013447189537386687
1220,0.0013407197895639812
733,0.0013397199985203093
1230,0.001333721252258278
3176,0.0013307218791272623
1961,0.0013297220880835905
3751,0.0013287222970399185
1079,0.001325722923908903
908,0.0013147252224285123
3408,0.0013147252224285123
1073,0.0013127256403411686
3623,0.0013127256403411686
1356,0.001309726267210153
3527,0.0012967289836424186
2700,0.0012687348344196062
1219,0.001262736088157575
1247,0.0012607365060702312
1089,0.0012587369239828875
1544,0.0012547377598082
1222,0.0012537379687645282
150,0.0012507385956335125
111,0.001239740894153122
3753,0.001239740894153122
2710,0.0012367415210221063
2657,0.0012327423568474188
357,0.0012327423568474188
2985,0.0012287431926727313
1206,0.0012287431926727313
1094,0.0012287431926727313
2640,0.0012217446553670283
3147,0.0012217446553670283
2395,0.0012197450732796846
3421,0.0012067477897119501
1517,0.0012047482076246064
1641,0.0011987494613625751
1278,0.001192750715100544
1252,0.001184752386751169
367,0.0011787536404891377
1358,0.001176754058401794
1208,0.0011757542673581222
2100,0.0011627569837903877
1676,0.0011627569837903877
2529,0.001161757192746716
2011,0.0011577580285720285
2321,0.0011577580285720285
920,0.0011557584464846847
2324,0.0011517592823099972
2012,0.0011477601181353098
1090,0.0011427611629169503
47,0.001136762416654919
1500,0.0011357626256112473
1370,0.0011347628345675753
1954,0.001128764088305544
1673,0.0011277642972618723
2115,0.0011267645062182003
2194,0.0011267645062182003
1376,0.0011257647151745286
587,0.0011237651330871848
364,0.001120765759956169
3253,0.0011197659689124973
3671,0.0011187661778688253
1288,0.0011177663868251536
923,0.0011157668047378098
316,0.0011157668047378098
3160,0.001112767431606794
1242,0.0011117676405631223
1917,0.0011097680584757786
736,0.0011097680584757786
1294,0.001098770356995388
3255,0.001098770356995388
1732,0.0010967707749080441
3361,0.0010947711928207004
1396,0.001090772028646013
2763,0.0010887724465586692
1258,0.0010867728644713254
2302,0.0010857730734276537
3448,0.0010817739092529662
1653,0.0010767749540346067
1608,0.001075775162990935
1391,0.0010737755809035912
2692,0.0010717759988162474
2455,0.0010707762077725755
3702,0.0010657772525542162
3081,0.0010657772525542162
2268,0.0010607782973358567
595,0.001059778506292185
349,0.001058778715248513
969,0.0010567791331611693
3256,0.00105178017794281
904,0.0010497805958554663
1234,0.0010487808048117943
1674,0.0010457814316807788
597,0.0010457814316807788
2054,0.0010447816406371068
913,0.001042782058549763
2081,0.001034783730200388
3703,0.0010337839391567163
11,0.0010327841481130443
1377,0.0010307845660257006
2890,0.0010207866555889818
3755,0.0010127883272396069
1028,0.0010107887451522631
2001,0.0010107887451522631
2968,0.0010097889541085914
1101,0.0010097889541085914
2617,0.0010067895809775756
2407,0.0010057897899339039
1682,0.0010047899988902319
1233,0.0010007908347155444
1372,0.0010007908347155444
1266,0.000996791670540857
551,0.0009957918794971851
1909,0.0009957918794971851
3897,0.0009937922974098414
3363,0.000989793133235154
329,0.000989793133235154
1183,0.000988793342191482
3052,0.000988793342191482
2353,0.0009877935511478102
539,0.0009857939690604664
2006,0.0009827945959294507
3072,0.000981794804885779
25,0.0009797952227984352
2289,0.0009777956407110914
1408,0.0009747962675800757
474,0.0009717968944490601
2105,0.0009697973123617164
3552,0.0009667979392307007
1639,0.0009657981481870289
1552,0.0009538006556629664
788,0.0009478019094009352
440,0.0009478019094009352
2712,0.0009448025362699195
3108,0.0009448025362699195
1215,0.0009448025362699195
1282,0.0009428029541825758
6,0.0009398035810515602
1250,0.0009378039989642164
2336,0.0009378039989642164
2746,0.0009358044168768727
2770,0.0009348046258332008
1276,0.0009298056706148415
1207,0.0009278060885274977
36,0.0009278060885274977
1375,0.0009268062974838258
235,0.0009268062974838258
1080,0.000925806506440154
1320,0.0009248067153964821
293,0.0009228071333091383
2248,0.0009138090139160915
70,0.0009138090139160915
1199,0.0009128092228724196
2470,0.0009118094318287478
1777,0.0009088100586977321
1912,0.0009078102676540603
3555,0.0009078102676540603
1747,0.0009068104766103884
903,0.0009048108945230446
2701,0.000901811521392029
3033,0.0008988121482610134
2947,0.0008968125661736697
1876,0.0008948129840863259
10,0.0008878144467806228
3210,0.0008858148646932791
1407,0.0008858148646932791
1997,0.0008848150736496072
1179,0.0008848150736496072
3499,0.0008838152826059353
3006,0.0008838152826059353
1129,0.0008838152826059353
1035,0.0008818157005185916
1625,0.0008818157005185916
1148,0.0008818157005185916
1748,0.0008738173721692166
3174,0.0008738173721692166
2502,0.0008718177900818729
3107,0.0008688184169508572
3699,0.0008648192527761697
2080,0.0008638194617324979
3082,0.0008618198796451541
1722,0.0008618198796451541
3948,0.0008618198796451541
3608,0.0008608200886014823
1953,0.0008608200886014823
1246,0.000854821342339451
2723,0.0008528217602521073
2915,0.0008518219692084354
2908,0.0008498223871210917
2641,0.0008458232229464042
2369,0.0008398244766843729
3039,0.0008388246856407011
3543,0.0008388246856407011
500,0.0008378248945970292
2424,0.0008378248945970292
2352,0.0008378248945970292
17,0.0008348255214660136
910,0.000831826148334998
1204,0.0008308263572913261
1645,0.0008258274020729667
165,0.0008248276110292949
2108,0.0008248276110292949
454,0.000823827819985623
1201,0.0008218282378982792
3510,0.0008208284468546074
1569,0.0008198286558109355
1380,0.0008168292826799199
3809,0.0008168292826799199
1597,0.0008108305364178886
3526,0.0008108305364178886
2167,0.0008088309543305449
3450,0.0008088309543305449
2393,0.0008068313722432011
2278,0.0008058315811995293
2427,0.0008028322080685137
1285,0.0008028322080685137
2002,0.0008018324170248418
3101,0.0008018324170248418
2193,0.0008018324170248418
368,0.0008018324170248418
2058,0.0007988330438938262
2064,0.0007978332528501543
1994,0.0007948338797191387
3354,0.0007928342976317949
1371,0.0007918345065881231
2694,0.0007908347155444512
3624,0.0007908347155444512
2021,0.0007888351334571074
2243,0.0007888351334571074
1060,0.0007858357603260918
2881,0.0007858357603260918
3424,0.0007808368051077325
2671,0.0007798370140640606
1690,0.0007788372230203887
2605,0.000776837640933045
153,0.000776837640933045
2003,0.0007758378498893731
2023,0.0007738382678020294
2020,0.0007728384767583575
2490,0.0007728384767583575
265,0.0007718386857146856
2948,0.0007708388946710137
1302,0.0007678395215399981
344,0.0007658399394526544
785,0.0007648401484089825
3104,0.0007648401484089825
3362,0.0007648401484089825
1267,0.0007648401484089825
594,0.0007628405663216388
1947,0.000760840984234295
161,0.0007598411931906231
3386,0.0007558420290159357
2366,0.0007558420290159357
1513,0.0007548422379722638
778,0.0007508430737975763
1092,0.0007508430737975763
1965,0.0007508430737975763
899,0.0007508430737975763
1231,0.0007498432827539044
2826,0.0007498432827539044
2391,0.0007448443275355451
3396,0.0007438445364918732
1077,0.0007438445364918732
2872,0.0007418449544045294
2288,0.0007408451633608576
1275,0.0007408451633608576
1663,0.0007398453723171857
253,0.000737845790229842
2094,0.0007358462081424982
353,0.0007338466260551545
1333,0.0007328468350114826
1249,0.0007328468350114826
292,0.0007328468350114826
1299,0.0007318470439678107
3698,0.000729847461880467
953,0.0007288476708367951
2871,0.0007288476708367951
1729,0.0007238487156184357
2580,0.0007228489245747639
3704,0.000721849133531092
3489,0.000721849133531092
529,0.0007198495514437482
1466,0.0007188497604000764
2144,0.0007188497604000764
1244,0.0007178499693564045
246,0.0007158503872690608
2005,0.0007158503872690608
968,0.0007148505962253889
2124,0.000713850805181717
2160,0.0007118512230943733
3148,0.0007108514320507014
2140,0.0007098516410070295
2944,0.0007068522678760139
266,0.0007048526857886702
300,0.0007048526857886702
1287,0.0007038528947449983
2359,0.0007028531037013264
3763,0.0007008535216139827
2,0.0007008535216139827
288,0.0006998537305703108
1263,0.0006998537305703108
2572,0.0006998537305703108
2161,0.0006988539395266389
1235,0.0006968543574392952
1262,0.0006958545663956233
2150,0.0006948547753519514
2145,0.0006928551932646077
337,0.0006928551932646077
3868,0.0006918554022209358
2688,0.000690855611177264
3504,0.0006878562380462483
1088,0.0006868564470025765
1343,0.0006868564470025765
434,0.0006858566559589046
1084,0.0006858566559589046
141,0.0006818574917842171
16,0.0006818574917842171
104,0.0006818574917842171
543,0.0006818574917842171
3105,0.0006798579096968734
1093,0.0006798579096968734
708,0.0006788581186532015
1228,0.0006768585365658577
902,0.0006758587455221859
1188,0.0006758587455221859
586,0.000674858954478514
2761,0.0006738591634348421
2405,0.0006728593723911702
339,0.0006728593723911702
1269,0.0006718595813474984
1339,0.0006718595813474984
1293,0.0006708597903038265
1918,0.0006688602082164828
3476,0.000666860626129139
1831,0.000666860626129139
3263,0.000666860626129139
497,0.000666860626129139
1485,0.0006658608350854671
3247,0.0006658608350854671
1883,0.0006638612529981234
2078,0.0006638612529981234
1952,0.0006628614619544515
231,0.0006598620888234359
3863,0.0006578625067360922
2300,0.0006578625067360922
555,0.0006578625067360922
3911,0.0006568627156924203
745,0.0006568627156924203
2076,0.0006538633425614047
3638,0.0006518637604740609
1962,0.0006518637604740609
208,0.000650863969430389
2724,0.0006498641783867172
2949,0.0006458650142120297
1272,0.0006448652231683578
2294,0.0006448652231683578
3697,0.0006428656410810141
441,0.0006428656410810141
317,0.0006408660589936703
3005,0.0006398662679499985
442,0.0006398662679499985
2329,0.0006398662679499985
95,0.0006378666858626547
2527,0.000635867103775311
1960,0.000635867103775311
914,0.000635867103775311
1957,0.0006338675216879672
2707,0.0006338675216879672
800,0.0006298683575132797
3535,0.0006298683575132797
2664,0.000627868775425936
3683,0.000627868775425936
1711,0.000627868775425936
3591,0.000627868775425936
2019,0.000627868775425936
2273,0.0006268689843822641
3257,0.0006258691933385922
2528,0.0006258691933385922
1959,0.0006258691933385922
1805,0.0006258691933385922
2542,0.0006248694022949204
2581,0.0006238696112512485
2616,0.0006238696112512485
24,0.0006238696112512485
3100,0.0006228698202075766
2013,0.0006218700291639048
610,0.0006178708649892173
1203,0.0006158712829018735
2539,0.0006158712829018735
1172,0.0006148714918582016
1037,0.0006148714918582016
852,0.0006148714918582016
1921,0.0006128719097708579
1373,0.0006128719097708579
3785,0.0006128719097708579
2433,0.000611872118727186
653,0.000611872118727186
3070,0.0006108723276835142
1885,0.0006078729545524985
509,0.0006078729545524985
1562,0.0006058733724651548
198,0.0006048735814214829
3301,0.0006018742082904673
2371,0.0005988748351594517
471,0.0005988748351594517
2722,0.0005978750441157798
2087,0.0005938758799410923
1256,0.0005938758799410923
1271,0.0005928760888974205
1292,0.0005908765068100767
3037,0.0005908765068100767
3360,0.0005898767157664048
3298,0.0005898767157664048
2018,0.000588876924722733
2501,0.0005878771336790611
3717,0.0005838779695043736
3740,0.0005838779695043736
3044,0.0005828781784607017
2686,0.0005828781784607017
898,0.0005818783874170299
2394,0.0005788790142860142
2333,0.0005778792232423424
3273,0.0005768794321986705
1022,0.0005768794321986705
1019,0.0005748798501113267
2109,0.000572880268023983
466,0.000572880268023983
1587,0.0005718804769803111
866,0.0005718804769803111
1095,0.0005708806859366393
112,0.0005698808948929674
2478,0.0005688811038492955
185,0.0005688811038492955
1029,0.0005678813128056236
1345,0.0005668815217619518
2085,0.000564881939674608
2662,0.000564881939674608
160,0.000564881939674608
2717,0.000564881939674608
2067,0.0005638821486309362
3113,0.0005638821486309362
173,0.0005638821486309362
832,0.0005638821486309362
673,0.0005628823575872643
1479,0.0005628823575872643
1378,0.0005618825665435924
1186,0.0005618825665435924
508,0.0005608827754999205
1296,0.0005598829844562487
3752,0.0005598829844562487
2541,0.0005588831934125768
3893,0.0005588831934125768
1253,0.0005588831934125768
2792,0.0005578834023689049
3060,0.0005578834023689049
1586,0.000556883611325233
2976,0.000556883611325233
3252,0.0005548840292378893
151,0.0005538842381942174
1967,0.0005538842381942174
553,0.0005528844471505456
3435,0.0005508848650632018
196,0.0005498850740195299
2795,0.0005488852829758581
1321,0.0005488852829758581
1261,0.0005478854919321862
3098,0.0005478854919321862
1357,0.0005478854919321862
3685,0.0005448861188011706
45,0.0005438863277574987
3300,0.000541886745670155
3614,0.000541886745670155
3479,0.000541886745670155
1779,0.0005408869546264831
1284,0.0005408869546264831
62,0.0005408869546264831
2133,0.0005408869546264831
163,0.0005398871635828112
2046,0.0005358879994081237
3745,0.0005348882083644519
3524,0.00053388841732078
3438,0.00053388841732078
2598,0.0005328886262771081
435,0.0005328886262771081
1958,0.0005298892531460925
552,0.0005288894621024206
1042,0.0005278896710587487
1911,0.0005268898800150769
1032,0.0005248902979277331
661,0.0005248902979277331
3020,0.0005238905068840613
2384,0.0005228907158403894
2951,0.0005218909247967175
3095,0.0005208911337530456
3359,0.0005198913427093738
3157,0.0005198913427093738
1945,0.0005188915516657019
2863,0.00051789176062203
342,0.00051789176062203
3087,0.0005158921785346863
2423,0.0005148923874910144
350,0.0005148923874910144
1248,0.0005138925964473425
2245,0.0005138925964473425
2428,0.0005128928054036707
3264,0.0005118930143599988
2642,0.0005108932233163269
849,0.0005108932233163269
2096,0.0005108932233163269
2134,0.000509893432272655
3178,0.0005088936412289832
1635,0.0005068940591416394
1956,0.0005068940591416394
2469,0.0005058942680979676
1982,0.0005058942680979676
3534,0.0005048944770542957
3701,0.0005038946860106238
2917,0.0005038946860106238
3654,0.0005018951039232801
58,0.0005008953128796082
838,0.0005008953128796082
485,0.0004998955218359363
1476,0.0004988957307922644
1882,0.0004988957307922644
1590,0.0004978959397485926
596,0.0004978959397485926
3203,0.0004968961487049207
2137,0.0004968961487049207
3317,0.0004958963576612488
2126,0.000494896566617577
3735,0.000494896566617577
2420,0.0004928969845302332
2986,0.0004928969845302332
1834,0.0004928969845302332
1589,0.0004918971934865613
162,0.0004908974024428895
1907,0.0004898976113992176
3536,0.0004888978203555457
3635,0.0004868982382682019
2841,0.0004868982382682019
3168,0.0004848986561808582
628,0.0004848986561808582
3173,0.00048289907409351443
3267,0.00048289907409351443
1104,0.00048289907409351443
2186,0.00048189928304984256
1441,0.0004808994920061707
1212,0.0004798997009624988
2454,0.0004798997009624988
3260,0.0004798997009624988
2065,0.00047889990991882694
1059,0.00047889990991882694
3,0.00047790011887515507
3827,0.00047790011887515507
562,0.00047790011887515507
247,0.0004769003278314832
3269,0.0004769003278314832
2421,0.0004769003278314832
524,0.0004759005367878113
2719,0.0004759005367878113
3441,0.00047490074574413945
1644,0.00047490074574413945
1405,0.00047490074574413945
2463,0.00047490074574413945
3246,0.00047490074574413945
1591,0.00047490074574413945
2912,0.0004739009547004676
1678,0.0004739009547004676
2431,0.0004739009547004676
1041,0.0004739009547004676
1223,0.0004729011636567957
1257,0.00047190137261312383
1894,0.00047090158156945196
1694,0.00047090158156945196
2088,0.00047090158156945196
2311,0.0004699017905257801
922,0.0004699017905257801
345,0.0004689019994821082
1566,0.0004689019994821082
2734,0.0004659026263510926
1680,0.00046390304426374886
2533,0.000462903253220077
410,0.000462903253220077
3798,0.000462903253220077
1449,0.0004619034621764051
3639,0.00046090367113273324
3334,0.00046090367113273324
1385,0.00046090367113273324
786,0.00045990388008906137
2973,0.00045990388008906137
2735,0.0004589040890453895
3409,0.0004589040890453895
172,0.0004579042980017176
7,0.0004579042980017176
2313,0.00045690450695804575
671,0.0004559047159143739
1120,0.0004559047159143739
348,0.000454904924870702
1717,0.000454904924870702
3512,0.00045390513382703013
1185,0.00045290534278335826
1254,0.00045290534278335826
3159,0.00045290534278335826
3730,0.00045290534278335826
1274,0.0004519055517396864
1955,0.0004519055517396864
1049,0.0004509057606960145
2788,0.0004509057606960145
1347,0.0004509057606960145
180,0.0004509057606960145
515,0.00044990596965234264
2739,0.00044990596965234264
994,0.00044990596965234264
3468,0.00044990596965234264
3706,0.0004479063875649989
2805,0.0004479063875649989
1792,0.0004479063875649989
3219,0.000446906596521327
3016,0.000446906596521327
3358,0.00044590680547765515
2409,0.0004449070144339833
2926,0.0004449070144339833
930,0.0004449070144339833
3545,0.00044290743234663953
2413,0.00044290743234663953
933,0.00044290743234663953
2687,0.00044190764130296766
1297,0.00044190764130296766
647,0.0004409078502592958
2253,0.0004399080592156239
720,0.00043790847712828017
3274,0.00043790847712828017
2116,0.00043790847712828017
3916,0.0004369086860846083
379,0.00043590889504093643
3791,0.00043490910399726456
1081,0.0004339093129535927
2450,0.0004339093129535927
1047,0.0004339093129535927
144,0.0004329095219099208
3254,0.0004329095219099208
3186,0.00043090993982257707
52,0.00043090993982257707
3869,0.00043090993982257707
2759,0.0004299101487789052
3261,0.0004289103577352333
2966,0.0004289103577352333
1614,0.00042791056669156145
372,0.00042791056669156145
802,0.0004269107756478896
1224,0.0004259109846042177
2728,0.0004259109846042177
2989,0.00042491119356054583
916,0.00042491119356054583
3285,0.0004229116114732021
2991,0.0004219118204295302
2009,0.0004219118204295302
2713,0.00042091202938585834
3035,0.00042091202938585834
3744,0.00042091202938585834
2335,0.00041991223834218647
3513,0.00041991223834218647
1100,0.00041991223834218647
3617,0.0004189124472985146
2840,0.0004189124472985146
303,0.0004179126562548427
2375,0.0004179126562548427
585,0.0004179126562548427
748,0.00041691286521117085
909,0.00041691286521117085
724,0.000415913074167499
494,0.000415913074167499
3019,0.000415913074167499
2125,0.000415913074167499
2622,0.0004149132831238271
1171,0.0004149132831238271
2471,0.00041391349208015523
3686,0.00041291370103648336
2378,0.00041291370103648336
955,0.00041291370103648336
370,0.0004119139099928115
2485,0.00040991432790546774
333,0.00040991432790546774
2600,0.00040991432790546774
1350,0.00040891453686179587
3844,0.000407914745818124
1135,0.00040691495477445213
2648,0.00040591516373078026
1124,0.0004049153726871084
3826,0.0004049153726871084
2141,0.0004039155816434365
2993,0.0004039155816434365
1283,0.00040291579059976464
3259,0.00040291579059976464
29,0.00040291579059976464
926,0.00040291579059976464
1103,0.00040191599955609277
1892,0.0004009162085124209
2402,0.0004009162085124209
2410,0.0004009162085124209
3551,0.000399916417468749
2857,0.00039891662642507715
1499,0.00039891662642507715
3185,0.0003979168353814053
951,0.0003969170443377334
2403,0.0003969170443377334
1616,0.00039491746225038966
2702,0.00039491746225038966
1620,0.00039491746225038966
3083,0.0003939176712067178
3196,0.0003939176712067178
1020,0.00039191808911937404
1409,0.00039191808911937404
432,0.00039191808911937404
1801,0.00039091829807570217
2919,0.00039091829807570217
2672,0.00039091829807570217
783,0.0003899185070320303
2690,0.0003899185070320303
532,0.0003889187159883584
19,0.0003889187159883584
3507,0.0003889187159883584
2010,0.00038791892494468655
1754,0.00038791892494468655
3952,0.00038791892494468655
1298,0.0003869191339010147
1888,0.0003869191339010147
105,0.0003869191339010147
928,0.0003859193428573428
674,0.0003859193428573428
224,0.0003859193428573428
2334,0.0003859193428573428
784,0.00038491955181367093
2990,0.00038491955181367093
1125,0.00038491955181367093
2794,0.00038491955181367093
3156,0.0003829199697263272
2718,0.0003829199697263272
954,0.0003829199697263272
272,0.0003829199697263272
517,0.0003819201786826553
1411,0.0003819201786826553
48,0.0003819201786826553
1719,0.00038092038763898344
2053,0.00038092038763898344
2398,0.00037992059659531157
1459,0.00037992059659531157
2015,0.00037992059659531157
3705,0.00037992059659531157
1086,0.0003789208055516397
2414,0.0003789208055516397
3068,0.0003789208055516397
164,0.0003789208055516397
22,0.00037792101450796783
940,0.00037792101450796783
3836,0.0003749216413769522
2808,0.0003749216413769522
2411,0.0003749216413769522
2468,0.00037392185033328034
905,0.00037392185033328034
520,0.00037392185033328034
1061,0.00037392185033328034
1091,0.00037292205928960847
2720,0.00037292205928960847
1301,0.00037292205928960847
1914,0.0003719222682459366
1078,0.0003719222682459366
2004,0.0003719222682459366
2565,0.0003719222682459366
2301,0.0003709224772022647
1388,0.00036992268615859285
431,0.000368922895114921
2139,0.000368922895114921
1379,0.000368922895114921
3618,0.000368922895114921
1175,0.0003679231040712491
2110,0.00036692331302757723
252,0.00036692331302757723
1556,0.00036692331302757723
3250,0.00036592352198390536
1835,0.00036592352198390536
3508,0.0003649237309402335
3712,0.0003649237309402335
2247,0.0003649237309402335
915,0.0003649237309402335
2530,0.0003649237309402335
1367,0.0003639239398965616
1944,0.0003639239398965616
1920,0.0003639239398965616
2118,0.00036292414885288974
1277,0.00036292414885288974
2942,0.00036192435780921787
145,0.00036192435780921787
168,0.00036192435780921787
1619,0.00036192435780921787
2082,0.000360924566765546
1344,0.000360924566765546
3811,0.0003599247757218741
2496,0.0003599247757218741
3525,0.0003599247757218741
3201,0.00035892498467820225
327,0.0003579251936345304
2532,0.0003579251936345304
3397,0.0003579251936345304
1245,0.0003579251936345304
3684,0.0003579251936345304
1217,0.0003569254025908585
60,0.0003569254025908585
2747,0.00035592561154718663
3088,0.00035592561154718663
3668,0.00035592561154718663
2297,0.00035492582050351476
1327,0.00035492582050351476
3505,0.00035492582050351476
216,0.00035492582050351476
2143,0.00035492582050351476
3152,0.0003539260294598429
2861,0.0003539260294598429
2416,0.0003539260294598429
1916,0.0003539260294598429
1518,0.0003539260294598429
3633,0.000352926238416171
3067,0.000352926238416171
3461,0.000352926238416171
1810,0.000352926238416171
3062,0.00035192644737249914
420,0.00035192644737249914
2146,0.00035192644737249914
1238,0.00035092665632882727
1693,0.00035092665632882727
376,0.0003499268652851554
1537,0.0003499268652851554
546,0.0003499268652851554
3451,0.0003499268652851554
468,0.0003499268652851554
230,0.00034892707424148353
1950,0.00034792728319781166
1603,0.00034792728319781166
3927,0.00034792728319781166
2112,0.0003459277011104679
2803,0.0003459277011104679
232,0.0003459277011104679
2950,0.0003459277011104679
514,0.0003459277011104679
3615,0.00034492791006679604
2779,0.00034492791006679604
2231,0.00034492791006679604
3000,0.00034492791006679604
2340,0.00034392811902312417
805,0.00034392811902312417
1096,0.00034392811902312417
1027,0.00034392811902312417
2474,0.0003429283279794523
900,0.0003429283279794523
3034,0.0003429283279794523
3593,0.0003419285369357804
3053,0.00034092874589210855
2995,0.00034092874589210855
2953,0.00034092874589210855
3398,0.00034092874589210855
3249,0.0003399289548484367
3688,0.0003389291638047648
3258,0.0003389291638047648
1334,0.00033792937276109293
3770,0.00033792937276109293
799,0.00033792937276109293
531,0.00033792937276109293
1687,0.00033692958171742106
492,0.0003349299996300773
306,0.00033393020858640544
3155,0.00033293041754273357
2643,0.0003319306264990617
2312,0.0003309308354553898
3452,0.0003309308354553898
2390,0.00032993104441171795
1300,0.00032993104441171795
2901,0.00032993104441171795
222,0.0003289312533680461
3556,0.0003279314623243742
2827,0.0003279314623243742
3271,0.0003279314623243742
3265,0.00032693167128070233
3071,0.00032693167128070233
2262,0.00032593188023703046
236,0.00032593188023703046
2376,0.0003249320891933586
3198,0.0003249320891933586
3681,0.0003249320891933586
2303,0.0003249320891933586
1243,0.0003249320891933586
880,0.0003239322981496867
2467,0.0003239322981496867
1030,0.00032293250710601484
3244,0.00032193271606234297
1672,0.0003209329250186711
1438,0.0003209329250186711
3528,0.0003209329250186711
170,0.0003209329250186711
2318,0.00031993313397499923
3494,0.00031993313397499923
1769,0.00031893334293132735
1031,0.00031893334293132735
2819,0.00031893334293132735
69,0.00031893334293132735
125,0.0003179335518876555
1974,0.0003169337608439836
2971,0.0003169337608439836
2921,0.0003169337608439836
1126,0.0003169337608439836
1268,0.0003169337608439836
2282,0.00031593396980031174
3040,0.00031493417875663987
538,0.00031493417875663987
741,0.000313934387712968
3328,0.000313934387712968
2111,0.00031193480562562425
2401,0.00031193480562562425
475,0.00031193480562562425
2531,0.00031193480562562425
44,0.0003109350145819524
1303,0.0003099352235382805
2367,0.00030893543249460863
1260,0.00030793564145093676
507,0.00030793564145093676
3146,0.00030793564145093676
1594,0.0003069358504072649
1895,0.000305936059363593
911,0.000305936059363593
3841,0.000305936059363593
678,0.000305936059363593
2802,0.000305936059363593
2867,0.000305936059363593
3871,0.00030493626831992114
3462,0.00030493626831992114
2513,0.00030493626831992114
2138,0.00030493626831992114
3760,0.00030493626831992114
3802,0.00030393647727624927
2348,0.00030393647727624927
934,0.00030393647727624927
3949,0.00030393647727624927
1688,0.00030393647727624927
3566,0.00030393647727624927
2130,0.00030393647727624927
3163,0.00030393647727624927
1381,0.0003029366862325774
2072,0.0003029366862325774
1964,0.0003019368951889055
1702,0.0003019368951889055
921,0.0003019368951889055
2567,0.0003019368951889055
3484,0.0003019368951889055
1845,0.00030093710414523365
1012,0.00030093710414523365
535,0.00030093710414523365
2363,0.00030093710414523365
2404,0.00030093710414523365
314,0.0002999373131015618
737,0.0002999373131015618
2346,0.0002999373131015618
2476,0.0002999373131015618
3189,0.0002999373131015618
1237,0.0002989375220578899
762,0.00029793773101421803
3388,0.00029793773101421803
1884,0.00029793773101421803
3355,0.00029793773101421803
493,0.00029793773101421803
2132,0.00029693793997054616
1429,0.00029693793997054616
5,0.0002959381489268743
3649,0.0002949383578832024
1395,0.0002949383578832024
2034,0.0002949383578832024
412,0.0002949383578832024
830,0.0002949383578832024
3498,0.0002949383578832024
2338,0.0002949383578832024
3007,0.0002949383578832024
3308,0.00029393856683953054
2518,0.00029393856683953054
481,0.00029393856683953054
3243,0.00029293877579585867
1025,0.00029293877579585867
942,0.0002919389847521868
950,0.0002919389847521868
2946,0.00029093919370851493
1009,0.00029093919370851493
2875,0.00029093919370851493
2322,0.00028993940266484305
3316,0.0002889396116211712
1588,0.0002889396116211712
3733,0.0002889396116211712
2153,0.0002879398205774993
1488,0.0002879398205774993
3129,0.0002879398205774993
2889,0.00028694002953382744
1033,0.00028694002953382744
999,0.00028594023849015557
534,0.00028594023849015557
2422,0.00028594023849015557
261,0.0002849404474464837
3812,0.0002849404474464837
1286,0.0002849404474464837
2750,0.0002849404474464837
455,0.0002849404474464837
1701,0.0002839406564028118
3576,0.0002839406564028118
2456,0.0002839406564028118
1416,0.0002819410743154681
2613,0.0002809412832717962
1422,0.0002809412832717962
2961,0.00027994149222812433
2764,0.00027994149222812433
3873,0.00027994149222812433
2287,0.00027994149222812433
2941,0.00027994149222812433
3467,0.00027894170118445246
3917,0.00027894170118445246
2117,0.0002779419101407806
616,0.0002779419101407806
1147,0.0002769421190971087
2883,0.0002769421190971087
1280,0.0002769421190971087
3565,0.0002769421190971087
1017,0.00027594232805343684
2093,0.00027594232805343684
3251,0.00027594232805343684
3384,0.00027594232805343684
3061,0.00027494253700976497
707,0.00027494253700976497
3629,0.00027494253700976497
3548,0.0002739427459660931
1969,0.0002739427459660931
2412,0.0002739427459660931
1057,0.0002739427459660931
3429,0.0002739427459660931
319,0.0002729429549224212
3099,0.0002729429549224212
2668,0.0002729429549224212
861,0.0002729429549224212
2517,0.0002729429549224212
382,0.00027194316387874935
2505,0.00027194316387874935
971,0.0002709433728350775
3307,0.0002709433728350775
3477,0.0002709433728350775
3675,0.0002709433728350775
2815,0.0002709433728350775
383,0.0002699435817914056
3723,0.00026894379074773373
952,0.00026894379074773373
3501,0.00026894379074773373
426,0.00026894379074773373
1189,0.00026894379074773373
1970,0.00026794399970406186
2059,0.00026794399970406186
3469,0.00026794399970406186
1927,0.00026794399970406186
361,0.00026794399970406186
1354,0.00026694420866039
355,0.00026694420866039
3708,0.00026694420866039
3238,0.00026694420866039
2155,0.00026694420866039
3478,0.0002659444176167181
2447,0.0002659444176167181
1457,0.0002659444176167181
2676,0.0002659444176167181
1295,0.0002659444176167181
1633,0.0002659444176167181
2524,0.0002659444176167181
3366,0.00026494462657304624
1643,0.00026494462657304624
1480,0.00026494462657304624
2793,0.00026494462657304624
599,0.00026394483552937437
663,0.00026394483552937437
1833,0.00026394483552937437
2070,0.00026394483552937437
2389,0.00026394483552937437
3208,0.00026394483552937437
2822,0.0002629450444857025
1735,0.0002629450444857025
428,0.0002629450444857025
1342,0.00026194525344203063
2083,0.00026194525344203063
249,0.00026094546239835875
3549,0.0002599456713546869
3145,0.000258945880311015
2408,0.000258945880311015
1873,0.000258945880311015
2457,0.000258945880311015
2188,0.000258945880311015
158,0.000258945880311015
3153,0.00025794608926734314
373,0.00025794608926734314
1013,0.00025794608926734314
1264,0.00025694629822367127
237,0.00025694629822367127
351,0.00025694629822367127
107,0.0002559465071799994
996,0.0002559465071799994
2114,0.0002559465071799994
446,0.00025394692509265565
225,0.00025394692509265565
2022,0.00025394692509265565
101,0.0002529471340489838
3169,0.0002529471340489838
965,0.0002529471340489838
3004,0.0002519473430053119
3089,0.0002519473430053119
1963,0.0002519473430053119
1689,0.0002519473430053119
3439,0.00025094755196164003
945,0.00025094755196164003
366,0.00025094755196164003
3197,0.00025094755196164003
2906,0.00024994776091796816
1627,0.00024994776091796816
1924,0.0002489479698742963
2090,0.0002489479698742963
3821,0.0002479481788306244
3018,0.0002479481788306244
516,0.0002479481788306244
2459,0.00024694838778695254
1021,0.00024694838778695254
3700,0.00024594859674328067
2772,0.00024594859674328067
3788,0.00024594859674328067
413,0.0002449488056996088
3819,0.0002449488056996088
3764,0.0002449488056996088
2121,0.0002449488056996088
3365,0.0002449488056996088
273,0.0002439490146559369
3102,0.0002439490146559369
1218,0.0002439490146559369
2374,0.0002439490146559369
307,0.00024294922361226502
1010,0.00024194943256859315
2120,0.00024194943256859315
1971,0.00024194943256859315
41,0.00024194943256859315
1211,0.00024194943256859315
3861,0.00024094964152492128
1227,0.00024094964152492128
2922,0.00024094964152492128
3741,0.00024094964152492128
1541,0.0002399498504812494
2796,0.0002399498504812494
362,0.00023895005943757753
1991,0.00023895005943757753
719,0.00023895005943757753
2089,0.00023895005943757753
2249,0.00023895005943757753
2859,0.00023895005943757753
2240,0.00023795026839390566
2135,0.00023795026839390566
1348,0.00023795026839390566
2372,0.00023795026839390566
2644,0.00023795026839390566
1542,0.00023795026839390566
836,0.0002369504773502338
879,0.0002369504773502338
3707,0.0002369504773502338
2316,0.00023595068630656192
86,0.00023595068630656192
1939,0.00023595068630656192
1611,0.00023595068630656192
2583,0.00023495089526289004
3783,0.00023495089526289004
233,0.00023495089526289004
2558,0.00023495089526289004
3882,0.00023395110421921817
3742,0.00023395110421921817
1015,0.00023395110421921817
2232,0.0002329513131755463
804,0.0002329513131755463
281,0.0002329513131755463
2122,0.0002329513131755463
2203,0.0002329513131755463
1007,0.00023195152213187443
986,0.00023195152213187443
1431,0.00023195152213187443
3213,0.00023195152213187443
2709,0.00023195152213187443
3932,0.00023195152213187443
1130,0.00023095173108820256
2147,0.00023095173108820256
1713,0.00023095173108820256
1205,0.00023095173108820256
1290,0.00022995194004453068
1772,0.00022995194004453068
2677,0.00022995194004453068
1178,0.00022995194004453068
89,0.0002289521490008588
2745,0.0002289521490008588
448,0.00022795235795718694
276,0.00022795235795718694
1251,0.00022795235795718694
450,0.00022795235795718694
1762,0.00022695256691351507
1615,0.00022695256691351507
3516,0.00022695256691351507
2279,0.0002259527758698432
605,0.0002259527758698432
1226,0.0002259527758698432
2736,0.00022495298482617132
3179,0.00022495298482617132
1931,0.00022495298482617132
2379,0.00022495298482617132
2693,0.00022395319378249945
3032,0.00022395319378249945
73,0.00022395319378249945
3930,0.00022295340273882758
3546,0.00022295340273882758
3342,0.00022295340273882758
2399,0.00022295340273882758
3444,0.0002219536116951557
3729,0.0002219536116951557
1359,0.0002219536116951557
2136,0.0002219536116951557
3074,0.0002219536116951557
338,0.00022095382065148383
2099,0.00022095382065148383
1023,0.00022095382065148383
42,0.00022095382065148383
423,0.00022095382065148383
2025,0.00022095382065148383
3430,0.00021995402960781196
2670,0.00021995402960781196
1783,0.00021995402960781196
1132,0.00021995402960781196
3194,0.00021995402960781196
175,0.00021995402960781196
207,0.00021895423856414009
1949,0.00021895423856414009
3814,0.00021895423856414009
2553,0.00021895423856414009
3466,0.00021895423856414009
3404,0.00021895423856414009
1392,0.00021895423856414009
2159,0.00021895423856414009
1683,0.00021795444752046821
256,0.00021795444752046821
837,0.00021795444752046821
728,0.00021695465647679634
193,0.00021695465647679634
2269,0.00021695465647679634
2387,0.00021695465647679634
1340,0.00021595486543312447
464,0.00021595486543312447
1131,0.00021595486543312447
1461,0.00021595486543312447
611,0.00021595486543312447
1281,0.00021595486543312447
2357,0.0002149550743894526
282,0.0002149550743894526
3426,0.0002149550743894526
1973,0.0002149550743894526
949,0.0002149550743894526
2929,0.0002149550743894526
2123,0.0002149550743894526
3030,0.0002149550743894526
2568,0.00021395528334578072
2907,0.00021295549230210885
2202,0.00021295549230210885
1799,0.00021295549230210885
2097,0.00021295549230210885
194,0.00021295549230210885
688,0.00021295549230210885
3111,0.00021295549230210885
1951,0.00021295549230210885
491,0.00021195570125843698
371,0.00021195570125843698
280,0.00021195570125843698
3347,0.00021195570125843698
1194,0.00021195570125843698
1821,0.0002109559102147651
381,0.0002109559102147651
186,0.0002109559102147651
2877,0.0002109559102147651
3422,0.00020995611917109323
3394,0.00020995611917109323
3682,0.00020995611917109323
1389,0.00020995611917109323
1727,0.00020995611917109323
1064,0.00020895632812742136
322,0.00020895632812742136
1191,0.00020895632812742136
417,0.0002079565370837495
3093,0.0002079565370837495
3852,0.0002079565370837495
537,0.00020695674604007762
2606,0.00020695674604007762
3754,0.00020595695499640574
3097,0.00020595695499640574
3022,0.00020595695499640574
3928,0.00020595695499640574
1752,0.00020595695499640574
2163,0.00020595695499640574
542,0.00020595695499640574
931,0.00020595695499640574
1946,0.00020495716395273387
2392,0.00020495716395273387
176,0.00020495716395273387
798,0.000203957372909062
3204,0.000203957372909062
405,0.00020295758186539013
3296,0.00020295758186539013
203,0.00020295758186539013
204,0.00020295758186539013
533,0.00020295758186539013
3248,0.00020195779082171826
2236,0.00020195779082171826
308,0.00020195779082171826
519,0.00020195779082171826
2344,0.00020095799977804638
2729,0.00020095799977804638
1734,0.00020095799977804638
3825,0.00020095799977804638
2142,0.00020095799977804638
2259,0.00020095799977804638
3125,0.0001999582087343745
1665,0.0001999582087343745
1972,0.0001999582087343745
2033,0.0001999582087343745
3910,0.0001999582087343745
3270,0.0001999582087343745
1976,0.00019895841769070264
3676,0.00019895841769070264
2208,0.00019895841769070264
2574,0.00019895841769070264
2806,0.00019895841769070264
3801,0.00019895841769070264
3420,0.00019895841769070264
2107,0.00019895841769070264
2866,0.00019895841769070264
3519,0.00019895841769070264
1753,0.00019795862664703077
1948,0.00019795862664703077
2038,0.00019795862664703077
1862,0.00019795862664703077
1966,0.00019795862664703077
1173,0.00019795862664703077
2439,0.00019795862664703077
2102,0.0001969588356033589
2171,0.00019595904455968702
2380,0.00019595904455968702
1983,0.00019495925351601515
218,0.00019495925351601515
3135,0.00019495925351601515
3724,0.00019495925351601515
2266,0.00019495925351601515
477,0.00019495925351601515
1648,0.00019395946247234328
3066,0.00019395946247234328
1279,0.00019395946247234328
1099,0.00019395946247234328
85,0.00019395946247234328
122,0.00019395946247234328
407,0.0001929596714286714
2473,0.0001929596714286714
2870,0.0001929596714286714
2042,0.0001929596714286714
88,0.00019195988038499953
3515,0.00019195988038499953
3766,0.00019096008934132766
2176,0.00019096008934132766
1760,0.00018996029829765579
3029,0.00018996029829765579
3769,0.00018996029829765579
3324,0.00018996029829765579
188,0.00018996029829765579
932,0.00018896050725398391
2551,0.00018896050725398391
918,0.00018896050725398391
818,0.00018896050725398391
1649,0.00018896050725398391
2373,0.00018896050725398391
2448,0.00018896050725398391
1866,0.00018896050725398391
1446,0.00018896050725398391
2615,0.00018896050725398391
1353,0.00018796071621031204
947,0.00018796071621031204
3521,0.00018796071621031204
3440,0.00018796071621031204
157,0.00018696092516664017
2731,0.00018696092516664017
429,0.00018696092516664017
2320,0.00018696092516664017
938,0.00018696092516664017
906,0.00018696092516664017
2252,0.0001859611341229683
3831,0.0001859611341229683
2952,0.0001859611341229683
2091,0.0001859611341229683
2891,0.00018496134307929642
3710,0.00018496134307929642
2106,0.00018496134307929642
2752,0.00018496134307929642
490,0.00018496134307929642
3786,0.00018396155203562455
2052,0.00018296176099195268
891,0.00018296176099195268
2550,0.00018296176099195268
2377,0.00018296176099195268
374,0.00018296176099195268
2060,0.00018296176099195268
3594,0.0001819619699482808
3693,0.0001819619699482808
1995,0.0001819619699482808
3877,0.0001819619699482808
94,0.0001819619699482808
1289,0.0001819619699482808
2504,0.00018096217890460893
1515,0.00018096217890460893
147,0.00018096217890460893
3326,0.00017996238786093706
3926,0.00017996238786093706
2014,0.00017996238786093706
3646,0.00017996238786093706
2429,0.00017996238786093706
1785,0.00017996238786093706
415,0.0001789625968172652
2520,0.0001789625968172652
2183,0.0001789625968172652
512,0.0001789625968172652
28,0.0001789625968172652
3598,0.0001789625968172652
2331,0.0001789625968172652
3268,0.0001789625968172652
3896,0.0001789625968172652
1660,0.0001789625968172652
3835,0.00017796280577359332
550,0.00017796280577359332
504,0.00017796280577359332
76,0.00017796280577359332
2162,0.00017696301472992144
3500,0.00017696301472992144
3090,0.00017696301472992144
3341,0.00017696301472992144
1848,0.00017696301472992144
3834,0.00017596322368624957
3538,0.00017596322368624957
2453,0.00017596322368624957
1730,0.00017596322368624957
3299,0.00017596322368624957
482,0.00017596322368624957
1066,0.0001749634326425777
3412,0.0001749634326425777
2263,0.0001749634326425777
574,0.0001749634326425777
2549,0.0001749634326425777
901,0.00017396364159890583
1346,0.00017396364159890583
2381,0.00017396364159890583
3036,0.00017396364159890583
742,0.00017396364159890583
1209,0.00017296385055523396
2328,0.00017296385055523396
3387,0.00017296385055523396
1858,0.00017196405951156208
262,0.00017196405951156208
3200,0.00017196405951156208
943,0.0001709642684678902
2071,0.0001709642684678902
1975,0.0001709642684678902
3773,0.0001709642684678902
2771,0.0001709642684678902
2560,0.0001709642684678902
3272,0.0001709642684678902
765,0.0001709642684678902
991,0.00016996447742421834
4,0.00016996447742421834
2497,0.00016996447742421834
277,0.00016996447742421834
1128,0.00016996447742421834
3606,0.00016896468638054647
540,0.00016896468638054647
1034,0.00016896468638054647
1977,0.00016896468638054647
2730,0.00016896468638054647
2546,0.00016896468638054647
1806,0.0001679648953368746
154,0.0001679648953368746
1425,0.0001679648953368746
290,0.0001679648953368746
1414,0.0001679648953368746
3483,0.0001679648953368746
239,0.0001679648953368746
3177,0.0001679648953368746
2349,0.00016696510429320272
3918,0.00016696510429320272
3506,0.00016696510429320272
1913,0.00016696510429320272
1797,0.00016696510429320272
2206,0.00016696510429320272
81,0.00016596531324953085
3167,0.00016596531324953085
2846,0.00016596531324953085
43,0.00016596531324953085
427,0.00016596531324953085
46,0.00016596531324953085
2148,0.00016596531324953085
3784,0.00016496552220585898
3634,0.00016496552220585898
2789,0.00016496552220585898
3134,0.00016496552220585898
2852,0.0001639657311621871
2879,0.0001639657311621871
195,0.0001639657311621871
1875,0.0001639657311621871
2555,0.0001639657311621871
2902,0.0001639657311621871
1083,0.0001639657311621871
3181,0.00016296594011851523
2506,0.00016296594011851523
2639,0.00016296594011851523
3262,0.00016296594011851523
2836,0.00016296594011851523
2092,0.00016296594011851523
1487,0.00016196614907484336
2017,0.00016196614907484336
2787,0.00016196614907484336
2633,0.00016196614907484336
1593,0.00016196614907484336
1401,0.00016196614907484336
2261,0.00016096635803117149
3051,0.00016096635803117149
2900,0.00016096635803117149
2936,0.00016096635803117149
332,0.00016096635803117149
2026,0.00016096635803117149
3024,0.00016096635803117149
946,0.00016096635803117149
3190,0.00016096635803117149
12,0.00015996656698749961
2442,0.00015996656698749961
2943,0.00015996656698749961
2798,0.00015996656698749961
20,0.00015996656698749961
215,0.00015996656698749961
1840,0.00015996656698749961
3325,0.00015996656698749961
3550,0.00015996656698749961
1361,0.00015896677594382774
2361,0.00015796698490015587
1150,0.00015796698490015587
2043,0.00015796698490015587
289,0.00015796698490015587
3392,0.000156967193856484
549,0.000156967193856484
18,0.000156967193856484
2829,0.000156967193856484
3660,0.000156967193856484
2540,0.00015596740281281212
3789,0.00015596740281281212
419,0.00015596740281281212
1016,0.00015596740281281212
1445,0.00015596740281281212
848,0.00015596740281281212
3672,0.00015596740281281212
3529,0.00015496761176914025
3480,0.00015496761176914025
1699,0.00015496761176914025
3078,0.00015496761176914025
502,0.00015496761176914025
1707,0.00015396782072546838
1082,0.00015396782072546838
2077,0.00015396782072546838
3266,0.00015396782072546838
2525,0.0001529680296817965
315,0.0001529680296817965
14,0.0001529680296817965
714,0.0001529680296817965
892,0.00015196823863812463
438,0.00015196823863812463
511,0.00015196823863812463
3364,0.00015096844759445276
1794,0.00015096844759445276
842,0.00015096844759445276
3771,0.00015096844759445276
473,0.00015096844759445276
2382,0.0001499686565507809
3011,0.00014896886550710902
2383,0.00014896886550710902
3653,0.00014896886550710902
518,0.00014896886550710902
330,0.00014896886550710902
3727,0.00014796907446343714
3747,0.00014796907446343714
1453,0.00014796907446343714
2816,0.00014796907446343714
2732,0.00014796907446343714
3728,0.00014796907446343714
2024,0.00014796907446343714
2119,0.00014696928341976527
2315,0.00014696928341976527
1177,0.00014696928341976527
2184,0.00014696928341976527
3865,0.00014696928341976527
1187,0.00014696928341976527
234,0.00014696928341976527
3929,0.00014696928341976527
15,0.0001459694923760934
1273,0.0001459694923760934
1474,0.0001459694923760934
2611,0.0001459694923760934
2432,0.0001459694923760934
2385,0.0001459694923760934
1050,0.0001459694923760934
700,0.00014496970133242153
2041,0.00014496970133242153
782,0.00014496970133242153
2935,0.00014496970133242153
1503,0.00014496970133242153
1464,0.00014496970133242153
3079,0.00014496970133242153
3405,0.00014396991028874966
2166,0.00014396991028874966
2430,0.00014396991028874966
709,0.00014396991028874966
3015,0.00014396991028874966
1468,0.00014396991028874966
3879,0.00014396991028874966
2296,0.00014396991028874966
2629,0.00014396991028874966
328,0.00014396991028874966
258,0.00014396991028874966
65,0.00014297011924507778
3503,0.00014297011924507778
299,0.00014297011924507778
459,0.00014297011924507778
3350,0.00014297011924507778
3864,0.00014297011924507778
1005,0.0001419703282014059
2370,0.0001419703282014059
1863,0.0001419703282014059
3689,0.00014097053715773404
581,0.00014097053715773404
2575,0.00014097053715773404
3385,0.00014097053715773404
2956,0.00014097053715773404
436,0.00014097053715773404
358,0.00014097053715773404
31,0.00014097053715773404
2354,0.00014097053715773404
1483,0.00014097053715773404
3457,0.00014097053715773404
694,0.00014097053715773404
3091,0.00014097053715773404
2475,0.00013997074611406217
378,0.00013997074611406217
2154,0.00013997074611406217
637,0.00013997074611406217
267,0.00013997074611406217
2069,0.00013997074611406217
177,0.0001389709550703903
3063,0.0001389709550703903
2596,0.0001389709550703903
140,0.0001389709550703903
3028,0.0001389709550703903
2492,0.0001389709550703903
3445,0.0001389709550703903
248,0.00013797116402671842
3616,0.00013797116402671842
1554,0.00013797116402671842
3846,0.00013797116402671842
1726,0.00013697137298304655
2748,0.00013697137298304655
548,0.00013697137298304655
1419,0.00013597158193937468
1014,0.00013597158193937468
2554,0.00013597158193937468
1306,0.00013597158193937468
2612,0.00013597158193937468
2365,0.00013597158193937468
3054,0.00013597158193937468
2195,0.0001349717908957028
558,0.0001349717908957028
695,0.0001349717908957028
839,0.0001349717908957028
2757,0.0001349717908957028
1011,0.0001349717908957028
2660,0.0001349717908957028
1836,0.0001349717908957028
3889,0.0001349717908957028
3937,0.0001349717908957028
2310,0.00013397199985203093
1681,0.00013397199985203093
2654,0.00013397199985203093
3327,0.00013397199985203093
3475,0.00013397199985203093
2851,0.00013297220880835906
479,0.00013297220880835906
1897,0.00013297220880835906
2996,0.00013297220880835906
1992,0.00013297220880835906
2924,0.00013297220880835906
3206,0.00013297220880835906
135,0.00013297220880835906
556,0.00013197241776468719
1190,0.00013197241776468719
936,0.00013197241776468719
2526,0.00013097262672101531
1498,0.00013097262672101531
829,0.00013097262672101531
2048,0.00013097262672101531
1085,0.00013097262672101531
2561,0.00013097262672101531
2169,0.00012997283567734344
948,0.00012997283567734344
3142,0.00012997283567734344
2726,0.00012997283567734344
3120,0.00012997283567734344
2458,0.00012997283567734344
3287,0.00012897304463367157
2241,0.00012897304463367157
227,0.00012897304463367157
3584,0.00012897304463367157
2027,0.00012897304463367157
544,0.00012897304463367157
1985,0.00012897304463367157
1176,0.00012897304463367157
2860,0.0001279732535899997
662,0.0001279732535899997
2068,0.0001279732535899997
3564,0.0001279732535899997
1623,0.0001279732535899997
100,0.0001279732535899997
2040,0.0001279732535899997
3436,0.0001279732535899997
2151,0.0001279732535899997
2212,0.0001279732535899997
1382,0.00012697346254632782
1986,0.00012697346254632782
3915,0.00012697346254632782
305,0.00012697346254632782
851,0.00012697346254632782
3571,0.00012697346254632782
360,0.00012697346254632782
1999,0.00012697346254632782
2967,0.00012697346254632782
1024,0.00012597367150265595
2443,0.00012597367150265595
1465,0.00012597367150265595
2337,0.00012597367150265595
23,0.00012597367150265595
2817,0.00012497388045898408
2280,0.00012497388045898408
3925,0.0001239740894153122
547,0.0001239740894153122
3182,0.0001239740894153122
1484,0.0001239740894153122
1018,0.00012297429837164033
2498,0.00012297429837164033
761,0.00012297429837164033
213,0.00012297429837164033
2170,0.00012297429837164033
3690,0.00012197450732796845
1938,0.00012197450732796845
3604,0.00012197450732796845
3286,0.00012197450732796845
3225,0.00012197450732796845
2436,0.00012197450732796845
1305,0.00012097471628429658
2828,0.00012097471628429658
801,0.00012097471628429658
2364,0.00012097471628429658
1003,0.00012097471628429658
627,0.00012097471628429658
691,0.00012097471628429658
3600,0.00012097471628429658
2290,0.00012097471628429658
1390,0.00012097471628429658
3794,0.00012097471628429658
346,0.0001199749252406247
810,0.0001199749252406247
74,0.0001199749252406247
3758,0.0001199749252406247
2325,0.00011897513419695283
2535,0.00011897513419695283
2888,0.00011897513419695283
2500,0.00011897513419695283
3554,0.00011897513419695283
1804,0.00011897513419695283
352,0.00011897513419695283
1942,0.00011897513419695283
3045,0.00011797534315328096
2882,0.00011797534315328096
2181,0.00011797534315328096
2932,0.00011797534315328096
3130,0.00011797534315328096
521,0.00011697555210960909
3824,0.00011697555210960909
523,0.00011697555210960909
2899,0.00011697555210960909
2360,0.00011697555210960909
199,0.00011697555210960909
159,0.00011597576106593721
1658,0.00011597576106593721
1330,0.00011597576106593721
2514,0.00011597576106593721
3557,0.00011597576106593721
2460,0.00011597576106593721
1919,0.00011597576106593721
2491,0.00011497597002226534
123,0.00011497597002226534
1978,0.00011397617897859347
334,0.00011397617897859347
506,0.00011397617897859347
79,0.00011397617897859347
257,0.00011397617897859347
2451,0.0001129763879349216
1904,0.0001129763879349216
1667,0.0001129763879349216
1998,0.0001129763879349216
169,0.0001129763879349216
1941,0.0001129763879349216
3709,0.0001129763879349216
3401,0.0001129763879349216
2095,0.0001129763879349216
2272,0.00011197659689124972
312,0.00011197659689124972
3725,0.00011197659689124972
1996,0.00011197659689124972
3840,0.00011197659689124972
3936,0.00011197659689124972
1592,0.00011197659689124972
1363,0.00011197659689124972
1979,0.00011197659689124972
63,0.00011097680584757785
2975,0.00011097680584757785
1598,0.00011097680584757785
2351,0.00011097680584757785
2173,0.00010997701480390598
2418,0.00010997701480390598
1069,0.00010997701480390598
3115,0.00010997701480390598
1686,0.00010897722376023411
1606,0.00010897722376023411
2016,0.00010897722376023411
1629,0.00010897722376023411
2165,0.00010897722376023411
3330,0.00010797743271656223
2988,0.00010797743271656223
1366,0.00010797743271656223
229,0.00010797743271656223
1043,0.00010797743271656223
1855,0.00010797743271656223
575,0.00010697764167289036
2782,0.00010697764167289036
2669,0.00010697764167289036
2940,0.00010697764167289036
3627,0.00010697764167289036
743,0.00010697764167289036
1935,0.00010697764167289036
451,0.00010597785062921849
2066,0.00010597785062921849
3807,0.00010597785062921849
692,0.00010597785062921849
3901,0.00010597785062921849
907,0.00010497805958554662
2548,0.00010497805958554662
1192,0.00010497805958554662
393,0.00010497805958554662
187,0.00010497805958554662
809,0.00010497805958554662
3406,0.00010497805958554662
465,0.00010497805958554662
1984,0.00010497805958554662
941,0.00010497805958554662
425,0.00010497805958554662
1824,0.00010397826854187474
1399,0.00010397826854187474
886,0.00010397826854187474
3017,0.00010397826854187474
3767,0.00010397826854187474
3923,0.00010397826854187474
2314,0.00010397826854187474
2050,0.00010397826854187474
2937,0.00010397826854187474
781,0.00010297847749820287
2149,0.00010297847749820287
1535,0.00010297847749820287
835,0.00010297847749820287
3357,0.00010297847749820287
2978,0.00010297847749820287
3599,0.00010297847749820287
2624,0.000101978686454531
2570,0.000101978686454531
3872,0.000101978686454531
1332,0.000101978686454531
2587,0.000101978686454531
387,0.000101978686454531
1827,0.000101978686454531
2898,0.000101978686454531
259,0.000101978686454531
9,0.000101978686454531
2645,0.000101978686454531
1004,0.00010097889541085913
3628,0.00010097889541085913
3643,0.00010097889541085913
1816,0.00010097889541085913
2051,0.00010097889541085913
3094,0.00010097889541085913
735,0.00010097889541085913
978,9.997910436718726e-05
1432,9.997910436718726e-05
26,9.997910436718726e-05
1362,9.997910436718726e-05
766,9.997910436718726e-05
569,9.997910436718726e-05
445,9.997910436718726e-05
1758,9.997910436718726e-05
3946,9.997910436718726e-05
2327,9.997910436718726e-05
2920,9.997910436718726e-05
3799,9.997910436718726e-05
190,9.997910436718726e-05
2799,9.897931332351538e-05
1981,9.897931332351538e-05
126,9.897931332351538e-05
2435,9.897931332351538e-05
2927,9.897931332351538e-05
13,9.897931332351538e-05
57,9.897931332351538e-05
2970,9.797952227984351e-05
3726,9.797952227984351e-05
2182,9.797952227984351e-05
897,9.797952227984351e-05
2903,9.797952227984351e-05
1051,9.797952227984351e-05
2495,9.797952227984351e-05
1008,9.697973123617164e-05
2239,9.697973123617164e-05
3544,9.697973123617164e-05
388,9.697973123617164e-05
3214,9.697973123617164e-05
944,9.697973123617164e-05
1993,9.697973123617164e-05
66,9.697973123617164e-05
489,9.697973123617164e-05
3497,9.597994019249977e-05
2519,9.597994019249977e-05
2036,9.597994019249977e-05
2356,9.597994019249977e-05
3943,9.597994019249977e-05
1162,9.597994019249977e-05
71,9.597994019249977e-05
3391,9.597994019249977e-05
2347,9.498014914882789e-05
1841,9.498014914882789e-05
2725,9.498014914882789e-05
2178,9.498014914882789e-05
3379,9.498014914882789e-05
3613,9.398035810515602e-05
1167,9.398035810515602e-05
501,9.398035810515602e-05
2661,9.398035810515602e-05
1161,9.398035810515602e-05
1460,9.398035810515602e-05
3895,9.398035810515602e-05
1111,9.398035810515602e-05
421,9.398035810515602e-05
1352,9.398035810515602e-05
606,9.298056706148415e-05
171,9.298056706148415e-05
3076,9.298056706148415e-05
2472,9.298056706148415e-05
2634,9.298056706148415e-05
72,9.298056706148415e-05
456,9.298056706148415e-05
929,9.298056706148415e-05
998,9.298056706148415e-05
181,9.298056706148415e-05
2084,9.298056706148415e-05
3096,9.298056706148415e-05
3275,9.198077601781228e-05
3662,9.198077601781228e-05
3509,9.198077601781228e-05
2330,9.198077601781228e-05
3908,9.198077601781228e-05
3619,9.198077601781228e-05
3470,9.198077601781228e-05
2801,9.09809849741404e-05
2969,9.09809849741404e-05
1788,9.09809849741404e-05
2057,9.09809849741404e-05
2807,9.09809849741404e-05
132,9.09809849741404e-05
1940,9.09809849741404e-05
725,9.09809849741404e-05
1980,9.09809849741404e-05
1987,9.09809849741404e-05
1184,9.09809849741404e-05
3217,9.09809849741404e-05
1647,8.998119393046853e-05
1046,8.998119393046853e-05
1410,8.998119393046853e-05
1236,8.998119393046853e-05
2856,8.998119393046853e-05
2306,8.998119393046853e-05
414,8.998119393046853e-05
3678,8.998119393046853e-05
93,8.898140288679666e-05
650,8.898140288679666e-05
3837,8.898140288679666e-05
82,8.898140288679666e-05
3453,8.898140288679666e-05
416,8.898140288679666e-05
2862,8.898140288679666e-05
2204,8.898140288679666e-05
92,8.798161184312479e-05
3502,8.798161184312479e-05
1661,8.798161184312479e-05
3077,8.798161184312479e-05
1526,8.798161184312479e-05
3715,8.798161184312479e-05
1605,8.798161184312479e-05
1646,8.798161184312479e-05
2682,8.798161184312479e-05
3399,8.698182079945291e-05
3720,8.698182079945291e-05
2749,8.698182079945291e-05
155,8.698182079945291e-05
458,8.698182079945291e-05
1654,8.698182079945291e-05
3919,8.698182079945291e-05
1216,8.698182079945291e-05
2714,8.698182079945291e-05
461,8.598202975578104e-05
3370,8.598202975578104e-05
302,8.598202975578104e-05
3713,8.498223871210917e-05
2488,8.498223871210917e-05
3590,8.498223871210917e-05
3046,8.498223871210917e-05
2437,8.498223871210917e-05
1621,8.498223871210917e-05
3431,8.498223871210917e-05
205,8.498223871210917e-05
2721,8.498223871210917e-05
697,8.498223871210917e-05
1600,8.39824476684373e-05
340,8.39824476684373e-05
2521,8.39824476684373e-05
1929,8.39824476684373e-05
3622,8.39824476684373e-05
927,8.39824476684373e-05
1640,8.39824476684373e-05
3810,8.298265662476542e-05
2844,8.298265662476542e-05
522,8.298265662476542e-05
2265,8.298265662476542e-05
2177,8.298265662476542e-05
2264,8.298265662476542e-05
3813,8.298265662476542e-05
2651,8.198286558109355e-05
973,8.198286558109355e-05
2511,8.198286558109355e-05
1936,8.198286558109355e-05
2780,8.198286558109355e-05
1454,8.198286558109355e-05
3661,8.198286558109355e-05
1670,8.198286558109355e-05
3553,8.198286558109355e-05
206,8.198286558109355e-05
613,8.198286558109355e-05
3859,8.198286558109355e-05
3055,8.198286558109355e-05
1733,8.198286558109355e-05
2696,8.098307453742168e-05
982,8.098307453742168e-05
3768,8.098307453742168e-05
174,8.098307453742168e-05
1475,8.098307453742168e-05
444,8.098307453742168e-05
2983,8.098307453742168e-05
3086,8.098307453742168e-05
2075,8.098307453742168e-05
1054,8.098307453742168e-05
1440,8.098307453742168e-05
1626,8.098307453742168e-05
275,7.998328349374981e-05
242,7.998328349374981e-05
2113,7.898349245007793e-05
2522,7.898349245007793e-05
64,7.898349245007793e-05
612,7.898349245007793e-05
2168,7.898349245007793e-05
2255,7.898349245007793e-05
117,7.898349245007793e-05
270,7.898349245007793e-05
2738,7.898349245007793e-05
3425,7.898349245007793e-05
833,7.798370140640606e-05
3230,7.798370140640606e-05
639,7.798370140640606e-05
1006,7.798370140640606e-05
3572,7.698391036273419e-05
917,7.698391036273419e-05
2238,7.698391036273419e-05
3224,7.698391036273419e-05
3743,7.698391036273419e-05
1655,7.698391036273419e-05
3738,7.698391036273419e-05
1355,7.698391036273419e-05
3547,7.698391036273419e-05
2928,7.698391036273419e-05
1744,7.698391036273419e-05
635,7.698391036273419e-05
1934,7.698391036273419e-05
881,7.698391036273419e-05
2769,7.698391036273419e-05
87,7.598411931906232e-05
2271,7.598411931906232e-05
2029,7.598411931906232e-05
2098,7.598411931906232e-05
1404,7.598411931906232e-05
191,7.498432827539044e-05
631,7.498432827539044e-05
1601,7.498432827539044e-05
424,7.498432827539044e-05
30,7.398453723171857e-05
483,7.398453723171857e-05
2417,7.398453723171857e-05
2445,7.398453723171857e-05
3038,7.398453723171857e-05
2267,7.398453723171857e-05
3427,7.398453723171857e-05
2295,7.398453723171857e-05
3423,7.398453723171857e-05
764,7.398453723171857e-05
1642,7.398453723171857e-05
3417,7.29847461880467e-05
3117,7.29847461880467e-05
3041,7.29847461880467e-05
1545,7.29847461880467e-05
3792,7.198495514437483e-05
1870,7.198495514437483e-05
1856,7.198495514437483e-05
3432,7.198495514437483e-05
2880,7.198495514437483e-05
2786,7.198495514437483e-05
2965,7.198495514437483e-05
1202,7.198495514437483e-05
3199,7.198495514437483e-05
3447,7.198495514437483e-05
408,7.198495514437483e-05
1550,7.098516410070296e-05
365,7.098516410070296e-05
3669,7.098516410070296e-05
3048,7.098516410070296e-05
935,7.098516410070296e-05
3340,7.098516410070296e-05
2275,7.098516410070296e-05
640,7.098516410070296e-05
1442,7.098516410070296e-05
3732,7.098516410070296e-05
2665,7.098516410070296e-05
3235,7.098516410070296e-05
449,7.098516410070296e-05
3112,6.998537305703108e-05
35,6.998537305703108e-05
2062,6.998537305703108e-05
3822,6.998537305703108e-05
3914,6.998537305703108e-05
3180,6.998537305703108e-05
1241,6.998537305703108e-05
2276,6.998537305703108e-05
2152,6.898558201335921e-05
3909,6.898558201335921e-05
469,6.898558201335921e-05
2419,6.898558201335921e-05
988,6.898558201335921e-05
3658,6.898558201335921e-05
2905,6.898558201335921e-05
152,6.898558201335921e-05
505,6.898558201335921e-05
2621,6.898558201335921e-05
1839,6.898558201335921e-05
3858,6.898558201335921e-05
3075,6.898558201335921e-05
3746,6.898558201335921e-05
893,6.898558201335921e-05
8,6.798579096968734e-05
2774,6.798579096968734e-05
2607,6.798579096968734e-05
3487,6.798579096968734e-05
3579,6.798579096968734e-05
528,6.798579096968734e-05
3103,6.798579096968734e-05
118,6.798579096968734e-05
1881,6.798579096968734e-05
2974,6.698599992601547e-05
2874,6.698599992601547e-05
513,6.698599992601547e-05
1599,6.698599992601547e-05
2609,6.698599992601547e-05
615,6.698599992601547e-05
453,6.698599992601547e-05
61,6.698599992601547e-05
609,6.698599992601547e-05
354,6.698599992601547e-05
3716,6.698599992601547e-05
3118,6.598620888234359e-05
3491,6.598620888234359e-05
3511,6.598620888234359e-05
3823,6.598620888234359e-05
3714,6.598620888234359e-05
255,6.598620888234359e-05
3138,6.598620888234359e-05
3211,6.598620888234359e-05
2625,6.598620888234359e-05
2073,6.598620888234359e-05
3920,6.598620888234359e-05
156,6.598620888234359e-05
3795,6.598620888234359e-05
2582,6.598620888234359e-05
3696,6.498641783867172e-05
2972,6.498641783867172e-05
3013,6.498641783867172e-05
1595,6.498641783867172e-05
3042,6.498641783867172e-05
2007,6.498641783867172e-05
2649,6.498641783867172e-05
1604,6.498641783867172e-05
3375,6.498641783867172e-05
3456,6.498641783867172e-05
1456,6.398662679499985e-05
3109,6.398662679499985e-05
486,6.398662679499985e-05
2589,6.398662679499985e-05
1837,6.398662679499985e-05
2597,6.398662679499985e-05
1337,6.398662679499985e-05
217,6.398662679499985e-05
437,6.398662679499985e-05
680,6.398662679499985e-05
3774,6.398662679499985e-05
1731,6.398662679499985e-05
2868,6.298683575132798e-05
2784,6.298683575132798e-05
2781,6.298683575132798e-05
1397,6.298683575132798e-05
1937,6.298683575132798e-05
1750,6.298683575132798e-05
271,6.298683575132798e-05
3368,6.298683575132798e-05
1482,6.298683575132798e-05
1398,6.298683575132798e-05
3787,6.298683575132798e-05
2446,6.298683575132798e-05
3310,6.19870447076561e-05
3459,6.19870447076561e-05
1703,6.19870447076561e-05
2250,6.19870447076561e-05
3141,6.19870447076561e-05
363,6.19870447076561e-05
3694,6.19870447076561e-05
2594,6.19870447076561e-05
3679,6.19870447076561e-05
580,6.19870447076561e-05
711,6.19870447076561e-05
3514,6.19870447076561e-05
487,6.19870447076561e-05
2656,6.19870447076561e-05
2461,6.19870447076561e-05
27,6.0987253663984224e-05
2790,6.0987253663984224e-05
3165,6.0987253663984224e-05
166,6.0987253663984224e-05
1943,6.0987253663984224e-05
321,6.0987253663984224e-05
326,6.0987253663984224e-05
2885,6.0987253663984224e-05
3718,6.0987253663984224e-05
2283,6.0987253663984224e-05
2741,6.0987253663984224e-05
1900,6.0987253663984224e-05
565,6.0987253663984224e-05
3064,5.998746262031235e-05
3150,5.998746262031235e-05
3577,5.998746262031235e-05
3857,5.998746262031235e-05
1887,5.998746262031235e-05
1582,5.998746262031235e-05
68,5.998746262031235e-05
806,5.998746262031235e-05
3596,5.998746262031235e-05
102,5.998746262031235e-05
2434,5.998746262031235e-05
1581,5.898767157664048e-05
759,5.898767157664048e-05
882,5.898767157664048e-05
2386,5.898767157664048e-05
3428,5.898767157664048e-05
3496,5.898767157664048e-05
390,5.898767157664048e-05
3692,5.798788053296861e-05
3806,5.798788053296861e-05
2818,5.798788053296861e-05
2180,5.798788053296861e-05
603,5.798788053296861e-05
369,5.798788053296861e-05
1684,5.798788053296861e-05
2368,5.798788053296861e-05
2425,5.798788053296861e-05
3663,5.798788053296861e-05
2667,5.798788053296861e-05
959,5.798788053296861e-05
1365,5.798788053296861e-05
2035,5.6988089489296734e-05
803,5.6988089489296734e-05
2753,5.6988089489296734e-05
3241,5.6988089489296734e-05
3734,5.6988089489296734e-05
1523,5.6988089489296734e-05
2925,5.6988089489296734e-05
422,5.6988089489296734e-05
2835,5.598829844562486e-05
670,5.598829844562486e-05
3372,5.598829844562486e-05
3127,5.598829844562486e-05
3833,5.598829844562486e-05
3304,5.598829844562486e-05
976,5.598829844562486e-05
1326,5.598829844562486e-05
1609,5.498850740195299e-05
747,5.498850740195299e-05
3069,5.498850740195299e-05
269,5.498850740195299e-05
536,5.498850740195299e-05
577,5.498850740195299e-05
1336,5.498850740195299e-05
1612,5.498850740195299e-05
1746,5.498850740195299e-05
3395,5.498850740195299e-05
3947,5.498850740195299e-05
2045,5.498850740195299e-05
2507,5.398871635828112e-05
3188,5.398871635828112e-05
963,5.398871635828112e-05
467,5.398871635828112e-05
1865,5.398871635828112e-05
1255,5.398871635828112e-05
268,5.398871635828112e-05
3518,5.398871635828112e-05
2037,5.398871635828112e-05
2210,5.398871635828112e-05
2285,5.398871635828112e-05
2751,5.398871635828112e-05
313,5.398871635828112e-05
3664,5.398871635828112e-05
828,5.398871635828112e-05
3950,5.398871635828112e-05
990,5.398871635828112e-05
2462,5.398871635828112e-05
1791,5.2988925314609245e-05
113,5.2988925314609245e-05
1341,5.2988925314609245e-05
2820,5.2988925314609245e-05
3695,5.2988925314609245e-05
2104,5.2988925314609245e-05
2663,5.2988925314609245e-05
2362,5.2988925314609245e-05
3031,5.2988925314609245e-05
3302,5.2988925314609245e-05
2044,5.198913427093737e-05
209,5.198913427093737e-05
1516,5.198913427093737e-05
2647,5.198913427093737e-05
80,5.198913427093737e-05
3903,5.198913427093737e-05
2190,5.198913427093737e-05
1232,5.198913427093737e-05
2515,5.198913427093737e-05
779,5.198913427093737e-05
2939,5.198913427093737e-05
1922,5.198913427093737e-05
2499,5.198913427093737e-05
715,5.198913427093737e-05
3289,5.198913427093737e-05
1428,5.198913427093737e-05
1988,5.09893432272655e-05
896,5.09893432272655e-05
1756,5.09893432272655e-05
1759,5.09893432272655e-05
3605,5.09893432272655e-05
3008,5.09893432272655e-05
1427,5.09893432272655e-05
3128,5.09893432272655e-05
3393,5.09893432272655e-05
1869,5.09893432272655e-05
710,5.09893432272655e-05
3790,5.09893432272655e-05
3416,5.09893432272655e-05
2652,5.09893432272655e-05
964,5.09893432272655e-05
1413,4.998955218359363e-05
2733,4.998955218359363e-05
3655,4.998955218359363e-05
1180,4.998955218359363e-05
3620,4.998955218359363e-05
78,4.998955218359363e-05
1056,4.998955218359363e-05
3414,4.998955218359363e-05
1113,4.998955218359363e-05
840,4.998955218359363e-05
1331,4.998955218359363e-05
99,4.998955218359363e-05
1624,4.998955218359363e-05
1650,4.998955218359363e-05
3737,4.998955218359363e-05
499,4.8989761139921755e-05
870,4.8989761139921755e-05
1889,4.8989761139921755e-05
3144,4.8989761139921755e-05
182,4.8989761139921755e-05
1447,4.8989761139921755e-05
2260,4.8989761139921755e-05
1631,4.8989761139921755e-05
3602,4.8989761139921755e-05
325,4.8989761139921755e-05
3626,4.8989761139921755e-05
409,4.8989761139921755e-05
3014,4.8989761139921755e-05
1546,4.8989761139921755e-05
3281,4.8989761139921755e-05
3870,4.8989761139921755e-05
1854,4.798997009624988e-05
2573,4.798997009624988e-05
3371,4.798997009624988e-05
2697,4.798997009624988e-05
1497,4.798997009624988e-05
2590,4.798997009624988e-05
433,4.798997009624988e-05
888,4.798997009624988e-05
291,4.798997009624988e-05
3588,4.798997009624988e-05
1472,4.798997009624988e-05
3318,4.798997009624988e-05
2585,4.798997009624988e-05
179,4.798997009624988e-05
3433,4.798997009624988e-05
309,4.798997009624988e-05
667,4.699017905257801e-05
731,4.699017905257801e-05
668,4.699017905257801e-05
1896,4.699017905257801e-05
2655,4.699017905257801e-05
3921,4.699017905257801e-05
1739,4.699017905257801e-05
813,4.699017905257801e-05
463,4.699017905257801e-05
498,4.699017905257801e-05
1771,4.699017905257801e-05
2440,4.699017905257801e-05
149,4.699017905257801e-05
3674,4.699017905257801e-05
3839,4.699017905257801e-05
2708,4.699017905257801e-05
3680,4.699017905257801e-05
347,4.599038800890614e-05
3276,4.599038800890614e-05
1439,4.599038800890614e-05
2659,4.599038800890614e-05
2618,4.599038800890614e-05
3765,4.599038800890614e-05
279,4.599038800890614e-05
2812,4.599038800890614e-05
1571,4.4990596965234266e-05
3320,4.4990596965234266e-05
1925,4.4990596965234266e-05
3284,4.4990596965234266e-05
3183,4.4990596965234266e-05
2516,4.4990596965234266e-05
3677,4.4990596965234266e-05
55,4.4990596965234266e-05
240,4.4990596965234266e-05
2977,4.4990596965234266e-05
564,4.4990596965234266e-05
3898,4.4990596965234266e-05
3719,4.4990596965234266e-05
472,4.399080592156239e-05
1525,4.399080592156239e-05
2479,4.399080592156239e-05
3782,4.399080592156239e-05
1860,4.399080592156239e-05
2341,4.399080592156239e-05
2237,4.399080592156239e-05
97,4.399080592156239e-05
937,4.399080592156239e-05
2614,4.399080592156239e-05
3808,4.399080592156239e-05
1495,4.399080592156239e-05
875,4.399080592156239e-05
1812,4.399080592156239e-05
3158,4.399080592156239e-05
1417,4.299101487789052e-05
1602,4.299101487789052e-05
3731,4.299101487789052e-05
3339,4.299101487789052e-05
3454,4.299101487789052e-05
885,4.299101487789052e-05
3849,4.299101487789052e-05
2345,4.299101487789052e-05
3945,4.299101487789052e-05
2400,4.299101487789052e-05
808,4.299101487789052e-05
1323,4.299101487789052e-05
301,4.299101487789052e-05
3804,4.299101487789052e-05
3367,4.299101487789052e-05
2286,4.299101487789052e-05
1310,4.299101487789052e-05
2876,4.299101487789052e-05
2681,4.299101487789052e-05
2284,4.299101487789052e-05
3691,4.199122383421865e-05
343,4.199122383421865e-05
1798,4.199122383421865e-05
2523,4.199122383421865e-05
3133,4.199122383421865e-05
2884,4.199122383421865e-05
2055,4.199122383421865e-05
2842,4.199122383421865e-05
2653,4.199122383421865e-05
2477,4.199122383421865e-05
621,4.199122383421865e-05
2893,4.199122383421865e-05
2465,4.199122383421865e-05
510,4.199122383421865e-05
1105,4.199122383421865e-05
294,4.199122383421865e-05
495,4.199122383421865e-05
869,4.199122383421865e-05
1507,4.199122383421865e-05
704,4.199122383421865e-05
3838,4.199122383421865e-05
2610,4.0991432790546776e-05
210,4.0991432790546776e-05
2630,4.0991432790546776e-05
335,4.0991432790546776e-05
2704,4.0991432790546776e-05
2810,4.0991432790546776e-05
602,4.0991432790546776e-05
1910,4.0991432790546776e-05
2848,4.0991432790546776e-05
2689,4.0991432790546776e-05
3780,4.0991432790546776e-05
116,4.0991432790546776e-05
54,4.0991432790546776e-05
3739,3.9991641746874903e-05
384,3.9991641746874903e-05
1317,3.9991641746874903e-05
3912,3.9991641746874903e-05
1826,3.9991641746874903e-05
3043,3.9991641746874903e-05
3632,3.9991641746874903e-05
2566,3.9991641746874903e-05
987,3.9991641746874903e-05
278,3.9991641746874903e-05
3951,3.9991641746874903e-05
3886,3.9991641746874903e-05
391,3.9991641746874903e-05
1473,3.9991641746874903e-05
3884,3.9991641746874903e-05
1563,3.9991641746874903e-05
3851,3.9991641746874903e-05
956,3.9991641746874903e-05
2032,3.9991641746874903e-05
3343,3.9991641746874903e-05
1668,3.899185070320303e-05
3922,3.899185070320303e-05
3539,3.899185070320303e-05
3736,3.899185070320303e-05
2646,3.899185070320303e-05
488,3.899185070320303e-05
3442,3.899185070320303e-05
656,3.899185070320303e-05
2179,3.899185070320303e-05
3855,3.899185070320303e-05
3446,3.899185070320303e-05
254,3.799205965953116e-05
2982,3.799205965953116e-05
3659,3.799205965953116e-05
2744,3.799205965953116e-05
460,3.799205965953116e-05
2307,3.799205965953116e-05
3389,3.799205965953116e-05
470,3.799205965953116e-05
452,3.799205965953116e-05
3816,3.799205965953116e-05
3434,3.799205965953116e-05
846,3.799205965953116e-05
1867,3.799205965953116e-05
3132,3.799205965953116e-05
121,3.6992268615859286e-05
2049,3.6992268615859286e-05
1547,3.6992268615859286e-05
957,3.6992268615859286e-05
1677,3.6992268615859286e-05
1669,3.6992268615859286e-05
3820,3.6992268615859286e-05
2031,3.6992268615859286e-05
3569,3.6992268615859286e-05
496,3.6992268615859286e-05
970,3.6992268615859286e-05
3239,3.6992268615859286e-05
3597,3.6992268615859286e-05
2103,3.6992268615859286e-05
1829,3.6992268615859286e-05
3049,3.6992268615859286e-05
2979,3.6992268615859286e-05
1489,3.6992268615859286e-05
2552,3.6992268615859286e-05
2536,3.6992268615859286e-05
2638,3.5992477572187414e-05
705,3.5992477572187414e-05
1564,3.5992477572187414e-05
1415,3.5992477572187414e-05
1329,3.5992477572187414e-05
1809,3.5992477572187414e-05
1508,3.5992477572187414e-05
3021,3.5992477572187414e-05
1932,3.5992477572187414e-05
2620,3.5992477572187414e-05
1169,3.5992477572187414e-05
1551,3.5992477572187414e-05
665,3.499268652851554e-05
2481,3.499268652851554e-05
1044,3.499268652851554e-05
3567,3.499268652851554e-05
304,3.499268652851554e-05
3331,3.499268652851554e-05
1351,3.499268652851554e-05
3759,3.499268652851554e-05
1112,3.499268652851554e-05
476,3.499268652851554e-05
3002,3.499268652851554e-05
2593,3.499268652851554e-05
1068,3.499268652851554e-05
568,3.499268652851554e-05
2626,3.499268652851554e-05
1053,3.499268652851554e-05
3010,3.499268652851554e-05
3667,3.499268652851554e-05
2323,3.499268652851554e-05
77,3.399289548484367e-05
3537,3.399289548484367e-05
211,3.399289548484367e-05
1119,3.399289548484367e-05
1463,3.399289548484367e-05
3449,3.399289548484367e-05
3805,3.399289548484367e-05
3124,3.399289548484367e-05
3610,3.399289548484367e-05
2878,3.399289548484367e-05
571,3.399289548484367e-05
2537,3.399289548484367e-05
1825,3.2993104441171797e-05
760,3.2993104441171797e-05
2766,3.2993104441171797e-05
2847,3.2993104441171797e-05
1123,3.2993104441171797e-05
2650,3.2993104441171797e-05
718,3.2993104441171797e-05
3390,3.2993104441171797e-05
3311,3.2993104441171797e-05
3900,3.2993104441171797e-05
201,3.2993104441171797e-05
103,3.2993104441171797e-05
3110,3.2993104441171797e-05
984,3.2993104441171797e-05
3073,3.2993104441171797e-05
2637,3.2993104441171797e-05
83,3.2993104441171797e-05
324,3.2993104441171797e-05
2205,3.2993104441171797e-05
3711,3.2993104441171797e-05
3143,3.2993104441171797e-05
3240,3.2993104441171797e-05
2886,3.2993104441171797e-05
3520,3.1993313397499924e-05
3218,3.1993313397499924e-05
3906,3.1993313397499924e-05
1859,3.1993313397499924e-05
2727,3.1993313397499924e-05
3913,3.1993313397499924e-05
2894,3.1993313397499924e-05
619,3.1993313397499924e-05
2756,3.1993313397499924e-05
1695,3.1993313397499924e-05
3403,3.1993313397499924e-05
753,3.1993313397499924e-05
1926,3.1993313397499924e-05
320,3.1993313397499924e-05
1322,3.1993313397499924e-05
2711,3.1993313397499924e-05
1596,3.1993313397499924e-05
1906,3.1993313397499924e-05
238,3.1993313397499924e-05
2449,3.1993313397499924e-05
2755,3.099352235382805e-05
2938,3.099352235382805e-05
1114,3.099352235382805e-05
2635,3.099352235382805e-05
341,3.099352235382805e-05
443,3.099352235382805e-05
1151,3.099352235382805e-05
447,3.099352235382805e-05
862,3.099352235382805e-05
2758,3.099352235382805e-05
746,3.099352235382805e-05
1529,3.099352235382805e-05
2992,3.099352235382805e-05
3673,3.099352235382805e-05
2131,2.9993731310156176e-05
1902,2.9993731310156176e-05
3222,2.9993731310156176e-05
40,2.9993731310156176e-05
2482,2.9993731310156176e-05
202,2.9993731310156176e-05
3843,2.9993731310156176e-05
1613,2.9993731310156176e-05
386,2.9993731310156176e-05
250,2.9993731310156176e-05
600,2.9993731310156176e-05
850,2.9993731310156176e-05
2849,2.9993731310156176e-05
685,2.9993731310156176e-05
3612,2.9993731310156176e-05
3587,2.9993731310156176e-05
1755,2.9993731310156176e-05
3559,2.9993731310156176e-05
3580,2.8993940266484303e-05
1152,2.8993940266484303e-05
2778,2.8993940266484303e-05
2813,2.8993940266484303e-05
183,2.8993940266484303e-05
484,2.8993940266484303e-05
295,2.8993940266484303e-05
3781,2.8993940266484303e-05
2086,2.8993940266484303e-05
3400,2.8993940266484303e-05
241,2.8993940266484303e-05
3122,2.8993940266484303e-05
1312,2.8993940266484303e-05
3221,2.8993940266484303e-05
1844,2.8993940266484303e-05
2579,2.8993940266484303e-05
3223,2.8993940266484303e-05
418,2.8993940266484303e-05
1928,2.8993940266484303e-05
3797,2.8993940266484303e-05
297,2.799414922281243e-05
2853,2.799414922281243e-05
824,2.799414922281243e-05
583,2.799414922281243e-05
220,2.799414922281243e-05
2945,2.799414922281243e-05
1585,2.799414922281243e-05
2666,2.799414922281243e-05
2493,2.799414922281243e-05
3586,2.799414922281243e-05
3934,2.799414922281243e-05
3942,2.799414922281243e-05
2577,2.799414922281243e-05
3845,2.799414922281243e-05
716,2.799414922281243e-05
462,2.799414922281243e-05
3540,2.799414922281243e-05
263,2.799414922281243e-05
2864,2.799414922281243e-05
3761,2.799414922281243e-05
38,2.799414922281243e-05
3319,2.799414922281243e-05
1696,2.799414922281243e-05
214,2.799414922281243e-05
2896,2.799414922281243e-05
997,2.799414922281243e-05
3338,2.699435817914056e-05
3531,2.699435817914056e-05
722,2.699435817914056e-05
3938,2.699435817914056e-05
702,2.699435817914056e-05
1477,2.699435817914056e-05
2559,2.699435817914056e-05
1874,2.699435817914056e-05
1583,2.699435817914056e-05
2426,2.699435817914056e-05
2494,2.699435817914056e-05
3931,2.699435817914056e-05
2339,2.699435817914056e-05
2196,2.699435817914056e-05
49,2.699435817914056e-05
3329,2.699435817914056e-05
554,2.5994567135468686e-05
1490,2.5994567135468686e-05
1572,2.5994567135468686e-05
2187,2.5994567135468686e-05
1767,2.5994567135468686e-05
2441,2.5994567135468686e-05
3939,2.5994567135468686e-05
2674,2.5994567135468686e-05
3562,2.5994567135468686e-05
3885,2.5994567135468686e-05
1880,2.5994567135468686e-05
184,2.5994567135468686e-05
3568,2.5994567135468686e-05
3665,2.5994567135468686e-05
1063,2.5994567135468686e-05
3924,2.5994567135468686e-05
3573,2.5994567135468686e-05
2128,2.4994776091796814e-05
3847,2.4994776091796814e-05
3830,2.4994776091796814e-05
2483,2.4994776091796814e-05
2586,2.4994776091796814e-05
3171,2.4994776091796814e-05
3349,2.4994776091796814e-05
2678,2.4994776091796814e-05
3106,2.4994776091796814e-05
1814,2.4994776091796814e-05
392,2.4994776091796814e-05
2305,2.4994776091796814e-05
2293,2.4994776091796814e-05
1328,2.4994776091796814e-05
2785,2.4994776091796814e-05
841,2.4994776091796814e-05
1496,2.4994776091796814e-05
2767,2.4994776091796814e-05
659,2.4994776091796814e-05
2743,2.399498504812494e-05
867,2.399498504812494e-05
1533,2.399498504812494e-05
1511,2.399498504812494e-05
2256,2.399498504812494e-05
1458,2.399498504812494e-05
3473,2.399498504812494e-05
877,2.399498504812494e-05
430,2.399498504812494e-05
3776,2.399498504812494e-05
3874,2.399498504812494e-05
274,2.399498504812494e-05
767,2.399498504812494e-05
3309,2.399498504812494e-05
3306,2.399498504812494e-05
1406,2.399498504812494e-05
478,2.399498504812494e-05
1857,2.399498504812494e-05
3902,2.399498504812494e-05
3721,2.399498504812494e-05
3756,2.399498504812494e-05
1679,2.399498504812494e-05
3192,2.399498504812494e-05
3345,2.299519400445307e-05
1067,2.299519400445307e-05
1570,2.299519400445307e-05
570,2.299519400445307e-05
669,2.299519400445307e-05
3935,2.299519400445307e-05
298,2.299519400445307e-05
2843,2.299519400445307e-05
1076,2.299519400445307e-05
3402,2.299519400445307e-05
3415,2.299519400445307e-05
1426,2.299519400445307e-05
961,2.299519400445307e-05
967,2.299519400445307e-05
2397,2.299519400445307e-05
2737,2.299519400445307e-05
1325,2.299519400445307e-05
148,2.299519400445307e-05
1725,2.299519400445307e-05
3941,2.1995402960781197e-05
219,2.1995402960781197e-05
1728,2.1995402960781197e-05
2047,2.1995402960781197e-05
1879,2.1995402960781197e-05
3488,2.1995402960781197e-05
1324,2.1995402960781197e-05
1421,2.1995402960781197e-05
3749,2.1995402960781197e-05
2800,2.1995402960781197e-05
2873,2.1995402960781197e-05
1671,2.1995402960781197e-05
2715,2.1995402960781197e-05
1455,2.1995402960781197e-05
1437,2.0995611917109324e-05
287,2.0995611917109324e-05
2837,2.0995611917109324e-05
525,2.0995611917109324e-05
876,2.0995611917109324e-05
3162,2.0995611917109324e-05
2074,2.0995611917109324e-05
331,2.0995611917109324e-05
573,2.0995611917109324e-05
1509,2.0995611917109324e-05
1822,2.0995611917109324e-05
3894,2.0995611917109324e-05
1335,2.0995611917109324e-05
3670,2.0995611917109324e-05
84,2.0995611917109324e-05
3532,2.0995611917109324e-05
2189,2.0995611917109324e-05
2227,2.0995611917109324e-05
1893,2.0995611917109324e-05
3832,2.0995611917109324e-05
1933,2.0995611917109324e-05
2157,1.9995820873437452e-05
3637,1.9995820873437452e-05
2201,1.9995820873437452e-05
831,1.9995820873437452e-05
3775,1.9995820873437452e-05
3464,1.9995820873437452e-05
3313,1.9995820873437452e-05
645,1.9995820873437452e-05
3344,1.9995820873437452e-05
2292,1.9995820873437452e-05
960,1.9995820873437452e-05
1657,1.9995820873437452e-05
2164,1.9995820873437452e-05
389,1.9995820873437452e-05
2158,1.9995820873437452e-05
1662,1.9995820873437452e-05
2691,1.9995820873437452e-05
1000,1.9995820873437452e-05
3862,1.9995820873437452e-05
1692,1.9995820873437452e-05
1846,1.9995820873437452e-05
633,1.9995820873437452e-05
2897,1.9995820873437452e-05
2809,1.9995820873437452e-05
3848,1.9995820873437452e-05
1412,1.9995820873437452e-05
1666,1.9995820873437452e-05
2865,1.9995820873437452e-05
1632,1.9995820873437452e-05
3854,1.9995820873437452e-05
3092,1.9995820873437452e-05
992,1.9995820873437452e-05
1494,1.899602982976558e-05
178,1.899602982976558e-05
1770,1.899602982976558e-05
626,1.899602982976558e-05
359,1.899602982976558e-05
2452,1.899602982976558e-05
2350,1.899602982976558e-05
3161,1.899602982976558e-05
1055,1.899602982976558e-05
3585,1.899602982976558e-05
1549,1.899602982976558e-05
2211,1.899602982976558e-05
1163,1.899602982976558e-05
2512,1.899602982976558e-05
336,1.899602982976558e-05
638,1.899602982976558e-05
3645,1.7996238786093707e-05
2834,1.7996238786093707e-05
2509,1.7996238786093707e-05
3465,1.7996238786093707e-05
283,1.7996238786093707e-05
2544,1.7996238786093707e-05
251,1.7996238786093707e-05
2056,1.7996238786093707e-05
2175,1.7996238786093707e-05
3121,1.7996238786093707e-05
3880,1.7996238786093707e-05
146,1.7996238786093707e-05
3047,1.7996238786093707e-05
1168,1.7996238786093707e-05
1501,1.7996238786093707e-05
1087,1.7996238786093707e-05
771,1.7996238786093707e-05
394,1.7996238786093707e-05
2913,1.6996447742421834e-05
2963,1.6996447742421834e-05
1651,1.6996447742421834e-05
1565,1.6996447742421834e-05
1170,1.6996447742421834e-05
3139,1.6996447742421834e-05
1493,1.6996447742421834e-05
2185,1.6996447742421834e-05
1116,1.6996447742421834e-05
3644,1.6996447742421834e-05
197,1.6996447742421834e-05
3574,1.6996447742421834e-05
617,1.6996447742421834e-05
375,1.6996447742421834e-05
3490,1.6996447742421834e-05
2257,1.6996447742421834e-05
3757,1.6996447742421834e-05
1853,1.6996447742421834e-05
2534,1.6996447742421834e-05
2904,1.6996447742421834e-05
1807,1.6996447742421834e-05
563,1.6996447742421834e-05
2923,1.6996447742421834e-05
2740,1.6996447742421834e-05
3050,1.5996656698749962e-05
3625,1.5996656698749962e-05
1990,1.5996656698749962e-05
3474,1.5996656698749962e-05
3817,1.5996656698749962e-05
3333,1.5996656698749962e-05
3137,1.5996656698749962e-05
3860,1.5996656698749962e-05
1504,1.5996656698749962e-05
1144,1.5996656698749962e-05
974,1.5996656698749962e-05
3933,1.5996656698749962e-05
131,1.5996656698749962e-05
649,1.5996656698749962e-05
2298,1.4996865655078088e-05
1154,1.4996865655078088e-05
751,1.4996865655078088e-05
1520,1.4996865655078088e-05
189,1.4996865655078088e-05
1989,1.4996865655078088e-05
3351,1.4996865655078088e-05
2981,1.4996865655078088e-05
3374,1.4996865655078088e-05
681,1.4996865655078088e-05
2415,1.4996865655078088e-05
2008,1.4996865655078088e-05
3940,1.4996865655078088e-05
1574,1.4996865655078088e-05
3611,1.4996865655078088e-05
2388,1.4996865655078088e-05
3283,1.4996865655078088e-05
2101,1.4996865655078088e-05
3883,1.4996865655078088e-05
1349,1.3997074611406216e-05
567,1.3997074611406216e-05
1450,1.3997074611406216e-05
1575,1.3997074611406216e-05
1898,1.3997074611406216e-05
2246,1.3997074611406216e-05
2775,1.3997074611406216e-05
3492,1.3997074611406216e-05
2773,1.3997074611406216e-05
1153,1.3997074611406216e-05
212,1.3997074611406216e-05
3581,1.3997074611406216e-05
807,1.3997074611406216e-05
2627,1.3997074611406216e-05
3025,1.3997074611406216e-05
2079,1.3997074611406216e-05
1656,1.3997074611406216e-05
124,1.3997074611406216e-05
1423,1.3997074611406216e-05
2824,1.3997074611406216e-05
561,1.2997283567734343e-05
1811,1.2997283567734343e-05
1121,1.2997283567734343e-05
1502,1.2997283567734343e-05
3563,1.2997283567734343e-05
3419,1.2997283567734343e-05
411,1.2997283567734343e-05
2998,1.2997283567734343e-05
1313,1.2997283567734343e-05
1715,1.2997283567734343e-05
632,1.2997283567734343e-05
1850,1.2997283567734343e-05
2768,1.2997283567734343e-05
3850,1.2997283567734343e-05
754,1.2997283567734343e-05
2466,1.2997283567734343e-05
96,1.2997283567734343e-05
137,1.2997283567734343e-05
2776,1.2997283567734343e-05
129,1.2997283567734343e-05
566,1.2997283567734343e-05
503,1.2997283567734343e-05
119,1.2997283567734343e-05
3642,1.2997283567734343e-05
228,1.2997283567734343e-05
1793,1.2997283567734343e-05
3796,1.2997283567734343e-05
958,1.2997283567734343e-05
2636,1.2997283567734343e-05
3853,1.2997283567734343e-05
769,1.199749252406247e-05
3878,1.199749252406247e-05
3058,1.199749252406247e-05
3335,1.199749252406247e-05
106,1.199749252406247e-05
3437,1.199749252406247e-05
200,1.199749252406247e-05
2215,1.199749252406247e-05
3495,1.199749252406247e-05
925,1.199749252406247e-05
2892,1.199749252406247e-05
2545,1.199749252406247e-05
397,1.199749252406247e-05
128,1.199749252406247e-05
2754,1.199749252406247e-05
1117,1.199749252406247e-05
3640,1.199749252406247e-05
2964,1.199749252406247e-05
1817,1.199749252406247e-05
75,1.199749252406247e-05
864,1.199749252406247e-05
2326,1.199749252406247e-05
3867,1.199749252406247e-05
3215,1.0997701480390598e-05
2914,1.0997701480390598e-05
939,1.0997701480390598e-05
2342,1.0997701480390598e-05
1058,1.0997701480390598e-05
2830,1.0997701480390598e-05
1878,1.0997701480390598e-05
3777,1.0997701480390598e-05
2632,1.0997701480390598e-05
1743,1.0997701480390598e-05
1864,1.0997701480390598e-05
2281,1.0997701480390598e-05
2695,1.0997701480390598e-05
2221,1.0997701480390598e-05
2658,1.0997701480390598e-05
114,1.0997701480390598e-05
1675,1.0997701480390598e-05
1383,1.0997701480390598e-05
1531,1.0997701480390598e-05
2197,1.0997701480390598e-05
1038,1.0997701480390598e-05
1539,1.0997701480390598e-05
245,1.0997701480390598e-05
2854,1.0997701480390598e-05
962,1.0997701480390598e-05
3116,1.0997701480390598e-05
3486,9.997910436718726e-06
793,9.997910436718726e-06
703,9.997910436718726e-06
3570,9.997910436718726e-06
2962,9.997910436718726e-06
2839,9.997910436718726e-06
2219,9.997910436718726e-06
243,9.997910436718726e-06
244,9.997910436718726e-06
860,9.997910436718726e-06
1872,9.997910436718726e-06
3282,9.997910436718726e-06
2209,9.997910436718726e-06
2191,9.997910436718726e-06
2931,9.997910436718726e-06
2855,9.997910436718726e-06
2783,9.997910436718726e-06
1899,9.997910436718726e-06
1181,9.997910436718726e-06
2994,9.997910436718726e-06
1749,9.997910436718726e-06
2675,9.997910436718726e-06
863,9.997910436718726e-06
3463,9.997910436718726e-06
3892,9.997910436718726e-06
3012,9.997910436718726e-06
385,9.997910436718726e-06
811,8.998119393046853e-06
618,8.998119393046853e-06
614,8.998119393046853e-06
1567,8.998119393046853e-06
726,8.998119393046853e-06
2486,8.998119393046853e-06
2984,8.998119393046853e-06
3410,8.998119393046853e-06
3140,8.998119393046853e-06
2569,8.998119393046853e-06
755,8.998119393046853e-06
652,8.998119393046853e-06
2156,8.998119393046853e-06
775,8.998119393046853e-06
3636,8.998119393046853e-06
993,8.998119393046853e-06
2933,8.998119393046853e-06
1891,8.998119393046853e-06
56,8.998119393046853e-06
3944,8.998119393046853e-06
1436,8.998119393046853e-06
3149,8.998119393046853e-06
2562,8.998119393046853e-06
2503,8.998119393046853e-06
3648,8.998119393046853e-06
3803,8.998119393046853e-06
1782,7.998328349374981e-06
3003,7.998328349374981e-06
2200,7.998328349374981e-06
560,7.998328349374981e-06
2831,7.998328349374981e-06
3026,7.998328349374981e-06
1444,7.998328349374981e-06
2317,7.998328349374981e-06
1780,7.998328349374981e-06
406,7.998328349374981e-06
598,7.998328349374981e-06
3154,7.998328349374981e-06
2464,7.998328349374981e-06
3641,7.998328349374981e-06
3592,7.998328349374981e-06
2332,7.998328349374981e-06
53,7.998328349374981e-06
37,7.998328349374981e-06
1026,7.998328349374981e-06
59,7.998328349374981e-06
854,7.998328349374981e-06
3523,7.998328349374981e-06
136,7.998328349374981e-06
2814,7.998328349374981e-06
664,7.998328349374981e-06
874,7.998328349374981e-06
1002,7.998328349374981e-06
2063,7.998328349374981e-06
2129,7.998328349374981e-06
2234,7.998328349374981e-06
2207,7.998328349374981e-06
3905,7.998328349374981e-06
526,7.998328349374981e-06
844,6.998537305703108e-06
2673,6.998537305703108e-06
1522,6.998537305703108e-06
2304,6.998537305703108e-06
1659,6.998537305703108e-06
1138,6.998537305703108e-06
1543,6.998537305703108e-06
2705,6.998537305703108e-06
1486,6.998537305703108e-06
630,6.998537305703108e-06
1890,6.998537305703108e-06
2244,6.998537305703108e-06
3818,6.998537305703108e-06
3891,6.998537305703108e-06
2911,6.998537305703108e-06
3027,6.998537305703108e-06
2487,6.998537305703108e-06
2192,6.998537305703108e-06
2765,6.998537305703108e-06
1514,6.998537305703108e-06
2061,6.998537305703108e-06
3533,6.998537305703108e-06
1720,6.998537305703108e-06
1420,6.998537305703108e-06
108,6.998537305703108e-06
1311,6.998537305703108e-06
1849,6.998537305703108e-06
2760,6.998537305703108e-06
1718,6.998537305703108e-06
847,6.998537305703108e-06
2850,6.998537305703108e-06
3866,5.998746262031235e-06
1903,5.998746262031235e-06
1519,5.998746262031235e-06
90,5.998746262031235e-06
3666,5.998746262031235e-06
1538,5.998746262031235e-06
732,5.998746262031235e-06
1160,5.998746262031235e-06
310,5.998746262031235e-06
2242,5.998746262031235e-06
966,5.998746262031235e-06
3303,5.998746262031235e-06
3292,5.998746262031235e-06
1384,5.998746262031235e-06
3778,5.998746262031235e-06
3166,5.998746262031235e-06
815,5.998746262031235e-06
3056,5.998746262031235e-06
3657,5.998746262031235e-06
2833,5.998746262031235e-06
1532,5.998746262031235e-06
98,5.998746262031235e-06
3001,5.998746262031235e-06
1534,5.998746262031235e-06
1685,5.998746262031235e-06
972,5.998746262031235e-06
2602,5.998746262031235e-06
1471,4.998955218359363e-06
1741,4.998955218359363e-06
1636,4.998955218359363e-06
3652,4.998955218359363e-06
2557,4.998955218359363e-06
2608,4.998955218359363e-06
1622,4.998955218359363e-06
2679,4.998955218359363e-06
3875,4.998955218359363e-06
1664,4.998955218359363e-06
559,4.998955218359363e-06
3443,4.998955218359363e-06
3293,4.998955218359363e-06
2444,4.998955218359363e-06
1796,4.998955218359363e-06
698,4.998955218359363e-06
167,4.998955218359363e-06
3184,4.998955218359363e-06
264,4.998955218359363e-06
3207,4.998955218359363e-06
3232,4.998955218359363e-06
3245,4.998955218359363e-06
2233,4.998955218359363e-06
1433,4.998955218359363e-06
2631,4.998955218359363e-06
1369,4.998955218359363e-06
1098,4.998955218359363e-06
3346,4.998955218359363e-06
1930,4.998955218359363e-06
1901,4.998955218359363e-06
1040,4.998955218359363e-06
2777,4.998955218359363e-06
1164,4.998955218359363e-06
1174,4.998955218359363e-06
2930,4.998955218359363e-06
1071,4.998955218359363e-06
2538,4.998955218359363e-06
980,4.998955218359363e-06
2934,4.998955218359363e-06
3887,3.9991641746874905e-06
33,3.9991641746874905e-06
985,3.9991641746874905e-06
3314,3.9991641746874905e-06
3322,3.9991641746874905e-06
2358,3.9991641746874905e-06
2825,3.9991641746874905e-06
1102,3.9991641746874905e-06
3288,3.9991641746874905e-06
1652,3.9991641746874905e-06
2823,3.9991641746874905e-06
834,3.9991641746874905e-06
757,3.9991641746874905e-06
756,3.9991641746874905e-06
3378,3.9991641746874905e-06
2578,3.9991641746874905e-06
404,3.9991641746874905e-06
2955,3.9991641746874905e-06
2685,3.9991641746874905e-06
682,3.9991641746874905e-06
3876,3.9991641746874905e-06
696,3.9991641746874905e-06
2887,3.9991641746874905e-06
2172,3.9991641746874905e-06
2299,3.9991641746874905e-06
823,3.9991641746874905e-06
820,3.9991641746874905e-06
2999,3.9991641746874905e-06
1149,3.9991641746874905e-06
3472,3.9991641746874905e-06
2127,3.9991641746874905e-06
2623,3.9991641746874905e-06
1561,3.9991641746874905e-06
3205,3.9991641746874905e-06
981,3.9991641746874905e-06
2960,3.9991641746874905e-06
1553,3.9991641746874905e-06
749,3.9991641746874905e-06
67,3.9991641746874905e-06
776,3.9991641746874905e-06
1871,3.9991641746874905e-06
1886,3.9991641746874905e-06
3595,3.9991641746874905e-06
1877,3.9991641746874905e-06
3609,3.9991641746874905e-06
796,2.9993731310156177e-06
3603,2.9993731310156177e-06
3373,2.9993731310156177e-06
666,2.9993731310156177e-06
744,2.9993731310156177e-06
3380,2.9993731310156177e-06
687,2.9993731310156177e-06
3762,2.9993731310156177e-06
3800,2.9993731310156177e-06
120,2.9993731310156177e-06
2821,2.9993731310156177e-06
623,2.9993731310156177e-06
3772,2.9993731310156177e-06
3187,2.9993731310156177e-06
1315,2.9993731310156177e-06
3216,2.9993731310156177e-06
3352,2.9993731310156177e-06
734,2.9993731310156177e-06
1861,2.9993731310156177e-06
3242,2.9993731310156177e-06
3899,2.9993731310156177e-06
3522,2.9993731310156177e-06
2869,2.9993731310156177e-06
1039,2.9993731310156177e-06
3123,2.9993731310156177e-06
1107,2.9993731310156177e-06
3136,2.9993731310156177e-06
3126,2.9993731310156177e-06
853,2.9993731310156177e-06
3575,2.9993731310156177e-06
3631,2.9993731310156177e-06
643,2.9993731310156177e-06
3407,2.9993731310156177e-06
2576,2.9993731310156177e-06
634,2.9993731310156177e-06
729,2.9993731310156177e-06
3621,2.9993731310156177e-06
2510,2.9993731310156177e-06
3482,2.9993731310156177e-06
3119,2.9993731310156177e-06
2223,2.9993731310156177e-06
787,2.9993731310156177e-06
134,1.9995820873437453e-06
3057,1.9995820873437453e-06
706,1.9995820873437453e-06
2591,1.9995820873437453e-06
889,1.9995820873437453e-06
607,1.9995820873437453e-06
2258,1.9995820873437453e-06
657,1.9995820873437453e-06
1851,1.9995820873437453e-06
2309,1.9995820873437453e-06
1070,1.9995820873437453e-06
2895,1.9995820873437453e-06
138,1.9995820873437453e-06
3601,1.9995820873437453e-06
1787,1.9995820873437453e-06
690,1.9995820873437453e-06
3084,1.9995820873437453e-06
3236,1.9995820873437453e-06
1558,1.9995820873437453e-06
3131,1.9995820873437453e-06
1133,1.9995820873437453e-06
1548,1.9995820873437453e-06
821,1.9995820873437453e-06
439,1.9995820873437453e-06
192,1.9995820873437453e-06
3651,1.9995820873437453e-06
660,1.9995820873437453e-06
1555,1.9995820873437453e-06
3888,1.9995820873437453e-06
3085,1.9995820873437453e-06
3542,1.9995820873437453e-06
887,1.9995820873437453e-06
591,1.9995820873437453e-06
1528,1.9995820873437453e-06
1795,1.9995820873437453e-06
3212,1.9995820873437453e-06
3828,1.9995820873437453e-06
2251,1.9995820873437453e-06
3228,1.9995820873437453e-06
1842,1.9995820873437453e-06
3233,1.9995820873437453e-06
884,1.9995820873437453e-06
3295,1.9995820873437453e-06
1062,1.9995820873437453e-06
1134,1.9995820873437453e-06
3337,1.9995820873437453e-06
2343,1.9995820873437453e-06
3353,1.9995820873437453e-06
3748,1.9995820873437453e-06
3493,1.9995820873437453e-06
672,1.9995820873437453e-06
3485,1.9995820873437453e-06
2811,1.9995820873437453e-06
3377,1.9995820873437453e-06
791,1.9995820873437453e-06
789,1.9995820873437453e-06
3381,1.9995820873437453e-06
1145,1.9995820873437453e-06
3336,1.9995820873437453e-06
401,1.9995820873437453e-06
572,1.9995820873437453e-06
1364,1.9995820873437453e-06
679,1.9995820873437453e-06
2480,1.9995820873437453e-06
1360,1.9995820873437453e-06
3413,1.9995820873437453e-06
530,1.9995820873437453e-06
1142,1.9995820873437453e-06
1905,1.9995820873437453e-06
2543,1.9995820873437453e-06
1139,1.9995820873437453e-06
1773,1.9995820873437453e-06
3687,1.9995820873437453e-06
895,1.9995820873437453e-06
977,1.9995820873437453e-06
3294,1.9995820873437453e-06
1510,1.9995820873437453e-06
975,1.9995820873437453e-06
130,1.9995820873437453e-06
3305,1.9995820873437453e-06
712,1.9995820873437453e-06
3517,1.9995820873437453e-06
582,1.9995820873437453e-06
557,1.9995820873437453e-06
2198,1.9995820873437453e-06
827,1.9995820873437453e-06
578,1.9995820873437453e-06
1868,1.9995820873437453e-06
1434,1.9995820873437453e-06
226,9.997910436718726e-07
865,9.997910436718726e-07
684,9.997910436718726e-07
989,9.997910436718726e-07
2217,9.997910436718726e-07
2214,9.997910436718726e-07
2213,9.997910436718726e-07
398,9.997910436718726e-07
396,9.997910436718726e-07
3881,9.997910436718726e-07
2619,9.997910436718726e-07
1764,9.997910436718726e-07
2742,9.997910436718726e-07
2308,9.997910436718726e-07
3656,9.997910436718726e-07
2254,9.997910436718726e-07
3065,9.997910436718726e-07
644,9.997910436718726e-07
1386,9.997910436718726e-07
2235,9.997910436718726e-07
2909,9.997910436718726e-07
3890,9.997910436718726e-07
868,9.997910436718726e-07
402,9.997910436718726e-07
826,9.997910436718726e-07
642,9.997910436718726e-07
872,9.997910436718726e-07
3904,9.997910436718726e-07
1165,9.997910436718726e-07
2277,9.997910436718726e-07
3607,9.997910436718726e-07
3647,9.997910436718726e-07
311,9.997910436718726e-07
2226,9.997910436718726e-07
2218,9.997910436718726e-07
641,9.997910436718726e-07
3229,9.997910436718726e-07
651,9.997910436718726e-07
3321,9.997910436718726e-07
1714,9.997910436718726e-07
576,9.997910436718726e-07
127,9.997910436718726e-07
579,9.997910436718726e-07
3323,9.997910436718726e-07
2584,9.997910436718726e-07
1630,9.997910436718726e-07
3315,9.997910436718726e-07
2845,9.997910436718726e-07
3312,9.997910436718726e-07
2039,9.997910436718726e-07
3779,9.997910436718726e-07
1852,9.997910436718726e-07
3297,9.997910436718726e-07
584,9.997910436718726e-07
792,9.997910436718726e-07
2703,9.997910436718726e-07
859,9.997910436718726e-07
758,9.997910436718726e-07
1709,9.997910436718726e-07
3460,9.997910436718726e-07
3458,9.997910436718726e-07
730,9.997910436718726e-07
1908,9.997910436718726e-07
878,9.997910436718726e-07
1118,9.997910436718726e-07
1915,9.997910436718726e-07
1115,9.997910436718726e-07
2484,9.997910436718726e-07
3722,9.997910436718726e-07
717,9.997910436718726e-07
3382,9.997910436718726e-07
3376,9.997910436718726e-07
286,9.997910436718726e-07
1316,9.997910436718726e-07
3291,9.997910436718726e-07
3280,9.997910436718726e-07
3151,9.997910436718726e-07
1820,9.997910436718726e-07
2592,9.997910436718726e-07
1832,9.997910436718726e-07
1830,9.997910436718726e-07
2438,9.997910436718726e-07
3202,9.997910436718726e-07
3842,9.997910436718726e-07
655,9.997910436718726e-07
701,9.997910436718726e-07
790,9.997910436718726e-07
1815,9.997910436718726e-07
1470,9.997910436718726e-07
3172,9.997910436718726e-07
3164,9.997910436718726e-07
774,9.997910436718726e-07
545,9.997910436718726e-07
843,9.997910436718726e-07
1724,9.997910436718726e-07
3209,9.997910436718726e-07
814,9.997910436718726e-07
3220,9.997910436718726e-07
2556,9.997910436718726e-07
3277,9.997910436718726e-07
133,9.997910436718726e-07
3530,9.997910436718726e-07
601,9.997910436718726e-07
658,9.997910436718726e-07
139,9.997910436718726e-07
142,9.997910436718726e-07
1430,9.997910436718726e-07
1843,9.997910436718726e-07
1579,9.997910436718726e-07
3237,9.997910436718726e-07
763,9.997910436718726e-07
624,9.997910436718726e-07
2563,9.997910436718726e-07
3290,9.997910436718726e-07
