consumer_id,recommender_id,cycle,satisfaction_score,rec_state,controlled
127,popular_1_exp_Experiment_1_seed_42,1,0.07258110610023806,connected,mainstream
70,popular_1_exp_Experiment_1_seed_42,1,0.05209801143598263,connected,mainstream
392,popular_1_exp_Experiment_1_seed_42,1,0.06434821531901179,connected,mainstream
298,popular_1_exp_Experiment_1_seed_42,1,0.059895108554120245,connected,mainstream
113,popular_1_exp_Experiment_1_seed_42,1,0.0587923720520109,connected,mainstream
71,popular_1_exp_Experiment_1_seed_42,1,0.06058249842659443,connected,mainstream
542,popular_1_exp_Experiment_1_seed_42,1,0.05247469293084983,connected,mainstream
138,popular_1_exp_Experiment_1_seed_42,1,0.06257895494746575,connected,mainstream
57,popular_1_exp_Experiment_1_seed_42,1,0.01590730232710147,connected,niche
419,popular_1_exp_Experiment_1_seed_42,1,0.05443869381768942,connected,mainstream
198,popular_1_exp_Experiment_1_seed_42,1,0.05434233152287138,connected,mainstream
330,popular_1_exp_Experiment_1_seed_42,1,0.05094428313989732,connected,mainstream
502,popular_1_exp_Experiment_1_seed_42,1,0.059205548476247476,connected,mainstream
549,popular_1_exp_Experiment_1_seed_42,1,0.05147832581249088,connected,mainstream
21,popular_1_exp_Experiment_1_seed_42,1,0.01697153830083376,connected,niche
363,popular_1_exp_Experiment_1_seed_42,1,0.05499944027763209,connected,mainstream
241,popular_1_exp_Experiment_1_seed_42,1,0.06301686103193223,connected,mainstream
191,popular_1_exp_Experiment_1_seed_42,1,0.061827208279785995,connected,mainstream
587,popular_1_exp_Experiment_1_seed_42,1,0.04922831725404431,connected,mainstream
346,popular_1_exp_Experiment_1_seed_42,1,0.054654897798922,connected,mainstream
466,popular_1_exp_Experiment_1_seed_42,1,0.05053219211212399,connected,mainstream
136,popular_1_exp_Experiment_1_seed_42,1,0.05082010915384969,connected,mainstream
423,popular_1_exp_Experiment_1_seed_42,1,0.05768014689687486,connected,mainstream
561,popular_1_exp_Experiment_1_seed_42,1,0.06554561094219057,connected,mainstream
582,popular_1_exp_Experiment_1_seed_42,1,0.057052133927780656,connected,mainstream
456,popular_1_exp_Experiment_1_seed_42,1,0.0587266678596055,connected,mainstream
359,popular_1_exp_Experiment_1_seed_42,1,0.05014583641814621,connected,mainstream
355,popular_1_exp_Experiment_1_seed_42,1,0.05398503052145622,connected,mainstream
394,popular_1_exp_Experiment_1_seed_42,1,0.05707783853774448,connected,mainstream
428,popular_1_exp_Experiment_1_seed_42,1,0.052305073665252444,connected,mainstream
56,popular_1_exp_Experiment_1_seed_42,1,0.01631104260347935,connected,niche
123,popular_1_exp_Experiment_1_seed_42,1,0.055791973348132316,connected,mainstream
31,popular_1_exp_Experiment_1_seed_42,1,0.014220565770067986,connected,niche
399,popular_1_exp_Experiment_1_seed_42,1,0.051548183716033424,connected,mainstream
476,popular_1_exp_Experiment_1_seed_42,1,0.059109128064435745,connected,mainstream
322,popular_1_exp_Experiment_1_seed_42,1,0.05862483426607377,connected,mainstream
219,popular_1_exp_Experiment_1_seed_42,1,0.05716720032215319,connected,mainstream
186,popular_1_exp_Experiment_1_seed_42,1,0.06807418973369923,connected,mainstream
511,popular_1_exp_Experiment_1_seed_42,1,0.05136259093992935,connected,mainstream
290,popular_1_exp_Experiment_1_seed_42,1,0.04827531427057843,connected,mainstream
231,popular_1_exp_Experiment_1_seed_42,1,0.04959827378756463,connected,mainstream
188,popular_1_exp_Experiment_1_seed_42,1,0.04843932726978647,connected,mainstream
416,popular_1_exp_Experiment_1_seed_42,1,0.05892734436455722,connected,mainstream
443,popular_1_exp_Experiment_1_seed_42,1,0.0577653705711926,connected,mainstream
101,popular_1_exp_Experiment_1_seed_42,1,0.060615245344960524,connected,mainstream
431,popular_1_exp_Experiment_1_seed_42,1,0.055653903104585074,connected,mainstream
170,popular_1_exp_Experiment_1_seed_42,1,0.05411826068188353,connected,mainstream
185,popular_1_exp_Experiment_1_seed_42,1,0.053244669275234836,connected,mainstream
201,popular_1_exp_Experiment_1_seed_42,1,0.0540326503674318,connected,mainstream
32,popular_1_exp_Experiment_1_seed_42,1,0.02157321951924228,connected,niche
77,popular_1_exp_Experiment_1_seed_42,1,0.06471226683310365,connected,mainstream
106,popular_1_exp_Experiment_1_seed_42,1,0.051504747686264285,connected,mainstream
412,popular_1_exp_Experiment_1_seed_42,1,0.05903749393517008,connected,mainstream
518,popular_1_exp_Experiment_1_seed_42,1,0.05003515363749145,connected,mainstream
381,popular_1_exp_Experiment_1_seed_42,1,0.05159897414722203,connected,mainstream
490,popular_1_exp_Experiment_1_seed_42,1,0.050727305213689795,connected,mainstream
171,popular_1_exp_Experiment_1_seed_42,1,0.05178692730177185,connected,mainstream
59,popular_1_exp_Experiment_1_seed_42,1,0.023526477621786734,connected,niche
45,popular_1_exp_Experiment_1_seed_42,1,0.015866797637996217,connected,niche
160,popular_1_exp_Experiment_1_seed_42,1,0.056639839520447655,connected,mainstream
3,popular_1_exp_Experiment_1_seed_42,1,0.013844923687002499,connected,niche
304,popular_1_exp_Experiment_1_seed_42,1,0.05976332190600323,connected,mainstream
563,popular_1_exp_Experiment_1_seed_42,1,0.050352952895523106,connected,mainstream
13,popular_1_exp_Experiment_1_seed_42,1,0.021998511088457764,connected,niche
327,popular_1_exp_Experiment_1_seed_42,1,0.04447976750719371,connected,mainstream
148,popular_1_exp_Experiment_1_seed_42,1,0.050830130503963324,connected,mainstream
151,popular_1_exp_Experiment_1_seed_42,1,0.06394735808546897,connected,mainstream
153,popular_1_exp_Experiment_1_seed_42,1,0.053636690838956495,connected,mainstream
91,popular_1_exp_Experiment_1_seed_42,1,0.05218716994059061,connected,mainstream
430,popular_1_exp_Experiment_1_seed_42,1,0.06332522213388424,connected,mainstream
426,popular_1_exp_Experiment_1_seed_42,1,0.0565555036163058,connected,mainstream
273,popular_1_exp_Experiment_1_seed_42,1,0.05041049509474863,connected,mainstream
371,popular_1_exp_Experiment_1_seed_42,1,0.05096985885780284,connected,mainstream
558,popular_1_exp_Experiment_1_seed_42,1,0.07088164856826235,connected,mainstream
477,popular_1_exp_Experiment_1_seed_42,1,0.051406002221762885,connected,mainstream
95,popular_1_exp_Experiment_1_seed_42,1,0.05198130868053553,connected,mainstream
391,popular_1_exp_Experiment_1_seed_42,1,0.05569833305314761,connected,mainstream
155,popular_1_exp_Experiment_1_seed_42,1,0.0613491269302495,connected,mainstream
98,popular_1_exp_Experiment_1_seed_42,1,0.06596343570640108,connected,mainstream
486,popular_1_exp_Experiment_1_seed_42,1,0.06376180060072269,connected,mainstream
287,popular_1_exp_Experiment_1_seed_42,1,0.05181354100164654,connected,mainstream
574,popular_1_exp_Experiment_1_seed_42,1,0.06268229667802595,connected,mainstream
49,popular_1_exp_Experiment_1_seed_42,1,0.014713118952534772,connected,niche
440,popular_1_exp_Experiment_1_seed_42,1,0.06279214231861241,connected,mainstream
75,popular_1_exp_Experiment_1_seed_42,1,0.05499549967221525,connected,mainstream
390,popular_1_exp_Experiment_1_seed_42,1,0.056403482294937295,connected,mainstream
141,popular_1_exp_Experiment_1_seed_42,1,0.051945332946996166,connected,mainstream
439,popular_1_exp_Experiment_1_seed_42,1,0.051297645048531924,connected,mainstream
223,popular_1_exp_Experiment_1_seed_42,1,0.07013783481765755,connected,mainstream
65,popular_1_exp_Experiment_1_seed_42,1,0.06352836040993334,connected,mainstream
407,popular_1_exp_Experiment_1_seed_42,1,0.05693900548007139,connected,mainstream
484,popular_1_exp_Experiment_1_seed_42,1,0.05144924219174297,connected,mainstream
81,popular_1_exp_Experiment_1_seed_42,1,0.05106197447191461,connected,mainstream
181,popular_1_exp_Experiment_1_seed_42,1,0.052577779049721086,connected,mainstream
217,popular_1_exp_Experiment_1_seed_42,1,0.05838740350823768,connected,mainstream
256,popular_1_exp_Experiment_1_seed_42,1,0.054106145741496636,connected,mainstream
318,popular_1_exp_Experiment_1_seed_42,1,0.0680620595061524,connected,mainstream
150,popular_1_exp_Experiment_1_seed_42,1,0.06875066627916969,connected,mainstream
342,popular_1_exp_Experiment_1_seed_42,1,0.06194114524147188,connected,mainstream
224,popular_1_exp_Experiment_1_seed_42,1,0.0536448290778515,connected,mainstream
179,popular_1_exp_Experiment_1_seed_42,1,0.05367398800623411,connected,mainstream
514,popular_1_exp_Experiment_1_seed_42,1,0.05145078858375549,connected,mainstream
130,popular_1_exp_Experiment_1_seed_42,1,0.04938861383708144,connected,mainstream
120,popular_1_exp_Experiment_1_seed_42,1,0.06151835460868904,connected,mainstream
550,popular_1_exp_Experiment_1_seed_42,1,0.056889758636278535,connected,mainstream
76,popular_1_exp_Experiment_1_seed_42,1,0.0659299393628278,connected,mainstream
448,popular_1_exp_Experiment_1_seed_42,1,0.06462713714458979,connected,mainstream
248,popular_1_exp_Experiment_1_seed_42,1,0.051612890581962834,connected,mainstream
397,popular_1_exp_Experiment_1_seed_42,1,0.06182563254937009,connected,mainstream
39,popular_1_exp_Experiment_1_seed_42,1,0.017141523660766166,connected,niche
367,popular_1_exp_Experiment_1_seed_42,1,0.056395507150338475,connected,mainstream
168,popular_1_exp_Experiment_1_seed_42,1,0.04589914317963695,connected,mainstream
300,popular_1_exp_Experiment_1_seed_42,1,0.057206489881564605,connected,mainstream
435,popular_1_exp_Experiment_1_seed_42,1,0.060909989325069865,connected,mainstream
38,popular_1_exp_Experiment_1_seed_42,1,0.028862703601066807,connected,niche
221,popular_1_exp_Experiment_1_seed_42,1,0.0536689325748076,connected,mainstream
251,popular_1_exp_Experiment_1_seed_42,1,0.05161804307103995,connected,mainstream
326,popular_1_exp_Experiment_1_seed_42,1,0.06790043808772485,connected,mainstream
362,popular_1_exp_Experiment_1_seed_42,1,0.0511806969673829,connected,mainstream
554,popular_1_exp_Experiment_1_seed_42,1,0.059237675446629535,connected,mainstream
0,popular_1_exp_Experiment_1_seed_42,1,0.013639541889918677,connected,niche
595,popular_1_exp_Experiment_1_seed_42,1,0.05127929932414147,connected,mainstream
487,popular_1_exp_Experiment_1_seed_42,1,0.05494426862024088,connected,mainstream
369,popular_1_exp_Experiment_1_seed_42,1,0.07272190880545067,connected,mainstream
521,popular_1_exp_Experiment_1_seed_42,1,0.06069828726706802,connected,mainstream
34,popular_1_exp_Experiment_1_seed_42,1,0.01472808280693124,connected,niche
233,popular_1_exp_Experiment_1_seed_42,1,0.043549300209588415,connected,mainstream
10,popular_1_exp_Experiment_1_seed_42,1,0.020108274355537362,connected,niche
51,popular_1_exp_Experiment_1_seed_42,1,0.017177419145639434,connected,niche
117,popular_1_exp_Experiment_1_seed_42,1,0.04927690867472906,connected,mainstream
226,popular_1_exp_Experiment_1_seed_42,1,0.06511208270516962,connected,mainstream
464,popular_1_exp_Experiment_1_seed_42,1,0.0675333042107975,connected,mainstream
126,popular_1_exp_Experiment_1_seed_42,1,0.057485125050130315,connected,mainstream
522,popular_1_exp_Experiment_1_seed_42,1,0.05882102019113359,connected,mainstream
585,popular_1_exp_Experiment_1_seed_42,1,0.056635110143695044,connected,mainstream
40,popular_1_exp_Experiment_1_seed_42,1,0.019710222224987695,connected,niche
455,popular_1_exp_Experiment_1_seed_42,1,0.055745996819922324,connected,mainstream
216,popular_1_exp_Experiment_1_seed_42,1,0.057675184400251885,connected,mainstream
493,popular_1_exp_Experiment_1_seed_42,1,0.05928810290964448,connected,mainstream
495,popular_1_exp_Experiment_1_seed_42,1,0.06405844836198954,connected,mainstream
208,popular_1_exp_Experiment_1_seed_42,1,0.05426818257689001,connected,mainstream
368,popular_1_exp_Experiment_1_seed_42,1,0.06650938946822892,connected,mainstream
590,popular_1_exp_Experiment_1_seed_42,1,0.05135479466861657,connected,mainstream
232,popular_1_exp_Experiment_1_seed_42,1,0.055613039688253124,connected,mainstream
491,popular_1_exp_Experiment_1_seed_42,1,0.05102177492166928,connected,mainstream
598,popular_1_exp_Experiment_1_seed_42,1,0.055086248682514695,connected,mainstream
90,popular_1_exp_Experiment_1_seed_42,1,0.05698609574197978,connected,mainstream
365,popular_1_exp_Experiment_1_seed_42,1,0.054098189637806104,connected,mainstream
265,popular_1_exp_Experiment_1_seed_42,1,0.059093241072728696,connected,mainstream
415,popular_1_exp_Experiment_1_seed_42,1,0.06156458375971282,connected,mainstream
494,popular_1_exp_Experiment_1_seed_42,1,0.05318528626631227,connected,mainstream
66,popular_1_exp_Experiment_1_seed_42,1,0.05367436928150471,connected,mainstream
17,popular_1_exp_Experiment_1_seed_42,1,0.025631376398461553,connected,niche
356,popular_1_exp_Experiment_1_seed_42,1,0.05046153478814699,connected,mainstream
53,popular_1_exp_Experiment_1_seed_42,1,0.017056550275571288,connected,niche
4,popular_1_exp_Experiment_1_seed_42,1,0.02147587192976408,connected,niche
19,popular_1_exp_Experiment_1_seed_42,1,0.015919433111881244,connected,niche
240,popular_1_exp_Experiment_1_seed_42,1,0.053808337760868706,connected,mainstream
6,popular_1_exp_Experiment_1_seed_42,1,0.017274955855936965,connected,niche
252,popular_1_exp_Experiment_1_seed_42,1,0.053921681609299534,connected,mainstream
411,popular_1_exp_Experiment_1_seed_42,1,0.055097231600297385,connected,mainstream
376,popular_1_exp_Experiment_1_seed_42,1,0.05137480256250381,connected,mainstream
220,popular_1_exp_Experiment_1_seed_42,1,0.05117136752156534,connected,mainstream
373,popular_1_exp_Experiment_1_seed_42,1,0.05936529299789966,connected,mainstream
16,popular_1_exp_Experiment_1_seed_42,1,0.01818259592995496,connected,niche
1,popular_1_exp_Experiment_1_seed_42,1,0.013527367164352912,connected,niche
28,popular_1_exp_Experiment_1_seed_42,1,0.02039904196198775,connected,niche
306,popular_1_exp_Experiment_1_seed_42,1,0.05577893165109973,connected,mainstream
2,popular_1_exp_Experiment_1_seed_42,1,0.0223673943309084,connected,niche
562,popular_1_exp_Experiment_1_seed_42,1,0.05642021270410801,connected,mainstream
513,popular_1_exp_Experiment_1_seed_42,1,0.04915532830646291,connected,mainstream
308,popular_1_exp_Experiment_1_seed_42,1,0.05674403931033888,connected,mainstream
379,popular_1_exp_Experiment_1_seed_42,1,0.05140095450692233,connected,mainstream
375,popular_1_exp_Experiment_1_seed_42,1,0.057436246483723495,connected,mainstream
579,popular_1_exp_Experiment_1_seed_42,1,0.05377195847256941,connected,mainstream
596,popular_1_exp_Experiment_1_seed_42,1,0.05427149296237601,connected,mainstream
500,popular_1_exp_Experiment_1_seed_42,1,0.052364853512640586,connected,mainstream
546,popular_1_exp_Experiment_1_seed_42,1,0.06326813542992364,connected,mainstream
462,popular_1_exp_Experiment_1_seed_42,1,0.05014490946011591,connected,mainstream
332,popular_1_exp_Experiment_1_seed_42,1,0.05703624685972249,connected,mainstream
259,popular_1_exp_Experiment_1_seed_42,1,0.05500675751779688,connected,mainstream
142,popular_1_exp_Experiment_1_seed_42,1,0.05260222497496137,connected,mainstream
227,popular_1_exp_Experiment_1_seed_42,1,0.05008127923949826,connected,mainstream
468,popular_1_exp_Experiment_1_seed_42,1,0.056852634564434366,connected,mainstream
566,popular_1_exp_Experiment_1_seed_42,1,0.05253101844147867,connected,mainstream
312,popular_1_exp_Experiment_1_seed_42,1,0.05575022633922414,connected,mainstream
12,popular_1_exp_Experiment_1_seed_42,1,0.017637260780218395,connected,niche
14,popular_1_exp_Experiment_1_seed_42,1,0.016958186054727768,connected,niche
525,popular_1_exp_Experiment_1_seed_42,1,0.0575481490760863,connected,mainstream
314,popular_1_exp_Experiment_1_seed_42,1,0.06349037019009217,connected,mainstream
143,popular_1_exp_Experiment_1_seed_42,1,0.05605940975594465,connected,mainstream
187,popular_1_exp_Experiment_1_seed_42,1,0.04497708039932935,connected,mainstream
319,popular_1_exp_Experiment_1_seed_42,1,0.05221466421323706,connected,mainstream
37,popular_1_exp_Experiment_1_seed_42,1,0.023411806521765045,connected,niche
520,popular_1_exp_Experiment_1_seed_42,1,0.05659726927081199,connected,mainstream
471,popular_1_exp_Experiment_1_seed_42,1,0.049728980426601725,connected,mainstream
599,popular_1_exp_Experiment_1_seed_42,1,0.060383124860036996,connected,mainstream
506,popular_1_exp_Experiment_1_seed_42,1,0.06842975736250634,connected,mainstream
255,popular_1_exp_Experiment_1_seed_42,1,0.05688935960658283,connected,mainstream
353,popular_1_exp_Experiment_1_seed_42,1,0.06295143563222001,connected,mainstream
235,popular_1_exp_Experiment_1_seed_42,1,0.05128544620595418,connected,mainstream
545,popular_1_exp_Experiment_1_seed_42,1,0.07974978095360834,connected,mainstream
264,popular_1_exp_Experiment_1_seed_42,1,0.05031123716188788,connected,mainstream
441,popular_1_exp_Experiment_1_seed_42,1,0.05699330339536188,connected,mainstream
295,popular_1_exp_Experiment_1_seed_42,1,0.05816628112977038,connected,mainstream
509,popular_1_exp_Experiment_1_seed_42,1,0.0523277183406797,connected,mainstream
370,popular_1_exp_Experiment_1_seed_42,1,0.05994898616125834,connected,mainstream
454,popular_1_exp_Experiment_1_seed_42,1,0.05800795652567733,connected,mainstream
93,popular_1_exp_Experiment_1_seed_42,1,0.05361772618974118,connected,mainstream
543,popular_1_exp_Experiment_1_seed_42,1,0.0511240495716804,connected,mainstream
189,popular_1_exp_Experiment_1_seed_42,1,0.054278152449182555,connected,mainstream
134,popular_1_exp_Experiment_1_seed_42,1,0.0581523374958865,connected,mainstream
328,popular_1_exp_Experiment_1_seed_42,1,0.060093712353615956,connected,mainstream
571,popular_1_exp_Experiment_1_seed_42,1,0.06362425163246613,connected,mainstream
206,popular_1_exp_Experiment_1_seed_42,1,0.05835884995181977,connected,mainstream
294,popular_1_exp_Experiment_1_seed_42,1,0.051986377160165693,connected,mainstream
427,popular_1_exp_Experiment_1_seed_42,1,0.05558836312403496,connected,mainstream
536,popular_1_exp_Experiment_1_seed_42,1,0.059860332479769573,connected,mainstream
341,popular_1_exp_Experiment_1_seed_42,1,0.05127935488078086,connected,mainstream
402,popular_1_exp_Experiment_1_seed_42,1,0.05112844179080395,connected,mainstream
461,popular_1_exp_Experiment_1_seed_42,1,0.05873136853138019,connected,mainstream
425,popular_1_exp_Experiment_1_seed_42,1,0.05358674641111787,connected,mainstream
483,popular_1_exp_Experiment_1_seed_42,1,0.05366618501338618,connected,mainstream
492,popular_1_exp_Experiment_1_seed_42,1,0.08191684943676314,connected,mainstream
508,popular_1_exp_Experiment_1_seed_42,1,0.04961843931796064,connected,mainstream
115,popular_1_exp_Experiment_1_seed_42,1,0.05208200366847283,connected,mainstream
11,popular_1_exp_Experiment_1_seed_42,1,0.014980204679926981,connected,niche
210,popular_1_exp_Experiment_1_seed_42,1,0.07718997442677528,connected,mainstream
238,popular_1_exp_Experiment_1_seed_42,1,0.05438254544294104,connected,mainstream
180,popular_1_exp_Experiment_1_seed_42,1,0.05780731288567866,connected,mainstream
121,popular_1_exp_Experiment_1_seed_42,1,0.05619671645288297,connected,mainstream
539,popular_1_exp_Experiment_1_seed_42,1,0.052689667012074705,connected,mainstream
26,popular_1_exp_Experiment_1_seed_42,1,0.015822859732501596,connected,niche
202,popular_1_exp_Experiment_1_seed_42,1,0.07138153255917944,connected,mainstream
556,popular_1_exp_Experiment_1_seed_42,1,0.05058460195295666,connected,mainstream
366,popular_1_exp_Experiment_1_seed_42,1,0.05430033394619976,connected,mainstream
475,popular_1_exp_Experiment_1_seed_42,1,0.04650935173642374,connected,mainstream
344,popular_1_exp_Experiment_1_seed_42,1,0.06131059614724051,connected,mainstream
15,popular_1_exp_Experiment_1_seed_42,1,0.015561740111587405,connected,niche
523,popular_1_exp_Experiment_1_seed_42,1,0.05436903848834323,connected,mainstream
301,popular_1_exp_Experiment_1_seed_42,1,0.06728536839078043,connected,mainstream
262,popular_1_exp_Experiment_1_seed_42,1,0.0510854658464984,connected,mainstream
592,popular_1_exp_Experiment_1_seed_42,1,0.06017825040656286,connected,mainstream
154,popular_1_exp_Experiment_1_seed_42,1,0.05073366865329513,connected,mainstream
257,popular_1_exp_Experiment_1_seed_42,1,0.06422610811353642,connected,mainstream
313,popular_1_exp_Experiment_1_seed_42,1,0.05459944750476319,connected,mainstream
488,popular_1_exp_Experiment_1_seed_42,1,0.05118839001662792,connected,mainstream
174,popular_1_exp_Experiment_1_seed_42,1,0.05904081467142714,connected,mainstream
190,popular_1_exp_Experiment_1_seed_42,1,0.04997199783259474,connected,mainstream
594,popular_1_exp_Experiment_1_seed_42,1,0.050198670466970165,connected,mainstream
46,popular_1_exp_Experiment_1_seed_42,1,0.021442195701954086,connected,niche
457,popular_1_exp_Experiment_1_seed_42,1,0.05545437563060529,connected,mainstream
72,popular_1_exp_Experiment_1_seed_42,1,0.04986154295200234,connected,mainstream
73,popular_1_exp_Experiment_1_seed_42,1,0.06251525759195889,connected,mainstream
9,popular_1_exp_Experiment_1_seed_42,1,0.013048402409100058,connected,niche
377,popular_1_exp_Experiment_1_seed_42,1,0.06358307407519394,connected,mainstream
245,popular_1_exp_Experiment_1_seed_42,1,0.05268882906083747,connected,mainstream
128,popular_1_exp_Experiment_1_seed_42,1,0.07259979326981512,connected,mainstream
175,popular_1_exp_Experiment_1_seed_42,1,0.049115589178873466,connected,mainstream
515,popular_1_exp_Experiment_1_seed_42,1,0.05204328338126085,connected,mainstream
559,popular_1_exp_Experiment_1_seed_42,1,0.055042440331998156,connected,mainstream
36,popular_1_exp_Experiment_1_seed_42,1,0.025221859309451422,connected,niche
303,popular_1_exp_Experiment_1_seed_42,1,0.06593054323783683,connected,mainstream
432,popular_1_exp_Experiment_1_seed_42,1,0.059760858477601285,connected,mainstream
395,popular_1_exp_Experiment_1_seed_42,1,0.05111780255697459,connected,mainstream
450,popular_1_exp_Experiment_1_seed_42,1,0.04960167230582446,connected,mainstream
527,popular_1_exp_Experiment_1_seed_42,1,0.061252383742258165,connected,mainstream
555,popular_1_exp_Experiment_1_seed_42,1,0.05489253002185621,connected,mainstream
478,popular_1_exp_Experiment_1_seed_42,1,0.05148290442623249,connected,mainstream
364,popular_1_exp_Experiment_1_seed_42,1,0.051017132516587925,connected,mainstream
88,popular_1_exp_Experiment_1_seed_42,1,0.052653743840589275,connected,mainstream
147,popular_1_exp_Experiment_1_seed_42,1,0.050706215248747945,connected,mainstream
573,popular_1_exp_Experiment_1_seed_42,1,0.05502330854898644,connected,mainstream
18,popular_1_exp_Experiment_1_seed_42,1,0.015245385346447718,connected,niche
535,popular_1_exp_Experiment_1_seed_42,1,0.0508067693632023,connected,mainstream
460,popular_1_exp_Experiment_1_seed_42,1,0.05053340345033477,connected,mainstream
305,popular_1_exp_Experiment_1_seed_42,1,0.055730423579985,connected,mainstream
24,popular_1_exp_Experiment_1_seed_42,1,0.016984162769542357,connected,niche
42,popular_1_exp_Experiment_1_seed_42,1,0.053022768139041755,connected,niche
593,popular_1_exp_Experiment_1_seed_42,1,0.054072695182021395,connected,mainstream
418,popular_1_exp_Experiment_1_seed_42,1,0.057128840309203406,connected,mainstream
278,popular_1_exp_Experiment_1_seed_42,1,0.05576504378247955,connected,mainstream
5,popular_1_exp_Experiment_1_seed_42,1,0.016491316240085045,connected,niche
570,popular_1_exp_Experiment_1_seed_42,1,0.056473428289374315,connected,mainstream
336,popular_1_exp_Experiment_1_seed_42,1,0.06366256158363111,connected,mainstream
569,popular_1_exp_Experiment_1_seed_42,1,0.059810267535667094,connected,mainstream
320,popular_1_exp_Experiment_1_seed_42,1,0.06739476951054096,connected,mainstream
41,popular_1_exp_Experiment_1_seed_42,1,0.016984930312458176,connected,niche
274,popular_1_exp_Experiment_1_seed_42,1,0.06735523393424775,connected,mainstream
44,popular_1_exp_Experiment_1_seed_42,1,0.02747866111310611,connected,niche
437,popular_1_exp_Experiment_1_seed_42,1,0.056822498809087074,connected,mainstream
60,popular_1_exp_Experiment_1_seed_42,1,0.053051483700524586,connected,mainstream
459,popular_1_exp_Experiment_1_seed_42,1,0.05746106936239271,connected,mainstream
507,popular_1_exp_Experiment_1_seed_42,1,0.05135332538645917,connected,mainstream
526,popular_1_exp_Experiment_1_seed_42,1,0.05257776139420001,connected,mainstream
334,popular_1_exp_Experiment_1_seed_42,1,0.061020423553340745,connected,mainstream
162,popular_1_exp_Experiment_1_seed_42,1,0.055890307705663805,connected,mainstream
20,popular_1_exp_Experiment_1_seed_42,1,0.031187764828084774,connected,niche
146,popular_1_exp_Experiment_1_seed_42,1,0.06041818403006691,connected,mainstream
242,popular_1_exp_Experiment_1_seed_42,1,0.05173868257119046,connected,mainstream
169,popular_1_exp_Experiment_1_seed_42,1,0.07330670290540288,connected,mainstream
125,popular_1_exp_Experiment_1_seed_42,1,0.05102945719933321,connected,mainstream
465,popular_1_exp_Experiment_1_seed_42,1,0.051186851365603254,connected,mainstream
438,popular_1_exp_Experiment_1_seed_42,1,0.05287539561186085,connected,mainstream
529,popular_1_exp_Experiment_1_seed_42,1,0.049438607379361184,connected,mainstream
139,popular_1_exp_Experiment_1_seed_42,1,0.05366479331427507,connected,mainstream
213,popular_1_exp_Experiment_1_seed_42,1,0.05117936803424466,connected,mainstream
269,popular_1_exp_Experiment_1_seed_42,1,0.05090599420900952,connected,mainstream
445,popular_1_exp_Experiment_1_seed_42,1,0.06366115287779622,connected,mainstream
7,popular_1_exp_Experiment_1_seed_42,1,0.019071043888648956,connected,niche
533,popular_1_exp_Experiment_1_seed_42,1,0.05071227671853356,connected,mainstream
135,popular_1_exp_Experiment_1_seed_42,1,0.06498509414768879,connected,mainstream
317,popular_1_exp_Experiment_1_seed_42,1,0.050756015941581,connected,mainstream
178,popular_1_exp_Experiment_1_seed_42,1,0.05371124421064658,connected,mainstream
553,popular_1_exp_Experiment_1_seed_42,1,0.05324863522672712,connected,mainstream
413,popular_1_exp_Experiment_1_seed_42,1,0.05318760784041176,connected,mainstream
321,popular_1_exp_Experiment_1_seed_42,1,0.05615615403192112,connected,mainstream
199,popular_1_exp_Experiment_1_seed_42,1,0.05071219342750244,connected,mainstream
382,popular_1_exp_Experiment_1_seed_42,1,0.05261473720985541,connected,mainstream
451,popular_1_exp_Experiment_1_seed_42,1,0.05099954353113032,connected,mainstream
458,popular_1_exp_Experiment_1_seed_42,1,0.05443869350754598,connected,mainstream
89,popular_1_exp_Experiment_1_seed_42,1,0.052824653523164046,connected,mainstream
228,popular_1_exp_Experiment_1_seed_42,1,0.05636008257398025,connected,mainstream
277,popular_1_exp_Experiment_1_seed_42,1,0.05550242633628349,connected,mainstream
163,popular_1_exp_Experiment_1_seed_42,1,0.06281412280738519,connected,mainstream
144,popular_1_exp_Experiment_1_seed_42,1,0.05944463142067998,connected,mainstream
408,popular_1_exp_Experiment_1_seed_42,1,0.062009508334048356,connected,mainstream
173,popular_1_exp_Experiment_1_seed_42,1,0.06445975835490902,connected,mainstream
158,popular_1_exp_Experiment_1_seed_42,1,0.06027507226664545,connected,mainstream
260,popular_1_exp_Experiment_1_seed_42,1,0.05615108746865994,connected,mainstream
482,popular_1_exp_Experiment_1_seed_42,1,0.06224436829133353,connected,mainstream
211,popular_1_exp_Experiment_1_seed_42,1,0.05872730907007212,connected,mainstream
118,popular_1_exp_Experiment_1_seed_42,1,0.05434807359770146,connected,mainstream
109,popular_1_exp_Experiment_1_seed_42,1,0.05548945212036569,connected,mainstream
469,popular_1_exp_Experiment_1_seed_42,1,0.06311318315515436,connected,mainstream
424,popular_1_exp_Experiment_1_seed_42,1,0.0590391357741058,connected,mainstream
503,popular_1_exp_Experiment_1_seed_42,1,0.06372536262323802,connected,mainstream
270,popular_1_exp_Experiment_1_seed_42,1,0.060205229219500146,connected,mainstream
524,popular_1_exp_Experiment_1_seed_42,1,0.05020183980648368,connected,mainstream
531,popular_1_exp_Experiment_1_seed_42,1,0.05720650190159585,connected,mainstream
100,popular_1_exp_Experiment_1_seed_42,1,0.05016118058523111,connected,mainstream
333,popular_1_exp_Experiment_1_seed_42,1,0.06384288724642567,connected,mainstream
266,popular_1_exp_Experiment_1_seed_42,1,0.05349244797760556,connected,mainstream
453,popular_1_exp_Experiment_1_seed_42,1,0.05399138374071732,connected,mainstream
254,popular_1_exp_Experiment_1_seed_42,1,0.05499938609347211,connected,mainstream
285,popular_1_exp_Experiment_1_seed_42,1,0.05277868540890521,connected,mainstream
258,popular_1_exp_Experiment_1_seed_42,1,0.05438478471403096,connected,mainstream
87,popular_1_exp_Experiment_1_seed_42,1,0.05467499541397175,connected,mainstream
389,popular_1_exp_Experiment_1_seed_42,1,0.0490052101873171,connected,mainstream
261,popular_1_exp_Experiment_1_seed_42,1,0.055185501181862856,connected,mainstream
177,popular_1_exp_Experiment_1_seed_42,1,0.05234506132707606,connected,mainstream
480,popular_1_exp_Experiment_1_seed_42,1,0.053429016080392244,connected,mainstream
284,popular_1_exp_Experiment_1_seed_42,1,0.05585965069913267,connected,mainstream
119,popular_1_exp_Experiment_1_seed_42,1,0.059638769006944585,connected,mainstream
387,popular_1_exp_Experiment_1_seed_42,1,0.059520582071707684,connected,mainstream
243,popular_1_exp_Experiment_1_seed_42,1,0.056026443194789464,connected,mainstream
297,popular_1_exp_Experiment_1_seed_42,1,0.05971767409051463,connected,mainstream
551,popular_1_exp_Experiment_1_seed_42,1,0.06320595214568508,connected,mainstream
589,popular_1_exp_Experiment_1_seed_42,1,0.04965387210063007,connected,mainstream
137,popular_1_exp_Experiment_1_seed_42,1,0.053329548585186994,connected,mainstream
145,popular_1_exp_Experiment_1_seed_42,1,0.06615825958437212,connected,mainstream
108,popular_1_exp_Experiment_1_seed_42,1,0.05502294024906385,connected,mainstream
568,popular_1_exp_Experiment_1_seed_42,1,0.0514370273426353,connected,mainstream
388,popular_1_exp_Experiment_1_seed_42,1,0.0765946692007022,connected,mainstream
96,popular_1_exp_Experiment_1_seed_42,1,0.06496247638913433,connected,mainstream
383,popular_1_exp_Experiment_1_seed_42,1,0.051573717145549175,connected,mainstream
82,popular_1_exp_Experiment_1_seed_42,1,0.05092806782238315,connected,mainstream
316,popular_1_exp_Experiment_1_seed_42,1,0.05076389435407227,connected,mainstream
444,popular_1_exp_Experiment_1_seed_42,1,0.05126120021923177,connected,mainstream
532,popular_1_exp_Experiment_1_seed_42,1,0.05248999418919433,connected,mainstream
132,popular_1_exp_Experiment_1_seed_42,1,0.06585641283661593,connected,mainstream
578,popular_1_exp_Experiment_1_seed_42,1,0.05585556502241567,connected,mainstream
591,popular_1_exp_Experiment_1_seed_42,1,0.05392278791550736,connected,mainstream
107,popular_1_exp_Experiment_1_seed_42,1,0.0641423305438556,connected,mainstream
205,popular_1_exp_Experiment_1_seed_42,1,0.053198767425462264,connected,mainstream
504,popular_1_exp_Experiment_1_seed_42,1,0.06914410759628797,connected,mainstream
166,popular_1_exp_Experiment_1_seed_42,1,0.0618281270332667,connected,mainstream
479,popular_1_exp_Experiment_1_seed_42,1,0.0652601235885438,connected,mainstream
505,popular_1_exp_Experiment_1_seed_42,1,0.04827223175595268,connected,mainstream
403,popular_1_exp_Experiment_1_seed_42,1,0.051606421462087,connected,mainstream
292,popular_1_exp_Experiment_1_seed_42,1,0.052233735412596245,connected,mainstream
577,popular_1_exp_Experiment_1_seed_42,1,0.06283807069657994,connected,mainstream
540,popular_1_exp_Experiment_1_seed_42,1,0.053201488752772606,connected,mainstream
67,popular_1_exp_Experiment_1_seed_42,1,0.055894827847794766,connected,mainstream
193,popular_1_exp_Experiment_1_seed_42,1,0.05389521416099244,connected,mainstream
499,popular_1_exp_Experiment_1_seed_42,1,0.05931715648882485,connected,mainstream
310,popular_1_exp_Experiment_1_seed_42,1,0.056914707536741084,connected,mainstream
288,popular_1_exp_Experiment_1_seed_42,1,0.05900023506173349,connected,mainstream
214,popular_1_exp_Experiment_1_seed_42,1,0.05031980852896504,connected,mainstream
276,popular_1_exp_Experiment_1_seed_42,1,0.058173704576446654,connected,mainstream
564,popular_1_exp_Experiment_1_seed_42,1,0.05055655871586681,connected,mainstream
203,popular_1_exp_Experiment_1_seed_42,1,0.05498096309880598,connected,mainstream
63,popular_1_exp_Experiment_1_seed_42,1,0.05138365608548536,connected,mainstream
374,popular_1_exp_Experiment_1_seed_42,1,0.05640497288597277,connected,mainstream
474,popular_1_exp_Experiment_1_seed_42,1,0.06004892093215908,connected,mainstream
299,popular_1_exp_Experiment_1_seed_42,1,0.059405920514949695,connected,mainstream
548,popular_1_exp_Experiment_1_seed_42,1,0.05766029409081667,connected,mainstream
400,popular_1_exp_Experiment_1_seed_42,1,0.06420881311480277,connected,mainstream
345,popular_1_exp_Experiment_1_seed_42,1,0.05617498585561914,connected,mainstream
446,popular_1_exp_Experiment_1_seed_42,1,0.05971996196918795,connected,mainstream
80,popular_1_exp_Experiment_1_seed_42,1,0.06740459794355369,connected,mainstream
467,popular_1_exp_Experiment_1_seed_42,1,0.050431732301561394,connected,mainstream
560,popular_1_exp_Experiment_1_seed_42,1,0.06252276859328099,connected,mainstream
497,popular_1_exp_Experiment_1_seed_42,1,0.04965276013333455,connected,mainstream
176,popular_1_exp_Experiment_1_seed_42,1,0.05850694528206813,connected,mainstream
472,popular_1_exp_Experiment_1_seed_42,1,0.053319135188652333,connected,mainstream
597,popular_1_exp_Experiment_1_seed_42,1,0.07270870614943316,connected,mainstream
280,popular_1_exp_Experiment_1_seed_42,1,0.06471209364075058,connected,mainstream
268,popular_1_exp_Experiment_1_seed_42,1,0.04942167887178698,connected,mainstream
97,popular_1_exp_Experiment_1_seed_42,1,0.05762662643191019,connected,mainstream
61,popular_1_exp_Experiment_1_seed_42,1,0.05081289046914339,connected,mainstream
372,popular_1_exp_Experiment_1_seed_42,1,0.06302871114024877,connected,mainstream
27,popular_1_exp_Experiment_1_seed_42,1,0.02205626452183283,connected,niche
410,popular_1_exp_Experiment_1_seed_42,1,0.054233948367796964,connected,mainstream
519,popular_1_exp_Experiment_1_seed_42,1,0.051087832591863,connected,mainstream
557,popular_1_exp_Experiment_1_seed_42,1,0.052725167478301,connected,mainstream
48,popular_1_exp_Experiment_1_seed_42,1,0.016395714938007625,connected,niche
133,popular_1_exp_Experiment_1_seed_42,1,0.049914396321304066,connected,mainstream
302,popular_1_exp_Experiment_1_seed_42,1,0.054122015099280885,connected,mainstream
547,popular_1_exp_Experiment_1_seed_42,1,0.050844436907630984,connected,mainstream
406,popular_1_exp_Experiment_1_seed_42,1,0.061287797701741455,connected,mainstream
68,popular_1_exp_Experiment_1_seed_42,1,0.055949608736305056,connected,mainstream
339,popular_1_exp_Experiment_1_seed_42,1,0.04738113930969683,connected,mainstream
307,popular_1_exp_Experiment_1_seed_42,1,0.06395912600362157,connected,mainstream
357,popular_1_exp_Experiment_1_seed_42,1,0.07284892695576249,connected,mainstream
23,popular_1_exp_Experiment_1_seed_42,1,0.013091810755904015,connected,niche
449,popular_1_exp_Experiment_1_seed_42,1,0.055975769335110725,connected,mainstream
182,popular_1_exp_Experiment_1_seed_42,1,0.06053063405719491,connected,mainstream
473,popular_1_exp_Experiment_1_seed_42,1,0.0496987874279326,connected,mainstream
250,popular_1_exp_Experiment_1_seed_42,1,0.05712480295146428,connected,mainstream
420,popular_1_exp_Experiment_1_seed_42,1,0.05283126879855171,connected,mainstream
436,popular_1_exp_Experiment_1_seed_42,1,0.05495441339858004,connected,mainstream
172,popular_1_exp_Experiment_1_seed_42,1,0.052705740883982916,connected,mainstream
161,popular_1_exp_Experiment_1_seed_42,1,0.05067577610111592,connected,mainstream
157,popular_1_exp_Experiment_1_seed_42,1,0.058334143192420425,connected,mainstream
481,popular_1_exp_Experiment_1_seed_42,1,0.053040689266756175,connected,mainstream
501,popular_1_exp_Experiment_1_seed_42,1,0.05546398870691557,connected,mainstream
421,popular_1_exp_Experiment_1_seed_42,1,0.05317867258564252,connected,mainstream
315,popular_1_exp_Experiment_1_seed_42,1,0.06469238460004756,connected,mainstream
351,popular_1_exp_Experiment_1_seed_42,1,0.06717965641593955,connected,mainstream
386,popular_1_exp_Experiment_1_seed_42,1,0.050567235401375976,connected,mainstream
335,popular_1_exp_Experiment_1_seed_42,1,0.051654752105529535,connected,mainstream
393,popular_1_exp_Experiment_1_seed_42,1,0.05926743223460045,connected,mainstream
282,popular_1_exp_Experiment_1_seed_42,1,0.053195306681024394,connected,mainstream
105,popular_1_exp_Experiment_1_seed_42,1,0.05329907281787231,connected,mainstream
62,popular_1_exp_Experiment_1_seed_42,1,0.06078862707951551,connected,mainstream
86,popular_1_exp_Experiment_1_seed_42,1,0.049973052717763145,connected,mainstream
337,popular_1_exp_Experiment_1_seed_42,1,0.05348062667946698,connected,mainstream
230,popular_1_exp_Experiment_1_seed_42,1,0.058620828767797915,connected,mainstream
165,popular_1_exp_Experiment_1_seed_42,1,0.05408506117848261,connected,mainstream
152,popular_1_exp_Experiment_1_seed_42,1,0.0550793321050562,connected,mainstream
29,popular_1_exp_Experiment_1_seed_42,1,0.022436719241824516,connected,niche
283,popular_1_exp_Experiment_1_seed_42,1,0.05335094755480776,connected,mainstream
572,popular_1_exp_Experiment_1_seed_42,1,0.06972696076218014,connected,mainstream
209,popular_1_exp_Experiment_1_seed_42,1,0.06326129503312423,connected,mainstream
47,popular_1_exp_Experiment_1_seed_42,1,0.01358969091426533,connected,niche
485,popular_1_exp_Experiment_1_seed_42,1,0.05209102700723479,connected,mainstream
552,popular_1_exp_Experiment_1_seed_42,1,0.07007140093649393,connected,mainstream
183,popular_1_exp_Experiment_1_seed_42,1,0.054615305257168435,connected,mainstream
225,popular_1_exp_Experiment_1_seed_42,1,0.0730176768682384,connected,mainstream
291,popular_1_exp_Experiment_1_seed_42,1,0.06738523133257913,connected,mainstream
204,popular_1_exp_Experiment_1_seed_42,1,0.057796050027537266,connected,mainstream
140,popular_1_exp_Experiment_1_seed_42,1,0.05170715552845451,connected,mainstream
401,popular_1_exp_Experiment_1_seed_42,1,0.061046016537851,connected,mainstream
433,popular_1_exp_Experiment_1_seed_42,1,0.05483679145259606,connected,mainstream
92,popular_1_exp_Experiment_1_seed_42,1,0.052126319060178485,connected,mainstream
544,popular_1_exp_Experiment_1_seed_42,1,0.05166217220334517,connected,mainstream
149,popular_1_exp_Experiment_1_seed_42,1,0.05061198055943241,connected,mainstream
8,popular_1_exp_Experiment_1_seed_42,1,0.012557849380464586,connected,niche
361,popular_1_exp_Experiment_1_seed_42,1,0.05742794631072128,connected,mainstream
84,popular_1_exp_Experiment_1_seed_42,1,0.05279516323161785,connected,mainstream
541,popular_1_exp_Experiment_1_seed_42,1,0.053320450461773534,connected,mainstream
195,popular_1_exp_Experiment_1_seed_42,1,0.06138017195244164,connected,mainstream
414,popular_1_exp_Experiment_1_seed_42,1,0.060320826283864766,connected,mainstream
156,popular_1_exp_Experiment_1_seed_42,1,0.047298364894113605,connected,mainstream
405,popular_1_exp_Experiment_1_seed_42,1,0.049607177797136866,connected,mainstream
329,popular_1_exp_Experiment_1_seed_42,1,0.05160635754140483,connected,mainstream
516,popular_1_exp_Experiment_1_seed_42,1,0.055132915165604784,connected,mainstream
54,popular_1_exp_Experiment_1_seed_42,1,0.021940516240300346,connected,niche
58,popular_1_exp_Experiment_1_seed_42,1,0.024770896104958685,connected,niche
434,popular_1_exp_Experiment_1_seed_42,1,0.0517647398690812,connected,mainstream
338,popular_1_exp_Experiment_1_seed_42,1,0.04933849779482311,connected,mainstream
167,popular_1_exp_Experiment_1_seed_42,1,0.05450637602237629,connected,mainstream
588,popular_1_exp_Experiment_1_seed_42,1,0.06758212615776735,connected,mainstream
348,popular_1_exp_Experiment_1_seed_42,1,0.05813600217738682,connected,mainstream
33,popular_1_exp_Experiment_1_seed_42,1,0.02216480223964405,connected,niche
112,popular_1_exp_Experiment_1_seed_42,1,0.05473172790713396,connected,mainstream
311,popular_1_exp_Experiment_1_seed_42,1,0.07008609240889989,connected,mainstream
74,popular_1_exp_Experiment_1_seed_42,1,0.05731074545411299,connected,mainstream
102,popular_1_exp_Experiment_1_seed_42,1,0.05582264876295803,connected,mainstream
380,popular_1_exp_Experiment_1_seed_42,1,0.05921812229369212,connected,mainstream
352,popular_1_exp_Experiment_1_seed_42,1,0.059801861630123604,connected,mainstream
537,popular_1_exp_Experiment_1_seed_42,1,0.06192895421551257,connected,mainstream
69,popular_1_exp_Experiment_1_seed_42,1,0.05752545728345482,connected,mainstream
64,popular_1_exp_Experiment_1_seed_42,1,0.05157831061234431,connected,mainstream
35,popular_1_exp_Experiment_1_seed_42,1,0.016654612099598776,connected,niche
384,popular_1_exp_Experiment_1_seed_42,1,0.06066224081812697,connected,mainstream
279,popular_1_exp_Experiment_1_seed_42,1,0.052701313221560984,connected,mainstream
94,popular_1_exp_Experiment_1_seed_42,1,0.04864640979000725,connected,mainstream
398,popular_1_exp_Experiment_1_seed_42,1,0.05309686127679541,connected,mainstream
222,popular_1_exp_Experiment_1_seed_42,1,0.052442027701192384,connected,mainstream
124,popular_1_exp_Experiment_1_seed_42,1,0.05773955418793194,connected,mainstream
340,popular_1_exp_Experiment_1_seed_42,1,0.05235108029422433,connected,mainstream
229,popular_1_exp_Experiment_1_seed_42,1,0.052110769152802446,connected,mainstream
517,popular_1_exp_Experiment_1_seed_42,1,0.05632140653420958,connected,mainstream
323,popular_1_exp_Experiment_1_seed_42,1,0.06427550116359634,connected,mainstream
79,popular_1_exp_Experiment_1_seed_42,1,0.06864547203139933,connected,mainstream
409,popular_1_exp_Experiment_1_seed_42,1,0.061313232121038265,connected,mainstream
207,popular_1_exp_Experiment_1_seed_42,1,0.05214661184639014,connected,mainstream
111,popular_1_exp_Experiment_1_seed_42,1,0.05093480925068438,connected,mainstream
331,popular_1_exp_Experiment_1_seed_42,1,0.05215845788885687,connected,mainstream
354,popular_1_exp_Experiment_1_seed_42,1,0.05433092938082898,connected,mainstream
85,popular_1_exp_Experiment_1_seed_42,1,0.05672148509004444,connected,mainstream
104,popular_1_exp_Experiment_1_seed_42,1,0.07244360227360212,connected,mainstream
296,popular_1_exp_Experiment_1_seed_42,1,0.05403421305020911,connected,mainstream
194,popular_1_exp_Experiment_1_seed_42,1,0.05206715211657829,connected,mainstream
275,popular_1_exp_Experiment_1_seed_42,1,0.052579723307544145,connected,mainstream
498,popular_1_exp_Experiment_1_seed_42,1,0.05610859513873572,connected,mainstream
567,popular_1_exp_Experiment_1_seed_42,1,0.060391560622781636,connected,mainstream
267,popular_1_exp_Experiment_1_seed_42,1,0.06453167745314835,connected,mainstream
489,popular_1_exp_Experiment_1_seed_42,1,0.05652822358432364,connected,mainstream
25,popular_1_exp_Experiment_1_seed_42,1,0.014879685895803794,connected,niche
159,popular_1_exp_Experiment_1_seed_42,1,0.04826477137594992,connected,mainstream
293,popular_1_exp_Experiment_1_seed_42,1,0.054083310264510555,connected,mainstream
358,popular_1_exp_Experiment_1_seed_42,1,0.05948610373697061,connected,mainstream
247,popular_1_exp_Experiment_1_seed_42,1,0.05670152399945197,connected,mainstream
55,popular_1_exp_Experiment_1_seed_42,1,0.01867339167456587,connected,niche
184,popular_1_exp_Experiment_1_seed_42,1,0.054526966336446686,connected,mainstream
129,popular_1_exp_Experiment_1_seed_42,1,0.0763219116263992,connected,mainstream
246,popular_1_exp_Experiment_1_seed_42,1,0.061216856207536884,connected,mainstream
253,popular_1_exp_Experiment_1_seed_42,1,0.06730006134639417,connected,mainstream
249,popular_1_exp_Experiment_1_seed_42,1,0.04690020159926333,connected,mainstream
452,popular_1_exp_Experiment_1_seed_42,1,0.0502336922671065,connected,mainstream
281,popular_1_exp_Experiment_1_seed_42,1,0.05313455262560946,connected,mainstream
237,popular_1_exp_Experiment_1_seed_42,1,0.06678598710772195,connected,mainstream
52,popular_1_exp_Experiment_1_seed_42,1,0.012279459694380749,connected,niche
584,popular_1_exp_Experiment_1_seed_42,1,0.05694322609355216,connected,mainstream
114,popular_1_exp_Experiment_1_seed_42,1,0.05265492763599927,connected,mainstream
581,popular_1_exp_Experiment_1_seed_42,1,0.05380460706168134,connected,mainstream
325,popular_1_exp_Experiment_1_seed_42,1,0.05154129115555423,connected,mainstream
110,popular_1_exp_Experiment_1_seed_42,1,0.05289112115245285,connected,mainstream
343,popular_1_exp_Experiment_1_seed_42,1,0.053807575719995615,connected,mainstream
347,popular_1_exp_Experiment_1_seed_42,1,0.055306968051348736,connected,mainstream
244,popular_1_exp_Experiment_1_seed_42,1,0.0538389123093889,connected,mainstream
196,popular_1_exp_Experiment_1_seed_42,1,0.056426683712671906,connected,mainstream
272,popular_1_exp_Experiment_1_seed_42,1,0.050151292132272866,connected,mainstream
30,popular_1_exp_Experiment_1_seed_42,1,0.03563954191086672,connected,niche
236,popular_1_exp_Experiment_1_seed_42,1,0.05381718863525676,connected,mainstream
583,popular_1_exp_Experiment_1_seed_42,1,0.04959554400015432,connected,mainstream
200,popular_1_exp_Experiment_1_seed_42,1,0.050956175204960395,connected,mainstream
78,popular_1_exp_Experiment_1_seed_42,1,0.050511871283393815,connected,mainstream
530,popular_1_exp_Experiment_1_seed_42,1,0.05829554414109669,connected,mainstream
50,popular_1_exp_Experiment_1_seed_42,1,0.021279118653553152,connected,niche
192,popular_1_exp_Experiment_1_seed_42,1,0.05205459919130289,connected,mainstream
103,popular_1_exp_Experiment_1_seed_42,1,0.05567385253254298,connected,mainstream
43,popular_1_exp_Experiment_1_seed_42,1,0.031591891519100225,connected,niche
429,popular_1_exp_Experiment_1_seed_42,1,0.05209931871641552,connected,mainstream
309,popular_1_exp_Experiment_1_seed_42,1,0.050496371993273725,connected,mainstream
534,popular_1_exp_Experiment_1_seed_42,1,0.05676075259250451,connected,mainstream
289,popular_1_exp_Experiment_1_seed_42,1,0.06505752898682145,connected,mainstream
234,popular_1_exp_Experiment_1_seed_42,1,0.05953730694408854,connected,mainstream
212,popular_1_exp_Experiment_1_seed_42,1,0.05516402557995465,connected,mainstream
197,popular_1_exp_Experiment_1_seed_42,1,0.057306988578624186,connected,mainstream
442,popular_1_exp_Experiment_1_seed_42,1,0.05029235677422177,connected,mainstream
463,popular_1_exp_Experiment_1_seed_42,1,0.06335819447917503,connected,mainstream
239,popular_1_exp_Experiment_1_seed_42,1,0.06728449533969466,connected,mainstream
422,popular_1_exp_Experiment_1_seed_42,1,0.06308728480217929,connected,mainstream
271,popular_1_exp_Experiment_1_seed_42,1,0.05678234714084455,connected,mainstream
575,popular_1_exp_Experiment_1_seed_42,1,0.05340247816461893,connected,mainstream
131,popular_1_exp_Experiment_1_seed_42,1,0.056367972133959256,connected,mainstream
576,popular_1_exp_Experiment_1_seed_42,1,0.05613418027184746,connected,mainstream
164,popular_1_exp_Experiment_1_seed_42,1,0.057101861191896953,connected,mainstream
470,popular_1_exp_Experiment_1_seed_42,1,0.06419963302394577,connected,mainstream
218,popular_1_exp_Experiment_1_seed_42,1,0.054430404997270844,connected,mainstream
396,popular_1_exp_Experiment_1_seed_42,1,0.049800980923269435,connected,mainstream
447,popular_1_exp_Experiment_1_seed_42,1,0.06262382567232387,connected,mainstream
324,popular_1_exp_Experiment_1_seed_42,1,0.04992748172846609,connected,mainstream
385,popular_1_exp_Experiment_1_seed_42,1,0.05989680399364267,connected,mainstream
580,popular_1_exp_Experiment_1_seed_42,1,0.050787766098865976,connected,mainstream
215,popular_1_exp_Experiment_1_seed_42,1,0.05570108007037584,connected,mainstream
22,popular_1_exp_Experiment_1_seed_42,1,0.01803093576235242,connected,niche
528,popular_1_exp_Experiment_1_seed_42,1,0.05112403825573195,connected,mainstream
404,popular_1_exp_Experiment_1_seed_42,1,0.05986167148838856,connected,mainstream
99,popular_1_exp_Experiment_1_seed_42,1,0.050868908015435206,connected,mainstream
122,popular_1_exp_Experiment_1_seed_42,1,0.059775834123822535,connected,mainstream
496,popular_1_exp_Experiment_1_seed_42,1,0.06969075383942358,connected,mainstream
538,popular_1_exp_Experiment_1_seed_42,1,0.05830220771931863,connected,mainstream
350,popular_1_exp_Experiment_1_seed_42,1,0.04956348510926989,connected,mainstream
586,popular_1_exp_Experiment_1_seed_42,1,0.05563974944355405,connected,mainstream
116,popular_1_exp_Experiment_1_seed_42,1,0.05030637171136764,connected,mainstream
510,popular_1_exp_Experiment_1_seed_42,1,0.060829567018398444,connected,mainstream
263,popular_1_exp_Experiment_1_seed_42,1,0.06033672727551959,connected,mainstream
512,popular_1_exp_Experiment_1_seed_42,1,0.05402925906272769,connected,mainstream
286,popular_1_exp_Experiment_1_seed_42,1,0.05240311739934964,connected,mainstream
360,popular_1_exp_Experiment_1_seed_42,1,0.05106424821579217,connected,mainstream
565,popular_1_exp_Experiment_1_seed_42,1,0.05296907372012135,connected,mainstream
378,popular_1_exp_Experiment_1_seed_42,1,0.05613721778547592,connected,mainstream
349,popular_1_exp_Experiment_1_seed_42,1,0.05895851132361963,connected,mainstream
417,popular_1_exp_Experiment_1_seed_42,1,0.06331814541605509,connected,mainstream
83,popular_1_exp_Experiment_1_seed_42,1,0.06018800099399679,connected,mainstream
127,popular_1_exp_Experiment_1_seed_42,2,0.06580330357485033,connected,mainstream
70,popular_1_exp_Experiment_1_seed_42,2,0.054122600294825296,connected,mainstream
392,popular_1_exp_Experiment_1_seed_42,2,0.06094202892043654,connected,mainstream
298,popular_1_exp_Experiment_1_seed_42,2,0.06029991582887299,connected,mainstream
113,popular_1_exp_Experiment_1_seed_42,2,0.05782973579060601,connected,mainstream
71,popular_1_exp_Experiment_1_seed_42,2,0.06199632744061676,connected,mainstream
542,popular_1_exp_Experiment_1_seed_42,2,0.053375592063745696,connected,mainstream
138,popular_1_exp_Experiment_1_seed_42,2,0.061544777065975276,connected,mainstream
57,popular_1_exp_Experiment_1_seed_42,2,0.017644243723098706,connected,niche
419,popular_1_exp_Experiment_1_seed_42,2,0.05321133497350217,connected,mainstream
198,popular_1_exp_Experiment_1_seed_42,2,0.05869217804541823,connected,mainstream
330,popular_1_exp_Experiment_1_seed_42,2,0.04962527148991699,connected,mainstream
502,popular_1_exp_Experiment_1_seed_42,2,0.05999284124051948,connected,mainstream
549,popular_1_exp_Experiment_1_seed_42,2,0.051744805766633685,connected,mainstream
21,popular_1_exp_Experiment_1_seed_42,2,0.016348400756956795,connected,niche
363,popular_1_exp_Experiment_1_seed_42,2,0.056440103833453346,connected,mainstream
241,popular_1_exp_Experiment_1_seed_42,2,0.062328063687043724,connected,mainstream
191,popular_1_exp_Experiment_1_seed_42,2,0.059466475411960894,connected,mainstream
587,popular_1_exp_Experiment_1_seed_42,2,0.0567560550223851,connected,mainstream
346,popular_1_exp_Experiment_1_seed_42,2,0.055688102906122555,connected,mainstream
466,popular_1_exp_Experiment_1_seed_42,2,0.0521156240667392,connected,mainstream
136,popular_1_exp_Experiment_1_seed_42,2,0.05619631335321081,connected,mainstream
423,popular_1_exp_Experiment_1_seed_42,2,0.06250900172166708,connected,mainstream
561,popular_1_exp_Experiment_1_seed_42,2,0.06459329183018062,connected,mainstream
582,popular_1_exp_Experiment_1_seed_42,2,0.05648687061280472,connected,mainstream
456,popular_1_exp_Experiment_1_seed_42,2,0.052585553579368956,connected,mainstream
359,popular_1_exp_Experiment_1_seed_42,2,0.05101972159974095,connected,mainstream
355,popular_1_exp_Experiment_1_seed_42,2,0.05633208709574011,connected,mainstream
394,popular_1_exp_Experiment_1_seed_42,2,0.05479614797867014,connected,mainstream
428,popular_1_exp_Experiment_1_seed_42,2,0.052695670520055866,connected,mainstream
56,popular_1_exp_Experiment_1_seed_42,2,0.026378846665990927,connected,niche
123,popular_1_exp_Experiment_1_seed_42,2,0.054755975185178524,connected,mainstream
31,popular_1_exp_Experiment_1_seed_42,2,0.014364055179315091,connected,niche
399,popular_1_exp_Experiment_1_seed_42,2,0.05427581065758833,connected,mainstream
476,popular_1_exp_Experiment_1_seed_42,2,0.060487476080559044,connected,mainstream
322,popular_1_exp_Experiment_1_seed_42,2,0.05930345873036836,connected,mainstream
219,popular_1_exp_Experiment_1_seed_42,2,0.058467315290550326,connected,mainstream
186,popular_1_exp_Experiment_1_seed_42,2,0.06900441019430759,connected,mainstream
511,popular_1_exp_Experiment_1_seed_42,2,0.05204851318914764,connected,mainstream
290,popular_1_exp_Experiment_1_seed_42,2,0.051224050968817304,connected,mainstream
231,popular_1_exp_Experiment_1_seed_42,2,0.05760196455081848,connected,mainstream
188,popular_1_exp_Experiment_1_seed_42,2,0.054526187718610925,connected,mainstream
416,popular_1_exp_Experiment_1_seed_42,2,0.059191210267048815,connected,mainstream
443,popular_1_exp_Experiment_1_seed_42,2,0.06326288387356144,connected,mainstream
101,popular_1_exp_Experiment_1_seed_42,2,0.06510792113289994,connected,mainstream
431,popular_1_exp_Experiment_1_seed_42,2,0.05500003698564416,connected,mainstream
170,popular_1_exp_Experiment_1_seed_42,2,0.05225597548791927,connected,mainstream
185,popular_1_exp_Experiment_1_seed_42,2,0.05386290331621388,connected,mainstream
201,popular_1_exp_Experiment_1_seed_42,2,0.05774917329164358,connected,mainstream
32,popular_1_exp_Experiment_1_seed_42,2,0.015500927277929547,connected,niche
77,popular_1_exp_Experiment_1_seed_42,2,0.07316528589726536,connected,mainstream
106,popular_1_exp_Experiment_1_seed_42,2,0.053168022549997945,connected,mainstream
412,popular_1_exp_Experiment_1_seed_42,2,0.06115842041518595,connected,mainstream
518,popular_1_exp_Experiment_1_seed_42,2,0.051831047190687984,connected,mainstream
381,popular_1_exp_Experiment_1_seed_42,2,0.05089046557795441,connected,mainstream
490,popular_1_exp_Experiment_1_seed_42,2,0.05216434133364355,connected,mainstream
171,popular_1_exp_Experiment_1_seed_42,2,0.05022046022670871,connected,mainstream
59,popular_1_exp_Experiment_1_seed_42,2,0.027193882018746802,connected,niche
45,popular_1_exp_Experiment_1_seed_42,2,0.015328539570542983,connected,niche
160,popular_1_exp_Experiment_1_seed_42,2,0.057278078944193324,connected,mainstream
3,popular_1_exp_Experiment_1_seed_42,2,0.014036177704807034,connected,niche
304,popular_1_exp_Experiment_1_seed_42,2,0.061027844896230705,connected,mainstream
563,popular_1_exp_Experiment_1_seed_42,2,0.050961119488827485,connected,mainstream
13,popular_1_exp_Experiment_1_seed_42,2,0.018488376873600203,connected,niche
327,popular_1_exp_Experiment_1_seed_42,2,0.05396706795850409,connected,mainstream
148,popular_1_exp_Experiment_1_seed_42,2,0.05070344603004625,connected,mainstream
151,popular_1_exp_Experiment_1_seed_42,2,0.06341574324507872,connected,mainstream
153,popular_1_exp_Experiment_1_seed_42,2,0.06670136741670157,connected,mainstream
91,popular_1_exp_Experiment_1_seed_42,2,0.05286167019914417,connected,mainstream
430,popular_1_exp_Experiment_1_seed_42,2,0.0586328696884749,connected,mainstream
426,popular_1_exp_Experiment_1_seed_42,2,0.055654689342112935,connected,mainstream
273,popular_1_exp_Experiment_1_seed_42,2,0.04908125604468975,connected,mainstream
371,popular_1_exp_Experiment_1_seed_42,2,0.050524881093601946,connected,mainstream
558,popular_1_exp_Experiment_1_seed_42,2,0.0653530630685026,connected,mainstream
477,popular_1_exp_Experiment_1_seed_42,2,0.052207377737652466,connected,mainstream
95,popular_1_exp_Experiment_1_seed_42,2,0.05274681265355971,connected,mainstream
391,popular_1_exp_Experiment_1_seed_42,2,0.05185008327288729,connected,mainstream
155,popular_1_exp_Experiment_1_seed_42,2,0.06052908426218356,connected,mainstream
98,popular_1_exp_Experiment_1_seed_42,2,0.05831960433259315,connected,mainstream
486,popular_1_exp_Experiment_1_seed_42,2,0.05219846308025387,connected,mainstream
287,popular_1_exp_Experiment_1_seed_42,2,0.0520153585150829,connected,mainstream
574,popular_1_exp_Experiment_1_seed_42,2,0.06357793702149787,connected,mainstream
49,popular_1_exp_Experiment_1_seed_42,2,0.020218263344981873,connected,niche
440,popular_1_exp_Experiment_1_seed_42,2,0.06559601656070822,connected,mainstream
75,popular_1_exp_Experiment_1_seed_42,2,0.05758282687633215,connected,mainstream
390,popular_1_exp_Experiment_1_seed_42,2,0.057610264945196187,connected,mainstream
141,popular_1_exp_Experiment_1_seed_42,2,0.05070496934653585,connected,mainstream
439,popular_1_exp_Experiment_1_seed_42,2,0.0579796920457089,connected,mainstream
223,popular_1_exp_Experiment_1_seed_42,2,0.0759992634865704,connected,mainstream
65,popular_1_exp_Experiment_1_seed_42,2,0.06719192734818284,connected,mainstream
407,popular_1_exp_Experiment_1_seed_42,2,0.0572084083404921,connected,mainstream
484,popular_1_exp_Experiment_1_seed_42,2,0.052751557596540155,connected,mainstream
81,popular_1_exp_Experiment_1_seed_42,2,0.04971758044015089,connected,mainstream
181,popular_1_exp_Experiment_1_seed_42,2,0.05550646760018795,connected,mainstream
217,popular_1_exp_Experiment_1_seed_42,2,0.06405342321674325,connected,mainstream
256,popular_1_exp_Experiment_1_seed_42,2,0.058999177853425615,connected,mainstream
318,popular_1_exp_Experiment_1_seed_42,2,0.06646678717069261,connected,mainstream
150,popular_1_exp_Experiment_1_seed_42,2,0.07236184168627897,connected,mainstream
342,popular_1_exp_Experiment_1_seed_42,2,0.06458027703504217,connected,mainstream
224,popular_1_exp_Experiment_1_seed_42,2,0.054232886602328334,connected,mainstream
179,popular_1_exp_Experiment_1_seed_42,2,0.05537645277413128,connected,mainstream
514,popular_1_exp_Experiment_1_seed_42,2,0.05191513254088087,connected,mainstream
130,popular_1_exp_Experiment_1_seed_42,2,0.05028737909621817,connected,mainstream
120,popular_1_exp_Experiment_1_seed_42,2,0.06390283843286322,connected,mainstream
550,popular_1_exp_Experiment_1_seed_42,2,0.055095094473681716,connected,mainstream
76,popular_1_exp_Experiment_1_seed_42,2,0.06938387879370257,connected,mainstream
448,popular_1_exp_Experiment_1_seed_42,2,0.060074072798061186,connected,mainstream
248,popular_1_exp_Experiment_1_seed_42,2,0.053950301535644014,connected,mainstream
397,popular_1_exp_Experiment_1_seed_42,2,0.06008266946529059,connected,mainstream
39,popular_1_exp_Experiment_1_seed_42,2,0.029532053955549687,connected,niche
367,popular_1_exp_Experiment_1_seed_42,2,0.05674781067397685,connected,mainstream
168,popular_1_exp_Experiment_1_seed_42,2,0.04849906991072708,connected,mainstream
300,popular_1_exp_Experiment_1_seed_42,2,0.06152907431723459,connected,mainstream
435,popular_1_exp_Experiment_1_seed_42,2,0.060452262808325434,connected,mainstream
38,popular_1_exp_Experiment_1_seed_42,2,0.015398323299981852,connected,niche
221,popular_1_exp_Experiment_1_seed_42,2,0.054512587677012496,connected,mainstream
251,popular_1_exp_Experiment_1_seed_42,2,0.053713690720875125,connected,mainstream
326,popular_1_exp_Experiment_1_seed_42,2,0.06839469195664985,connected,mainstream
362,popular_1_exp_Experiment_1_seed_42,2,0.05155365022234323,connected,mainstream
554,popular_1_exp_Experiment_1_seed_42,2,0.0615362904628356,connected,mainstream
0,popular_1_exp_Experiment_1_seed_42,2,0.01477190807630136,connected,niche
595,popular_1_exp_Experiment_1_seed_42,2,0.05038075755826472,connected,mainstream
487,popular_1_exp_Experiment_1_seed_42,2,0.06627171062264536,connected,mainstream
369,popular_1_exp_Experiment_1_seed_42,2,0.08252477331185011,connected,mainstream
521,popular_1_exp_Experiment_1_seed_42,2,0.060701260053005135,connected,mainstream
34,popular_1_exp_Experiment_1_seed_42,2,0.013814798505032222,connected,niche
233,popular_1_exp_Experiment_1_seed_42,2,0.057854009544486516,connected,mainstream
10,popular_1_exp_Experiment_1_seed_42,2,0.025935970007792696,connected,niche
51,popular_1_exp_Experiment_1_seed_42,2,0.029645708933727994,connected,niche
117,popular_1_exp_Experiment_1_seed_42,2,0.05182117771964712,connected,mainstream
226,popular_1_exp_Experiment_1_seed_42,2,0.06239453103242041,connected,mainstream
464,popular_1_exp_Experiment_1_seed_42,2,0.06315551121345196,connected,mainstream
126,popular_1_exp_Experiment_1_seed_42,2,0.05633953078213851,connected,mainstream
522,popular_1_exp_Experiment_1_seed_42,2,0.05881929150946875,connected,mainstream
585,popular_1_exp_Experiment_1_seed_42,2,0.05285336537348071,connected,mainstream
40,popular_1_exp_Experiment_1_seed_42,2,0.020308167686730428,connected,niche
455,popular_1_exp_Experiment_1_seed_42,2,0.051556923662959324,connected,mainstream
216,popular_1_exp_Experiment_1_seed_42,2,0.06260560529807475,connected,mainstream
493,popular_1_exp_Experiment_1_seed_42,2,0.06869383254815849,connected,mainstream
495,popular_1_exp_Experiment_1_seed_42,2,0.0653834143279003,connected,mainstream
208,popular_1_exp_Experiment_1_seed_42,2,0.059922273986962815,connected,mainstream
368,popular_1_exp_Experiment_1_seed_42,2,0.0676784081659076,connected,mainstream
590,popular_1_exp_Experiment_1_seed_42,2,0.0510201880819649,connected,mainstream
232,popular_1_exp_Experiment_1_seed_42,2,0.05748968446826732,connected,mainstream
491,popular_1_exp_Experiment_1_seed_42,2,0.05101809182964124,connected,mainstream
598,popular_1_exp_Experiment_1_seed_42,2,0.05705813721227059,connected,mainstream
90,popular_1_exp_Experiment_1_seed_42,2,0.05585637121715723,connected,mainstream
365,popular_1_exp_Experiment_1_seed_42,2,0.05804451329722465,connected,mainstream
265,popular_1_exp_Experiment_1_seed_42,2,0.05753027748778003,connected,mainstream
415,popular_1_exp_Experiment_1_seed_42,2,0.06466220013160028,connected,mainstream
494,popular_1_exp_Experiment_1_seed_42,2,0.05458119485899765,connected,mainstream
66,popular_1_exp_Experiment_1_seed_42,2,0.05478507122471927,connected,mainstream
17,popular_1_exp_Experiment_1_seed_42,2,0.02938968811285661,connected,niche
356,popular_1_exp_Experiment_1_seed_42,2,0.0536372301667988,connected,mainstream
53,popular_1_exp_Experiment_1_seed_42,2,0.02168799700563046,connected,niche
4,popular_1_exp_Experiment_1_seed_42,2,0.03610371315429536,connected,niche
19,popular_1_exp_Experiment_1_seed_42,2,0.018265405837559406,connected,niche
240,popular_1_exp_Experiment_1_seed_42,2,0.060388644928623246,connected,mainstream
6,popular_1_exp_Experiment_1_seed_42,2,0.0214343913230372,connected,niche
252,popular_1_exp_Experiment_1_seed_42,2,0.054796698025931866,connected,mainstream
411,popular_1_exp_Experiment_1_seed_42,2,0.05525401630809868,connected,mainstream
376,popular_1_exp_Experiment_1_seed_42,2,0.053700058585510864,connected,mainstream
220,popular_1_exp_Experiment_1_seed_42,2,0.04969495226518772,connected,mainstream
373,popular_1_exp_Experiment_1_seed_42,2,0.05773108521552984,connected,mainstream
16,popular_1_exp_Experiment_1_seed_42,2,0.026606572779988874,connected,niche
1,popular_1_exp_Experiment_1_seed_42,2,0.012943600272017087,connected,niche
28,popular_1_exp_Experiment_1_seed_42,2,0.016641569879023342,connected,niche
306,popular_1_exp_Experiment_1_seed_42,2,0.057110341175774515,connected,mainstream
2,popular_1_exp_Experiment_1_seed_42,2,0.015996458938461893,connected,niche
562,popular_1_exp_Experiment_1_seed_42,2,0.055555006949751885,connected,mainstream
513,popular_1_exp_Experiment_1_seed_42,2,0.0514470261518721,connected,mainstream
308,popular_1_exp_Experiment_1_seed_42,2,0.060405481358884704,connected,mainstream
379,popular_1_exp_Experiment_1_seed_42,2,0.05283013165498266,connected,mainstream
375,popular_1_exp_Experiment_1_seed_42,2,0.053845466736883695,connected,mainstream
579,popular_1_exp_Experiment_1_seed_42,2,0.055197475792296814,connected,mainstream
596,popular_1_exp_Experiment_1_seed_42,2,0.05406360753622175,connected,mainstream
500,popular_1_exp_Experiment_1_seed_42,2,0.053908871486268016,connected,mainstream
546,popular_1_exp_Experiment_1_seed_42,2,0.06801513146831482,connected,mainstream
462,popular_1_exp_Experiment_1_seed_42,2,0.05236285439859972,connected,mainstream
332,popular_1_exp_Experiment_1_seed_42,2,0.06678293249156,connected,mainstream
259,popular_1_exp_Experiment_1_seed_42,2,0.055872813861979155,connected,mainstream
142,popular_1_exp_Experiment_1_seed_42,2,0.05093180333737871,connected,mainstream
227,popular_1_exp_Experiment_1_seed_42,2,0.05151148102227904,connected,mainstream
468,popular_1_exp_Experiment_1_seed_42,2,0.05660935965533751,connected,mainstream
566,popular_1_exp_Experiment_1_seed_42,2,0.05239081481318957,connected,mainstream
312,popular_1_exp_Experiment_1_seed_42,2,0.056196216570464676,connected,mainstream
12,popular_1_exp_Experiment_1_seed_42,2,0.0197560223108106,connected,niche
14,popular_1_exp_Experiment_1_seed_42,2,0.014477153929693018,connected,niche
525,popular_1_exp_Experiment_1_seed_42,2,0.062499337846483295,connected,mainstream
314,popular_1_exp_Experiment_1_seed_42,2,0.0655950513868694,connected,mainstream
143,popular_1_exp_Experiment_1_seed_42,2,0.06780340472421063,connected,mainstream
187,popular_1_exp_Experiment_1_seed_42,2,0.05145476426294082,connected,mainstream
319,popular_1_exp_Experiment_1_seed_42,2,0.05026971195036669,connected,mainstream
37,popular_1_exp_Experiment_1_seed_42,2,0.028495640868496153,connected,niche
520,popular_1_exp_Experiment_1_seed_42,2,0.05351187580435803,connected,mainstream
471,popular_1_exp_Experiment_1_seed_42,2,0.05231595714173535,connected,mainstream
599,popular_1_exp_Experiment_1_seed_42,2,0.0539368747817004,connected,mainstream
506,popular_1_exp_Experiment_1_seed_42,2,0.0638648865043586,connected,mainstream
255,popular_1_exp_Experiment_1_seed_42,2,0.056879844965948306,connected,mainstream
353,popular_1_exp_Experiment_1_seed_42,2,0.06770990386355542,connected,mainstream
235,popular_1_exp_Experiment_1_seed_42,2,0.052576930821428024,connected,mainstream
545,popular_1_exp_Experiment_1_seed_42,2,0.06717772119461433,connected,mainstream
264,popular_1_exp_Experiment_1_seed_42,2,0.050935685956381406,connected,mainstream
441,popular_1_exp_Experiment_1_seed_42,2,0.05801237410305357,connected,mainstream
295,popular_1_exp_Experiment_1_seed_42,2,0.06161209774975163,connected,mainstream
509,popular_1_exp_Experiment_1_seed_42,2,0.054114285789064825,connected,mainstream
370,popular_1_exp_Experiment_1_seed_42,2,0.05499217843054319,connected,mainstream
454,popular_1_exp_Experiment_1_seed_42,2,0.058469004327185464,connected,mainstream
93,popular_1_exp_Experiment_1_seed_42,2,0.0530941625456021,connected,mainstream
543,popular_1_exp_Experiment_1_seed_42,2,0.052573942799370804,connected,mainstream
189,popular_1_exp_Experiment_1_seed_42,2,0.05557349929618935,connected,mainstream
134,popular_1_exp_Experiment_1_seed_42,2,0.059865011818083215,connected,mainstream
328,popular_1_exp_Experiment_1_seed_42,2,0.06099423419346187,connected,mainstream
571,popular_1_exp_Experiment_1_seed_42,2,0.07241609567082803,connected,mainstream
206,popular_1_exp_Experiment_1_seed_42,2,0.06149953577059027,connected,mainstream
294,popular_1_exp_Experiment_1_seed_42,2,0.060291406416428495,connected,mainstream
427,popular_1_exp_Experiment_1_seed_42,2,0.056317149254550614,connected,mainstream
536,popular_1_exp_Experiment_1_seed_42,2,0.05582864565953868,connected,mainstream
341,popular_1_exp_Experiment_1_seed_42,2,0.052347634937578935,connected,mainstream
402,popular_1_exp_Experiment_1_seed_42,2,0.05534571104426569,connected,mainstream
461,popular_1_exp_Experiment_1_seed_42,2,0.06601115979585065,connected,mainstream
425,popular_1_exp_Experiment_1_seed_42,2,0.05614980696552966,connected,mainstream
483,popular_1_exp_Experiment_1_seed_42,2,0.049519492395061676,connected,mainstream
492,popular_1_exp_Experiment_1_seed_42,2,0.07703226661788802,connected,mainstream
508,popular_1_exp_Experiment_1_seed_42,2,0.049715938823072736,connected,mainstream
115,popular_1_exp_Experiment_1_seed_42,2,0.051148679676265074,connected,mainstream
11,popular_1_exp_Experiment_1_seed_42,2,0.01500886630204914,connected,niche
210,popular_1_exp_Experiment_1_seed_42,2,0.07859617472396628,connected,mainstream
238,popular_1_exp_Experiment_1_seed_42,2,0.05403864312959439,connected,mainstream
180,popular_1_exp_Experiment_1_seed_42,2,0.07796936176472839,connected,mainstream
121,popular_1_exp_Experiment_1_seed_42,2,0.0576695318107265,connected,mainstream
539,popular_1_exp_Experiment_1_seed_42,2,0.053019817348850855,connected,mainstream
26,popular_1_exp_Experiment_1_seed_42,2,0.02053400824406978,connected,niche
202,popular_1_exp_Experiment_1_seed_42,2,0.06298253965670955,connected,mainstream
556,popular_1_exp_Experiment_1_seed_42,2,0.050608380263618837,connected,mainstream
366,popular_1_exp_Experiment_1_seed_42,2,0.053077127535634684,connected,mainstream
475,popular_1_exp_Experiment_1_seed_42,2,0.05329193787968176,connected,mainstream
344,popular_1_exp_Experiment_1_seed_42,2,0.057793711237070465,connected,mainstream
15,popular_1_exp_Experiment_1_seed_42,2,0.01607611475734322,connected,niche
523,popular_1_exp_Experiment_1_seed_42,2,0.055765953035545525,connected,mainstream
301,popular_1_exp_Experiment_1_seed_42,2,0.08254029392678397,connected,mainstream
262,popular_1_exp_Experiment_1_seed_42,2,0.05435043145858268,connected,mainstream
592,popular_1_exp_Experiment_1_seed_42,2,0.05798166492454813,connected,mainstream
154,popular_1_exp_Experiment_1_seed_42,2,0.05411607860903777,connected,mainstream
257,popular_1_exp_Experiment_1_seed_42,2,0.06265004312509863,connected,mainstream
313,popular_1_exp_Experiment_1_seed_42,2,0.054649285724426344,connected,mainstream
488,popular_1_exp_Experiment_1_seed_42,2,0.050725534607029076,connected,mainstream
174,popular_1_exp_Experiment_1_seed_42,2,0.06131852357135628,connected,mainstream
190,popular_1_exp_Experiment_1_seed_42,2,0.05237300368667968,connected,mainstream
594,popular_1_exp_Experiment_1_seed_42,2,0.0516216715813211,connected,mainstream
46,popular_1_exp_Experiment_1_seed_42,2,0.013258297844837822,connected,niche
457,popular_1_exp_Experiment_1_seed_42,2,0.05439657856756419,connected,mainstream
72,popular_1_exp_Experiment_1_seed_42,2,0.051212882154520335,connected,mainstream
73,popular_1_exp_Experiment_1_seed_42,2,0.06455405200950402,connected,mainstream
9,popular_1_exp_Experiment_1_seed_42,2,0.015736006036923603,connected,niche
377,popular_1_exp_Experiment_1_seed_42,2,0.05874773258465497,connected,mainstream
245,popular_1_exp_Experiment_1_seed_42,2,0.05569691698709501,connected,mainstream
128,popular_1_exp_Experiment_1_seed_42,2,0.06620074515691123,connected,mainstream
175,popular_1_exp_Experiment_1_seed_42,2,0.05260717515184726,connected,mainstream
515,popular_1_exp_Experiment_1_seed_42,2,0.053469467138404884,connected,mainstream
559,popular_1_exp_Experiment_1_seed_42,2,0.054517911757046594,connected,mainstream
36,popular_1_exp_Experiment_1_seed_42,2,0.013943215990793215,connected,niche
303,popular_1_exp_Experiment_1_seed_42,2,0.06340864773539047,connected,mainstream
432,popular_1_exp_Experiment_1_seed_42,2,0.05637190285450199,connected,mainstream
395,popular_1_exp_Experiment_1_seed_42,2,0.05009630696400382,connected,mainstream
450,popular_1_exp_Experiment_1_seed_42,2,0.05209549331860145,connected,mainstream
527,popular_1_exp_Experiment_1_seed_42,2,0.05998510227968964,connected,mainstream
555,popular_1_exp_Experiment_1_seed_42,2,0.05541475031282394,connected,mainstream
478,popular_1_exp_Experiment_1_seed_42,2,0.04921910509433005,connected,mainstream
364,popular_1_exp_Experiment_1_seed_42,2,0.049361909641245726,connected,mainstream
88,popular_1_exp_Experiment_1_seed_42,2,0.052871846611398994,connected,mainstream
147,popular_1_exp_Experiment_1_seed_42,2,0.051577986645741626,connected,mainstream
573,popular_1_exp_Experiment_1_seed_42,2,0.05959019977329568,connected,mainstream
18,popular_1_exp_Experiment_1_seed_42,2,0.016300967485261733,connected,niche
535,popular_1_exp_Experiment_1_seed_42,2,0.050601361826085885,connected,mainstream
460,popular_1_exp_Experiment_1_seed_42,2,0.05229894406087551,connected,mainstream
305,popular_1_exp_Experiment_1_seed_42,2,0.05821807084618005,connected,mainstream
24,popular_1_exp_Experiment_1_seed_42,2,0.01348382700851622,connected,niche
42,popular_1_exp_Experiment_1_seed_42,2,0.028444311959903785,connected,niche
593,popular_1_exp_Experiment_1_seed_42,2,0.05279235087320424,connected,mainstream
418,popular_1_exp_Experiment_1_seed_42,2,0.057727460297088494,connected,mainstream
278,popular_1_exp_Experiment_1_seed_42,2,0.05207955945010414,connected,mainstream
5,popular_1_exp_Experiment_1_seed_42,2,0.019457565959529025,connected,niche
570,popular_1_exp_Experiment_1_seed_42,2,0.055470295388576916,connected,mainstream
336,popular_1_exp_Experiment_1_seed_42,2,0.059987086687683246,connected,mainstream
569,popular_1_exp_Experiment_1_seed_42,2,0.061113060702835155,connected,mainstream
320,popular_1_exp_Experiment_1_seed_42,2,0.07038748795140105,connected,mainstream
41,popular_1_exp_Experiment_1_seed_42,2,0.017229937961309127,connected,niche
274,popular_1_exp_Experiment_1_seed_42,2,0.06633328505090216,connected,mainstream
44,popular_1_exp_Experiment_1_seed_42,2,0.015736811451067853,connected,niche
437,popular_1_exp_Experiment_1_seed_42,2,0.05823191803515156,connected,mainstream
60,popular_1_exp_Experiment_1_seed_42,2,0.05559665908829489,connected,mainstream
459,popular_1_exp_Experiment_1_seed_42,2,0.05792995983321178,connected,mainstream
507,popular_1_exp_Experiment_1_seed_42,2,0.05049661323457105,connected,mainstream
526,popular_1_exp_Experiment_1_seed_42,2,0.05318073534617047,connected,mainstream
334,popular_1_exp_Experiment_1_seed_42,2,0.059461493846183176,connected,mainstream
162,popular_1_exp_Experiment_1_seed_42,2,0.05976204360742935,connected,mainstream
20,popular_1_exp_Experiment_1_seed_42,2,0.019961045080414266,connected,niche
146,popular_1_exp_Experiment_1_seed_42,2,0.06144370263035084,connected,mainstream
242,popular_1_exp_Experiment_1_seed_42,2,0.052258112429033006,connected,mainstream
169,popular_1_exp_Experiment_1_seed_42,2,0.06663296020988979,connected,mainstream
125,popular_1_exp_Experiment_1_seed_42,2,0.05160651412880631,connected,mainstream
465,popular_1_exp_Experiment_1_seed_42,2,0.05340755255476933,connected,mainstream
438,popular_1_exp_Experiment_1_seed_42,2,0.0517920210857872,connected,mainstream
529,popular_1_exp_Experiment_1_seed_42,2,0.05215209525749848,connected,mainstream
139,popular_1_exp_Experiment_1_seed_42,2,0.064843808098674,connected,mainstream
213,popular_1_exp_Experiment_1_seed_42,2,0.06723920237603312,connected,mainstream
269,popular_1_exp_Experiment_1_seed_42,2,0.05062506916705955,connected,mainstream
445,popular_1_exp_Experiment_1_seed_42,2,0.0648812945502814,connected,mainstream
7,popular_1_exp_Experiment_1_seed_42,2,0.01921794333379033,connected,niche
533,popular_1_exp_Experiment_1_seed_42,2,0.052182361157476674,connected,mainstream
135,popular_1_exp_Experiment_1_seed_42,2,0.06885302862709723,connected,mainstream
317,popular_1_exp_Experiment_1_seed_42,2,0.05407691874731165,connected,mainstream
178,popular_1_exp_Experiment_1_seed_42,2,0.05563193346687923,connected,mainstream
553,popular_1_exp_Experiment_1_seed_42,2,0.05475654464721793,connected,mainstream
413,popular_1_exp_Experiment_1_seed_42,2,0.05756652237106516,connected,mainstream
321,popular_1_exp_Experiment_1_seed_42,2,0.054906290016277316,connected,mainstream
199,popular_1_exp_Experiment_1_seed_42,2,0.05146587401980172,connected,mainstream
382,popular_1_exp_Experiment_1_seed_42,2,0.05014381972188742,connected,mainstream
451,popular_1_exp_Experiment_1_seed_42,2,0.05526914145448782,connected,mainstream
458,popular_1_exp_Experiment_1_seed_42,2,0.05468226941853991,connected,mainstream
89,popular_1_exp_Experiment_1_seed_42,2,0.05471143178898896,connected,mainstream
228,popular_1_exp_Experiment_1_seed_42,2,0.054106419934122844,connected,mainstream
277,popular_1_exp_Experiment_1_seed_42,2,0.059763657078123165,connected,mainstream
163,popular_1_exp_Experiment_1_seed_42,2,0.061099577321508745,connected,mainstream
144,popular_1_exp_Experiment_1_seed_42,2,0.0587488958248635,connected,mainstream
408,popular_1_exp_Experiment_1_seed_42,2,0.05997773336491511,connected,mainstream
173,popular_1_exp_Experiment_1_seed_42,2,0.06306504124544639,connected,mainstream
158,popular_1_exp_Experiment_1_seed_42,2,0.05144554819151973,connected,mainstream
260,popular_1_exp_Experiment_1_seed_42,2,0.054512079872818565,connected,mainstream
482,popular_1_exp_Experiment_1_seed_42,2,0.07163587313896223,connected,mainstream
211,popular_1_exp_Experiment_1_seed_42,2,0.0594084034427342,connected,mainstream
118,popular_1_exp_Experiment_1_seed_42,2,0.05397898751604644,connected,mainstream
109,popular_1_exp_Experiment_1_seed_42,2,0.058840620944098025,connected,mainstream
469,popular_1_exp_Experiment_1_seed_42,2,0.061371450553244604,connected,mainstream
424,popular_1_exp_Experiment_1_seed_42,2,0.059134596908221544,connected,mainstream
503,popular_1_exp_Experiment_1_seed_42,2,0.060456744855771384,connected,mainstream
270,popular_1_exp_Experiment_1_seed_42,2,0.05720938091589833,connected,mainstream
524,popular_1_exp_Experiment_1_seed_42,2,0.050991867353606286,connected,mainstream
531,popular_1_exp_Experiment_1_seed_42,2,0.050264851662834543,connected,mainstream
100,popular_1_exp_Experiment_1_seed_42,2,0.05244570857771175,connected,mainstream
333,popular_1_exp_Experiment_1_seed_42,2,0.07353465441829027,connected,mainstream
266,popular_1_exp_Experiment_1_seed_42,2,0.05368130412234142,connected,mainstream
453,popular_1_exp_Experiment_1_seed_42,2,0.06603121506567552,connected,mainstream
254,popular_1_exp_Experiment_1_seed_42,2,0.05435755019883006,connected,mainstream
285,popular_1_exp_Experiment_1_seed_42,2,0.05036353136798869,connected,mainstream
258,popular_1_exp_Experiment_1_seed_42,2,0.05288164308562807,connected,mainstream
87,popular_1_exp_Experiment_1_seed_42,2,0.05576822986353871,connected,mainstream
389,popular_1_exp_Experiment_1_seed_42,2,0.05577626986212858,connected,mainstream
261,popular_1_exp_Experiment_1_seed_42,2,0.06195615978797644,connected,mainstream
177,popular_1_exp_Experiment_1_seed_42,2,0.05657637883262301,connected,mainstream
480,popular_1_exp_Experiment_1_seed_42,2,0.056846993913609985,connected,mainstream
284,popular_1_exp_Experiment_1_seed_42,2,0.06162494735312426,connected,mainstream
119,popular_1_exp_Experiment_1_seed_42,2,0.06008980383620954,connected,mainstream
387,popular_1_exp_Experiment_1_seed_42,2,0.06275053984843203,connected,mainstream
243,popular_1_exp_Experiment_1_seed_42,2,0.047801899067500125,connected,mainstream
297,popular_1_exp_Experiment_1_seed_42,2,0.06340087300066823,connected,mainstream
551,popular_1_exp_Experiment_1_seed_42,2,0.06790049815161892,connected,mainstream
589,popular_1_exp_Experiment_1_seed_42,2,0.0527153194658892,connected,mainstream
137,popular_1_exp_Experiment_1_seed_42,2,0.05398155451294958,connected,mainstream
145,popular_1_exp_Experiment_1_seed_42,2,0.06719772610345102,connected,mainstream
108,popular_1_exp_Experiment_1_seed_42,2,0.054090185924799424,connected,mainstream
568,popular_1_exp_Experiment_1_seed_42,2,0.052034779468894,connected,mainstream
388,popular_1_exp_Experiment_1_seed_42,2,0.0710997420982465,connected,mainstream
96,popular_1_exp_Experiment_1_seed_42,2,0.06392739945209538,connected,mainstream
383,popular_1_exp_Experiment_1_seed_42,2,0.05743141284901591,connected,mainstream
82,popular_1_exp_Experiment_1_seed_42,2,0.05093074855399355,connected,mainstream
316,popular_1_exp_Experiment_1_seed_42,2,0.05167092212612312,connected,mainstream
444,popular_1_exp_Experiment_1_seed_42,2,0.05409265795913265,connected,mainstream
532,popular_1_exp_Experiment_1_seed_42,2,0.053768097235072754,connected,mainstream
132,popular_1_exp_Experiment_1_seed_42,2,0.058567570847580304,connected,mainstream
578,popular_1_exp_Experiment_1_seed_42,2,0.054745781686984483,connected,mainstream
591,popular_1_exp_Experiment_1_seed_42,2,0.05400504083216814,connected,mainstream
107,popular_1_exp_Experiment_1_seed_42,2,0.0618235215221899,connected,mainstream
205,popular_1_exp_Experiment_1_seed_42,2,0.05367360299903249,connected,mainstream
504,popular_1_exp_Experiment_1_seed_42,2,0.07468408346249793,connected,mainstream
166,popular_1_exp_Experiment_1_seed_42,2,0.06974067645122681,connected,mainstream
479,popular_1_exp_Experiment_1_seed_42,2,0.06390804665973591,connected,mainstream
505,popular_1_exp_Experiment_1_seed_42,2,0.05166118186003076,connected,mainstream
403,popular_1_exp_Experiment_1_seed_42,2,0.051453388472518534,connected,mainstream
292,popular_1_exp_Experiment_1_seed_42,2,0.057106707999776955,connected,mainstream
577,popular_1_exp_Experiment_1_seed_42,2,0.054583300940193535,connected,mainstream
540,popular_1_exp_Experiment_1_seed_42,2,0.052768865919315976,connected,mainstream
67,popular_1_exp_Experiment_1_seed_42,2,0.05908452243315026,connected,mainstream
193,popular_1_exp_Experiment_1_seed_42,2,0.054871189493314265,connected,mainstream
499,popular_1_exp_Experiment_1_seed_42,2,0.06042547525668265,connected,mainstream
310,popular_1_exp_Experiment_1_seed_42,2,0.057813760231277204,connected,mainstream
288,popular_1_exp_Experiment_1_seed_42,2,0.060179792032735324,connected,mainstream
214,popular_1_exp_Experiment_1_seed_42,2,0.05293350771078098,connected,mainstream
276,popular_1_exp_Experiment_1_seed_42,2,0.05450383631320151,connected,mainstream
564,popular_1_exp_Experiment_1_seed_42,2,0.05421284789444442,connected,mainstream
203,popular_1_exp_Experiment_1_seed_42,2,0.05917000488971385,connected,mainstream
63,popular_1_exp_Experiment_1_seed_42,2,0.04989776595126022,connected,mainstream
374,popular_1_exp_Experiment_1_seed_42,2,0.05892543145878776,connected,mainstream
474,popular_1_exp_Experiment_1_seed_42,2,0.06397250687745,connected,mainstream
299,popular_1_exp_Experiment_1_seed_42,2,0.0666342192034828,connected,mainstream
548,popular_1_exp_Experiment_1_seed_42,2,0.05797830071241792,connected,mainstream
400,popular_1_exp_Experiment_1_seed_42,2,0.06556858726322658,connected,mainstream
345,popular_1_exp_Experiment_1_seed_42,2,0.050395311073395364,connected,mainstream
446,popular_1_exp_Experiment_1_seed_42,2,0.05895392523597176,connected,mainstream
80,popular_1_exp_Experiment_1_seed_42,2,0.06680081575956436,connected,mainstream
467,popular_1_exp_Experiment_1_seed_42,2,0.05349165837567204,connected,mainstream
560,popular_1_exp_Experiment_1_seed_42,2,0.06065260467647838,connected,mainstream
497,popular_1_exp_Experiment_1_seed_42,2,0.052714514002730396,connected,mainstream
176,popular_1_exp_Experiment_1_seed_42,2,0.05728945333765343,connected,mainstream
472,popular_1_exp_Experiment_1_seed_42,2,0.055521534116485007,connected,mainstream
597,popular_1_exp_Experiment_1_seed_42,2,0.06738105139886354,connected,mainstream
280,popular_1_exp_Experiment_1_seed_42,2,0.0656059413479189,connected,mainstream
268,popular_1_exp_Experiment_1_seed_42,2,0.0566921605727951,connected,mainstream
97,popular_1_exp_Experiment_1_seed_42,2,0.06013158630152852,connected,mainstream
61,popular_1_exp_Experiment_1_seed_42,2,0.05220899177903245,connected,mainstream
372,popular_1_exp_Experiment_1_seed_42,2,0.06443104183655891,connected,mainstream
27,popular_1_exp_Experiment_1_seed_42,2,0.013648520507172288,connected,niche
410,popular_1_exp_Experiment_1_seed_42,2,0.05452576786873523,connected,mainstream
519,popular_1_exp_Experiment_1_seed_42,2,0.05403843560186287,connected,mainstream
557,popular_1_exp_Experiment_1_seed_42,2,0.04986569509696124,connected,mainstream
48,popular_1_exp_Experiment_1_seed_42,2,0.02237423237117096,connected,niche
133,popular_1_exp_Experiment_1_seed_42,2,0.046947148002917494,connected,mainstream
302,popular_1_exp_Experiment_1_seed_42,2,0.0545562629481004,connected,mainstream
547,popular_1_exp_Experiment_1_seed_42,2,0.05386648558341576,connected,mainstream
406,popular_1_exp_Experiment_1_seed_42,2,0.05696781930776653,connected,mainstream
68,popular_1_exp_Experiment_1_seed_42,2,0.06103187921566522,connected,mainstream
339,popular_1_exp_Experiment_1_seed_42,2,0.05274289808200258,connected,mainstream
307,popular_1_exp_Experiment_1_seed_42,2,0.06634653177044773,connected,mainstream
357,popular_1_exp_Experiment_1_seed_42,2,0.07176307531560482,connected,mainstream
23,popular_1_exp_Experiment_1_seed_42,2,0.013773443289903936,connected,niche
449,popular_1_exp_Experiment_1_seed_42,2,0.05645421432060562,connected,mainstream
182,popular_1_exp_Experiment_1_seed_42,2,0.06043436303510353,connected,mainstream
473,popular_1_exp_Experiment_1_seed_42,2,0.05617875358361973,connected,mainstream
250,popular_1_exp_Experiment_1_seed_42,2,0.0515486951687499,connected,mainstream
420,popular_1_exp_Experiment_1_seed_42,2,0.06089625042832635,connected,mainstream
436,popular_1_exp_Experiment_1_seed_42,2,0.055278672741061595,connected,mainstream
172,popular_1_exp_Experiment_1_seed_42,2,0.0525258311671176,connected,mainstream
161,popular_1_exp_Experiment_1_seed_42,2,0.049364006178396536,connected,mainstream
157,popular_1_exp_Experiment_1_seed_42,2,0.05714999974610596,connected,mainstream
481,popular_1_exp_Experiment_1_seed_42,2,0.05569240509741797,connected,mainstream
501,popular_1_exp_Experiment_1_seed_42,2,0.05733209354916496,connected,mainstream
421,popular_1_exp_Experiment_1_seed_42,2,0.05121883966660475,connected,mainstream
315,popular_1_exp_Experiment_1_seed_42,2,0.06359685770324737,connected,mainstream
351,popular_1_exp_Experiment_1_seed_42,2,0.06769207055197567,connected,mainstream
386,popular_1_exp_Experiment_1_seed_42,2,0.0506785418120061,connected,mainstream
335,popular_1_exp_Experiment_1_seed_42,2,0.05498626955799878,connected,mainstream
393,popular_1_exp_Experiment_1_seed_42,2,0.059868934442537956,connected,mainstream
282,popular_1_exp_Experiment_1_seed_42,2,0.05811763732390394,connected,mainstream
105,popular_1_exp_Experiment_1_seed_42,2,0.05330855305359892,connected,mainstream
62,popular_1_exp_Experiment_1_seed_42,2,0.05842290257653169,connected,mainstream
86,popular_1_exp_Experiment_1_seed_42,2,0.05174280499698234,connected,mainstream
337,popular_1_exp_Experiment_1_seed_42,2,0.056943449901647486,connected,mainstream
230,popular_1_exp_Experiment_1_seed_42,2,0.061410495198558866,connected,mainstream
165,popular_1_exp_Experiment_1_seed_42,2,0.055839506766474443,connected,mainstream
152,popular_1_exp_Experiment_1_seed_42,2,0.055142787658427665,connected,mainstream
29,popular_1_exp_Experiment_1_seed_42,2,0.02018825092098533,connected,niche
283,popular_1_exp_Experiment_1_seed_42,2,0.055325898711891884,connected,mainstream
572,popular_1_exp_Experiment_1_seed_42,2,0.06299082351377511,connected,mainstream
209,popular_1_exp_Experiment_1_seed_42,2,0.06679719695052931,connected,mainstream
47,popular_1_exp_Experiment_1_seed_42,2,0.016993716460630148,connected,niche
485,popular_1_exp_Experiment_1_seed_42,2,0.05583302678654406,connected,mainstream
552,popular_1_exp_Experiment_1_seed_42,2,0.07089766325610941,connected,mainstream
183,popular_1_exp_Experiment_1_seed_42,2,0.05112240046657777,connected,mainstream
225,popular_1_exp_Experiment_1_seed_42,2,0.07547595259059124,connected,mainstream
291,popular_1_exp_Experiment_1_seed_42,2,0.05912849659298681,connected,mainstream
204,popular_1_exp_Experiment_1_seed_42,2,0.06118984078264297,connected,mainstream
140,popular_1_exp_Experiment_1_seed_42,2,0.05097786599722415,connected,mainstream
401,popular_1_exp_Experiment_1_seed_42,2,0.05063700062622865,connected,mainstream
433,popular_1_exp_Experiment_1_seed_42,2,0.05428852967701584,connected,mainstream
92,popular_1_exp_Experiment_1_seed_42,2,0.05371997846971694,connected,mainstream
544,popular_1_exp_Experiment_1_seed_42,2,0.05188865153776001,connected,mainstream
149,popular_1_exp_Experiment_1_seed_42,2,0.05179654547220742,connected,mainstream
8,popular_1_exp_Experiment_1_seed_42,2,0.019260415840332282,connected,niche
361,popular_1_exp_Experiment_1_seed_42,2,0.055685717928424666,connected,mainstream
84,popular_1_exp_Experiment_1_seed_42,2,0.05475549968823479,connected,mainstream
541,popular_1_exp_Experiment_1_seed_42,2,0.0543650522292447,connected,mainstream
195,popular_1_exp_Experiment_1_seed_42,2,0.058752689657405745,connected,mainstream
414,popular_1_exp_Experiment_1_seed_42,2,0.059894179272048646,connected,mainstream
156,popular_1_exp_Experiment_1_seed_42,2,0.05027700616184069,connected,mainstream
405,popular_1_exp_Experiment_1_seed_42,2,0.05209054324883775,connected,mainstream
329,popular_1_exp_Experiment_1_seed_42,2,0.05218285721464571,connected,mainstream
516,popular_1_exp_Experiment_1_seed_42,2,0.05611369879847065,connected,mainstream
54,popular_1_exp_Experiment_1_seed_42,2,0.020491668307906056,connected,niche
58,popular_1_exp_Experiment_1_seed_42,2,0.03370075750252972,connected,niche
434,popular_1_exp_Experiment_1_seed_42,2,0.05328282323996652,connected,mainstream
338,popular_1_exp_Experiment_1_seed_42,2,0.05155972824472042,connected,mainstream
167,popular_1_exp_Experiment_1_seed_42,2,0.05666400360084219,connected,mainstream
588,popular_1_exp_Experiment_1_seed_42,2,0.062113882663768126,connected,mainstream
348,popular_1_exp_Experiment_1_seed_42,2,0.05951421362153294,connected,mainstream
33,popular_1_exp_Experiment_1_seed_42,2,0.021825659485530637,connected,niche
112,popular_1_exp_Experiment_1_seed_42,2,0.057047994103925366,connected,mainstream
311,popular_1_exp_Experiment_1_seed_42,2,0.06007173531087345,connected,mainstream
74,popular_1_exp_Experiment_1_seed_42,2,0.05307351465097543,connected,mainstream
102,popular_1_exp_Experiment_1_seed_42,2,0.05710350400253334,connected,mainstream
380,popular_1_exp_Experiment_1_seed_42,2,0.05770123725548288,connected,mainstream
352,popular_1_exp_Experiment_1_seed_42,2,0.06192230159573433,connected,mainstream
537,popular_1_exp_Experiment_1_seed_42,2,0.05858053938946229,connected,mainstream
69,popular_1_exp_Experiment_1_seed_42,2,0.054570942712848035,connected,mainstream
64,popular_1_exp_Experiment_1_seed_42,2,0.05360530870585023,connected,mainstream
35,popular_1_exp_Experiment_1_seed_42,2,0.016790426389590492,connected,niche
384,popular_1_exp_Experiment_1_seed_42,2,0.06544235335668498,connected,mainstream
279,popular_1_exp_Experiment_1_seed_42,2,0.053203449462310475,connected,mainstream
94,popular_1_exp_Experiment_1_seed_42,2,0.04880954348812197,connected,mainstream
398,popular_1_exp_Experiment_1_seed_42,2,0.05851085681366056,connected,mainstream
222,popular_1_exp_Experiment_1_seed_42,2,0.05493492148372306,connected,mainstream
124,popular_1_exp_Experiment_1_seed_42,2,0.060695827867379475,connected,mainstream
340,popular_1_exp_Experiment_1_seed_42,2,0.04913792166282795,connected,mainstream
229,popular_1_exp_Experiment_1_seed_42,2,0.0559514883691348,connected,mainstream
517,popular_1_exp_Experiment_1_seed_42,2,0.06093418984069099,connected,mainstream
323,popular_1_exp_Experiment_1_seed_42,2,0.06681479832597882,connected,mainstream
79,popular_1_exp_Experiment_1_seed_42,2,0.07049408571219369,connected,mainstream
409,popular_1_exp_Experiment_1_seed_42,2,0.0631461083874101,connected,mainstream
207,popular_1_exp_Experiment_1_seed_42,2,0.05331639149674644,connected,mainstream
111,popular_1_exp_Experiment_1_seed_42,2,0.05084125252558223,connected,mainstream
331,popular_1_exp_Experiment_1_seed_42,2,0.055547822173461735,connected,mainstream
354,popular_1_exp_Experiment_1_seed_42,2,0.055336019859471196,connected,mainstream
85,popular_1_exp_Experiment_1_seed_42,2,0.06068941410195946,connected,mainstream
104,popular_1_exp_Experiment_1_seed_42,2,0.0693156392239614,connected,mainstream
296,popular_1_exp_Experiment_1_seed_42,2,0.049098957665240826,connected,mainstream
194,popular_1_exp_Experiment_1_seed_42,2,0.05732910123443349,connected,mainstream
275,popular_1_exp_Experiment_1_seed_42,2,0.054084440678303064,connected,mainstream
498,popular_1_exp_Experiment_1_seed_42,2,0.05572724209603555,connected,mainstream
567,popular_1_exp_Experiment_1_seed_42,2,0.0675527368092223,connected,mainstream
267,popular_1_exp_Experiment_1_seed_42,2,0.06441717231414106,connected,mainstream
489,popular_1_exp_Experiment_1_seed_42,2,0.05760844209073641,connected,mainstream
25,popular_1_exp_Experiment_1_seed_42,2,0.024474835126359343,connected,niche
159,popular_1_exp_Experiment_1_seed_42,2,0.05126089878130637,connected,mainstream
293,popular_1_exp_Experiment_1_seed_42,2,0.05234463275917369,connected,mainstream
358,popular_1_exp_Experiment_1_seed_42,2,0.06030740983462127,connected,mainstream
247,popular_1_exp_Experiment_1_seed_42,2,0.06383803478569489,connected,mainstream
55,popular_1_exp_Experiment_1_seed_42,2,0.016488481083361223,connected,niche
184,popular_1_exp_Experiment_1_seed_42,2,0.05456630113847826,connected,mainstream
129,popular_1_exp_Experiment_1_seed_42,2,0.07607865991595548,connected,mainstream
246,popular_1_exp_Experiment_1_seed_42,2,0.06561780799741049,connected,mainstream
253,popular_1_exp_Experiment_1_seed_42,2,0.0682767687845587,connected,mainstream
249,popular_1_exp_Experiment_1_seed_42,2,0.051609427644048245,connected,mainstream
452,popular_1_exp_Experiment_1_seed_42,2,0.05139596104975414,connected,mainstream
281,popular_1_exp_Experiment_1_seed_42,2,0.05404903511750708,connected,mainstream
237,popular_1_exp_Experiment_1_seed_42,2,0.06600753181216655,connected,mainstream
52,popular_1_exp_Experiment_1_seed_42,2,0.015157473180993938,connected,niche
584,popular_1_exp_Experiment_1_seed_42,2,0.05886888732050007,connected,mainstream
114,popular_1_exp_Experiment_1_seed_42,2,0.05566048020796229,connected,mainstream
581,popular_1_exp_Experiment_1_seed_42,2,0.05227220344117061,connected,mainstream
325,popular_1_exp_Experiment_1_seed_42,2,0.05191899698273034,connected,mainstream
110,popular_1_exp_Experiment_1_seed_42,2,0.05658006403024359,connected,mainstream
343,popular_1_exp_Experiment_1_seed_42,2,0.05613058399071203,connected,mainstream
347,popular_1_exp_Experiment_1_seed_42,2,0.055035287891784114,connected,mainstream
244,popular_1_exp_Experiment_1_seed_42,2,0.054533280032639686,connected,mainstream
196,popular_1_exp_Experiment_1_seed_42,2,0.056869634687345814,connected,mainstream
272,popular_1_exp_Experiment_1_seed_42,2,0.05252043702591793,connected,mainstream
30,popular_1_exp_Experiment_1_seed_42,2,0.023461292742871672,connected,niche
236,popular_1_exp_Experiment_1_seed_42,2,0.05344564662641712,connected,mainstream
583,popular_1_exp_Experiment_1_seed_42,2,0.05793670353316296,connected,mainstream
200,popular_1_exp_Experiment_1_seed_42,2,0.05444387508096254,connected,mainstream
78,popular_1_exp_Experiment_1_seed_42,2,0.05470792598847086,connected,mainstream
530,popular_1_exp_Experiment_1_seed_42,2,0.058019913993971294,connected,mainstream
50,popular_1_exp_Experiment_1_seed_42,2,0.01914363853620361,connected,niche
192,popular_1_exp_Experiment_1_seed_42,2,0.05485787325851824,connected,mainstream
103,popular_1_exp_Experiment_1_seed_42,2,0.06383845055880892,connected,mainstream
43,popular_1_exp_Experiment_1_seed_42,2,0.019863604898841872,connected,niche
429,popular_1_exp_Experiment_1_seed_42,2,0.05761597178261362,connected,mainstream
309,popular_1_exp_Experiment_1_seed_42,2,0.05231077156166634,connected,mainstream
534,popular_1_exp_Experiment_1_seed_42,2,0.056860643292866414,connected,mainstream
289,popular_1_exp_Experiment_1_seed_42,2,0.06597748822988286,connected,mainstream
234,popular_1_exp_Experiment_1_seed_42,2,0.05675617005989111,connected,mainstream
212,popular_1_exp_Experiment_1_seed_42,2,0.05162777358215124,connected,mainstream
197,popular_1_exp_Experiment_1_seed_42,2,0.057398422955114055,connected,mainstream
442,popular_1_exp_Experiment_1_seed_42,2,0.051363988306328885,connected,mainstream
463,popular_1_exp_Experiment_1_seed_42,2,0.0648096167617246,connected,mainstream
239,popular_1_exp_Experiment_1_seed_42,2,0.0668590372166286,connected,mainstream
422,popular_1_exp_Experiment_1_seed_42,2,0.05823237801422759,connected,mainstream
271,popular_1_exp_Experiment_1_seed_42,2,0.05800816317687978,connected,mainstream
575,popular_1_exp_Experiment_1_seed_42,2,0.05285079339032386,connected,mainstream
131,popular_1_exp_Experiment_1_seed_42,2,0.05599617077144828,connected,mainstream
576,popular_1_exp_Experiment_1_seed_42,2,0.057098219511312644,connected,mainstream
164,popular_1_exp_Experiment_1_seed_42,2,0.0590773229154945,connected,mainstream
470,popular_1_exp_Experiment_1_seed_42,2,0.06887361800086599,connected,mainstream
218,popular_1_exp_Experiment_1_seed_42,2,0.05318698557516374,connected,mainstream
396,popular_1_exp_Experiment_1_seed_42,2,0.05445124295032011,connected,mainstream
447,popular_1_exp_Experiment_1_seed_42,2,0.06122557690725532,connected,mainstream
324,popular_1_exp_Experiment_1_seed_42,2,0.05379553752165087,connected,mainstream
385,popular_1_exp_Experiment_1_seed_42,2,0.06033250171282136,connected,mainstream
580,popular_1_exp_Experiment_1_seed_42,2,0.05723728189531405,connected,mainstream
215,popular_1_exp_Experiment_1_seed_42,2,0.06189734838409131,connected,mainstream
22,popular_1_exp_Experiment_1_seed_42,2,0.01869138941362584,connected,niche
528,popular_1_exp_Experiment_1_seed_42,2,0.05263391730603075,connected,mainstream
404,popular_1_exp_Experiment_1_seed_42,2,0.060717305802001596,connected,mainstream
99,popular_1_exp_Experiment_1_seed_42,2,0.05185707033262243,connected,mainstream
122,popular_1_exp_Experiment_1_seed_42,2,0.0639820513767682,connected,mainstream
496,popular_1_exp_Experiment_1_seed_42,2,0.06617502961299603,connected,mainstream
538,popular_1_exp_Experiment_1_seed_42,2,0.05995377184299183,connected,mainstream
350,popular_1_exp_Experiment_1_seed_42,2,0.06232928081946406,connected,mainstream
586,popular_1_exp_Experiment_1_seed_42,2,0.05212438372744613,connected,mainstream
116,popular_1_exp_Experiment_1_seed_42,2,0.050315821314310984,connected,mainstream
510,popular_1_exp_Experiment_1_seed_42,2,0.060932343961192736,connected,mainstream
263,popular_1_exp_Experiment_1_seed_42,2,0.0657905335018035,connected,mainstream
512,popular_1_exp_Experiment_1_seed_42,2,0.054647679008103446,connected,mainstream
286,popular_1_exp_Experiment_1_seed_42,2,0.05352610878745751,connected,mainstream
360,popular_1_exp_Experiment_1_seed_42,2,0.052603116859893155,connected,mainstream
565,popular_1_exp_Experiment_1_seed_42,2,0.054310980655654505,connected,mainstream
378,popular_1_exp_Experiment_1_seed_42,2,0.05508304686215321,connected,mainstream
349,popular_1_exp_Experiment_1_seed_42,2,0.06393714321683831,connected,mainstream
417,popular_1_exp_Experiment_1_seed_42,2,0.07065996163452874,connected,mainstream
83,popular_1_exp_Experiment_1_seed_42,2,0.05530927521363362,connected,mainstream
127,popular_1_exp_Experiment_1_seed_42,3,0.06704534246137792,connected,mainstream
70,popular_1_exp_Experiment_1_seed_42,3,0.05419574936969613,connected,mainstream
392,popular_1_exp_Experiment_1_seed_42,3,0.06344155035760314,connected,mainstream
298,popular_1_exp_Experiment_1_seed_42,3,0.06279578428790349,connected,mainstream
113,popular_1_exp_Experiment_1_seed_42,3,0.05846581143049887,connected,mainstream
71,popular_1_exp_Experiment_1_seed_42,3,0.06360974278371619,connected,mainstream
542,popular_1_exp_Experiment_1_seed_42,3,0.05364056686686045,connected,mainstream
138,popular_1_exp_Experiment_1_seed_42,3,0.05447341682885013,connected,mainstream
57,popular_1_exp_Experiment_1_seed_42,3,0.023529605345591145,connected,niche
419,popular_1_exp_Experiment_1_seed_42,3,0.05275006224660491,connected,mainstream
198,popular_1_exp_Experiment_1_seed_42,3,0.056289253627640395,connected,mainstream
330,popular_1_exp_Experiment_1_seed_42,3,0.0486361325048959,connected,mainstream
502,popular_1_exp_Experiment_1_seed_42,3,0.0524172444865769,connected,mainstream
549,popular_1_exp_Experiment_1_seed_42,3,0.05169120084855263,connected,mainstream
21,popular_1_exp_Experiment_1_seed_42,3,0.017570304433926032,connected,niche
363,popular_1_exp_Experiment_1_seed_42,3,0.05793042426246899,connected,mainstream
241,popular_1_exp_Experiment_1_seed_42,3,0.05320474768485261,connected,mainstream
191,popular_1_exp_Experiment_1_seed_42,3,0.06837446194508086,connected,mainstream
587,popular_1_exp_Experiment_1_seed_42,3,0.051066896592751744,connected,mainstream
346,popular_1_exp_Experiment_1_seed_42,3,0.055831238292997055,connected,mainstream
466,popular_1_exp_Experiment_1_seed_42,3,0.0516774869114163,connected,mainstream
136,popular_1_exp_Experiment_1_seed_42,3,0.057497883177709964,connected,mainstream
423,popular_1_exp_Experiment_1_seed_42,3,0.06525048126121437,connected,mainstream
561,popular_1_exp_Experiment_1_seed_42,3,0.06257992863574759,connected,mainstream
582,popular_1_exp_Experiment_1_seed_42,3,0.05228770339703695,connected,mainstream
456,popular_1_exp_Experiment_1_seed_42,3,0.05963737527258462,connected,mainstream
359,popular_1_exp_Experiment_1_seed_42,3,0.051170285499942625,connected,mainstream
355,popular_1_exp_Experiment_1_seed_42,3,0.05644267008128001,connected,mainstream
394,popular_1_exp_Experiment_1_seed_42,3,0.05818665479529678,connected,mainstream
428,popular_1_exp_Experiment_1_seed_42,3,0.05300424201069253,connected,mainstream
56,popular_1_exp_Experiment_1_seed_42,3,0.013687761733227855,connected,niche
123,popular_1_exp_Experiment_1_seed_42,3,0.05457283872886807,connected,mainstream
31,popular_1_exp_Experiment_1_seed_42,3,0.0181456079214635,connected,niche
399,popular_1_exp_Experiment_1_seed_42,3,0.05000808928168379,connected,mainstream
476,popular_1_exp_Experiment_1_seed_42,3,0.05791657683098117,connected,mainstream
322,popular_1_exp_Experiment_1_seed_42,3,0.06542315856895085,connected,mainstream
219,popular_1_exp_Experiment_1_seed_42,3,0.049292039112990266,connected,mainstream
186,popular_1_exp_Experiment_1_seed_42,3,0.06619481351632249,connected,mainstream
511,popular_1_exp_Experiment_1_seed_42,3,0.05065826665900597,connected,mainstream
290,popular_1_exp_Experiment_1_seed_42,3,0.051374669681134404,connected,mainstream
231,popular_1_exp_Experiment_1_seed_42,3,0.051697119979136626,connected,mainstream
188,popular_1_exp_Experiment_1_seed_42,3,0.05266726668253438,connected,mainstream
416,popular_1_exp_Experiment_1_seed_42,3,0.054698337229474765,connected,mainstream
443,popular_1_exp_Experiment_1_seed_42,3,0.0616676689859193,connected,mainstream
101,popular_1_exp_Experiment_1_seed_42,3,0.06318310525100611,connected,mainstream
431,popular_1_exp_Experiment_1_seed_42,3,0.05569017557330135,connected,mainstream
170,popular_1_exp_Experiment_1_seed_42,3,0.053250697424477356,connected,mainstream
185,popular_1_exp_Experiment_1_seed_42,3,0.05523930229636254,connected,mainstream
201,popular_1_exp_Experiment_1_seed_42,3,0.056052563155835684,connected,mainstream
32,popular_1_exp_Experiment_1_seed_42,3,0.015236162808312354,connected,niche
77,popular_1_exp_Experiment_1_seed_42,3,0.06567862698045125,connected,mainstream
106,popular_1_exp_Experiment_1_seed_42,3,0.04777303185682894,connected,mainstream
412,popular_1_exp_Experiment_1_seed_42,3,0.05775092584609257,connected,mainstream
518,popular_1_exp_Experiment_1_seed_42,3,0.051806996190726734,connected,mainstream
381,popular_1_exp_Experiment_1_seed_42,3,0.05033869889220493,connected,mainstream
490,popular_1_exp_Experiment_1_seed_42,3,0.0494514657653873,connected,mainstream
171,popular_1_exp_Experiment_1_seed_42,3,0.04944653575737603,connected,mainstream
59,popular_1_exp_Experiment_1_seed_42,3,0.02866471197519042,connected,niche
45,popular_1_exp_Experiment_1_seed_42,3,0.01904858209149282,connected,niche
160,popular_1_exp_Experiment_1_seed_42,3,0.05679376230218556,connected,mainstream
3,popular_1_exp_Experiment_1_seed_42,3,0.037890845079368296,connected,niche
304,popular_1_exp_Experiment_1_seed_42,3,0.05782063964950591,connected,mainstream
563,popular_1_exp_Experiment_1_seed_42,3,0.05045796636514315,connected,mainstream
13,popular_1_exp_Experiment_1_seed_42,3,0.03421060392536492,connected,niche
327,popular_1_exp_Experiment_1_seed_42,3,0.05040173580119304,connected,mainstream
148,popular_1_exp_Experiment_1_seed_42,3,0.06056274948162264,connected,mainstream
151,popular_1_exp_Experiment_1_seed_42,3,0.06634372542835036,connected,mainstream
153,popular_1_exp_Experiment_1_seed_42,3,0.06714444735395864,connected,mainstream
91,popular_1_exp_Experiment_1_seed_42,3,0.053161239526506865,connected,mainstream
430,popular_1_exp_Experiment_1_seed_42,3,0.06343662588571367,connected,mainstream
426,popular_1_exp_Experiment_1_seed_42,3,0.058408613679172265,connected,mainstream
273,popular_1_exp_Experiment_1_seed_42,3,0.05362416104952509,connected,mainstream
371,popular_1_exp_Experiment_1_seed_42,3,0.046654168479842655,connected,mainstream
558,popular_1_exp_Experiment_1_seed_42,3,0.0681831129232328,connected,mainstream
477,popular_1_exp_Experiment_1_seed_42,3,0.0490345947476283,connected,mainstream
95,popular_1_exp_Experiment_1_seed_42,3,0.056398892749600055,connected,mainstream
391,popular_1_exp_Experiment_1_seed_42,3,0.055633311636629414,connected,mainstream
155,popular_1_exp_Experiment_1_seed_42,3,0.0640730027547034,connected,mainstream
98,popular_1_exp_Experiment_1_seed_42,3,0.06760914680201179,connected,mainstream
486,popular_1_exp_Experiment_1_seed_42,3,0.06447785799297341,connected,mainstream
287,popular_1_exp_Experiment_1_seed_42,3,0.05264982965184991,connected,mainstream
574,popular_1_exp_Experiment_1_seed_42,3,0.05589328010208434,connected,mainstream
49,popular_1_exp_Experiment_1_seed_42,3,0.016935574148152152,connected,niche
440,popular_1_exp_Experiment_1_seed_42,3,0.06549279886237379,connected,mainstream
75,popular_1_exp_Experiment_1_seed_42,3,0.05789265993100792,connected,mainstream
390,popular_1_exp_Experiment_1_seed_42,3,0.05938081009265917,connected,mainstream
141,popular_1_exp_Experiment_1_seed_42,3,0.050238184818422564,connected,mainstream
439,popular_1_exp_Experiment_1_seed_42,3,0.05560418641518453,connected,mainstream
223,popular_1_exp_Experiment_1_seed_42,3,0.0697335197342721,connected,mainstream
65,popular_1_exp_Experiment_1_seed_42,3,0.06787054903703797,connected,mainstream
407,popular_1_exp_Experiment_1_seed_42,3,0.057459153210165946,connected,mainstream
484,popular_1_exp_Experiment_1_seed_42,3,0.05757408867593158,connected,mainstream
81,popular_1_exp_Experiment_1_seed_42,3,0.05116604522604654,connected,mainstream
181,popular_1_exp_Experiment_1_seed_42,3,0.060663712036145206,connected,mainstream
217,popular_1_exp_Experiment_1_seed_42,3,0.05882449139379975,connected,mainstream
256,popular_1_exp_Experiment_1_seed_42,3,0.060244962361243805,connected,mainstream
318,popular_1_exp_Experiment_1_seed_42,3,0.07003628620584086,connected,mainstream
150,popular_1_exp_Experiment_1_seed_42,3,0.0747162994298003,connected,mainstream
342,popular_1_exp_Experiment_1_seed_42,3,0.07010047518936385,connected,mainstream
224,popular_1_exp_Experiment_1_seed_42,3,0.055146299844306024,connected,mainstream
179,popular_1_exp_Experiment_1_seed_42,3,0.05411490931159365,connected,mainstream
514,popular_1_exp_Experiment_1_seed_42,3,0.052550023349973475,connected,mainstream
130,popular_1_exp_Experiment_1_seed_42,3,0.05156963925818677,connected,mainstream
120,popular_1_exp_Experiment_1_seed_42,3,0.059410496522276125,connected,mainstream
550,popular_1_exp_Experiment_1_seed_42,3,0.05460288129653106,connected,mainstream
76,popular_1_exp_Experiment_1_seed_42,3,0.06702282576408157,connected,mainstream
448,popular_1_exp_Experiment_1_seed_42,3,0.05626533599790997,connected,mainstream
248,popular_1_exp_Experiment_1_seed_42,3,0.053082345103777184,connected,mainstream
397,popular_1_exp_Experiment_1_seed_42,3,0.05760220155752118,connected,mainstream
39,popular_1_exp_Experiment_1_seed_42,3,0.018250198253807862,connected,niche
367,popular_1_exp_Experiment_1_seed_42,3,0.05994288827781428,connected,mainstream
168,popular_1_exp_Experiment_1_seed_42,3,0.054232047161741244,connected,mainstream
300,popular_1_exp_Experiment_1_seed_42,3,0.06352542608181856,connected,mainstream
435,popular_1_exp_Experiment_1_seed_42,3,0.06465469579142478,connected,mainstream
38,popular_1_exp_Experiment_1_seed_42,3,0.021052659442943506,connected,niche
221,popular_1_exp_Experiment_1_seed_42,3,0.05463937287316247,connected,mainstream
251,popular_1_exp_Experiment_1_seed_42,3,0.052928940002571985,connected,mainstream
326,popular_1_exp_Experiment_1_seed_42,3,0.05971909100270717,connected,mainstream
362,popular_1_exp_Experiment_1_seed_42,3,0.051325970477310766,connected,mainstream
554,popular_1_exp_Experiment_1_seed_42,3,0.05501627935029657,connected,mainstream
0,popular_1_exp_Experiment_1_seed_42,3,0.017357960238600215,connected,niche
595,popular_1_exp_Experiment_1_seed_42,3,0.051976784845705205,connected,mainstream
487,popular_1_exp_Experiment_1_seed_42,3,0.06412261015318488,connected,mainstream
369,popular_1_exp_Experiment_1_seed_42,3,0.08636210130752599,connected,mainstream
521,popular_1_exp_Experiment_1_seed_42,3,0.06106779497602493,connected,mainstream
34,popular_1_exp_Experiment_1_seed_42,3,0.015627828849583837,connected,niche
233,popular_1_exp_Experiment_1_seed_42,3,0.048984312897358474,connected,mainstream
10,popular_1_exp_Experiment_1_seed_42,3,0.019101405366670487,connected,niche
51,popular_1_exp_Experiment_1_seed_42,3,0.02071611585020622,connected,niche
117,popular_1_exp_Experiment_1_seed_42,3,0.05180264921885445,connected,mainstream
226,popular_1_exp_Experiment_1_seed_42,3,0.061395683726839685,connected,mainstream
464,popular_1_exp_Experiment_1_seed_42,3,0.06806441427583922,connected,mainstream
126,popular_1_exp_Experiment_1_seed_42,3,0.05587630436702636,connected,mainstream
522,popular_1_exp_Experiment_1_seed_42,3,0.06227832313280804,connected,mainstream
585,popular_1_exp_Experiment_1_seed_42,3,0.057912985684114376,connected,mainstream
40,popular_1_exp_Experiment_1_seed_42,3,0.019872580495384484,connected,niche
455,popular_1_exp_Experiment_1_seed_42,3,0.05537992798805924,connected,mainstream
216,popular_1_exp_Experiment_1_seed_42,3,0.0551954378774722,connected,mainstream
493,popular_1_exp_Experiment_1_seed_42,3,0.06407345272924432,connected,mainstream
495,popular_1_exp_Experiment_1_seed_42,3,0.06819447088097239,connected,mainstream
208,popular_1_exp_Experiment_1_seed_42,3,0.0613559181824248,connected,mainstream
368,popular_1_exp_Experiment_1_seed_42,3,0.06645766023869251,connected,mainstream
590,popular_1_exp_Experiment_1_seed_42,3,0.05146021124031817,connected,mainstream
232,popular_1_exp_Experiment_1_seed_42,3,0.06336490476688744,connected,mainstream
491,popular_1_exp_Experiment_1_seed_42,3,0.04846012607838065,connected,mainstream
598,popular_1_exp_Experiment_1_seed_42,3,0.05078864410428568,connected,mainstream
90,popular_1_exp_Experiment_1_seed_42,3,0.05775777942589199,connected,mainstream
365,popular_1_exp_Experiment_1_seed_42,3,0.05886041523063524,connected,mainstream
265,popular_1_exp_Experiment_1_seed_42,3,0.055030500635168754,connected,mainstream
415,popular_1_exp_Experiment_1_seed_42,3,0.061926633191981585,connected,mainstream
494,popular_1_exp_Experiment_1_seed_42,3,0.05437516337418355,connected,mainstream
66,popular_1_exp_Experiment_1_seed_42,3,0.05479650578782805,connected,mainstream
17,popular_1_exp_Experiment_1_seed_42,3,0.0258575919076742,connected,niche
356,popular_1_exp_Experiment_1_seed_42,3,0.05459571353628998,connected,mainstream
53,popular_1_exp_Experiment_1_seed_42,3,0.016187779663872682,connected,niche
4,popular_1_exp_Experiment_1_seed_42,3,0.023390433289401328,connected,niche
19,popular_1_exp_Experiment_1_seed_42,3,0.019663381165158717,connected,niche
240,popular_1_exp_Experiment_1_seed_42,3,0.053574022455438186,connected,mainstream
6,popular_1_exp_Experiment_1_seed_42,3,0.017884349454915793,connected,niche
252,popular_1_exp_Experiment_1_seed_42,3,0.05428006560930476,connected,mainstream
411,popular_1_exp_Experiment_1_seed_42,3,0.05529587422162968,connected,mainstream
376,popular_1_exp_Experiment_1_seed_42,3,0.05425231092431135,connected,mainstream
220,popular_1_exp_Experiment_1_seed_42,3,0.055146343293700405,connected,mainstream
373,popular_1_exp_Experiment_1_seed_42,3,0.062124772319470535,connected,mainstream
16,popular_1_exp_Experiment_1_seed_42,3,0.021215220570290984,connected,niche
1,popular_1_exp_Experiment_1_seed_42,3,0.013894115021276935,connected,niche
28,popular_1_exp_Experiment_1_seed_42,3,0.021647507887359238,connected,niche
306,popular_1_exp_Experiment_1_seed_42,3,0.05738589801084307,connected,mainstream
2,popular_1_exp_Experiment_1_seed_42,3,0.0183579823655687,connected,niche
562,popular_1_exp_Experiment_1_seed_42,3,0.058740482284353995,connected,mainstream
513,popular_1_exp_Experiment_1_seed_42,3,0.05238238401633855,connected,mainstream
308,popular_1_exp_Experiment_1_seed_42,3,0.053473696058188414,connected,mainstream
379,popular_1_exp_Experiment_1_seed_42,3,0.05837382500477722,connected,mainstream
375,popular_1_exp_Experiment_1_seed_42,3,0.05541969046891762,connected,mainstream
579,popular_1_exp_Experiment_1_seed_42,3,0.05326909409358446,connected,mainstream
596,popular_1_exp_Experiment_1_seed_42,3,0.05658397179284752,connected,mainstream
500,popular_1_exp_Experiment_1_seed_42,3,0.05471481970426335,connected,mainstream
546,popular_1_exp_Experiment_1_seed_42,3,0.07035196218260302,connected,mainstream
462,popular_1_exp_Experiment_1_seed_42,3,0.05184770407785955,connected,mainstream
332,popular_1_exp_Experiment_1_seed_42,3,0.051336257919619516,connected,mainstream
259,popular_1_exp_Experiment_1_seed_42,3,0.05360496267300833,connected,mainstream
142,popular_1_exp_Experiment_1_seed_42,3,0.052429571098377876,connected,mainstream
227,popular_1_exp_Experiment_1_seed_42,3,0.04844554872695925,connected,mainstream
468,popular_1_exp_Experiment_1_seed_42,3,0.05463042869901855,connected,mainstream
566,popular_1_exp_Experiment_1_seed_42,3,0.05491568096591289,connected,mainstream
312,popular_1_exp_Experiment_1_seed_42,3,0.05867493276101607,connected,mainstream
12,popular_1_exp_Experiment_1_seed_42,3,0.017974135059162306,connected,niche
14,popular_1_exp_Experiment_1_seed_42,3,0.014880891707522825,connected,niche
525,popular_1_exp_Experiment_1_seed_42,3,0.05599229620237778,connected,mainstream
314,popular_1_exp_Experiment_1_seed_42,3,0.0708692334140438,connected,mainstream
143,popular_1_exp_Experiment_1_seed_42,3,0.06944122803303783,connected,mainstream
187,popular_1_exp_Experiment_1_seed_42,3,0.05696555844731971,connected,mainstream
319,popular_1_exp_Experiment_1_seed_42,3,0.05668441400853667,connected,mainstream
37,popular_1_exp_Experiment_1_seed_42,3,0.02589728521135176,connected,niche
520,popular_1_exp_Experiment_1_seed_42,3,0.054063376493629196,connected,mainstream
471,popular_1_exp_Experiment_1_seed_42,3,0.05722600136199011,connected,mainstream
599,popular_1_exp_Experiment_1_seed_42,3,0.05317694071800776,connected,mainstream
506,popular_1_exp_Experiment_1_seed_42,3,0.0700931434468944,connected,mainstream
255,popular_1_exp_Experiment_1_seed_42,3,0.05208165906754187,connected,mainstream
353,popular_1_exp_Experiment_1_seed_42,3,0.06725988469555866,connected,mainstream
235,popular_1_exp_Experiment_1_seed_42,3,0.05122956558109329,connected,mainstream
545,popular_1_exp_Experiment_1_seed_42,3,0.0759051098281184,connected,mainstream
264,popular_1_exp_Experiment_1_seed_42,3,0.051542788303325905,connected,mainstream
441,popular_1_exp_Experiment_1_seed_42,3,0.061292661544588865,connected,mainstream
295,popular_1_exp_Experiment_1_seed_42,3,0.06126545750050505,connected,mainstream
509,popular_1_exp_Experiment_1_seed_42,3,0.05041870515592361,connected,mainstream
370,popular_1_exp_Experiment_1_seed_42,3,0.054230078363375185,connected,mainstream
454,popular_1_exp_Experiment_1_seed_42,3,0.06436361230151977,connected,mainstream
93,popular_1_exp_Experiment_1_seed_42,3,0.05653450674477109,connected,mainstream
543,popular_1_exp_Experiment_1_seed_42,3,0.051969254209854786,connected,mainstream
189,popular_1_exp_Experiment_1_seed_42,3,0.0549782651761534,connected,mainstream
134,popular_1_exp_Experiment_1_seed_42,3,0.05738784172516417,connected,mainstream
328,popular_1_exp_Experiment_1_seed_42,3,0.05234312508394131,connected,mainstream
571,popular_1_exp_Experiment_1_seed_42,3,0.06640711355570032,connected,mainstream
206,popular_1_exp_Experiment_1_seed_42,3,0.05476633485222823,connected,mainstream
294,popular_1_exp_Experiment_1_seed_42,3,0.04528162942694066,connected,mainstream
427,popular_1_exp_Experiment_1_seed_42,3,0.05767600187242691,connected,mainstream
536,popular_1_exp_Experiment_1_seed_42,3,0.05632877033656158,connected,mainstream
341,popular_1_exp_Experiment_1_seed_42,3,0.05227667896887587,connected,mainstream
402,popular_1_exp_Experiment_1_seed_42,3,0.05107302367236252,connected,mainstream
461,popular_1_exp_Experiment_1_seed_42,3,0.05857598043743593,connected,mainstream
425,popular_1_exp_Experiment_1_seed_42,3,0.061814155867614094,connected,mainstream
483,popular_1_exp_Experiment_1_seed_42,3,0.055696420767409015,connected,mainstream
492,popular_1_exp_Experiment_1_seed_42,3,0.07554052320735201,connected,mainstream
508,popular_1_exp_Experiment_1_seed_42,3,0.051736330679178204,connected,mainstream
115,popular_1_exp_Experiment_1_seed_42,3,0.05122812721097369,connected,mainstream
11,popular_1_exp_Experiment_1_seed_42,3,0.013257000433248787,connected,niche
210,popular_1_exp_Experiment_1_seed_42,3,0.0704233554896989,connected,mainstream
238,popular_1_exp_Experiment_1_seed_42,3,0.053044464637344836,connected,mainstream
180,popular_1_exp_Experiment_1_seed_42,3,0.06787215630538045,connected,mainstream
121,popular_1_exp_Experiment_1_seed_42,3,0.055030809229643235,connected,mainstream
539,popular_1_exp_Experiment_1_seed_42,3,0.05425520983863269,connected,mainstream
26,popular_1_exp_Experiment_1_seed_42,3,0.016581787369638702,connected,niche
202,popular_1_exp_Experiment_1_seed_42,3,0.06948942214080843,connected,mainstream
556,popular_1_exp_Experiment_1_seed_42,3,0.05122338528629341,connected,mainstream
366,popular_1_exp_Experiment_1_seed_42,3,0.05485064579381047,connected,mainstream
475,popular_1_exp_Experiment_1_seed_42,3,0.054473043517838625,connected,mainstream
344,popular_1_exp_Experiment_1_seed_42,3,0.06917300643985937,connected,mainstream
15,popular_1_exp_Experiment_1_seed_42,3,0.015919206283507913,connected,niche
523,popular_1_exp_Experiment_1_seed_42,3,0.055570700969405085,connected,mainstream
301,popular_1_exp_Experiment_1_seed_42,3,0.06509522339471263,connected,mainstream
262,popular_1_exp_Experiment_1_seed_42,3,0.05604057429984349,connected,mainstream
592,popular_1_exp_Experiment_1_seed_42,3,0.058372546329752195,connected,mainstream
154,popular_1_exp_Experiment_1_seed_42,3,0.05185513474349046,connected,mainstream
257,popular_1_exp_Experiment_1_seed_42,3,0.06332213676447303,connected,mainstream
313,popular_1_exp_Experiment_1_seed_42,3,0.05359654990087211,connected,mainstream
488,popular_1_exp_Experiment_1_seed_42,3,0.05248276997331838,connected,mainstream
174,popular_1_exp_Experiment_1_seed_42,3,0.060764706092741115,connected,mainstream
190,popular_1_exp_Experiment_1_seed_42,3,0.04738888630136126,connected,mainstream
594,popular_1_exp_Experiment_1_seed_42,3,0.05193992151352126,connected,mainstream
46,popular_1_exp_Experiment_1_seed_42,3,0.013681950855019274,connected,niche
457,popular_1_exp_Experiment_1_seed_42,3,0.056527407592885104,connected,mainstream
72,popular_1_exp_Experiment_1_seed_42,3,0.05106747842069768,connected,mainstream
73,popular_1_exp_Experiment_1_seed_42,3,0.06738740866264459,connected,mainstream
9,popular_1_exp_Experiment_1_seed_42,3,0.014551066854512915,connected,niche
377,popular_1_exp_Experiment_1_seed_42,3,0.062447394790786925,connected,mainstream
245,popular_1_exp_Experiment_1_seed_42,3,0.055396436137657414,connected,mainstream
128,popular_1_exp_Experiment_1_seed_42,3,0.06490077224726067,connected,mainstream
175,popular_1_exp_Experiment_1_seed_42,3,0.05266560573768103,connected,mainstream
515,popular_1_exp_Experiment_1_seed_42,3,0.055564470032815096,connected,mainstream
559,popular_1_exp_Experiment_1_seed_42,3,0.05493172837150471,connected,mainstream
36,popular_1_exp_Experiment_1_seed_42,3,0.014286755524530778,connected,niche
303,popular_1_exp_Experiment_1_seed_42,3,0.06273959972874012,connected,mainstream
432,popular_1_exp_Experiment_1_seed_42,3,0.05143221313549637,connected,mainstream
395,popular_1_exp_Experiment_1_seed_42,3,0.05225401845299521,connected,mainstream
450,popular_1_exp_Experiment_1_seed_42,3,0.051483049156166034,connected,mainstream
527,popular_1_exp_Experiment_1_seed_42,3,0.06066318218059622,connected,mainstream
555,popular_1_exp_Experiment_1_seed_42,3,0.056424004054676465,connected,mainstream
478,popular_1_exp_Experiment_1_seed_42,3,0.05310395912098084,connected,mainstream
364,popular_1_exp_Experiment_1_seed_42,3,0.05117988374354901,connected,mainstream
88,popular_1_exp_Experiment_1_seed_42,3,0.05429898164692911,connected,mainstream
147,popular_1_exp_Experiment_1_seed_42,3,0.051569888526606954,connected,mainstream
573,popular_1_exp_Experiment_1_seed_42,3,0.05584633974317135,connected,mainstream
18,popular_1_exp_Experiment_1_seed_42,3,0.01388700853646585,connected,niche
535,popular_1_exp_Experiment_1_seed_42,3,0.05038813202023812,connected,mainstream
460,popular_1_exp_Experiment_1_seed_42,3,0.05157572010494429,connected,mainstream
305,popular_1_exp_Experiment_1_seed_42,3,0.05821194480296606,connected,mainstream
24,popular_1_exp_Experiment_1_seed_42,3,0.018910380412620716,connected,niche
42,popular_1_exp_Experiment_1_seed_42,3,0.019618438443406314,connected,niche
593,popular_1_exp_Experiment_1_seed_42,3,0.055271440869193576,connected,mainstream
418,popular_1_exp_Experiment_1_seed_42,3,0.061205739356187915,connected,mainstream
278,popular_1_exp_Experiment_1_seed_42,3,0.05624771972250236,connected,mainstream
5,popular_1_exp_Experiment_1_seed_42,3,0.021999420800252596,connected,niche
570,popular_1_exp_Experiment_1_seed_42,3,0.05012161362643134,connected,mainstream
336,popular_1_exp_Experiment_1_seed_42,3,0.0669563331046835,connected,mainstream
569,popular_1_exp_Experiment_1_seed_42,3,0.059583582265286435,connected,mainstream
320,popular_1_exp_Experiment_1_seed_42,3,0.06716991754833813,connected,mainstream
41,popular_1_exp_Experiment_1_seed_42,3,0.015986930694713915,connected,niche
274,popular_1_exp_Experiment_1_seed_42,3,0.06342002000682463,connected,mainstream
44,popular_1_exp_Experiment_1_seed_42,3,0.015083995693070423,connected,niche
437,popular_1_exp_Experiment_1_seed_42,3,0.057164497102009354,connected,mainstream
60,popular_1_exp_Experiment_1_seed_42,3,0.054407871448469224,connected,mainstream
459,popular_1_exp_Experiment_1_seed_42,3,0.057639245872142614,connected,mainstream
507,popular_1_exp_Experiment_1_seed_42,3,0.05333044464084619,connected,mainstream
526,popular_1_exp_Experiment_1_seed_42,3,0.05121985008850627,connected,mainstream
334,popular_1_exp_Experiment_1_seed_42,3,0.06342207069972076,connected,mainstream
162,popular_1_exp_Experiment_1_seed_42,3,0.05905190892213628,connected,mainstream
20,popular_1_exp_Experiment_1_seed_42,3,0.030343367183295954,connected,niche
146,popular_1_exp_Experiment_1_seed_42,3,0.06595979151737515,connected,mainstream
242,popular_1_exp_Experiment_1_seed_42,3,0.052310522376745584,connected,mainstream
169,popular_1_exp_Experiment_1_seed_42,3,0.05718337413986724,connected,mainstream
125,popular_1_exp_Experiment_1_seed_42,3,0.05015747987761141,connected,mainstream
465,popular_1_exp_Experiment_1_seed_42,3,0.05603622619475313,connected,mainstream
438,popular_1_exp_Experiment_1_seed_42,3,0.054028827277712264,connected,mainstream
529,popular_1_exp_Experiment_1_seed_42,3,0.053988162846557164,connected,mainstream
139,popular_1_exp_Experiment_1_seed_42,3,0.06278171435892811,connected,mainstream
213,popular_1_exp_Experiment_1_seed_42,3,0.06236187455636378,connected,mainstream
269,popular_1_exp_Experiment_1_seed_42,3,0.04955024482801354,connected,mainstream
445,popular_1_exp_Experiment_1_seed_42,3,0.05926657029185949,connected,mainstream
7,popular_1_exp_Experiment_1_seed_42,3,0.016342915964577622,connected,niche
533,popular_1_exp_Experiment_1_seed_42,3,0.05236934833349463,connected,mainstream
135,popular_1_exp_Experiment_1_seed_42,3,0.06151408206340561,connected,mainstream
317,popular_1_exp_Experiment_1_seed_42,3,0.053960576035807784,connected,mainstream
178,popular_1_exp_Experiment_1_seed_42,3,0.05732559660242611,connected,mainstream
553,popular_1_exp_Experiment_1_seed_42,3,0.05262185571299638,connected,mainstream
413,popular_1_exp_Experiment_1_seed_42,3,0.05623053393890645,connected,mainstream
321,popular_1_exp_Experiment_1_seed_42,3,0.053880861457269336,connected,mainstream
199,popular_1_exp_Experiment_1_seed_42,3,0.049800334758846064,connected,mainstream
382,popular_1_exp_Experiment_1_seed_42,3,0.05778419503899171,connected,mainstream
451,popular_1_exp_Experiment_1_seed_42,3,0.05303866102676089,connected,mainstream
458,popular_1_exp_Experiment_1_seed_42,3,0.05686785935341442,connected,mainstream
89,popular_1_exp_Experiment_1_seed_42,3,0.0527513547107363,connected,mainstream
228,popular_1_exp_Experiment_1_seed_42,3,0.05196970452453823,connected,mainstream
277,popular_1_exp_Experiment_1_seed_42,3,0.060566974634494376,connected,mainstream
163,popular_1_exp_Experiment_1_seed_42,3,0.054599439655094915,connected,mainstream
144,popular_1_exp_Experiment_1_seed_42,3,0.05918600725724348,connected,mainstream
408,popular_1_exp_Experiment_1_seed_42,3,0.06506486497948853,connected,mainstream
173,popular_1_exp_Experiment_1_seed_42,3,0.05793958058013041,connected,mainstream
158,popular_1_exp_Experiment_1_seed_42,3,0.06006810193836351,connected,mainstream
260,popular_1_exp_Experiment_1_seed_42,3,0.05627493733991656,connected,mainstream
482,popular_1_exp_Experiment_1_seed_42,3,0.06483952693919841,connected,mainstream
211,popular_1_exp_Experiment_1_seed_42,3,0.06165203459674773,connected,mainstream
118,popular_1_exp_Experiment_1_seed_42,3,0.052909302684823224,connected,mainstream
109,popular_1_exp_Experiment_1_seed_42,3,0.05551481842358466,connected,mainstream
469,popular_1_exp_Experiment_1_seed_42,3,0.06615492943380274,connected,mainstream
424,popular_1_exp_Experiment_1_seed_42,3,0.05844575764819171,connected,mainstream
503,popular_1_exp_Experiment_1_seed_42,3,0.0640001226115182,connected,mainstream
270,popular_1_exp_Experiment_1_seed_42,3,0.059372754168167924,connected,mainstream
524,popular_1_exp_Experiment_1_seed_42,3,0.047561892126822596,connected,mainstream
531,popular_1_exp_Experiment_1_seed_42,3,0.05431716342091883,connected,mainstream
100,popular_1_exp_Experiment_1_seed_42,3,0.04767162304191383,connected,mainstream
333,popular_1_exp_Experiment_1_seed_42,3,0.06394893338872663,connected,mainstream
266,popular_1_exp_Experiment_1_seed_42,3,0.05347444844889989,connected,mainstream
453,popular_1_exp_Experiment_1_seed_42,3,0.06450156493038856,connected,mainstream
254,popular_1_exp_Experiment_1_seed_42,3,0.05344072616810728,connected,mainstream
285,popular_1_exp_Experiment_1_seed_42,3,0.052557469909596956,connected,mainstream
258,popular_1_exp_Experiment_1_seed_42,3,0.05261405080284229,connected,mainstream
87,popular_1_exp_Experiment_1_seed_42,3,0.05446959196894121,connected,mainstream
389,popular_1_exp_Experiment_1_seed_42,3,0.05791323820038385,connected,mainstream
261,popular_1_exp_Experiment_1_seed_42,3,0.05563077310566139,connected,mainstream
177,popular_1_exp_Experiment_1_seed_42,3,0.05458501665947455,connected,mainstream
480,popular_1_exp_Experiment_1_seed_42,3,0.05770282713030119,connected,mainstream
284,popular_1_exp_Experiment_1_seed_42,3,0.05812597064844468,connected,mainstream
119,popular_1_exp_Experiment_1_seed_42,3,0.05782433979257798,connected,mainstream
387,popular_1_exp_Experiment_1_seed_42,3,0.06169734844061164,connected,mainstream
243,popular_1_exp_Experiment_1_seed_42,3,0.05652475753502529,connected,mainstream
297,popular_1_exp_Experiment_1_seed_42,3,0.0579329566256325,connected,mainstream
551,popular_1_exp_Experiment_1_seed_42,3,0.06006494613302455,connected,mainstream
589,popular_1_exp_Experiment_1_seed_42,3,0.048638347915739864,connected,mainstream
137,popular_1_exp_Experiment_1_seed_42,3,0.05485406580944684,connected,mainstream
145,popular_1_exp_Experiment_1_seed_42,3,0.06658666519205002,connected,mainstream
108,popular_1_exp_Experiment_1_seed_42,3,0.057154935296953334,connected,mainstream
568,popular_1_exp_Experiment_1_seed_42,3,0.05279832521396787,connected,mainstream
388,popular_1_exp_Experiment_1_seed_42,3,0.06551813069208746,connected,mainstream
96,popular_1_exp_Experiment_1_seed_42,3,0.06440051762684229,connected,mainstream
383,popular_1_exp_Experiment_1_seed_42,3,0.055857811442235596,connected,mainstream
82,popular_1_exp_Experiment_1_seed_42,3,0.05226090374060951,connected,mainstream
316,popular_1_exp_Experiment_1_seed_42,3,0.051735988342274476,connected,mainstream
444,popular_1_exp_Experiment_1_seed_42,3,0.05219717348741312,connected,mainstream
532,popular_1_exp_Experiment_1_seed_42,3,0.053936531163503075,connected,mainstream
132,popular_1_exp_Experiment_1_seed_42,3,0.06269032274976623,connected,mainstream
578,popular_1_exp_Experiment_1_seed_42,3,0.05595531291096397,connected,mainstream
591,popular_1_exp_Experiment_1_seed_42,3,0.053019644040806925,connected,mainstream
107,popular_1_exp_Experiment_1_seed_42,3,0.06371293275632857,connected,mainstream
205,popular_1_exp_Experiment_1_seed_42,3,0.055797139352524165,connected,mainstream
504,popular_1_exp_Experiment_1_seed_42,3,0.0581536178793877,connected,mainstream
166,popular_1_exp_Experiment_1_seed_42,3,0.058889848119734044,connected,mainstream
479,popular_1_exp_Experiment_1_seed_42,3,0.06755491309824983,connected,mainstream
505,popular_1_exp_Experiment_1_seed_42,3,0.052260351875099476,connected,mainstream
403,popular_1_exp_Experiment_1_seed_42,3,0.04857369257236821,connected,mainstream
292,popular_1_exp_Experiment_1_seed_42,3,0.04960053213412441,connected,mainstream
577,popular_1_exp_Experiment_1_seed_42,3,0.057005098615137674,connected,mainstream
540,popular_1_exp_Experiment_1_seed_42,3,0.05907452152191816,connected,mainstream
67,popular_1_exp_Experiment_1_seed_42,3,0.052213540097207446,connected,mainstream
193,popular_1_exp_Experiment_1_seed_42,3,0.04992249736305868,connected,mainstream
499,popular_1_exp_Experiment_1_seed_42,3,0.06340767821399904,connected,mainstream
310,popular_1_exp_Experiment_1_seed_42,3,0.05893087047300114,connected,mainstream
288,popular_1_exp_Experiment_1_seed_42,3,0.061641701100451106,connected,mainstream
214,popular_1_exp_Experiment_1_seed_42,3,0.05286885622428128,connected,mainstream
276,popular_1_exp_Experiment_1_seed_42,3,0.04910898655591467,connected,mainstream
564,popular_1_exp_Experiment_1_seed_42,3,0.05466232265017565,connected,mainstream
203,popular_1_exp_Experiment_1_seed_42,3,0.05249624045009437,connected,mainstream
63,popular_1_exp_Experiment_1_seed_42,3,0.053698378196931205,connected,mainstream
374,popular_1_exp_Experiment_1_seed_42,3,0.060546297375273984,connected,mainstream
474,popular_1_exp_Experiment_1_seed_42,3,0.06403692644822996,connected,mainstream
299,popular_1_exp_Experiment_1_seed_42,3,0.058407572250718305,connected,mainstream
548,popular_1_exp_Experiment_1_seed_42,3,0.06042823757995188,connected,mainstream
400,popular_1_exp_Experiment_1_seed_42,3,0.06626020030771428,connected,mainstream
345,popular_1_exp_Experiment_1_seed_42,3,0.05985733340113478,connected,mainstream
446,popular_1_exp_Experiment_1_seed_42,3,0.058245844908331824,connected,mainstream
80,popular_1_exp_Experiment_1_seed_42,3,0.07078237021832245,connected,mainstream
467,popular_1_exp_Experiment_1_seed_42,3,0.05377312260075442,connected,mainstream
560,popular_1_exp_Experiment_1_seed_42,3,0.06062430417315683,connected,mainstream
497,popular_1_exp_Experiment_1_seed_42,3,0.04642185912368865,connected,mainstream
176,popular_1_exp_Experiment_1_seed_42,3,0.06565796887049535,connected,mainstream
472,popular_1_exp_Experiment_1_seed_42,3,0.05676811977602921,connected,mainstream
597,popular_1_exp_Experiment_1_seed_42,3,0.06790354840653719,connected,mainstream
280,popular_1_exp_Experiment_1_seed_42,3,0.0632101202870636,connected,mainstream
268,popular_1_exp_Experiment_1_seed_42,3,0.05425856506274992,connected,mainstream
97,popular_1_exp_Experiment_1_seed_42,3,0.05880286693209389,connected,mainstream
61,popular_1_exp_Experiment_1_seed_42,3,0.052137819328029904,connected,mainstream
372,popular_1_exp_Experiment_1_seed_42,3,0.06349190696075101,connected,mainstream
27,popular_1_exp_Experiment_1_seed_42,3,0.013185771100027782,connected,niche
410,popular_1_exp_Experiment_1_seed_42,3,0.051852534463978854,connected,mainstream
519,popular_1_exp_Experiment_1_seed_42,3,0.05435994844417826,connected,mainstream
557,popular_1_exp_Experiment_1_seed_42,3,0.05372348646183936,connected,mainstream
48,popular_1_exp_Experiment_1_seed_42,3,0.014196840793921722,connected,niche
133,popular_1_exp_Experiment_1_seed_42,3,0.05446038697760309,connected,mainstream
302,popular_1_exp_Experiment_1_seed_42,3,0.05454810419276998,connected,mainstream
547,popular_1_exp_Experiment_1_seed_42,3,0.054718095313085184,connected,mainstream
406,popular_1_exp_Experiment_1_seed_42,3,0.06453462680410045,connected,mainstream
68,popular_1_exp_Experiment_1_seed_42,3,0.056972684947735774,connected,mainstream
339,popular_1_exp_Experiment_1_seed_42,3,0.05147827649739475,connected,mainstream
307,popular_1_exp_Experiment_1_seed_42,3,0.06868423387895066,connected,mainstream
357,popular_1_exp_Experiment_1_seed_42,3,0.05777777186194052,connected,mainstream
23,popular_1_exp_Experiment_1_seed_42,3,0.018473068426386973,connected,niche
449,popular_1_exp_Experiment_1_seed_42,3,0.053194206356895264,connected,mainstream
182,popular_1_exp_Experiment_1_seed_42,3,0.05825033800397389,connected,mainstream
473,popular_1_exp_Experiment_1_seed_42,3,0.05367689310891408,connected,mainstream
250,popular_1_exp_Experiment_1_seed_42,3,0.05813096765316648,connected,mainstream
420,popular_1_exp_Experiment_1_seed_42,3,0.061851841763842376,connected,mainstream
436,popular_1_exp_Experiment_1_seed_42,3,0.05250351512455704,connected,mainstream
172,popular_1_exp_Experiment_1_seed_42,3,0.05293331434297694,connected,mainstream
161,popular_1_exp_Experiment_1_seed_42,3,0.049964808737830664,connected,mainstream
157,popular_1_exp_Experiment_1_seed_42,3,0.06299751736121735,connected,mainstream
481,popular_1_exp_Experiment_1_seed_42,3,0.05516843887930806,connected,mainstream
501,popular_1_exp_Experiment_1_seed_42,3,0.057880923753416184,connected,mainstream
421,popular_1_exp_Experiment_1_seed_42,3,0.050866517314404815,connected,mainstream
315,popular_1_exp_Experiment_1_seed_42,3,0.07284633749379466,connected,mainstream
351,popular_1_exp_Experiment_1_seed_42,3,0.06757307010391894,connected,mainstream
386,popular_1_exp_Experiment_1_seed_42,3,0.05112210436354755,connected,mainstream
335,popular_1_exp_Experiment_1_seed_42,3,0.053063008796699396,connected,mainstream
393,popular_1_exp_Experiment_1_seed_42,3,0.05635532351262698,connected,mainstream
282,popular_1_exp_Experiment_1_seed_42,3,0.058125456094474025,connected,mainstream
105,popular_1_exp_Experiment_1_seed_42,3,0.05678650703330293,connected,mainstream
62,popular_1_exp_Experiment_1_seed_42,3,0.05487437020115531,connected,mainstream
86,popular_1_exp_Experiment_1_seed_42,3,0.051920909447769524,connected,mainstream
337,popular_1_exp_Experiment_1_seed_42,3,0.05642528828090318,connected,mainstream
230,popular_1_exp_Experiment_1_seed_42,3,0.06077466706016895,connected,mainstream
165,popular_1_exp_Experiment_1_seed_42,3,0.05550714220385814,connected,mainstream
152,popular_1_exp_Experiment_1_seed_42,3,0.05525947956094901,connected,mainstream
29,popular_1_exp_Experiment_1_seed_42,3,0.013092371340025874,connected,niche
283,popular_1_exp_Experiment_1_seed_42,3,0.05375022354559563,connected,mainstream
572,popular_1_exp_Experiment_1_seed_42,3,0.07004716187457523,connected,mainstream
209,popular_1_exp_Experiment_1_seed_42,3,0.06267164397843836,connected,mainstream
47,popular_1_exp_Experiment_1_seed_42,3,0.016416955320132837,connected,niche
485,popular_1_exp_Experiment_1_seed_42,3,0.056605906346647285,connected,mainstream
552,popular_1_exp_Experiment_1_seed_42,3,0.07254946184415495,connected,mainstream
183,popular_1_exp_Experiment_1_seed_42,3,0.05306493027838655,connected,mainstream
225,popular_1_exp_Experiment_1_seed_42,3,0.07307588492447249,connected,mainstream
291,popular_1_exp_Experiment_1_seed_42,3,0.06952228535031732,connected,mainstream
204,popular_1_exp_Experiment_1_seed_42,3,0.05853340854281863,connected,mainstream
140,popular_1_exp_Experiment_1_seed_42,3,0.05247987709519083,connected,mainstream
401,popular_1_exp_Experiment_1_seed_42,3,0.058804539853087694,connected,mainstream
433,popular_1_exp_Experiment_1_seed_42,3,0.056759820557472966,connected,mainstream
92,popular_1_exp_Experiment_1_seed_42,3,0.04963912808686576,connected,mainstream
544,popular_1_exp_Experiment_1_seed_42,3,0.05193945758013616,connected,mainstream
149,popular_1_exp_Experiment_1_seed_42,3,0.05251423435344387,connected,mainstream
8,popular_1_exp_Experiment_1_seed_42,3,0.013142669178577706,connected,niche
361,popular_1_exp_Experiment_1_seed_42,3,0.05214359758573625,connected,mainstream
84,popular_1_exp_Experiment_1_seed_42,3,0.05148265306607063,connected,mainstream
541,popular_1_exp_Experiment_1_seed_42,3,0.054672564237721655,connected,mainstream
195,popular_1_exp_Experiment_1_seed_42,3,0.060337557642043266,connected,mainstream
414,popular_1_exp_Experiment_1_seed_42,3,0.0648851617840327,connected,mainstream
156,popular_1_exp_Experiment_1_seed_42,3,0.05053228417096232,connected,mainstream
405,popular_1_exp_Experiment_1_seed_42,3,0.048332179257165854,connected,mainstream
329,popular_1_exp_Experiment_1_seed_42,3,0.05210342734125028,connected,mainstream
516,popular_1_exp_Experiment_1_seed_42,3,0.05531149564278289,connected,mainstream
54,popular_1_exp_Experiment_1_seed_42,3,0.027446434964112237,connected,niche
58,popular_1_exp_Experiment_1_seed_42,3,0.029471645234033086,connected,niche
434,popular_1_exp_Experiment_1_seed_42,3,0.053977859805358054,connected,mainstream
338,popular_1_exp_Experiment_1_seed_42,3,0.052469564128638145,connected,mainstream
167,popular_1_exp_Experiment_1_seed_42,3,0.0574037166873122,connected,mainstream
588,popular_1_exp_Experiment_1_seed_42,3,0.06069709416867991,connected,mainstream
348,popular_1_exp_Experiment_1_seed_42,3,0.06164921298665735,connected,mainstream
33,popular_1_exp_Experiment_1_seed_42,3,0.05855951619980213,connected,niche
112,popular_1_exp_Experiment_1_seed_42,3,0.05603801710845415,connected,mainstream
311,popular_1_exp_Experiment_1_seed_42,3,0.07280646316354467,connected,mainstream
74,popular_1_exp_Experiment_1_seed_42,3,0.05184722270366907,connected,mainstream
102,popular_1_exp_Experiment_1_seed_42,3,0.05352279555236372,connected,mainstream
380,popular_1_exp_Experiment_1_seed_42,3,0.05950658531867137,connected,mainstream
352,popular_1_exp_Experiment_1_seed_42,3,0.0615256770894394,connected,mainstream
537,popular_1_exp_Experiment_1_seed_42,3,0.06491940312873602,connected,mainstream
69,popular_1_exp_Experiment_1_seed_42,3,0.05428058720673115,connected,mainstream
64,popular_1_exp_Experiment_1_seed_42,3,0.051458886524145896,connected,mainstream
35,popular_1_exp_Experiment_1_seed_42,3,0.016895101968497816,connected,niche
384,popular_1_exp_Experiment_1_seed_42,3,0.07163946722629444,connected,mainstream
279,popular_1_exp_Experiment_1_seed_42,3,0.05360593927244445,connected,mainstream
94,popular_1_exp_Experiment_1_seed_42,3,0.048396765388979975,connected,mainstream
398,popular_1_exp_Experiment_1_seed_42,3,0.05147843099524346,connected,mainstream
222,popular_1_exp_Experiment_1_seed_42,3,0.055296963557097255,connected,mainstream
124,popular_1_exp_Experiment_1_seed_42,3,0.05562333161274136,connected,mainstream
340,popular_1_exp_Experiment_1_seed_42,3,0.05313401406337998,connected,mainstream
229,popular_1_exp_Experiment_1_seed_42,3,0.05545662802280604,connected,mainstream
517,popular_1_exp_Experiment_1_seed_42,3,0.05970850119284094,connected,mainstream
323,popular_1_exp_Experiment_1_seed_42,3,0.06433066103783244,connected,mainstream
79,popular_1_exp_Experiment_1_seed_42,3,0.06694157682779944,connected,mainstream
409,popular_1_exp_Experiment_1_seed_42,3,0.06176277253444221,connected,mainstream
207,popular_1_exp_Experiment_1_seed_42,3,0.05589856186299885,connected,mainstream
111,popular_1_exp_Experiment_1_seed_42,3,0.05049038216351017,connected,mainstream
331,popular_1_exp_Experiment_1_seed_42,3,0.050173803242643124,connected,mainstream
354,popular_1_exp_Experiment_1_seed_42,3,0.0505260620382457,connected,mainstream
85,popular_1_exp_Experiment_1_seed_42,3,0.05626997184624338,connected,mainstream
104,popular_1_exp_Experiment_1_seed_42,3,0.06345117862530128,connected,mainstream
296,popular_1_exp_Experiment_1_seed_42,3,0.05639492904190968,connected,mainstream
194,popular_1_exp_Experiment_1_seed_42,3,0.05592167023520154,connected,mainstream
275,popular_1_exp_Experiment_1_seed_42,3,0.05279481766656935,connected,mainstream
498,popular_1_exp_Experiment_1_seed_42,3,0.05587815625429029,connected,mainstream
567,popular_1_exp_Experiment_1_seed_42,3,0.06835294274667886,connected,mainstream
267,popular_1_exp_Experiment_1_seed_42,3,0.06973098303238597,connected,mainstream
489,popular_1_exp_Experiment_1_seed_42,3,0.05639412933587825,connected,mainstream
25,popular_1_exp_Experiment_1_seed_42,3,0.01759401577539642,connected,niche
159,popular_1_exp_Experiment_1_seed_42,3,0.05245692217449962,connected,mainstream
293,popular_1_exp_Experiment_1_seed_42,3,0.0543087412152321,connected,mainstream
358,popular_1_exp_Experiment_1_seed_42,3,0.060287449718063345,connected,mainstream
247,popular_1_exp_Experiment_1_seed_42,3,0.053128581263800136,connected,mainstream
55,popular_1_exp_Experiment_1_seed_42,3,0.014777296227341028,connected,niche
184,popular_1_exp_Experiment_1_seed_42,3,0.054721126878645776,connected,mainstream
129,popular_1_exp_Experiment_1_seed_42,3,0.06548680263365914,connected,mainstream
246,popular_1_exp_Experiment_1_seed_42,3,0.0568068854108475,connected,mainstream
253,popular_1_exp_Experiment_1_seed_42,3,0.06793786652971671,connected,mainstream
249,popular_1_exp_Experiment_1_seed_42,3,0.04938045168103946,connected,mainstream
452,popular_1_exp_Experiment_1_seed_42,3,0.051898256773574535,connected,mainstream
281,popular_1_exp_Experiment_1_seed_42,3,0.05804928343065672,connected,mainstream
237,popular_1_exp_Experiment_1_seed_42,3,0.06985500235173282,connected,mainstream
52,popular_1_exp_Experiment_1_seed_42,3,0.03634817855642449,connected,niche
584,popular_1_exp_Experiment_1_seed_42,3,0.0577193676138624,connected,mainstream
114,popular_1_exp_Experiment_1_seed_42,3,0.05471669372184901,connected,mainstream
581,popular_1_exp_Experiment_1_seed_42,3,0.05860509211198466,connected,mainstream
325,popular_1_exp_Experiment_1_seed_42,3,0.051577439902306704,connected,mainstream
110,popular_1_exp_Experiment_1_seed_42,3,0.0505349384564685,connected,mainstream
343,popular_1_exp_Experiment_1_seed_42,3,0.054753947585754296,connected,mainstream
347,popular_1_exp_Experiment_1_seed_42,3,0.05712430774560812,connected,mainstream
244,popular_1_exp_Experiment_1_seed_42,3,0.050565866264852134,connected,mainstream
196,popular_1_exp_Experiment_1_seed_42,3,0.05577309831394559,connected,mainstream
272,popular_1_exp_Experiment_1_seed_42,3,0.05200033957706789,connected,mainstream
30,popular_1_exp_Experiment_1_seed_42,3,0.021218834753510548,connected,niche
236,popular_1_exp_Experiment_1_seed_42,3,0.054573571122993776,connected,mainstream
583,popular_1_exp_Experiment_1_seed_42,3,0.05041967176923467,connected,mainstream
200,popular_1_exp_Experiment_1_seed_42,3,0.055520842410549276,connected,mainstream
78,popular_1_exp_Experiment_1_seed_42,3,0.053995611169775685,connected,mainstream
530,popular_1_exp_Experiment_1_seed_42,3,0.05985375695620715,connected,mainstream
50,popular_1_exp_Experiment_1_seed_42,3,0.031018004870307533,connected,niche
192,popular_1_exp_Experiment_1_seed_42,3,0.051374897818644016,connected,mainstream
103,popular_1_exp_Experiment_1_seed_42,3,0.06690797804109215,connected,mainstream
43,popular_1_exp_Experiment_1_seed_42,3,0.015898885502768873,connected,niche
429,popular_1_exp_Experiment_1_seed_42,3,0.05433211183928747,connected,mainstream
309,popular_1_exp_Experiment_1_seed_42,3,0.05112589840847446,connected,mainstream
534,popular_1_exp_Experiment_1_seed_42,3,0.05613463043899677,connected,mainstream
289,popular_1_exp_Experiment_1_seed_42,3,0.05968409966245522,connected,mainstream
234,popular_1_exp_Experiment_1_seed_42,3,0.06090200717307675,connected,mainstream
212,popular_1_exp_Experiment_1_seed_42,3,0.0562294856498839,connected,mainstream
197,popular_1_exp_Experiment_1_seed_42,3,0.05841501706008329,connected,mainstream
442,popular_1_exp_Experiment_1_seed_42,3,0.052111420474060956,connected,mainstream
463,popular_1_exp_Experiment_1_seed_42,3,0.0641649977094033,connected,mainstream
239,popular_1_exp_Experiment_1_seed_42,3,0.06349666509435603,connected,mainstream
422,popular_1_exp_Experiment_1_seed_42,3,0.06051533342985618,connected,mainstream
271,popular_1_exp_Experiment_1_seed_42,3,0.0542944753497847,connected,mainstream
575,popular_1_exp_Experiment_1_seed_42,3,0.052742817607504634,connected,mainstream
131,popular_1_exp_Experiment_1_seed_42,3,0.05402432341364447,connected,mainstream
576,popular_1_exp_Experiment_1_seed_42,3,0.055556743357947726,connected,mainstream
164,popular_1_exp_Experiment_1_seed_42,3,0.056781480624367275,connected,mainstream
470,popular_1_exp_Experiment_1_seed_42,3,0.05803566821341325,connected,mainstream
218,popular_1_exp_Experiment_1_seed_42,3,0.05346745775018611,connected,mainstream
396,popular_1_exp_Experiment_1_seed_42,3,0.05171798170511458,connected,mainstream
447,popular_1_exp_Experiment_1_seed_42,3,0.06221560183495619,connected,mainstream
324,popular_1_exp_Experiment_1_seed_42,3,0.054984346217808705,connected,mainstream
385,popular_1_exp_Experiment_1_seed_42,3,0.051830280526084294,connected,mainstream
580,popular_1_exp_Experiment_1_seed_42,3,0.0538114584872457,connected,mainstream
215,popular_1_exp_Experiment_1_seed_42,3,0.06759614650205863,connected,mainstream
22,popular_1_exp_Experiment_1_seed_42,3,0.023210789913424387,connected,niche
528,popular_1_exp_Experiment_1_seed_42,3,0.052609117043346365,connected,mainstream
404,popular_1_exp_Experiment_1_seed_42,3,0.06431050373845822,connected,mainstream
99,popular_1_exp_Experiment_1_seed_42,3,0.05224147751153991,connected,mainstream
122,popular_1_exp_Experiment_1_seed_42,3,0.057380209574815044,connected,mainstream
496,popular_1_exp_Experiment_1_seed_42,3,0.06720921668268233,connected,mainstream
538,popular_1_exp_Experiment_1_seed_42,3,0.056981904724569786,connected,mainstream
350,popular_1_exp_Experiment_1_seed_42,3,0.05210853119073643,connected,mainstream
586,popular_1_exp_Experiment_1_seed_42,3,0.057594166402286394,connected,mainstream
116,popular_1_exp_Experiment_1_seed_42,3,0.05229738452596006,connected,mainstream
510,popular_1_exp_Experiment_1_seed_42,3,0.0610840179832565,connected,mainstream
263,popular_1_exp_Experiment_1_seed_42,3,0.05701747614443473,connected,mainstream
512,popular_1_exp_Experiment_1_seed_42,3,0.056527268489320555,connected,mainstream
286,popular_1_exp_Experiment_1_seed_42,3,0.05611427576770909,connected,mainstream
360,popular_1_exp_Experiment_1_seed_42,3,0.0520228981324004,connected,mainstream
565,popular_1_exp_Experiment_1_seed_42,3,0.05228541039437109,connected,mainstream
378,popular_1_exp_Experiment_1_seed_42,3,0.05654138630158518,connected,mainstream
349,popular_1_exp_Experiment_1_seed_42,3,0.06248138822825089,connected,mainstream
417,popular_1_exp_Experiment_1_seed_42,3,0.07054188288376968,connected,mainstream
83,popular_1_exp_Experiment_1_seed_42,3,0.06244684897875006,connected,mainstream
127,popular_1_exp_Experiment_1_seed_42,4,0.06434074526858417,connected,mainstream
70,popular_1_exp_Experiment_1_seed_42,4,0.054533922724568716,connected,mainstream
392,popular_1_exp_Experiment_1_seed_42,4,0.06395882177426127,connected,mainstream
298,popular_1_exp_Experiment_1_seed_42,4,0.06079223952745847,connected,mainstream
113,popular_1_exp_Experiment_1_seed_42,4,0.058888798308085875,connected,mainstream
71,popular_1_exp_Experiment_1_seed_42,4,0.06365500762125899,connected,mainstream
542,popular_1_exp_Experiment_1_seed_42,4,0.0532395116413338,connected,mainstream
138,popular_1_exp_Experiment_1_seed_42,4,0.06181902329619682,connected,mainstream
57,popular_1_exp_Experiment_1_seed_42,4,0.025119284451161194,connected,niche
419,popular_1_exp_Experiment_1_seed_42,4,0.050338360817288895,connected,mainstream
198,popular_1_exp_Experiment_1_seed_42,4,0.05910468379465473,connected,mainstream
330,popular_1_exp_Experiment_1_seed_42,4,0.05201115101982101,connected,mainstream
502,popular_1_exp_Experiment_1_seed_42,4,0.05844932673484676,connected,mainstream
549,popular_1_exp_Experiment_1_seed_42,4,0.05181972092376324,connected,mainstream
21,popular_1_exp_Experiment_1_seed_42,4,0.015750110488879237,connected,niche
363,popular_1_exp_Experiment_1_seed_42,4,0.055397309652396004,connected,mainstream
241,popular_1_exp_Experiment_1_seed_42,4,0.059190620487943484,connected,mainstream
191,popular_1_exp_Experiment_1_seed_42,4,0.07481322661639779,connected,mainstream
587,popular_1_exp_Experiment_1_seed_42,4,0.055960829794976207,connected,mainstream
346,popular_1_exp_Experiment_1_seed_42,4,0.05522357076385186,connected,mainstream
466,popular_1_exp_Experiment_1_seed_42,4,0.05165070942070114,connected,mainstream
136,popular_1_exp_Experiment_1_seed_42,4,0.05145916358241704,connected,mainstream
423,popular_1_exp_Experiment_1_seed_42,4,0.05953532168364358,connected,mainstream
561,popular_1_exp_Experiment_1_seed_42,4,0.05760154460967154,connected,mainstream
582,popular_1_exp_Experiment_1_seed_42,4,0.06129968916424796,connected,mainstream
456,popular_1_exp_Experiment_1_seed_42,4,0.06093798732772659,connected,mainstream
359,popular_1_exp_Experiment_1_seed_42,4,0.05125775397887944,connected,mainstream
355,popular_1_exp_Experiment_1_seed_42,4,0.054982158404889896,connected,mainstream
394,popular_1_exp_Experiment_1_seed_42,4,0.0583658467370095,connected,mainstream
428,popular_1_exp_Experiment_1_seed_42,4,0.05303438273367622,connected,mainstream
56,popular_1_exp_Experiment_1_seed_42,4,0.016476795622447662,connected,niche
123,popular_1_exp_Experiment_1_seed_42,4,0.054545152737422574,connected,mainstream
31,popular_1_exp_Experiment_1_seed_42,4,0.01527879435608939,connected,niche
399,popular_1_exp_Experiment_1_seed_42,4,0.04705853075987471,connected,mainstream
476,popular_1_exp_Experiment_1_seed_42,4,0.05727557834873298,connected,mainstream
322,popular_1_exp_Experiment_1_seed_42,4,0.05719361991565883,connected,mainstream
219,popular_1_exp_Experiment_1_seed_42,4,0.05736402861948761,connected,mainstream
186,popular_1_exp_Experiment_1_seed_42,4,0.06472314679397984,connected,mainstream
511,popular_1_exp_Experiment_1_seed_42,4,0.05204859874844756,connected,mainstream
290,popular_1_exp_Experiment_1_seed_42,4,0.05131607904740788,connected,mainstream
231,popular_1_exp_Experiment_1_seed_42,4,0.05494961420118183,connected,mainstream
188,popular_1_exp_Experiment_1_seed_42,4,0.05341841548577128,connected,mainstream
416,popular_1_exp_Experiment_1_seed_42,4,0.061420703115277565,connected,mainstream
443,popular_1_exp_Experiment_1_seed_42,4,0.06462082050384245,connected,mainstream
101,popular_1_exp_Experiment_1_seed_42,4,0.06429818278356063,connected,mainstream
431,popular_1_exp_Experiment_1_seed_42,4,0.055959300375403885,connected,mainstream
170,popular_1_exp_Experiment_1_seed_42,4,0.057237999041145175,connected,mainstream
185,popular_1_exp_Experiment_1_seed_42,4,0.053872069726759376,connected,mainstream
201,popular_1_exp_Experiment_1_seed_42,4,0.05142419282918125,connected,mainstream
32,popular_1_exp_Experiment_1_seed_42,4,0.019461770132970003,connected,niche
77,popular_1_exp_Experiment_1_seed_42,4,0.06583886131173848,connected,mainstream
106,popular_1_exp_Experiment_1_seed_42,4,0.05205904929080565,connected,mainstream
412,popular_1_exp_Experiment_1_seed_42,4,0.06141160227440969,connected,mainstream
518,popular_1_exp_Experiment_1_seed_42,4,0.051146676324592,connected,mainstream
381,popular_1_exp_Experiment_1_seed_42,4,0.05210580122486325,connected,mainstream
490,popular_1_exp_Experiment_1_seed_42,4,0.0508498136502085,connected,mainstream
171,popular_1_exp_Experiment_1_seed_42,4,0.052624320213555335,connected,mainstream
59,popular_1_exp_Experiment_1_seed_42,4,0.01549256359387246,connected,niche
45,popular_1_exp_Experiment_1_seed_42,4,0.02715272938606729,connected,niche
160,popular_1_exp_Experiment_1_seed_42,4,0.058581886080543454,connected,mainstream
3,popular_1_exp_Experiment_1_seed_42,4,0.014647110445447533,connected,niche
304,popular_1_exp_Experiment_1_seed_42,4,0.05593187986561587,connected,mainstream
563,popular_1_exp_Experiment_1_seed_42,4,0.05098674074766635,connected,mainstream
13,popular_1_exp_Experiment_1_seed_42,4,0.01993817494099419,connected,niche
327,popular_1_exp_Experiment_1_seed_42,4,0.05197119234889056,connected,mainstream
148,popular_1_exp_Experiment_1_seed_42,4,0.04909805887980049,connected,mainstream
151,popular_1_exp_Experiment_1_seed_42,4,0.06144152143320352,connected,mainstream
153,popular_1_exp_Experiment_1_seed_42,4,0.06481620562134928,connected,mainstream
91,popular_1_exp_Experiment_1_seed_42,4,0.05276189783237197,connected,mainstream
430,popular_1_exp_Experiment_1_seed_42,4,0.06773348598224062,connected,mainstream
426,popular_1_exp_Experiment_1_seed_42,4,0.05747400549729034,connected,mainstream
273,popular_1_exp_Experiment_1_seed_42,4,0.054087431435296214,connected,mainstream
371,popular_1_exp_Experiment_1_seed_42,4,0.051746678570743276,connected,mainstream
558,popular_1_exp_Experiment_1_seed_42,4,0.05733516733180246,connected,mainstream
477,popular_1_exp_Experiment_1_seed_42,4,0.05247893804750845,connected,mainstream
95,popular_1_exp_Experiment_1_seed_42,4,0.05662735720394161,connected,mainstream
391,popular_1_exp_Experiment_1_seed_42,4,0.05747736657361699,connected,mainstream
155,popular_1_exp_Experiment_1_seed_42,4,0.06441693403076541,connected,mainstream
98,popular_1_exp_Experiment_1_seed_42,4,0.07667067109817122,connected,mainstream
486,popular_1_exp_Experiment_1_seed_42,4,0.06434898767175674,connected,mainstream
287,popular_1_exp_Experiment_1_seed_42,4,0.051394233250640096,connected,mainstream
574,popular_1_exp_Experiment_1_seed_42,4,0.05913039804416389,connected,mainstream
49,popular_1_exp_Experiment_1_seed_42,4,0.03575072307669877,connected,niche
440,popular_1_exp_Experiment_1_seed_42,4,0.06416257802170543,connected,mainstream
75,popular_1_exp_Experiment_1_seed_42,4,0.054377687916358386,connected,mainstream
390,popular_1_exp_Experiment_1_seed_42,4,0.05680032134598547,connected,mainstream
141,popular_1_exp_Experiment_1_seed_42,4,0.05324629624519572,connected,mainstream
439,popular_1_exp_Experiment_1_seed_42,4,0.056833515623934884,connected,mainstream
223,popular_1_exp_Experiment_1_seed_42,4,0.07332133139029103,connected,mainstream
65,popular_1_exp_Experiment_1_seed_42,4,0.06805520415089561,connected,mainstream
407,popular_1_exp_Experiment_1_seed_42,4,0.056113895406249205,connected,mainstream
484,popular_1_exp_Experiment_1_seed_42,4,0.05578652362918544,connected,mainstream
81,popular_1_exp_Experiment_1_seed_42,4,0.05068196379255776,connected,mainstream
181,popular_1_exp_Experiment_1_seed_42,4,0.056279459393558974,connected,mainstream
217,popular_1_exp_Experiment_1_seed_42,4,0.06413628419073368,connected,mainstream
256,popular_1_exp_Experiment_1_seed_42,4,0.05976550257744554,connected,mainstream
318,popular_1_exp_Experiment_1_seed_42,4,0.06645416472033526,connected,mainstream
150,popular_1_exp_Experiment_1_seed_42,4,0.07222324495008643,connected,mainstream
342,popular_1_exp_Experiment_1_seed_42,4,0.06548036927279959,connected,mainstream
224,popular_1_exp_Experiment_1_seed_42,4,0.055367896561811535,connected,mainstream
179,popular_1_exp_Experiment_1_seed_42,4,0.0549253701551758,connected,mainstream
514,popular_1_exp_Experiment_1_seed_42,4,0.05233253945876787,connected,mainstream
130,popular_1_exp_Experiment_1_seed_42,4,0.05233842275320436,connected,mainstream
120,popular_1_exp_Experiment_1_seed_42,4,0.06444885917872195,connected,mainstream
550,popular_1_exp_Experiment_1_seed_42,4,0.05907958160726482,connected,mainstream
76,popular_1_exp_Experiment_1_seed_42,4,0.06924578123194064,connected,mainstream
448,popular_1_exp_Experiment_1_seed_42,4,0.06250143187439476,connected,mainstream
248,popular_1_exp_Experiment_1_seed_42,4,0.05371621181667476,connected,mainstream
397,popular_1_exp_Experiment_1_seed_42,4,0.0613657500189847,connected,mainstream
39,popular_1_exp_Experiment_1_seed_42,4,0.021210621508194045,connected,niche
367,popular_1_exp_Experiment_1_seed_42,4,0.06612246076037609,connected,mainstream
168,popular_1_exp_Experiment_1_seed_42,4,0.04916663743519271,connected,mainstream
300,popular_1_exp_Experiment_1_seed_42,4,0.06528443456513494,connected,mainstream
435,popular_1_exp_Experiment_1_seed_42,4,0.06472554258904983,connected,mainstream
38,popular_1_exp_Experiment_1_seed_42,4,0.02583239405629711,connected,niche
221,popular_1_exp_Experiment_1_seed_42,4,0.05515036731811101,connected,mainstream
251,popular_1_exp_Experiment_1_seed_42,4,0.05470060684965653,connected,mainstream
326,popular_1_exp_Experiment_1_seed_42,4,0.07226667910135574,connected,mainstream
362,popular_1_exp_Experiment_1_seed_42,4,0.05189453778885053,connected,mainstream
554,popular_1_exp_Experiment_1_seed_42,4,0.05647081244700878,connected,mainstream
0,popular_1_exp_Experiment_1_seed_42,4,0.03403058710089015,connected,niche
595,popular_1_exp_Experiment_1_seed_42,4,0.05151678363266506,connected,mainstream
487,popular_1_exp_Experiment_1_seed_42,4,0.0635541565411778,connected,mainstream
369,popular_1_exp_Experiment_1_seed_42,4,0.0737339280840078,connected,mainstream
521,popular_1_exp_Experiment_1_seed_42,4,0.0590108766465895,connected,mainstream
34,popular_1_exp_Experiment_1_seed_42,4,0.013898146790463242,connected,niche
233,popular_1_exp_Experiment_1_seed_42,4,0.05742752040145884,connected,mainstream
10,popular_1_exp_Experiment_1_seed_42,4,0.025806559317137878,connected,niche
51,popular_1_exp_Experiment_1_seed_42,4,0.022789098132871766,connected,niche
117,popular_1_exp_Experiment_1_seed_42,4,0.05152573798662153,connected,mainstream
226,popular_1_exp_Experiment_1_seed_42,4,0.06559887972378071,connected,mainstream
464,popular_1_exp_Experiment_1_seed_42,4,0.0624244670460496,connected,mainstream
126,popular_1_exp_Experiment_1_seed_42,4,0.05522295925204515,connected,mainstream
522,popular_1_exp_Experiment_1_seed_42,4,0.059433147445192146,connected,mainstream
585,popular_1_exp_Experiment_1_seed_42,4,0.055043725561053886,connected,mainstream
40,popular_1_exp_Experiment_1_seed_42,4,0.014719043963029315,connected,niche
455,popular_1_exp_Experiment_1_seed_42,4,0.05854321430318036,connected,mainstream
216,popular_1_exp_Experiment_1_seed_42,4,0.05869367235242803,connected,mainstream
493,popular_1_exp_Experiment_1_seed_42,4,0.05888104503429359,connected,mainstream
495,popular_1_exp_Experiment_1_seed_42,4,0.06475852849542192,connected,mainstream
208,popular_1_exp_Experiment_1_seed_42,4,0.061882792554085776,connected,mainstream
368,popular_1_exp_Experiment_1_seed_42,4,0.06796611815201166,connected,mainstream
590,popular_1_exp_Experiment_1_seed_42,4,0.05148439915122346,connected,mainstream
232,popular_1_exp_Experiment_1_seed_42,4,0.06052226917134861,connected,mainstream
491,popular_1_exp_Experiment_1_seed_42,4,0.0513182776854906,connected,mainstream
598,popular_1_exp_Experiment_1_seed_42,4,0.0566915005647175,connected,mainstream
90,popular_1_exp_Experiment_1_seed_42,4,0.053859646145794575,connected,mainstream
365,popular_1_exp_Experiment_1_seed_42,4,0.055649304294492496,connected,mainstream
265,popular_1_exp_Experiment_1_seed_42,4,0.05631886265266118,connected,mainstream
415,popular_1_exp_Experiment_1_seed_42,4,0.06541619219938319,connected,mainstream
494,popular_1_exp_Experiment_1_seed_42,4,0.05446161719013193,connected,mainstream
66,popular_1_exp_Experiment_1_seed_42,4,0.05428648377977141,connected,mainstream
17,popular_1_exp_Experiment_1_seed_42,4,0.02177652571846545,connected,niche
356,popular_1_exp_Experiment_1_seed_42,4,0.051823873698068235,connected,mainstream
53,popular_1_exp_Experiment_1_seed_42,4,0.01954310354135931,connected,niche
4,popular_1_exp_Experiment_1_seed_42,4,0.02424389247523608,connected,niche
19,popular_1_exp_Experiment_1_seed_42,4,0.028964485943655582,connected,niche
240,popular_1_exp_Experiment_1_seed_42,4,0.061169672808070154,connected,mainstream
6,popular_1_exp_Experiment_1_seed_42,4,0.015424425376686401,connected,niche
252,popular_1_exp_Experiment_1_seed_42,4,0.055392943995751266,connected,mainstream
411,popular_1_exp_Experiment_1_seed_42,4,0.055105010711390484,connected,mainstream
376,popular_1_exp_Experiment_1_seed_42,4,0.05682135743651301,connected,mainstream
220,popular_1_exp_Experiment_1_seed_42,4,0.05606517131195459,connected,mainstream
373,popular_1_exp_Experiment_1_seed_42,4,0.05783330002641427,connected,mainstream
16,popular_1_exp_Experiment_1_seed_42,4,0.020455074103983523,connected,niche
1,popular_1_exp_Experiment_1_seed_42,4,0.0190375432181509,connected,niche
28,popular_1_exp_Experiment_1_seed_42,4,0.021305148974606142,connected,niche
306,popular_1_exp_Experiment_1_seed_42,4,0.050785156526534425,connected,mainstream
2,popular_1_exp_Experiment_1_seed_42,4,0.018647255584471105,connected,niche
562,popular_1_exp_Experiment_1_seed_42,4,0.05632141064226251,connected,mainstream
513,popular_1_exp_Experiment_1_seed_42,4,0.05184290390264881,connected,mainstream
308,popular_1_exp_Experiment_1_seed_42,4,0.05888281891851424,connected,mainstream
379,popular_1_exp_Experiment_1_seed_42,4,0.05491672777635109,connected,mainstream
375,popular_1_exp_Experiment_1_seed_42,4,0.056213253311338064,connected,mainstream
579,popular_1_exp_Experiment_1_seed_42,4,0.049516356745050304,connected,mainstream
596,popular_1_exp_Experiment_1_seed_42,4,0.060331970495922475,connected,mainstream
500,popular_1_exp_Experiment_1_seed_42,4,0.053698529945384606,connected,mainstream
546,popular_1_exp_Experiment_1_seed_42,4,0.05174264379853236,connected,mainstream
462,popular_1_exp_Experiment_1_seed_42,4,0.052571016323447094,connected,mainstream
332,popular_1_exp_Experiment_1_seed_42,4,0.05791045165469224,connected,mainstream
259,popular_1_exp_Experiment_1_seed_42,4,0.05711008316365421,connected,mainstream
142,popular_1_exp_Experiment_1_seed_42,4,0.05254617700341544,connected,mainstream
227,popular_1_exp_Experiment_1_seed_42,4,0.04969889407862469,connected,mainstream
468,popular_1_exp_Experiment_1_seed_42,4,0.05827026939221049,connected,mainstream
566,popular_1_exp_Experiment_1_seed_42,4,0.05331460563008483,connected,mainstream
312,popular_1_exp_Experiment_1_seed_42,4,0.05880965640352329,connected,mainstream
12,popular_1_exp_Experiment_1_seed_42,4,0.024647256794593165,connected,niche
14,popular_1_exp_Experiment_1_seed_42,4,0.024671593052136582,connected,niche
525,popular_1_exp_Experiment_1_seed_42,4,0.06207370911413531,connected,mainstream
314,popular_1_exp_Experiment_1_seed_42,4,0.061672014036934564,connected,mainstream
143,popular_1_exp_Experiment_1_seed_42,4,0.05857810586838607,connected,mainstream
187,popular_1_exp_Experiment_1_seed_42,4,0.05708043544513372,connected,mainstream
319,popular_1_exp_Experiment_1_seed_42,4,0.05543787865089058,connected,mainstream
37,popular_1_exp_Experiment_1_seed_42,4,0.021081461293681006,connected,niche
520,popular_1_exp_Experiment_1_seed_42,4,0.05521408384361137,connected,mainstream
471,popular_1_exp_Experiment_1_seed_42,4,0.05669355581895491,connected,mainstream
599,popular_1_exp_Experiment_1_seed_42,4,0.05900645534067681,connected,mainstream
506,popular_1_exp_Experiment_1_seed_42,4,0.06923206015553847,connected,mainstream
255,popular_1_exp_Experiment_1_seed_42,4,0.05377437160464924,connected,mainstream
353,popular_1_exp_Experiment_1_seed_42,4,0.06337431053171856,connected,mainstream
235,popular_1_exp_Experiment_1_seed_42,4,0.04708628736776247,connected,mainstream
545,popular_1_exp_Experiment_1_seed_42,4,0.07305268282348883,connected,mainstream
264,popular_1_exp_Experiment_1_seed_42,4,0.04923554996797935,connected,mainstream
441,popular_1_exp_Experiment_1_seed_42,4,0.060964195072993,connected,mainstream
295,popular_1_exp_Experiment_1_seed_42,4,0.053943583007349166,connected,mainstream
509,popular_1_exp_Experiment_1_seed_42,4,0.052297904245355575,connected,mainstream
370,popular_1_exp_Experiment_1_seed_42,4,0.049742794126964585,connected,mainstream
454,popular_1_exp_Experiment_1_seed_42,4,0.06884341263197687,connected,mainstream
93,popular_1_exp_Experiment_1_seed_42,4,0.05015756609535623,connected,mainstream
543,popular_1_exp_Experiment_1_seed_42,4,0.05116638707209242,connected,mainstream
189,popular_1_exp_Experiment_1_seed_42,4,0.05557501181649963,connected,mainstream
134,popular_1_exp_Experiment_1_seed_42,4,0.05754170944974315,connected,mainstream
328,popular_1_exp_Experiment_1_seed_42,4,0.05719067426191294,connected,mainstream
571,popular_1_exp_Experiment_1_seed_42,4,0.07318314977445307,connected,mainstream
206,popular_1_exp_Experiment_1_seed_42,4,0.0545238138877091,connected,mainstream
294,popular_1_exp_Experiment_1_seed_42,4,0.05954258912446601,connected,mainstream
427,popular_1_exp_Experiment_1_seed_42,4,0.055360423297299226,connected,mainstream
536,popular_1_exp_Experiment_1_seed_42,4,0.05244497826629805,connected,mainstream
341,popular_1_exp_Experiment_1_seed_42,4,0.05042005293758308,connected,mainstream
402,popular_1_exp_Experiment_1_seed_42,4,0.049241588110859935,connected,mainstream
461,popular_1_exp_Experiment_1_seed_42,4,0.06502280521745221,connected,mainstream
425,popular_1_exp_Experiment_1_seed_42,4,0.05748797398743468,connected,mainstream
483,popular_1_exp_Experiment_1_seed_42,4,0.05169920739383693,connected,mainstream
492,popular_1_exp_Experiment_1_seed_42,4,0.08211855067642065,connected,mainstream
508,popular_1_exp_Experiment_1_seed_42,4,0.051830024552796304,connected,mainstream
115,popular_1_exp_Experiment_1_seed_42,4,0.054771028873327444,connected,mainstream
11,popular_1_exp_Experiment_1_seed_42,4,0.01315707932688148,connected,niche
210,popular_1_exp_Experiment_1_seed_42,4,0.070240393348442,connected,mainstream
238,popular_1_exp_Experiment_1_seed_42,4,0.05458710942343321,connected,mainstream
180,popular_1_exp_Experiment_1_seed_42,4,0.0722453991562414,connected,mainstream
121,popular_1_exp_Experiment_1_seed_42,4,0.05478298317146054,connected,mainstream
539,popular_1_exp_Experiment_1_seed_42,4,0.05010560171078996,connected,mainstream
26,popular_1_exp_Experiment_1_seed_42,4,0.015803500404293635,connected,niche
202,popular_1_exp_Experiment_1_seed_42,4,0.06081110238170014,connected,mainstream
556,popular_1_exp_Experiment_1_seed_42,4,0.05176453499484209,connected,mainstream
366,popular_1_exp_Experiment_1_seed_42,4,0.054502514168065536,connected,mainstream
475,popular_1_exp_Experiment_1_seed_42,4,0.0510858380052887,connected,mainstream
344,popular_1_exp_Experiment_1_seed_42,4,0.0687356797013055,connected,mainstream
15,popular_1_exp_Experiment_1_seed_42,4,0.021812619198490906,connected,niche
523,popular_1_exp_Experiment_1_seed_42,4,0.05418835297497937,connected,mainstream
301,popular_1_exp_Experiment_1_seed_42,4,0.07373624969670013,connected,mainstream
262,popular_1_exp_Experiment_1_seed_42,4,0.055457908314530846,connected,mainstream
592,popular_1_exp_Experiment_1_seed_42,4,0.05929623413697415,connected,mainstream
154,popular_1_exp_Experiment_1_seed_42,4,0.050109966257523536,connected,mainstream
257,popular_1_exp_Experiment_1_seed_42,4,0.060664065698119475,connected,mainstream
313,popular_1_exp_Experiment_1_seed_42,4,0.0551050145687394,connected,mainstream
488,popular_1_exp_Experiment_1_seed_42,4,0.051167051489617664,connected,mainstream
174,popular_1_exp_Experiment_1_seed_42,4,0.060475147905135695,connected,mainstream
190,popular_1_exp_Experiment_1_seed_42,4,0.051724261188479205,connected,mainstream
594,popular_1_exp_Experiment_1_seed_42,4,0.05114444055270917,connected,mainstream
46,popular_1_exp_Experiment_1_seed_42,4,0.021172729832037485,connected,niche
457,popular_1_exp_Experiment_1_seed_42,4,0.05622032058338546,connected,mainstream
72,popular_1_exp_Experiment_1_seed_42,4,0.05063274845133028,connected,mainstream
73,popular_1_exp_Experiment_1_seed_42,4,0.06677019432231689,connected,mainstream
9,popular_1_exp_Experiment_1_seed_42,4,0.026838282736096314,connected,niche
377,popular_1_exp_Experiment_1_seed_42,4,0.06109337957659384,connected,mainstream
245,popular_1_exp_Experiment_1_seed_42,4,0.05666617191150173,connected,mainstream
128,popular_1_exp_Experiment_1_seed_42,4,0.06902055255471075,connected,mainstream
175,popular_1_exp_Experiment_1_seed_42,4,0.04849714937313283,connected,mainstream
515,popular_1_exp_Experiment_1_seed_42,4,0.05341126024018128,connected,mainstream
559,popular_1_exp_Experiment_1_seed_42,4,0.05426947777419206,connected,mainstream
36,popular_1_exp_Experiment_1_seed_42,4,0.020743762878968033,connected,niche
303,popular_1_exp_Experiment_1_seed_42,4,0.06331478034905309,connected,mainstream
432,popular_1_exp_Experiment_1_seed_42,4,0.05218345716792977,connected,mainstream
395,popular_1_exp_Experiment_1_seed_42,4,0.05204984712731903,connected,mainstream
450,popular_1_exp_Experiment_1_seed_42,4,0.05206628653408094,connected,mainstream
527,popular_1_exp_Experiment_1_seed_42,4,0.05684300935706752,connected,mainstream
555,popular_1_exp_Experiment_1_seed_42,4,0.05360262610458116,connected,mainstream
478,popular_1_exp_Experiment_1_seed_42,4,0.05159085474637679,connected,mainstream
364,popular_1_exp_Experiment_1_seed_42,4,0.05253459982241394,connected,mainstream
88,popular_1_exp_Experiment_1_seed_42,4,0.055760694748957264,connected,mainstream
147,popular_1_exp_Experiment_1_seed_42,4,0.051755733330332766,connected,mainstream
573,popular_1_exp_Experiment_1_seed_42,4,0.0578725889317476,connected,mainstream
18,popular_1_exp_Experiment_1_seed_42,4,0.01856011428086452,connected,niche
535,popular_1_exp_Experiment_1_seed_42,4,0.051641678903177,connected,mainstream
460,popular_1_exp_Experiment_1_seed_42,4,0.05213503600738143,connected,mainstream
305,popular_1_exp_Experiment_1_seed_42,4,0.05961860055097377,connected,mainstream
24,popular_1_exp_Experiment_1_seed_42,4,0.020349409941087408,connected,niche
42,popular_1_exp_Experiment_1_seed_42,4,0.01505904780251305,connected,niche
593,popular_1_exp_Experiment_1_seed_42,4,0.0561726104399406,connected,mainstream
418,popular_1_exp_Experiment_1_seed_42,4,0.06068203003173491,connected,mainstream
278,popular_1_exp_Experiment_1_seed_42,4,0.052053789239556086,connected,mainstream
5,popular_1_exp_Experiment_1_seed_42,4,0.02715378071686723,connected,niche
570,popular_1_exp_Experiment_1_seed_42,4,0.05571531120039372,connected,mainstream
336,popular_1_exp_Experiment_1_seed_42,4,0.05487151118617443,connected,mainstream
569,popular_1_exp_Experiment_1_seed_42,4,0.06029043844659745,connected,mainstream
320,popular_1_exp_Experiment_1_seed_42,4,0.06521394029559731,connected,mainstream
41,popular_1_exp_Experiment_1_seed_42,4,0.015809452565310196,connected,niche
274,popular_1_exp_Experiment_1_seed_42,4,0.06847333310605642,connected,mainstream
44,popular_1_exp_Experiment_1_seed_42,4,0.01447876264787073,connected,niche
437,popular_1_exp_Experiment_1_seed_42,4,0.05644470179901016,connected,mainstream
60,popular_1_exp_Experiment_1_seed_42,4,0.054011101985139164,connected,mainstream
459,popular_1_exp_Experiment_1_seed_42,4,0.05801317811570961,connected,mainstream
507,popular_1_exp_Experiment_1_seed_42,4,0.05952803095866097,connected,mainstream
526,popular_1_exp_Experiment_1_seed_42,4,0.05353761844414647,connected,mainstream
334,popular_1_exp_Experiment_1_seed_42,4,0.06402161106090708,connected,mainstream
162,popular_1_exp_Experiment_1_seed_42,4,0.0598437805689499,connected,mainstream
20,popular_1_exp_Experiment_1_seed_42,4,0.016885999992843334,connected,niche
146,popular_1_exp_Experiment_1_seed_42,4,0.06342414172910482,connected,mainstream
242,popular_1_exp_Experiment_1_seed_42,4,0.05113305351998654,connected,mainstream
169,popular_1_exp_Experiment_1_seed_42,4,0.0746862639050049,connected,mainstream
125,popular_1_exp_Experiment_1_seed_42,4,0.05257307071450682,connected,mainstream
465,popular_1_exp_Experiment_1_seed_42,4,0.053956750333293384,connected,mainstream
438,popular_1_exp_Experiment_1_seed_42,4,0.05278267642967565,connected,mainstream
529,popular_1_exp_Experiment_1_seed_42,4,0.053055846956978146,connected,mainstream
139,popular_1_exp_Experiment_1_seed_42,4,0.0627252812867289,connected,mainstream
213,popular_1_exp_Experiment_1_seed_42,4,0.05729187556826224,connected,mainstream
269,popular_1_exp_Experiment_1_seed_42,4,0.0490312793958298,connected,mainstream
445,popular_1_exp_Experiment_1_seed_42,4,0.0630803654987931,connected,mainstream
7,popular_1_exp_Experiment_1_seed_42,4,0.017845236439362908,connected,niche
533,popular_1_exp_Experiment_1_seed_42,4,0.05134560521397139,connected,mainstream
135,popular_1_exp_Experiment_1_seed_42,4,0.05965396658013725,connected,mainstream
317,popular_1_exp_Experiment_1_seed_42,4,0.053361229620703776,connected,mainstream
178,popular_1_exp_Experiment_1_seed_42,4,0.05193071315697909,connected,mainstream
553,popular_1_exp_Experiment_1_seed_42,4,0.054933229086098205,connected,mainstream
413,popular_1_exp_Experiment_1_seed_42,4,0.04893999071079146,connected,mainstream
321,popular_1_exp_Experiment_1_seed_42,4,0.0518204254008253,connected,mainstream
199,popular_1_exp_Experiment_1_seed_42,4,0.050186201692222626,connected,mainstream
382,popular_1_exp_Experiment_1_seed_42,4,0.056461302397034396,connected,mainstream
451,popular_1_exp_Experiment_1_seed_42,4,0.05696077677921472,connected,mainstream
458,popular_1_exp_Experiment_1_seed_42,4,0.05590030933158736,connected,mainstream
89,popular_1_exp_Experiment_1_seed_42,4,0.056668641694259725,connected,mainstream
228,popular_1_exp_Experiment_1_seed_42,4,0.05689790059774274,connected,mainstream
277,popular_1_exp_Experiment_1_seed_42,4,0.059446383426852926,connected,mainstream
163,popular_1_exp_Experiment_1_seed_42,4,0.056595046336567624,connected,mainstream
144,popular_1_exp_Experiment_1_seed_42,4,0.05769645922060895,connected,mainstream
408,popular_1_exp_Experiment_1_seed_42,4,0.05764947113579987,connected,mainstream
173,popular_1_exp_Experiment_1_seed_42,4,0.061740195309374336,connected,mainstream
158,popular_1_exp_Experiment_1_seed_42,4,0.059563579443418946,connected,mainstream
260,popular_1_exp_Experiment_1_seed_42,4,0.05722149339656398,connected,mainstream
482,popular_1_exp_Experiment_1_seed_42,4,0.060447339930468406,connected,mainstream
211,popular_1_exp_Experiment_1_seed_42,4,0.06129142319307725,connected,mainstream
118,popular_1_exp_Experiment_1_seed_42,4,0.054342181903290904,connected,mainstream
109,popular_1_exp_Experiment_1_seed_42,4,0.054452622106481975,connected,mainstream
469,popular_1_exp_Experiment_1_seed_42,4,0.06489942977141833,connected,mainstream
424,popular_1_exp_Experiment_1_seed_42,4,0.058081730561809174,connected,mainstream
503,popular_1_exp_Experiment_1_seed_42,4,0.06839634503935958,connected,mainstream
270,popular_1_exp_Experiment_1_seed_42,4,0.060495470550318044,connected,mainstream
524,popular_1_exp_Experiment_1_seed_42,4,0.05168806998904147,connected,mainstream
531,popular_1_exp_Experiment_1_seed_42,4,0.05657820912337924,connected,mainstream
100,popular_1_exp_Experiment_1_seed_42,4,0.05373045647895302,connected,mainstream
333,popular_1_exp_Experiment_1_seed_42,4,0.06415442590840777,connected,mainstream
266,popular_1_exp_Experiment_1_seed_42,4,0.05490614979379099,connected,mainstream
453,popular_1_exp_Experiment_1_seed_42,4,0.06356029487227544,connected,mainstream
254,popular_1_exp_Experiment_1_seed_42,4,0.05570204284312306,connected,mainstream
285,popular_1_exp_Experiment_1_seed_42,4,0.0488897176839102,connected,mainstream
258,popular_1_exp_Experiment_1_seed_42,4,0.05480897482051699,connected,mainstream
87,popular_1_exp_Experiment_1_seed_42,4,0.056810990207885194,connected,mainstream
389,popular_1_exp_Experiment_1_seed_42,4,0.05737687237418553,connected,mainstream
261,popular_1_exp_Experiment_1_seed_42,4,0.0550989612659552,connected,mainstream
177,popular_1_exp_Experiment_1_seed_42,4,0.056043588225855416,connected,mainstream
480,popular_1_exp_Experiment_1_seed_42,4,0.05791236670509991,connected,mainstream
284,popular_1_exp_Experiment_1_seed_42,4,0.05911613943363705,connected,mainstream
119,popular_1_exp_Experiment_1_seed_42,4,0.05952972500834617,connected,mainstream
387,popular_1_exp_Experiment_1_seed_42,4,0.057719671710132425,connected,mainstream
243,popular_1_exp_Experiment_1_seed_42,4,0.056056733498988605,connected,mainstream
297,popular_1_exp_Experiment_1_seed_42,4,0.06066436213569934,connected,mainstream
551,popular_1_exp_Experiment_1_seed_42,4,0.058638463610225934,connected,mainstream
589,popular_1_exp_Experiment_1_seed_42,4,0.05101139379012964,connected,mainstream
137,popular_1_exp_Experiment_1_seed_42,4,0.05338337810877461,connected,mainstream
145,popular_1_exp_Experiment_1_seed_42,4,0.06474584142113275,connected,mainstream
108,popular_1_exp_Experiment_1_seed_42,4,0.0546019645356049,connected,mainstream
568,popular_1_exp_Experiment_1_seed_42,4,0.05279812841496984,connected,mainstream
388,popular_1_exp_Experiment_1_seed_42,4,0.074055158216201,connected,mainstream
96,popular_1_exp_Experiment_1_seed_42,4,0.061316584183291944,connected,mainstream
383,popular_1_exp_Experiment_1_seed_42,4,0.05229507755400619,connected,mainstream
82,popular_1_exp_Experiment_1_seed_42,4,0.05227043741488705,connected,mainstream
316,popular_1_exp_Experiment_1_seed_42,4,0.050480663442001826,connected,mainstream
444,popular_1_exp_Experiment_1_seed_42,4,0.05058503264413113,connected,mainstream
532,popular_1_exp_Experiment_1_seed_42,4,0.052269666954713946,connected,mainstream
132,popular_1_exp_Experiment_1_seed_42,4,0.06253308699338514,connected,mainstream
578,popular_1_exp_Experiment_1_seed_42,4,0.0565735108253961,connected,mainstream
591,popular_1_exp_Experiment_1_seed_42,4,0.051790046874804783,connected,mainstream
107,popular_1_exp_Experiment_1_seed_42,4,0.05822257044340943,connected,mainstream
205,popular_1_exp_Experiment_1_seed_42,4,0.05668266575648464,connected,mainstream
504,popular_1_exp_Experiment_1_seed_42,4,0.0713916822760982,connected,mainstream
166,popular_1_exp_Experiment_1_seed_42,4,0.06081104598238433,connected,mainstream
479,popular_1_exp_Experiment_1_seed_42,4,0.06537366554086936,connected,mainstream
505,popular_1_exp_Experiment_1_seed_42,4,0.0489818637474976,connected,mainstream
403,popular_1_exp_Experiment_1_seed_42,4,0.05042189895826943,connected,mainstream
292,popular_1_exp_Experiment_1_seed_42,4,0.05873303464793025,connected,mainstream
577,popular_1_exp_Experiment_1_seed_42,4,0.05626657612952236,connected,mainstream
540,popular_1_exp_Experiment_1_seed_42,4,0.05796427868787685,connected,mainstream
67,popular_1_exp_Experiment_1_seed_42,4,0.05906597944753348,connected,mainstream
193,popular_1_exp_Experiment_1_seed_42,4,0.05444693330921996,connected,mainstream
499,popular_1_exp_Experiment_1_seed_42,4,0.06201122850478482,connected,mainstream
310,popular_1_exp_Experiment_1_seed_42,4,0.0574523615174698,connected,mainstream
288,popular_1_exp_Experiment_1_seed_42,4,0.05750011608022213,connected,mainstream
214,popular_1_exp_Experiment_1_seed_42,4,0.052870480874023185,connected,mainstream
276,popular_1_exp_Experiment_1_seed_42,4,0.05274805897044347,connected,mainstream
564,popular_1_exp_Experiment_1_seed_42,4,0.051446986393206245,connected,mainstream
203,popular_1_exp_Experiment_1_seed_42,4,0.058922666230866776,connected,mainstream
63,popular_1_exp_Experiment_1_seed_42,4,0.05465781639972266,connected,mainstream
374,popular_1_exp_Experiment_1_seed_42,4,0.056768495034975275,connected,mainstream
474,popular_1_exp_Experiment_1_seed_42,4,0.06121854292269276,connected,mainstream
299,popular_1_exp_Experiment_1_seed_42,4,0.06450471459618633,connected,mainstream
548,popular_1_exp_Experiment_1_seed_42,4,0.05806534344470097,connected,mainstream
400,popular_1_exp_Experiment_1_seed_42,4,0.06002891985036698,connected,mainstream
345,popular_1_exp_Experiment_1_seed_42,4,0.057066476191144716,connected,mainstream
446,popular_1_exp_Experiment_1_seed_42,4,0.05963046916743012,connected,mainstream
80,popular_1_exp_Experiment_1_seed_42,4,0.06665041334491857,connected,mainstream
467,popular_1_exp_Experiment_1_seed_42,4,0.056023094547287294,connected,mainstream
560,popular_1_exp_Experiment_1_seed_42,4,0.0603422139110665,connected,mainstream
497,popular_1_exp_Experiment_1_seed_42,4,0.0529849096073453,connected,mainstream
176,popular_1_exp_Experiment_1_seed_42,4,0.06484032371368308,connected,mainstream
472,popular_1_exp_Experiment_1_seed_42,4,0.05515643529949032,connected,mainstream
597,popular_1_exp_Experiment_1_seed_42,4,0.07053713892584264,connected,mainstream
280,popular_1_exp_Experiment_1_seed_42,4,0.07035902048079656,connected,mainstream
268,popular_1_exp_Experiment_1_seed_42,4,0.055330163667261095,connected,mainstream
97,popular_1_exp_Experiment_1_seed_42,4,0.0560415877146557,connected,mainstream
61,popular_1_exp_Experiment_1_seed_42,4,0.05206821980378797,connected,mainstream
372,popular_1_exp_Experiment_1_seed_42,4,0.06328846351769941,connected,mainstream
27,popular_1_exp_Experiment_1_seed_42,4,0.0147305063658568,connected,niche
410,popular_1_exp_Experiment_1_seed_42,4,0.05286302519974476,connected,mainstream
519,popular_1_exp_Experiment_1_seed_42,4,0.053718653019094315,connected,mainstream
557,popular_1_exp_Experiment_1_seed_42,4,0.050871565239926995,connected,mainstream
48,popular_1_exp_Experiment_1_seed_42,4,0.013128929738216855,connected,niche
133,popular_1_exp_Experiment_1_seed_42,4,0.053350485668161717,connected,mainstream
302,popular_1_exp_Experiment_1_seed_42,4,0.05167291901730861,connected,mainstream
547,popular_1_exp_Experiment_1_seed_42,4,0.05197629702386145,connected,mainstream
406,popular_1_exp_Experiment_1_seed_42,4,0.06710932002192084,connected,mainstream
68,popular_1_exp_Experiment_1_seed_42,4,0.052115876488986544,connected,mainstream
339,popular_1_exp_Experiment_1_seed_42,4,0.05221096863170766,connected,mainstream
307,popular_1_exp_Experiment_1_seed_42,4,0.0692981527632562,connected,mainstream
357,popular_1_exp_Experiment_1_seed_42,4,0.0626461741790484,connected,mainstream
23,popular_1_exp_Experiment_1_seed_42,4,0.016342008771722573,connected,niche
449,popular_1_exp_Experiment_1_seed_42,4,0.05542883855398089,connected,mainstream
182,popular_1_exp_Experiment_1_seed_42,4,0.05920076846021948,connected,mainstream
473,popular_1_exp_Experiment_1_seed_42,4,0.054605265165444616,connected,mainstream
250,popular_1_exp_Experiment_1_seed_42,4,0.05602368662954088,connected,mainstream
420,popular_1_exp_Experiment_1_seed_42,4,0.059020919358060614,connected,mainstream
436,popular_1_exp_Experiment_1_seed_42,4,0.05542970080642869,connected,mainstream
172,popular_1_exp_Experiment_1_seed_42,4,0.052965235175582825,connected,mainstream
161,popular_1_exp_Experiment_1_seed_42,4,0.05058327555304377,connected,mainstream
157,popular_1_exp_Experiment_1_seed_42,4,0.06443866975789085,connected,mainstream
481,popular_1_exp_Experiment_1_seed_42,4,0.04806527555171239,connected,mainstream
501,popular_1_exp_Experiment_1_seed_42,4,0.05992197320570597,connected,mainstream
421,popular_1_exp_Experiment_1_seed_42,4,0.05368738252681363,connected,mainstream
315,popular_1_exp_Experiment_1_seed_42,4,0.06560395003825019,connected,mainstream
351,popular_1_exp_Experiment_1_seed_42,4,0.0699254052288134,connected,mainstream
386,popular_1_exp_Experiment_1_seed_42,4,0.05033565119837042,connected,mainstream
335,popular_1_exp_Experiment_1_seed_42,4,0.052608249001872665,connected,mainstream
393,popular_1_exp_Experiment_1_seed_42,4,0.05977058837251751,connected,mainstream
282,popular_1_exp_Experiment_1_seed_42,4,0.05703111185843407,connected,mainstream
105,popular_1_exp_Experiment_1_seed_42,4,0.058576184051460874,connected,mainstream
62,popular_1_exp_Experiment_1_seed_42,4,0.05987729606463219,connected,mainstream
86,popular_1_exp_Experiment_1_seed_42,4,0.05014868317143458,connected,mainstream
337,popular_1_exp_Experiment_1_seed_42,4,0.05394205762498125,connected,mainstream
230,popular_1_exp_Experiment_1_seed_42,4,0.05997388410456773,connected,mainstream
165,popular_1_exp_Experiment_1_seed_42,4,0.057291192467069325,connected,mainstream
152,popular_1_exp_Experiment_1_seed_42,4,0.053734318617293574,connected,mainstream
29,popular_1_exp_Experiment_1_seed_42,4,0.014686811928763317,connected,niche
283,popular_1_exp_Experiment_1_seed_42,4,0.05179173195385778,connected,mainstream
572,popular_1_exp_Experiment_1_seed_42,4,0.05966419899185337,connected,mainstream
209,popular_1_exp_Experiment_1_seed_42,4,0.06072535881524857,connected,mainstream
47,popular_1_exp_Experiment_1_seed_42,4,0.013181173887474517,connected,niche
485,popular_1_exp_Experiment_1_seed_42,4,0.04630320327068416,connected,mainstream
552,popular_1_exp_Experiment_1_seed_42,4,0.07341176864426698,connected,mainstream
183,popular_1_exp_Experiment_1_seed_42,4,0.05078405105113945,connected,mainstream
225,popular_1_exp_Experiment_1_seed_42,4,0.06701827970744766,connected,mainstream
291,popular_1_exp_Experiment_1_seed_42,4,0.0636270670551654,connected,mainstream
204,popular_1_exp_Experiment_1_seed_42,4,0.06064517267520305,connected,mainstream
140,popular_1_exp_Experiment_1_seed_42,4,0.05180489324951778,connected,mainstream
401,popular_1_exp_Experiment_1_seed_42,4,0.06010565625868091,connected,mainstream
433,popular_1_exp_Experiment_1_seed_42,4,0.055725631206064045,connected,mainstream
92,popular_1_exp_Experiment_1_seed_42,4,0.05403647011633853,connected,mainstream
544,popular_1_exp_Experiment_1_seed_42,4,0.05261288501258365,connected,mainstream
149,popular_1_exp_Experiment_1_seed_42,4,0.048767880479343745,connected,mainstream
8,popular_1_exp_Experiment_1_seed_42,4,0.019363849510379432,connected,niche
361,popular_1_exp_Experiment_1_seed_42,4,0.0548225289209883,connected,mainstream
84,popular_1_exp_Experiment_1_seed_42,4,0.052444698679386836,connected,mainstream
541,popular_1_exp_Experiment_1_seed_42,4,0.054326301852588556,connected,mainstream
195,popular_1_exp_Experiment_1_seed_42,4,0.0625298507064303,connected,mainstream
414,popular_1_exp_Experiment_1_seed_42,4,0.05872644797688472,connected,mainstream
156,popular_1_exp_Experiment_1_seed_42,4,0.0507609462638918,connected,mainstream
405,popular_1_exp_Experiment_1_seed_42,4,0.04989926117065022,connected,mainstream
329,popular_1_exp_Experiment_1_seed_42,4,0.052323321530008744,connected,mainstream
516,popular_1_exp_Experiment_1_seed_42,4,0.0536929396244264,connected,mainstream
54,popular_1_exp_Experiment_1_seed_42,4,0.023952895664692202,connected,niche
58,popular_1_exp_Experiment_1_seed_42,4,0.020296897155725167,connected,niche
434,popular_1_exp_Experiment_1_seed_42,4,0.054696903276779674,connected,mainstream
338,popular_1_exp_Experiment_1_seed_42,4,0.05237366631863849,connected,mainstream
167,popular_1_exp_Experiment_1_seed_42,4,0.05742139139272104,connected,mainstream
588,popular_1_exp_Experiment_1_seed_42,4,0.06702172125340997,connected,mainstream
348,popular_1_exp_Experiment_1_seed_42,4,0.055410023792541396,connected,mainstream
33,popular_1_exp_Experiment_1_seed_42,4,0.02138568014085766,connected,niche
112,popular_1_exp_Experiment_1_seed_42,4,0.0517377460190287,connected,mainstream
311,popular_1_exp_Experiment_1_seed_42,4,0.07254659869515116,connected,mainstream
74,popular_1_exp_Experiment_1_seed_42,4,0.05466062312689282,connected,mainstream
102,popular_1_exp_Experiment_1_seed_42,4,0.05836496199267121,connected,mainstream
380,popular_1_exp_Experiment_1_seed_42,4,0.06072326877677079,connected,mainstream
352,popular_1_exp_Experiment_1_seed_42,4,0.057884961753704535,connected,mainstream
537,popular_1_exp_Experiment_1_seed_42,4,0.06486189217334877,connected,mainstream
69,popular_1_exp_Experiment_1_seed_42,4,0.05689934348627041,connected,mainstream
64,popular_1_exp_Experiment_1_seed_42,4,0.05669444317158338,connected,mainstream
35,popular_1_exp_Experiment_1_seed_42,4,0.021632284556725206,connected,niche
384,popular_1_exp_Experiment_1_seed_42,4,0.06278124120781041,connected,mainstream
279,popular_1_exp_Experiment_1_seed_42,4,0.05324362350431568,connected,mainstream
94,popular_1_exp_Experiment_1_seed_42,4,0.05158676673175289,connected,mainstream
398,popular_1_exp_Experiment_1_seed_42,4,0.05551535705790506,connected,mainstream
222,popular_1_exp_Experiment_1_seed_42,4,0.05466892507994542,connected,mainstream
124,popular_1_exp_Experiment_1_seed_42,4,0.057913989355422364,connected,mainstream
340,popular_1_exp_Experiment_1_seed_42,4,0.05277636397618383,connected,mainstream
229,popular_1_exp_Experiment_1_seed_42,4,0.05442873984710491,connected,mainstream
517,popular_1_exp_Experiment_1_seed_42,4,0.05940757698815773,connected,mainstream
323,popular_1_exp_Experiment_1_seed_42,4,0.06922858807270092,connected,mainstream
79,popular_1_exp_Experiment_1_seed_42,4,0.06663396888123234,connected,mainstream
409,popular_1_exp_Experiment_1_seed_42,4,0.05948915894328514,connected,mainstream
207,popular_1_exp_Experiment_1_seed_42,4,0.060267352385137085,connected,mainstream
111,popular_1_exp_Experiment_1_seed_42,4,0.050455998997121644,connected,mainstream
331,popular_1_exp_Experiment_1_seed_42,4,0.05728215380602556,connected,mainstream
354,popular_1_exp_Experiment_1_seed_42,4,0.04987998577051896,connected,mainstream
85,popular_1_exp_Experiment_1_seed_42,4,0.061379070071200297,connected,mainstream
104,popular_1_exp_Experiment_1_seed_42,4,0.0698953783469759,connected,mainstream
296,popular_1_exp_Experiment_1_seed_42,4,0.054306076571973394,connected,mainstream
194,popular_1_exp_Experiment_1_seed_42,4,0.047411237549825035,connected,mainstream
275,popular_1_exp_Experiment_1_seed_42,4,0.05440578437772312,connected,mainstream
498,popular_1_exp_Experiment_1_seed_42,4,0.05616212420213825,connected,mainstream
567,popular_1_exp_Experiment_1_seed_42,4,0.06811488593212993,connected,mainstream
267,popular_1_exp_Experiment_1_seed_42,4,0.06403066380490355,connected,mainstream
489,popular_1_exp_Experiment_1_seed_42,4,0.05365619730327164,connected,mainstream
25,popular_1_exp_Experiment_1_seed_42,4,0.01961771732240856,connected,niche
159,popular_1_exp_Experiment_1_seed_42,4,0.05185487883362739,connected,mainstream
293,popular_1_exp_Experiment_1_seed_42,4,0.053792028815380366,connected,mainstream
358,popular_1_exp_Experiment_1_seed_42,4,0.057503211969386216,connected,mainstream
247,popular_1_exp_Experiment_1_seed_42,4,0.06086833605374384,connected,mainstream
55,popular_1_exp_Experiment_1_seed_42,4,0.01700475493301561,connected,niche
184,popular_1_exp_Experiment_1_seed_42,4,0.05373537640593586,connected,mainstream
129,popular_1_exp_Experiment_1_seed_42,4,0.077019136375242,connected,mainstream
246,popular_1_exp_Experiment_1_seed_42,4,0.05525493089958399,connected,mainstream
253,popular_1_exp_Experiment_1_seed_42,4,0.06805501730737724,connected,mainstream
249,popular_1_exp_Experiment_1_seed_42,4,0.05048765691246651,connected,mainstream
452,popular_1_exp_Experiment_1_seed_42,4,0.05162993278487756,connected,mainstream
281,popular_1_exp_Experiment_1_seed_42,4,0.055112846368538915,connected,mainstream
237,popular_1_exp_Experiment_1_seed_42,4,0.060392528446950644,connected,mainstream
52,popular_1_exp_Experiment_1_seed_42,4,0.018762161758551003,connected,niche
584,popular_1_exp_Experiment_1_seed_42,4,0.054609850848640125,connected,mainstream
114,popular_1_exp_Experiment_1_seed_42,4,0.05690822577924846,connected,mainstream
581,popular_1_exp_Experiment_1_seed_42,4,0.05356501866119511,connected,mainstream
325,popular_1_exp_Experiment_1_seed_42,4,0.05148454246895959,connected,mainstream
110,popular_1_exp_Experiment_1_seed_42,4,0.05665123868682621,connected,mainstream
343,popular_1_exp_Experiment_1_seed_42,4,0.05721121098940854,connected,mainstream
347,popular_1_exp_Experiment_1_seed_42,4,0.05566301784867774,connected,mainstream
244,popular_1_exp_Experiment_1_seed_42,4,0.05315906245743379,connected,mainstream
196,popular_1_exp_Experiment_1_seed_42,4,0.055806867262034765,connected,mainstream
272,popular_1_exp_Experiment_1_seed_42,4,0.0520087996539007,connected,mainstream
30,popular_1_exp_Experiment_1_seed_42,4,0.01840503074311241,connected,niche
236,popular_1_exp_Experiment_1_seed_42,4,0.04970788037191631,connected,mainstream
583,popular_1_exp_Experiment_1_seed_42,4,0.05581304275342245,connected,mainstream
200,popular_1_exp_Experiment_1_seed_42,4,0.05498386332775396,connected,mainstream
78,popular_1_exp_Experiment_1_seed_42,4,0.05387993373986799,connected,mainstream
530,popular_1_exp_Experiment_1_seed_42,4,0.06053855838662386,connected,mainstream
50,popular_1_exp_Experiment_1_seed_42,4,0.018748155771179737,connected,niche
192,popular_1_exp_Experiment_1_seed_42,4,0.053784455533311605,connected,mainstream
103,popular_1_exp_Experiment_1_seed_42,4,0.05977469291754501,connected,mainstream
43,popular_1_exp_Experiment_1_seed_42,4,0.02201257696480376,connected,niche
429,popular_1_exp_Experiment_1_seed_42,4,0.05677010953951155,connected,mainstream
309,popular_1_exp_Experiment_1_seed_42,4,0.052308914927932354,connected,mainstream
534,popular_1_exp_Experiment_1_seed_42,4,0.05705957964575994,connected,mainstream
289,popular_1_exp_Experiment_1_seed_42,4,0.0703249017551668,connected,mainstream
234,popular_1_exp_Experiment_1_seed_42,4,0.057749625533715716,connected,mainstream
212,popular_1_exp_Experiment_1_seed_42,4,0.057263374835299356,connected,mainstream
197,popular_1_exp_Experiment_1_seed_42,4,0.05687553346402797,connected,mainstream
442,popular_1_exp_Experiment_1_seed_42,4,0.052402935190522575,connected,mainstream
463,popular_1_exp_Experiment_1_seed_42,4,0.06838185263269468,connected,mainstream
239,popular_1_exp_Experiment_1_seed_42,4,0.06814460483212666,connected,mainstream
422,popular_1_exp_Experiment_1_seed_42,4,0.06053667458741354,connected,mainstream
271,popular_1_exp_Experiment_1_seed_42,4,0.05104698566674263,connected,mainstream
575,popular_1_exp_Experiment_1_seed_42,4,0.05173406914794753,connected,mainstream
131,popular_1_exp_Experiment_1_seed_42,4,0.0583518149315768,connected,mainstream
576,popular_1_exp_Experiment_1_seed_42,4,0.0571563515747902,connected,mainstream
164,popular_1_exp_Experiment_1_seed_42,4,0.05535776342097215,connected,mainstream
470,popular_1_exp_Experiment_1_seed_42,4,0.05951968327681482,connected,mainstream
218,popular_1_exp_Experiment_1_seed_42,4,0.053564795961374645,connected,mainstream
396,popular_1_exp_Experiment_1_seed_42,4,0.05499182321008069,connected,mainstream
447,popular_1_exp_Experiment_1_seed_42,4,0.06127482747611548,connected,mainstream
324,popular_1_exp_Experiment_1_seed_42,4,0.05469566559016628,connected,mainstream
385,popular_1_exp_Experiment_1_seed_42,4,0.05126989690971992,connected,mainstream
580,popular_1_exp_Experiment_1_seed_42,4,0.05731774698603343,connected,mainstream
215,popular_1_exp_Experiment_1_seed_42,4,0.0681320947240842,connected,mainstream
22,popular_1_exp_Experiment_1_seed_42,4,0.015319527497435925,connected,niche
528,popular_1_exp_Experiment_1_seed_42,4,0.05234090446471826,connected,mainstream
404,popular_1_exp_Experiment_1_seed_42,4,0.06837973177692463,connected,mainstream
99,popular_1_exp_Experiment_1_seed_42,4,0.05254034859103335,connected,mainstream
122,popular_1_exp_Experiment_1_seed_42,4,0.0630162198256697,connected,mainstream
496,popular_1_exp_Experiment_1_seed_42,4,0.07315497158924623,connected,mainstream
538,popular_1_exp_Experiment_1_seed_42,4,0.0574185442671366,connected,mainstream
350,popular_1_exp_Experiment_1_seed_42,4,0.04662117184100396,connected,mainstream
586,popular_1_exp_Experiment_1_seed_42,4,0.04895035065275688,connected,mainstream
116,popular_1_exp_Experiment_1_seed_42,4,0.051714871052259005,connected,mainstream
510,popular_1_exp_Experiment_1_seed_42,4,0.06572496808803481,connected,mainstream
263,popular_1_exp_Experiment_1_seed_42,4,0.051516893743152915,connected,mainstream
512,popular_1_exp_Experiment_1_seed_42,4,0.057147878096974684,connected,mainstream
286,popular_1_exp_Experiment_1_seed_42,4,0.05840359273404767,connected,mainstream
360,popular_1_exp_Experiment_1_seed_42,4,0.05205683767904006,connected,mainstream
565,popular_1_exp_Experiment_1_seed_42,4,0.05339257241795308,connected,mainstream
378,popular_1_exp_Experiment_1_seed_42,4,0.05746447949383227,connected,mainstream
349,popular_1_exp_Experiment_1_seed_42,4,0.06572852851417871,connected,mainstream
417,popular_1_exp_Experiment_1_seed_42,4,0.05691003966092794,connected,mainstream
83,popular_1_exp_Experiment_1_seed_42,4,0.0581450707541715,connected,mainstream
127,popular_1_exp_Experiment_1_seed_42,5,0.06329436866206893,connected,mainstream
70,popular_1_exp_Experiment_1_seed_42,5,0.05434872855703343,connected,mainstream
392,popular_1_exp_Experiment_1_seed_42,5,0.06427940103940281,connected,mainstream
298,popular_1_exp_Experiment_1_seed_42,5,0.06221790904622859,connected,mainstream
113,popular_1_exp_Experiment_1_seed_42,5,0.056218158285002116,connected,mainstream
71,popular_1_exp_Experiment_1_seed_42,5,0.0598857167087376,connected,mainstream
542,popular_1_exp_Experiment_1_seed_42,5,0.04737900727220671,connected,mainstream
138,popular_1_exp_Experiment_1_seed_42,5,0.0623112592059073,connected,mainstream
57,popular_1_exp_Experiment_1_seed_42,5,0.018817588665236726,connected,niche
419,popular_1_exp_Experiment_1_seed_42,5,0.055922719140195955,connected,mainstream
198,popular_1_exp_Experiment_1_seed_42,5,0.05624956314793578,connected,mainstream
330,popular_1_exp_Experiment_1_seed_42,5,0.050772321880086714,connected,mainstream
502,popular_1_exp_Experiment_1_seed_42,5,0.06562876174224692,connected,mainstream
549,popular_1_exp_Experiment_1_seed_42,5,0.04934495592724888,connected,mainstream
21,popular_1_exp_Experiment_1_seed_42,5,0.018415391962783197,connected,niche
363,popular_1_exp_Experiment_1_seed_42,5,0.05795549110120301,connected,mainstream
241,popular_1_exp_Experiment_1_seed_42,5,0.05651149295193928,connected,mainstream
191,popular_1_exp_Experiment_1_seed_42,5,0.07756087598795537,connected,mainstream
587,popular_1_exp_Experiment_1_seed_42,5,0.0551941306536333,connected,mainstream
346,popular_1_exp_Experiment_1_seed_42,5,0.05141603657735774,connected,mainstream
466,popular_1_exp_Experiment_1_seed_42,5,0.051661721499991625,connected,mainstream
136,popular_1_exp_Experiment_1_seed_42,5,0.054332092111112916,connected,mainstream
423,popular_1_exp_Experiment_1_seed_42,5,0.06065212810122635,connected,mainstream
561,popular_1_exp_Experiment_1_seed_42,5,0.06215082840506284,connected,mainstream
582,popular_1_exp_Experiment_1_seed_42,5,0.06391162634382706,connected,mainstream
456,popular_1_exp_Experiment_1_seed_42,5,0.0584861319536412,connected,mainstream
359,popular_1_exp_Experiment_1_seed_42,5,0.05095879529985258,connected,mainstream
355,popular_1_exp_Experiment_1_seed_42,5,0.055424836215419916,connected,mainstream
394,popular_1_exp_Experiment_1_seed_42,5,0.05926813729010569,connected,mainstream
428,popular_1_exp_Experiment_1_seed_42,5,0.05130094018688652,connected,mainstream
56,popular_1_exp_Experiment_1_seed_42,5,0.01563798075962686,connected,niche
123,popular_1_exp_Experiment_1_seed_42,5,0.05495767718601274,connected,mainstream
31,popular_1_exp_Experiment_1_seed_42,5,0.016602956363268636,connected,niche
399,popular_1_exp_Experiment_1_seed_42,5,0.05224674469884216,connected,mainstream
476,popular_1_exp_Experiment_1_seed_42,5,0.0599918183788255,connected,mainstream
322,popular_1_exp_Experiment_1_seed_42,5,0.06200630571242959,connected,mainstream
219,popular_1_exp_Experiment_1_seed_42,5,0.05881879228329228,connected,mainstream
186,popular_1_exp_Experiment_1_seed_42,5,0.06245248985133663,connected,mainstream
511,popular_1_exp_Experiment_1_seed_42,5,0.051283475549689095,connected,mainstream
290,popular_1_exp_Experiment_1_seed_42,5,0.05077987637404283,connected,mainstream
231,popular_1_exp_Experiment_1_seed_42,5,0.05728646802363455,connected,mainstream
188,popular_1_exp_Experiment_1_seed_42,5,0.05212793609371702,connected,mainstream
416,popular_1_exp_Experiment_1_seed_42,5,0.06099508849080335,connected,mainstream
443,popular_1_exp_Experiment_1_seed_42,5,0.0628453983461054,connected,mainstream
101,popular_1_exp_Experiment_1_seed_42,5,0.0649819224099573,connected,mainstream
431,popular_1_exp_Experiment_1_seed_42,5,0.05303022101023506,connected,mainstream
170,popular_1_exp_Experiment_1_seed_42,5,0.05462781601540182,connected,mainstream
185,popular_1_exp_Experiment_1_seed_42,5,0.05488365557606418,connected,mainstream
201,popular_1_exp_Experiment_1_seed_42,5,0.056709442713258666,connected,mainstream
32,popular_1_exp_Experiment_1_seed_42,5,0.02080023456286635,connected,niche
77,popular_1_exp_Experiment_1_seed_42,5,0.07089080471718702,connected,mainstream
106,popular_1_exp_Experiment_1_seed_42,5,0.052787326440386445,connected,mainstream
412,popular_1_exp_Experiment_1_seed_42,5,0.059891301896587694,connected,mainstream
518,popular_1_exp_Experiment_1_seed_42,5,0.05015537748859081,connected,mainstream
381,popular_1_exp_Experiment_1_seed_42,5,0.052003764270987525,connected,mainstream
490,popular_1_exp_Experiment_1_seed_42,5,0.052443773220272376,connected,mainstream
171,popular_1_exp_Experiment_1_seed_42,5,0.051492429557258856,connected,mainstream
59,popular_1_exp_Experiment_1_seed_42,5,0.013469584358536875,connected,niche
45,popular_1_exp_Experiment_1_seed_42,5,0.037219107592883334,connected,niche
160,popular_1_exp_Experiment_1_seed_42,5,0.056163030750354816,connected,mainstream
3,popular_1_exp_Experiment_1_seed_42,5,0.01571221713805261,connected,niche
304,popular_1_exp_Experiment_1_seed_42,5,0.05744419091466515,connected,mainstream
563,popular_1_exp_Experiment_1_seed_42,5,0.05190662496361682,connected,mainstream
13,popular_1_exp_Experiment_1_seed_42,5,0.029030278554747376,connected,niche
327,popular_1_exp_Experiment_1_seed_42,5,0.054528317544808746,connected,mainstream
148,popular_1_exp_Experiment_1_seed_42,5,0.051301436031846594,connected,mainstream
151,popular_1_exp_Experiment_1_seed_42,5,0.06723243047564921,connected,mainstream
153,popular_1_exp_Experiment_1_seed_42,5,0.05994390330329422,connected,mainstream
91,popular_1_exp_Experiment_1_seed_42,5,0.052854904006796044,connected,mainstream
430,popular_1_exp_Experiment_1_seed_42,5,0.07068121734581956,connected,mainstream
426,popular_1_exp_Experiment_1_seed_42,5,0.058785257746065876,connected,mainstream
273,popular_1_exp_Experiment_1_seed_42,5,0.0531533941516262,connected,mainstream
371,popular_1_exp_Experiment_1_seed_42,5,0.05056600644765844,connected,mainstream
558,popular_1_exp_Experiment_1_seed_42,5,0.07117558597688477,connected,mainstream
477,popular_1_exp_Experiment_1_seed_42,5,0.05098285548166167,connected,mainstream
95,popular_1_exp_Experiment_1_seed_42,5,0.05497744143572716,connected,mainstream
391,popular_1_exp_Experiment_1_seed_42,5,0.054308904588548756,connected,mainstream
155,popular_1_exp_Experiment_1_seed_42,5,0.0579154391020553,connected,mainstream
98,popular_1_exp_Experiment_1_seed_42,5,0.07349607734110936,connected,mainstream
486,popular_1_exp_Experiment_1_seed_42,5,0.06243249083351234,connected,mainstream
287,popular_1_exp_Experiment_1_seed_42,5,0.05184535774876849,connected,mainstream
574,popular_1_exp_Experiment_1_seed_42,5,0.06441696021767744,connected,mainstream
49,popular_1_exp_Experiment_1_seed_42,5,0.01697821908580856,connected,niche
440,popular_1_exp_Experiment_1_seed_42,5,0.0557331701319189,connected,mainstream
75,popular_1_exp_Experiment_1_seed_42,5,0.06076503548932408,connected,mainstream
390,popular_1_exp_Experiment_1_seed_42,5,0.06007085737683545,connected,mainstream
141,popular_1_exp_Experiment_1_seed_42,5,0.052073853223110124,connected,mainstream
439,popular_1_exp_Experiment_1_seed_42,5,0.05552047343126851,connected,mainstream
223,popular_1_exp_Experiment_1_seed_42,5,0.06390898746566841,connected,mainstream
65,popular_1_exp_Experiment_1_seed_42,5,0.06936292919395069,connected,mainstream
407,popular_1_exp_Experiment_1_seed_42,5,0.058020333574935586,connected,mainstream
484,popular_1_exp_Experiment_1_seed_42,5,0.05355868797327412,connected,mainstream
81,popular_1_exp_Experiment_1_seed_42,5,0.051812372311724954,connected,mainstream
181,popular_1_exp_Experiment_1_seed_42,5,0.05842442426064117,connected,mainstream
217,popular_1_exp_Experiment_1_seed_42,5,0.06126362105811623,connected,mainstream
256,popular_1_exp_Experiment_1_seed_42,5,0.0592955951578483,connected,mainstream
318,popular_1_exp_Experiment_1_seed_42,5,0.06778226970275061,connected,mainstream
150,popular_1_exp_Experiment_1_seed_42,5,0.0736363266059833,connected,mainstream
342,popular_1_exp_Experiment_1_seed_42,5,0.06841188547270798,connected,mainstream
224,popular_1_exp_Experiment_1_seed_42,5,0.05551187071972278,connected,mainstream
179,popular_1_exp_Experiment_1_seed_42,5,0.05443767820315651,connected,mainstream
514,popular_1_exp_Experiment_1_seed_42,5,0.05139102794572333,connected,mainstream
130,popular_1_exp_Experiment_1_seed_42,5,0.05231227683314557,connected,mainstream
120,popular_1_exp_Experiment_1_seed_42,5,0.06046719920726843,connected,mainstream
550,popular_1_exp_Experiment_1_seed_42,5,0.057212194932831,connected,mainstream
76,popular_1_exp_Experiment_1_seed_42,5,0.06654192430162874,connected,mainstream
448,popular_1_exp_Experiment_1_seed_42,5,0.059787616724561767,connected,mainstream
248,popular_1_exp_Experiment_1_seed_42,5,0.0551634828882076,connected,mainstream
397,popular_1_exp_Experiment_1_seed_42,5,0.06345314162873354,connected,mainstream
39,popular_1_exp_Experiment_1_seed_42,5,0.0180010982795271,connected,niche
367,popular_1_exp_Experiment_1_seed_42,5,0.06343630424043985,connected,mainstream
168,popular_1_exp_Experiment_1_seed_42,5,0.05546059650145549,connected,mainstream
300,popular_1_exp_Experiment_1_seed_42,5,0.06475475811415499,connected,mainstream
435,popular_1_exp_Experiment_1_seed_42,5,0.06312575132298122,connected,mainstream
38,popular_1_exp_Experiment_1_seed_42,5,0.016869491525092945,connected,niche
221,popular_1_exp_Experiment_1_seed_42,5,0.05556482425171052,connected,mainstream
251,popular_1_exp_Experiment_1_seed_42,5,0.05196512752040341,connected,mainstream
326,popular_1_exp_Experiment_1_seed_42,5,0.06426061305245899,connected,mainstream
362,popular_1_exp_Experiment_1_seed_42,5,0.05185140979679356,connected,mainstream
554,popular_1_exp_Experiment_1_seed_42,5,0.06135235105850251,connected,mainstream
0,popular_1_exp_Experiment_1_seed_42,5,0.013560213604612853,connected,niche
595,popular_1_exp_Experiment_1_seed_42,5,0.051373059060181414,connected,mainstream
487,popular_1_exp_Experiment_1_seed_42,5,0.0607250509862926,connected,mainstream
369,popular_1_exp_Experiment_1_seed_42,5,0.07430125465571442,connected,mainstream
521,popular_1_exp_Experiment_1_seed_42,5,0.05958440280078107,connected,mainstream
34,popular_1_exp_Experiment_1_seed_42,5,0.01583894939103235,connected,niche
233,popular_1_exp_Experiment_1_seed_42,5,0.05697494662917521,connected,mainstream
10,popular_1_exp_Experiment_1_seed_42,5,0.016359915135698382,connected,niche
51,popular_1_exp_Experiment_1_seed_42,5,0.015225774015270463,connected,niche
117,popular_1_exp_Experiment_1_seed_42,5,0.0520339357073776,connected,mainstream
226,popular_1_exp_Experiment_1_seed_42,5,0.05775094814838522,connected,mainstream
464,popular_1_exp_Experiment_1_seed_42,5,0.06994211556229231,connected,mainstream
126,popular_1_exp_Experiment_1_seed_42,5,0.056526009620855557,connected,mainstream
522,popular_1_exp_Experiment_1_seed_42,5,0.05702232917859165,connected,mainstream
585,popular_1_exp_Experiment_1_seed_42,5,0.05758855785001215,connected,mainstream
40,popular_1_exp_Experiment_1_seed_42,5,0.021430733993808838,connected,niche
455,popular_1_exp_Experiment_1_seed_42,5,0.05724185096906603,connected,mainstream
216,popular_1_exp_Experiment_1_seed_42,5,0.06458903197141984,connected,mainstream
493,popular_1_exp_Experiment_1_seed_42,5,0.062395609611745256,connected,mainstream
495,popular_1_exp_Experiment_1_seed_42,5,0.07190226557960448,connected,mainstream
208,popular_1_exp_Experiment_1_seed_42,5,0.058324093640365095,connected,mainstream
368,popular_1_exp_Experiment_1_seed_42,5,0.06294082093358916,connected,mainstream
590,popular_1_exp_Experiment_1_seed_42,5,0.049704275453121054,connected,mainstream
232,popular_1_exp_Experiment_1_seed_42,5,0.05681817133946191,connected,mainstream
491,popular_1_exp_Experiment_1_seed_42,5,0.05147137883187925,connected,mainstream
598,popular_1_exp_Experiment_1_seed_42,5,0.058106792107141515,connected,mainstream
90,popular_1_exp_Experiment_1_seed_42,5,0.053223798165366036,connected,mainstream
365,popular_1_exp_Experiment_1_seed_42,5,0.05586277328045546,connected,mainstream
265,popular_1_exp_Experiment_1_seed_42,5,0.059699136994340034,connected,mainstream
415,popular_1_exp_Experiment_1_seed_42,5,0.06507216466651225,connected,mainstream
494,popular_1_exp_Experiment_1_seed_42,5,0.05422968128560581,connected,mainstream
66,popular_1_exp_Experiment_1_seed_42,5,0.054483989930500985,connected,mainstream
17,popular_1_exp_Experiment_1_seed_42,5,0.02160223128055315,connected,niche
356,popular_1_exp_Experiment_1_seed_42,5,0.054177019116539854,connected,mainstream
53,popular_1_exp_Experiment_1_seed_42,5,0.0176504553883184,connected,niche
4,popular_1_exp_Experiment_1_seed_42,5,0.03267561393624791,connected,niche
19,popular_1_exp_Experiment_1_seed_42,5,0.017971270221741022,connected,niche
240,popular_1_exp_Experiment_1_seed_42,5,0.0595888324327779,connected,mainstream
6,popular_1_exp_Experiment_1_seed_42,5,0.014424259325415535,connected,niche
252,popular_1_exp_Experiment_1_seed_42,5,0.054951783575939085,connected,mainstream
411,popular_1_exp_Experiment_1_seed_42,5,0.05506443773120668,connected,mainstream
376,popular_1_exp_Experiment_1_seed_42,5,0.05255851738899165,connected,mainstream
220,popular_1_exp_Experiment_1_seed_42,5,0.05426969134057255,connected,mainstream
373,popular_1_exp_Experiment_1_seed_42,5,0.05980709721048035,connected,mainstream
16,popular_1_exp_Experiment_1_seed_42,5,0.021583783592996477,connected,niche
1,popular_1_exp_Experiment_1_seed_42,5,0.017898599923702824,connected,niche
28,popular_1_exp_Experiment_1_seed_42,5,0.02204207724688834,connected,niche
306,popular_1_exp_Experiment_1_seed_42,5,0.05810358833276006,connected,mainstream
2,popular_1_exp_Experiment_1_seed_42,5,0.014782089347498856,connected,niche
562,popular_1_exp_Experiment_1_seed_42,5,0.05593803622998073,connected,mainstream
513,popular_1_exp_Experiment_1_seed_42,5,0.051855604763856124,connected,mainstream
308,popular_1_exp_Experiment_1_seed_42,5,0.0574380745641882,connected,mainstream
379,popular_1_exp_Experiment_1_seed_42,5,0.053936431894336535,connected,mainstream
375,popular_1_exp_Experiment_1_seed_42,5,0.057223868493732254,connected,mainstream
579,popular_1_exp_Experiment_1_seed_42,5,0.054087952596832634,connected,mainstream
596,popular_1_exp_Experiment_1_seed_42,5,0.060755606575217606,connected,mainstream
500,popular_1_exp_Experiment_1_seed_42,5,0.05359036234991894,connected,mainstream
546,popular_1_exp_Experiment_1_seed_42,5,0.06599855148050582,connected,mainstream
462,popular_1_exp_Experiment_1_seed_42,5,0.05159766831777665,connected,mainstream
332,popular_1_exp_Experiment_1_seed_42,5,0.06655868713086291,connected,mainstream
259,popular_1_exp_Experiment_1_seed_42,5,0.05297557366705479,connected,mainstream
142,popular_1_exp_Experiment_1_seed_42,5,0.052889361329183815,connected,mainstream
227,popular_1_exp_Experiment_1_seed_42,5,0.05210689351037318,connected,mainstream
468,popular_1_exp_Experiment_1_seed_42,5,0.056775774007237455,connected,mainstream
566,popular_1_exp_Experiment_1_seed_42,5,0.051718988236804285,connected,mainstream
312,popular_1_exp_Experiment_1_seed_42,5,0.055703122747857624,connected,mainstream
12,popular_1_exp_Experiment_1_seed_42,5,0.020103872484749565,connected,niche
14,popular_1_exp_Experiment_1_seed_42,5,0.016366513737102666,connected,niche
525,popular_1_exp_Experiment_1_seed_42,5,0.057643163529944724,connected,mainstream
314,popular_1_exp_Experiment_1_seed_42,5,0.06412385704340759,connected,mainstream
143,popular_1_exp_Experiment_1_seed_42,5,0.062129197020234915,connected,mainstream
187,popular_1_exp_Experiment_1_seed_42,5,0.053090553057491885,connected,mainstream
319,popular_1_exp_Experiment_1_seed_42,5,0.05661540526898334,connected,mainstream
37,popular_1_exp_Experiment_1_seed_42,5,0.026726978478056215,connected,niche
520,popular_1_exp_Experiment_1_seed_42,5,0.05579011692689173,connected,mainstream
471,popular_1_exp_Experiment_1_seed_42,5,0.05542636224279627,connected,mainstream
599,popular_1_exp_Experiment_1_seed_42,5,0.061141162138207035,connected,mainstream
506,popular_1_exp_Experiment_1_seed_42,5,0.06819539622522465,connected,mainstream
255,popular_1_exp_Experiment_1_seed_42,5,0.054546925064540196,connected,mainstream
353,popular_1_exp_Experiment_1_seed_42,5,0.06564388790677982,connected,mainstream
235,popular_1_exp_Experiment_1_seed_42,5,0.05229239623586681,connected,mainstream
545,popular_1_exp_Experiment_1_seed_42,5,0.07318770852377386,connected,mainstream
264,popular_1_exp_Experiment_1_seed_42,5,0.05167001938303739,connected,mainstream
441,popular_1_exp_Experiment_1_seed_42,5,0.05960885819300434,connected,mainstream
295,popular_1_exp_Experiment_1_seed_42,5,0.060042093505345284,connected,mainstream
509,popular_1_exp_Experiment_1_seed_42,5,0.05267790957242271,connected,mainstream
370,popular_1_exp_Experiment_1_seed_42,5,0.05639557301657938,connected,mainstream
454,popular_1_exp_Experiment_1_seed_42,5,0.05712916530848509,connected,mainstream
93,popular_1_exp_Experiment_1_seed_42,5,0.05153985235692887,connected,mainstream
543,popular_1_exp_Experiment_1_seed_42,5,0.0524376363976847,connected,mainstream
189,popular_1_exp_Experiment_1_seed_42,5,0.05381280264558197,connected,mainstream
134,popular_1_exp_Experiment_1_seed_42,5,0.060280122860781576,connected,mainstream
328,popular_1_exp_Experiment_1_seed_42,5,0.05942763895270669,connected,mainstream
571,popular_1_exp_Experiment_1_seed_42,5,0.07670886558632574,connected,mainstream
206,popular_1_exp_Experiment_1_seed_42,5,0.06015822480881486,connected,mainstream
294,popular_1_exp_Experiment_1_seed_42,5,0.06009044185319306,connected,mainstream
427,popular_1_exp_Experiment_1_seed_42,5,0.054948829144092694,connected,mainstream
536,popular_1_exp_Experiment_1_seed_42,5,0.060091888895594504,connected,mainstream
341,popular_1_exp_Experiment_1_seed_42,5,0.051765495357035445,connected,mainstream
402,popular_1_exp_Experiment_1_seed_42,5,0.050766718610043345,connected,mainstream
461,popular_1_exp_Experiment_1_seed_42,5,0.06924576138180484,connected,mainstream
425,popular_1_exp_Experiment_1_seed_42,5,0.05988817843461466,connected,mainstream
483,popular_1_exp_Experiment_1_seed_42,5,0.0552523594668362,connected,mainstream
492,popular_1_exp_Experiment_1_seed_42,5,0.08833266890714314,connected,mainstream
508,popular_1_exp_Experiment_1_seed_42,5,0.051840451477572415,connected,mainstream
115,popular_1_exp_Experiment_1_seed_42,5,0.05419794243820092,connected,mainstream
11,popular_1_exp_Experiment_1_seed_42,5,0.01879594282371712,connected,niche
210,popular_1_exp_Experiment_1_seed_42,5,0.07714078162418021,connected,mainstream
238,popular_1_exp_Experiment_1_seed_42,5,0.058221890116684216,connected,mainstream
180,popular_1_exp_Experiment_1_seed_42,5,0.06912327377716046,connected,mainstream
121,popular_1_exp_Experiment_1_seed_42,5,0.058387518407406185,connected,mainstream
539,popular_1_exp_Experiment_1_seed_42,5,0.05534346915411778,connected,mainstream
26,popular_1_exp_Experiment_1_seed_42,5,0.016476197614727402,connected,niche
202,popular_1_exp_Experiment_1_seed_42,5,0.06652314309144713,connected,mainstream
556,popular_1_exp_Experiment_1_seed_42,5,0.05127642730150594,connected,mainstream
366,popular_1_exp_Experiment_1_seed_42,5,0.05196275583760924,connected,mainstream
475,popular_1_exp_Experiment_1_seed_42,5,0.05460889654106971,connected,mainstream
344,popular_1_exp_Experiment_1_seed_42,5,0.06052780172018007,connected,mainstream
15,popular_1_exp_Experiment_1_seed_42,5,0.018903026228110634,connected,niche
523,popular_1_exp_Experiment_1_seed_42,5,0.05335874731026377,connected,mainstream
301,popular_1_exp_Experiment_1_seed_42,5,0.07821017356783062,connected,mainstream
262,popular_1_exp_Experiment_1_seed_42,5,0.0500297194685542,connected,mainstream
592,popular_1_exp_Experiment_1_seed_42,5,0.05853956988675691,connected,mainstream
154,popular_1_exp_Experiment_1_seed_42,5,0.05377069014537647,connected,mainstream
257,popular_1_exp_Experiment_1_seed_42,5,0.061195799926588336,connected,mainstream
313,popular_1_exp_Experiment_1_seed_42,5,0.05455682026370012,connected,mainstream
488,popular_1_exp_Experiment_1_seed_42,5,0.05270635704190202,connected,mainstream
174,popular_1_exp_Experiment_1_seed_42,5,0.05751964462388398,connected,mainstream
190,popular_1_exp_Experiment_1_seed_42,5,0.05100197863072201,connected,mainstream
594,popular_1_exp_Experiment_1_seed_42,5,0.0517732595007994,connected,mainstream
46,popular_1_exp_Experiment_1_seed_42,5,0.02452723493042978,connected,niche
457,popular_1_exp_Experiment_1_seed_42,5,0.05018375730418945,connected,mainstream
72,popular_1_exp_Experiment_1_seed_42,5,0.05209060719893438,connected,mainstream
73,popular_1_exp_Experiment_1_seed_42,5,0.058474349694315995,connected,mainstream
9,popular_1_exp_Experiment_1_seed_42,5,0.014283364835204981,connected,niche
377,popular_1_exp_Experiment_1_seed_42,5,0.06051378448173137,connected,mainstream
245,popular_1_exp_Experiment_1_seed_42,5,0.05673128012762619,connected,mainstream
128,popular_1_exp_Experiment_1_seed_42,5,0.06544905724188003,connected,mainstream
175,popular_1_exp_Experiment_1_seed_42,5,0.051965416002315995,connected,mainstream
515,popular_1_exp_Experiment_1_seed_42,5,0.05447204628437415,connected,mainstream
559,popular_1_exp_Experiment_1_seed_42,5,0.05535916770953791,connected,mainstream
36,popular_1_exp_Experiment_1_seed_42,5,0.016159758511664044,connected,niche
303,popular_1_exp_Experiment_1_seed_42,5,0.06213899027316436,connected,mainstream
432,popular_1_exp_Experiment_1_seed_42,5,0.05925737401543333,connected,mainstream
395,popular_1_exp_Experiment_1_seed_42,5,0.05083165865030498,connected,mainstream
450,popular_1_exp_Experiment_1_seed_42,5,0.050129570835821397,connected,mainstream
527,popular_1_exp_Experiment_1_seed_42,5,0.05967351223668547,connected,mainstream
555,popular_1_exp_Experiment_1_seed_42,5,0.057760341593439006,connected,mainstream
478,popular_1_exp_Experiment_1_seed_42,5,0.05318791532308472,connected,mainstream
364,popular_1_exp_Experiment_1_seed_42,5,0.05294995630491003,connected,mainstream
88,popular_1_exp_Experiment_1_seed_42,5,0.05117473185121518,connected,mainstream
147,popular_1_exp_Experiment_1_seed_42,5,0.05055711308712186,connected,mainstream
573,popular_1_exp_Experiment_1_seed_42,5,0.06148170250826688,connected,mainstream
18,popular_1_exp_Experiment_1_seed_42,5,0.014794449270373265,connected,niche
535,popular_1_exp_Experiment_1_seed_42,5,0.05031482436026128,connected,mainstream
460,popular_1_exp_Experiment_1_seed_42,5,0.050848342497100095,connected,mainstream
305,popular_1_exp_Experiment_1_seed_42,5,0.051236205153324534,connected,mainstream
24,popular_1_exp_Experiment_1_seed_42,5,0.02305996973945755,connected,niche
42,popular_1_exp_Experiment_1_seed_42,5,0.02051382384089519,connected,niche
593,popular_1_exp_Experiment_1_seed_42,5,0.05312705396788584,connected,mainstream
418,popular_1_exp_Experiment_1_seed_42,5,0.05754261425738266,connected,mainstream
278,popular_1_exp_Experiment_1_seed_42,5,0.04987167832973877,connected,mainstream
5,popular_1_exp_Experiment_1_seed_42,5,0.020115724743767965,connected,niche
570,popular_1_exp_Experiment_1_seed_42,5,0.056930757860410526,connected,mainstream
336,popular_1_exp_Experiment_1_seed_42,5,0.06319118061279695,connected,mainstream
569,popular_1_exp_Experiment_1_seed_42,5,0.058041770664843305,connected,mainstream
320,popular_1_exp_Experiment_1_seed_42,5,0.06384220884102539,connected,mainstream
41,popular_1_exp_Experiment_1_seed_42,5,0.026875364349017054,connected,niche
274,popular_1_exp_Experiment_1_seed_42,5,0.0647615975855038,connected,mainstream
44,popular_1_exp_Experiment_1_seed_42,5,0.015945227883884874,connected,niche
437,popular_1_exp_Experiment_1_seed_42,5,0.055223287830276246,connected,mainstream
60,popular_1_exp_Experiment_1_seed_42,5,0.053083307714922444,connected,mainstream
459,popular_1_exp_Experiment_1_seed_42,5,0.05742356739073042,connected,mainstream
507,popular_1_exp_Experiment_1_seed_42,5,0.058789690723098975,connected,mainstream
526,popular_1_exp_Experiment_1_seed_42,5,0.05206680336475148,connected,mainstream
334,popular_1_exp_Experiment_1_seed_42,5,0.05786082239901883,connected,mainstream
162,popular_1_exp_Experiment_1_seed_42,5,0.05932270630117726,connected,mainstream
20,popular_1_exp_Experiment_1_seed_42,5,0.03712559953320627,connected,niche
146,popular_1_exp_Experiment_1_seed_42,5,0.06223226925055244,connected,mainstream
242,popular_1_exp_Experiment_1_seed_42,5,0.04928015381855088,connected,mainstream
169,popular_1_exp_Experiment_1_seed_42,5,0.07317649729120208,connected,mainstream
125,popular_1_exp_Experiment_1_seed_42,5,0.0510395572752159,connected,mainstream
465,popular_1_exp_Experiment_1_seed_42,5,0.05408360753548317,connected,mainstream
438,popular_1_exp_Experiment_1_seed_42,5,0.050849070291401344,connected,mainstream
529,popular_1_exp_Experiment_1_seed_42,5,0.05349108878250606,connected,mainstream
139,popular_1_exp_Experiment_1_seed_42,5,0.06298811496390418,connected,mainstream
213,popular_1_exp_Experiment_1_seed_42,5,0.06545184580649391,connected,mainstream
269,popular_1_exp_Experiment_1_seed_42,5,0.05050697781441283,connected,mainstream
445,popular_1_exp_Experiment_1_seed_42,5,0.06253537043503717,connected,mainstream
7,popular_1_exp_Experiment_1_seed_42,5,0.017219058269568654,connected,niche
533,popular_1_exp_Experiment_1_seed_42,5,0.05188560395874142,connected,mainstream
135,popular_1_exp_Experiment_1_seed_42,5,0.06485163102726466,connected,mainstream
317,popular_1_exp_Experiment_1_seed_42,5,0.05353651935901623,connected,mainstream
178,popular_1_exp_Experiment_1_seed_42,5,0.05303994913055801,connected,mainstream
553,popular_1_exp_Experiment_1_seed_42,5,0.054247329979868815,connected,mainstream
413,popular_1_exp_Experiment_1_seed_42,5,0.05243310291662744,connected,mainstream
321,popular_1_exp_Experiment_1_seed_42,5,0.05964711964052196,connected,mainstream
199,popular_1_exp_Experiment_1_seed_42,5,0.05173614951810659,connected,mainstream
382,popular_1_exp_Experiment_1_seed_42,5,0.05433734033145146,connected,mainstream
451,popular_1_exp_Experiment_1_seed_42,5,0.05701661485363738,connected,mainstream
458,popular_1_exp_Experiment_1_seed_42,5,0.05481390504644318,connected,mainstream
89,popular_1_exp_Experiment_1_seed_42,5,0.05519307460778682,connected,mainstream
228,popular_1_exp_Experiment_1_seed_42,5,0.05764025466825409,connected,mainstream
277,popular_1_exp_Experiment_1_seed_42,5,0.05917686515604581,connected,mainstream
163,popular_1_exp_Experiment_1_seed_42,5,0.05580799646625806,connected,mainstream
144,popular_1_exp_Experiment_1_seed_42,5,0.0585967217957235,connected,mainstream
408,popular_1_exp_Experiment_1_seed_42,5,0.06311126998743787,connected,mainstream
173,popular_1_exp_Experiment_1_seed_42,5,0.0659343937306807,connected,mainstream
158,popular_1_exp_Experiment_1_seed_42,5,0.05967955207560066,connected,mainstream
260,popular_1_exp_Experiment_1_seed_42,5,0.04751709052870895,connected,mainstream
482,popular_1_exp_Experiment_1_seed_42,5,0.07201400752348308,connected,mainstream
211,popular_1_exp_Experiment_1_seed_42,5,0.0610008323715307,connected,mainstream
118,popular_1_exp_Experiment_1_seed_42,5,0.054887507877090375,connected,mainstream
109,popular_1_exp_Experiment_1_seed_42,5,0.050950128034077787,connected,mainstream
469,popular_1_exp_Experiment_1_seed_42,5,0.060936601182218685,connected,mainstream
424,popular_1_exp_Experiment_1_seed_42,5,0.055204563542805646,connected,mainstream
503,popular_1_exp_Experiment_1_seed_42,5,0.06887591198378966,connected,mainstream
270,popular_1_exp_Experiment_1_seed_42,5,0.06072789955155458,connected,mainstream
524,popular_1_exp_Experiment_1_seed_42,5,0.05176363438587461,connected,mainstream
531,popular_1_exp_Experiment_1_seed_42,5,0.05365462712639449,connected,mainstream
100,popular_1_exp_Experiment_1_seed_42,5,0.04967217152080065,connected,mainstream
333,popular_1_exp_Experiment_1_seed_42,5,0.06824494072403749,connected,mainstream
266,popular_1_exp_Experiment_1_seed_42,5,0.05364712280156145,connected,mainstream
453,popular_1_exp_Experiment_1_seed_42,5,0.06070388267101348,connected,mainstream
254,popular_1_exp_Experiment_1_seed_42,5,0.0575270255710618,connected,mainstream
285,popular_1_exp_Experiment_1_seed_42,5,0.051649285188909745,connected,mainstream
258,popular_1_exp_Experiment_1_seed_42,5,0.05486361420316222,connected,mainstream
87,popular_1_exp_Experiment_1_seed_42,5,0.05719940363945825,connected,mainstream
389,popular_1_exp_Experiment_1_seed_42,5,0.056642531624402866,connected,mainstream
261,popular_1_exp_Experiment_1_seed_42,5,0.057434765205472915,connected,mainstream
177,popular_1_exp_Experiment_1_seed_42,5,0.05140232520177199,connected,mainstream
480,popular_1_exp_Experiment_1_seed_42,5,0.058039114568153936,connected,mainstream
284,popular_1_exp_Experiment_1_seed_42,5,0.05786655521319583,connected,mainstream
119,popular_1_exp_Experiment_1_seed_42,5,0.05878673465635283,connected,mainstream
387,popular_1_exp_Experiment_1_seed_42,5,0.057335694091171736,connected,mainstream
243,popular_1_exp_Experiment_1_seed_42,5,0.057070759912680735,connected,mainstream
297,popular_1_exp_Experiment_1_seed_42,5,0.061298606155038765,connected,mainstream
551,popular_1_exp_Experiment_1_seed_42,5,0.06465822317256777,connected,mainstream
589,popular_1_exp_Experiment_1_seed_42,5,0.05169517483883831,connected,mainstream
137,popular_1_exp_Experiment_1_seed_42,5,0.05324995144579365,connected,mainstream
145,popular_1_exp_Experiment_1_seed_42,5,0.0648987768253866,connected,mainstream
108,popular_1_exp_Experiment_1_seed_42,5,0.055718346772115755,connected,mainstream
568,popular_1_exp_Experiment_1_seed_42,5,0.05257795170927853,connected,mainstream
388,popular_1_exp_Experiment_1_seed_42,5,0.07688855842068859,connected,mainstream
96,popular_1_exp_Experiment_1_seed_42,5,0.061876070188087516,connected,mainstream
383,popular_1_exp_Experiment_1_seed_42,5,0.05278229304454549,connected,mainstream
82,popular_1_exp_Experiment_1_seed_42,5,0.05050947839458724,connected,mainstream
316,popular_1_exp_Experiment_1_seed_42,5,0.0511535634371747,connected,mainstream
444,popular_1_exp_Experiment_1_seed_42,5,0.04781884396141312,connected,mainstream
532,popular_1_exp_Experiment_1_seed_42,5,0.05519424649356539,connected,mainstream
132,popular_1_exp_Experiment_1_seed_42,5,0.06115254104979385,connected,mainstream
578,popular_1_exp_Experiment_1_seed_42,5,0.05599201155230824,connected,mainstream
591,popular_1_exp_Experiment_1_seed_42,5,0.054282685776705204,connected,mainstream
107,popular_1_exp_Experiment_1_seed_42,5,0.05251944864353022,connected,mainstream
205,popular_1_exp_Experiment_1_seed_42,5,0.057610547770072025,connected,mainstream
504,popular_1_exp_Experiment_1_seed_42,5,0.06447328742623291,connected,mainstream
166,popular_1_exp_Experiment_1_seed_42,5,0.06121777662809208,connected,mainstream
479,popular_1_exp_Experiment_1_seed_42,5,0.058727871212990224,connected,mainstream
505,popular_1_exp_Experiment_1_seed_42,5,0.05139932454941437,connected,mainstream
403,popular_1_exp_Experiment_1_seed_42,5,0.05190502351759771,connected,mainstream
292,popular_1_exp_Experiment_1_seed_42,5,0.05665310347385061,connected,mainstream
577,popular_1_exp_Experiment_1_seed_42,5,0.05276429113413993,connected,mainstream
540,popular_1_exp_Experiment_1_seed_42,5,0.056924597261881565,connected,mainstream
67,popular_1_exp_Experiment_1_seed_42,5,0.057577084857551454,connected,mainstream
193,popular_1_exp_Experiment_1_seed_42,5,0.05216969416582856,connected,mainstream
499,popular_1_exp_Experiment_1_seed_42,5,0.06359079015578455,connected,mainstream
310,popular_1_exp_Experiment_1_seed_42,5,0.057459243632935704,connected,mainstream
288,popular_1_exp_Experiment_1_seed_42,5,0.05077896257512998,connected,mainstream
214,popular_1_exp_Experiment_1_seed_42,5,0.05220999906907014,connected,mainstream
276,popular_1_exp_Experiment_1_seed_42,5,0.05798826537885295,connected,mainstream
564,popular_1_exp_Experiment_1_seed_42,5,0.05484461716499272,connected,mainstream
203,popular_1_exp_Experiment_1_seed_42,5,0.0637854197811178,connected,mainstream
63,popular_1_exp_Experiment_1_seed_42,5,0.054278197703772256,connected,mainstream
374,popular_1_exp_Experiment_1_seed_42,5,0.06128377926281322,connected,mainstream
474,popular_1_exp_Experiment_1_seed_42,5,0.06477095600147358,connected,mainstream
299,popular_1_exp_Experiment_1_seed_42,5,0.058171286964137404,connected,mainstream
548,popular_1_exp_Experiment_1_seed_42,5,0.06042354521188242,connected,mainstream
400,popular_1_exp_Experiment_1_seed_42,5,0.06300134745869934,connected,mainstream
345,popular_1_exp_Experiment_1_seed_42,5,0.05128928534591481,connected,mainstream
446,popular_1_exp_Experiment_1_seed_42,5,0.05943279812427171,connected,mainstream
80,popular_1_exp_Experiment_1_seed_42,5,0.06637441471488874,connected,mainstream
467,popular_1_exp_Experiment_1_seed_42,5,0.048615643848787415,connected,mainstream
560,popular_1_exp_Experiment_1_seed_42,5,0.06186652378017763,connected,mainstream
497,popular_1_exp_Experiment_1_seed_42,5,0.05213372909081369,connected,mainstream
176,popular_1_exp_Experiment_1_seed_42,5,0.05708867236481616,connected,mainstream
472,popular_1_exp_Experiment_1_seed_42,5,0.059333060357855266,connected,mainstream
597,popular_1_exp_Experiment_1_seed_42,5,0.07111908014974955,connected,mainstream
280,popular_1_exp_Experiment_1_seed_42,5,0.06996329041041073,connected,mainstream
268,popular_1_exp_Experiment_1_seed_42,5,0.05091944448393663,connected,mainstream
97,popular_1_exp_Experiment_1_seed_42,5,0.05913588718502549,connected,mainstream
61,popular_1_exp_Experiment_1_seed_42,5,0.050293406604869424,connected,mainstream
372,popular_1_exp_Experiment_1_seed_42,5,0.062256682258283014,connected,mainstream
27,popular_1_exp_Experiment_1_seed_42,5,0.013607302052873973,connected,niche
410,popular_1_exp_Experiment_1_seed_42,5,0.05426076478181335,connected,mainstream
519,popular_1_exp_Experiment_1_seed_42,5,0.052003943404287156,connected,mainstream
557,popular_1_exp_Experiment_1_seed_42,5,0.05060039733947958,connected,mainstream
48,popular_1_exp_Experiment_1_seed_42,5,0.019278184966281333,connected,niche
133,popular_1_exp_Experiment_1_seed_42,5,0.05661485464534114,connected,mainstream
302,popular_1_exp_Experiment_1_seed_42,5,0.05291547768727048,connected,mainstream
547,popular_1_exp_Experiment_1_seed_42,5,0.054493786478583245,connected,mainstream
406,popular_1_exp_Experiment_1_seed_42,5,0.068456154464472,connected,mainstream
68,popular_1_exp_Experiment_1_seed_42,5,0.05767028912411739,connected,mainstream
339,popular_1_exp_Experiment_1_seed_42,5,0.05235786639519227,connected,mainstream
307,popular_1_exp_Experiment_1_seed_42,5,0.06549242094281325,connected,mainstream
357,popular_1_exp_Experiment_1_seed_42,5,0.06715016052350482,connected,mainstream
23,popular_1_exp_Experiment_1_seed_42,5,0.013837392633503314,connected,niche
449,popular_1_exp_Experiment_1_seed_42,5,0.05109822474578916,connected,mainstream
182,popular_1_exp_Experiment_1_seed_42,5,0.054991271264432456,connected,mainstream
473,popular_1_exp_Experiment_1_seed_42,5,0.055024788964690485,connected,mainstream
250,popular_1_exp_Experiment_1_seed_42,5,0.05597598089787211,connected,mainstream
420,popular_1_exp_Experiment_1_seed_42,5,0.0569345995944568,connected,mainstream
436,popular_1_exp_Experiment_1_seed_42,5,0.052106324595964974,connected,mainstream
172,popular_1_exp_Experiment_1_seed_42,5,0.05260175011083304,connected,mainstream
161,popular_1_exp_Experiment_1_seed_42,5,0.050853419059740966,connected,mainstream
157,popular_1_exp_Experiment_1_seed_42,5,0.060997740333066854,connected,mainstream
481,popular_1_exp_Experiment_1_seed_42,5,0.05751649966840191,connected,mainstream
501,popular_1_exp_Experiment_1_seed_42,5,0.05786409110299875,connected,mainstream
421,popular_1_exp_Experiment_1_seed_42,5,0.05253101047398467,connected,mainstream
315,popular_1_exp_Experiment_1_seed_42,5,0.06553993770926246,connected,mainstream
351,popular_1_exp_Experiment_1_seed_42,5,0.06415194266802983,connected,mainstream
386,popular_1_exp_Experiment_1_seed_42,5,0.05394610734703733,connected,mainstream
335,popular_1_exp_Experiment_1_seed_42,5,0.0547867850244512,connected,mainstream
393,popular_1_exp_Experiment_1_seed_42,5,0.06100073032570665,connected,mainstream
282,popular_1_exp_Experiment_1_seed_42,5,0.05331060483966471,connected,mainstream
105,popular_1_exp_Experiment_1_seed_42,5,0.06045809193976671,connected,mainstream
62,popular_1_exp_Experiment_1_seed_42,5,0.059266598466822,connected,mainstream
86,popular_1_exp_Experiment_1_seed_42,5,0.05158510906299429,connected,mainstream
337,popular_1_exp_Experiment_1_seed_42,5,0.05742841469460619,connected,mainstream
230,popular_1_exp_Experiment_1_seed_42,5,0.06147132106086133,connected,mainstream
165,popular_1_exp_Experiment_1_seed_42,5,0.05251439654998625,connected,mainstream
152,popular_1_exp_Experiment_1_seed_42,5,0.05574973606210643,connected,mainstream
29,popular_1_exp_Experiment_1_seed_42,5,0.015781631538040238,connected,niche
283,popular_1_exp_Experiment_1_seed_42,5,0.054934338419606134,connected,mainstream
572,popular_1_exp_Experiment_1_seed_42,5,0.0624943281899852,connected,mainstream
209,popular_1_exp_Experiment_1_seed_42,5,0.06946543222298997,connected,mainstream
47,popular_1_exp_Experiment_1_seed_42,5,0.01857037950146036,connected,niche
485,popular_1_exp_Experiment_1_seed_42,5,0.054001134720098036,connected,mainstream
552,popular_1_exp_Experiment_1_seed_42,5,0.06838954274066736,connected,mainstream
183,popular_1_exp_Experiment_1_seed_42,5,0.053365194066025155,connected,mainstream
225,popular_1_exp_Experiment_1_seed_42,5,0.07331671976201615,connected,mainstream
291,popular_1_exp_Experiment_1_seed_42,5,0.0649745693763481,connected,mainstream
204,popular_1_exp_Experiment_1_seed_42,5,0.06050331977483048,connected,mainstream
140,popular_1_exp_Experiment_1_seed_42,5,0.051809005913588384,connected,mainstream
401,popular_1_exp_Experiment_1_seed_42,5,0.057457730465912765,connected,mainstream
433,popular_1_exp_Experiment_1_seed_42,5,0.053718354804987795,connected,mainstream
92,popular_1_exp_Experiment_1_seed_42,5,0.051717275008364504,connected,mainstream
544,popular_1_exp_Experiment_1_seed_42,5,0.05692900261617683,connected,mainstream
149,popular_1_exp_Experiment_1_seed_42,5,0.05117853521745621,connected,mainstream
8,popular_1_exp_Experiment_1_seed_42,5,0.01768983819769539,connected,niche
361,popular_1_exp_Experiment_1_seed_42,5,0.057171612054456374,connected,mainstream
84,popular_1_exp_Experiment_1_seed_42,5,0.053826870335851894,connected,mainstream
541,popular_1_exp_Experiment_1_seed_42,5,0.05424797043241033,connected,mainstream
195,popular_1_exp_Experiment_1_seed_42,5,0.05679627924778539,connected,mainstream
414,popular_1_exp_Experiment_1_seed_42,5,0.0615988365452246,connected,mainstream
156,popular_1_exp_Experiment_1_seed_42,5,0.050476510033534816,connected,mainstream
405,popular_1_exp_Experiment_1_seed_42,5,0.05143296570390054,connected,mainstream
329,popular_1_exp_Experiment_1_seed_42,5,0.05176484871480763,connected,mainstream
516,popular_1_exp_Experiment_1_seed_42,5,0.05374179596581138,connected,mainstream
54,popular_1_exp_Experiment_1_seed_42,5,0.023395702547998273,connected,niche
58,popular_1_exp_Experiment_1_seed_42,5,0.016153454374831604,connected,niche
434,popular_1_exp_Experiment_1_seed_42,5,0.05534961713071488,connected,mainstream
338,popular_1_exp_Experiment_1_seed_42,5,0.051936971805619146,connected,mainstream
167,popular_1_exp_Experiment_1_seed_42,5,0.05593078054046557,connected,mainstream
588,popular_1_exp_Experiment_1_seed_42,5,0.06698005718856435,connected,mainstream
348,popular_1_exp_Experiment_1_seed_42,5,0.0637162055001912,connected,mainstream
33,popular_1_exp_Experiment_1_seed_42,5,0.028256994737496394,connected,niche
112,popular_1_exp_Experiment_1_seed_42,5,0.05610811019741624,connected,mainstream
311,popular_1_exp_Experiment_1_seed_42,5,0.07133523815468648,connected,mainstream
74,popular_1_exp_Experiment_1_seed_42,5,0.05094248832262954,connected,mainstream
102,popular_1_exp_Experiment_1_seed_42,5,0.05377817827681189,connected,mainstream
380,popular_1_exp_Experiment_1_seed_42,5,0.06115515633739277,connected,mainstream
352,popular_1_exp_Experiment_1_seed_42,5,0.062203779254059684,connected,mainstream
537,popular_1_exp_Experiment_1_seed_42,5,0.06434319056453365,connected,mainstream
69,popular_1_exp_Experiment_1_seed_42,5,0.05533905475805958,connected,mainstream
64,popular_1_exp_Experiment_1_seed_42,5,0.05706409034383045,connected,mainstream
35,popular_1_exp_Experiment_1_seed_42,5,0.023638499431815087,connected,niche
384,popular_1_exp_Experiment_1_seed_42,5,0.07330208365799813,connected,mainstream
279,popular_1_exp_Experiment_1_seed_42,5,0.05178205755482399,connected,mainstream
94,popular_1_exp_Experiment_1_seed_42,5,0.05141183123407872,connected,mainstream
398,popular_1_exp_Experiment_1_seed_42,5,0.05563635839268529,connected,mainstream
222,popular_1_exp_Experiment_1_seed_42,5,0.05188791160668598,connected,mainstream
124,popular_1_exp_Experiment_1_seed_42,5,0.061011326419523,connected,mainstream
340,popular_1_exp_Experiment_1_seed_42,5,0.05204386101527003,connected,mainstream
229,popular_1_exp_Experiment_1_seed_42,5,0.05577672140275016,connected,mainstream
517,popular_1_exp_Experiment_1_seed_42,5,0.059342647667455506,connected,mainstream
323,popular_1_exp_Experiment_1_seed_42,5,0.06625576380999239,connected,mainstream
79,popular_1_exp_Experiment_1_seed_42,5,0.06871103406684148,connected,mainstream
409,popular_1_exp_Experiment_1_seed_42,5,0.06336561852128332,connected,mainstream
207,popular_1_exp_Experiment_1_seed_42,5,0.055154911084457886,connected,mainstream
111,popular_1_exp_Experiment_1_seed_42,5,0.05197515999228291,connected,mainstream
331,popular_1_exp_Experiment_1_seed_42,5,0.05807682502685077,connected,mainstream
354,popular_1_exp_Experiment_1_seed_42,5,0.055540058000105565,connected,mainstream
85,popular_1_exp_Experiment_1_seed_42,5,0.0548675078812094,connected,mainstream
104,popular_1_exp_Experiment_1_seed_42,5,0.06849109042014684,connected,mainstream
296,popular_1_exp_Experiment_1_seed_42,5,0.053999153841697324,connected,mainstream
194,popular_1_exp_Experiment_1_seed_42,5,0.043295572120488596,connected,mainstream
275,popular_1_exp_Experiment_1_seed_42,5,0.05297466196202866,connected,mainstream
498,popular_1_exp_Experiment_1_seed_42,5,0.055595896603033705,connected,mainstream
567,popular_1_exp_Experiment_1_seed_42,5,0.06848976408468747,connected,mainstream
267,popular_1_exp_Experiment_1_seed_42,5,0.06589854822146347,connected,mainstream
489,popular_1_exp_Experiment_1_seed_42,5,0.052036035648894974,connected,mainstream
25,popular_1_exp_Experiment_1_seed_42,5,0.017379435367255402,connected,niche
159,popular_1_exp_Experiment_1_seed_42,5,0.049586200340999954,connected,mainstream
293,popular_1_exp_Experiment_1_seed_42,5,0.05439322267371985,connected,mainstream
358,popular_1_exp_Experiment_1_seed_42,5,0.05925751608061249,connected,mainstream
247,popular_1_exp_Experiment_1_seed_42,5,0.05859969747271344,connected,mainstream
55,popular_1_exp_Experiment_1_seed_42,5,0.015148340918325369,connected,niche
184,popular_1_exp_Experiment_1_seed_42,5,0.05538481094421869,connected,mainstream
129,popular_1_exp_Experiment_1_seed_42,5,0.06398562806096737,connected,mainstream
246,popular_1_exp_Experiment_1_seed_42,5,0.0595683880821109,connected,mainstream
253,popular_1_exp_Experiment_1_seed_42,5,0.06855154061585554,connected,mainstream
249,popular_1_exp_Experiment_1_seed_42,5,0.05158738053568802,connected,mainstream
452,popular_1_exp_Experiment_1_seed_42,5,0.05187117070460694,connected,mainstream
281,popular_1_exp_Experiment_1_seed_42,5,0.05368505126350118,connected,mainstream
237,popular_1_exp_Experiment_1_seed_42,5,0.0668337784002106,connected,mainstream
52,popular_1_exp_Experiment_1_seed_42,5,0.01849898910926285,connected,niche
584,popular_1_exp_Experiment_1_seed_42,5,0.05863506230057094,connected,mainstream
114,popular_1_exp_Experiment_1_seed_42,5,0.05292861977068918,connected,mainstream
581,popular_1_exp_Experiment_1_seed_42,5,0.05656042854081775,connected,mainstream
325,popular_1_exp_Experiment_1_seed_42,5,0.05223450943131746,connected,mainstream
110,popular_1_exp_Experiment_1_seed_42,5,0.050450940573291046,connected,mainstream
343,popular_1_exp_Experiment_1_seed_42,5,0.05713763389448809,connected,mainstream
347,popular_1_exp_Experiment_1_seed_42,5,0.05624087172807818,connected,mainstream
244,popular_1_exp_Experiment_1_seed_42,5,0.057422580305197764,connected,mainstream
196,popular_1_exp_Experiment_1_seed_42,5,0.056237032313673115,connected,mainstream
272,popular_1_exp_Experiment_1_seed_42,5,0.052036025971330425,connected,mainstream
30,popular_1_exp_Experiment_1_seed_42,5,0.01752749017286202,connected,niche
236,popular_1_exp_Experiment_1_seed_42,5,0.052818447384630755,connected,mainstream
583,popular_1_exp_Experiment_1_seed_42,5,0.050331123301294745,connected,mainstream
200,popular_1_exp_Experiment_1_seed_42,5,0.05463595587192235,connected,mainstream
78,popular_1_exp_Experiment_1_seed_42,5,0.05327686313815727,connected,mainstream
530,popular_1_exp_Experiment_1_seed_42,5,0.05970019924807329,connected,mainstream
50,popular_1_exp_Experiment_1_seed_42,5,0.020494944596006374,connected,niche
192,popular_1_exp_Experiment_1_seed_42,5,0.05448404993932852,connected,mainstream
103,popular_1_exp_Experiment_1_seed_42,5,0.0666175080297476,connected,mainstream
43,popular_1_exp_Experiment_1_seed_42,5,0.022458873669817,connected,niche
429,popular_1_exp_Experiment_1_seed_42,5,0.056354257689995385,connected,mainstream
309,popular_1_exp_Experiment_1_seed_42,5,0.051236538957442145,connected,mainstream
534,popular_1_exp_Experiment_1_seed_42,5,0.05681257029134279,connected,mainstream
289,popular_1_exp_Experiment_1_seed_42,5,0.0658497937617629,connected,mainstream
234,popular_1_exp_Experiment_1_seed_42,5,0.05869957369079607,connected,mainstream
212,popular_1_exp_Experiment_1_seed_42,5,0.055866378680719066,connected,mainstream
197,popular_1_exp_Experiment_1_seed_42,5,0.055882856936216196,connected,mainstream
442,popular_1_exp_Experiment_1_seed_42,5,0.05287279824413874,connected,mainstream
463,popular_1_exp_Experiment_1_seed_42,5,0.05840092221625115,connected,mainstream
239,popular_1_exp_Experiment_1_seed_42,5,0.06061472243082222,connected,mainstream
422,popular_1_exp_Experiment_1_seed_42,5,0.06100893724839405,connected,mainstream
271,popular_1_exp_Experiment_1_seed_42,5,0.05597801023955442,connected,mainstream
575,popular_1_exp_Experiment_1_seed_42,5,0.05488175907857799,connected,mainstream
131,popular_1_exp_Experiment_1_seed_42,5,0.052890510273058876,connected,mainstream
576,popular_1_exp_Experiment_1_seed_42,5,0.05274885617874569,connected,mainstream
164,popular_1_exp_Experiment_1_seed_42,5,0.0575426697030316,connected,mainstream
470,popular_1_exp_Experiment_1_seed_42,5,0.06756325998119131,connected,mainstream
218,popular_1_exp_Experiment_1_seed_42,5,0.05251877353238408,connected,mainstream
396,popular_1_exp_Experiment_1_seed_42,5,0.05455647481641269,connected,mainstream
447,popular_1_exp_Experiment_1_seed_42,5,0.06119775439789212,connected,mainstream
324,popular_1_exp_Experiment_1_seed_42,5,0.05021483706122326,connected,mainstream
385,popular_1_exp_Experiment_1_seed_42,5,0.056201204045812976,connected,mainstream
580,popular_1_exp_Experiment_1_seed_42,5,0.05684996717507227,connected,mainstream
215,popular_1_exp_Experiment_1_seed_42,5,0.06399054700685212,connected,mainstream
22,popular_1_exp_Experiment_1_seed_42,5,0.01609999973280744,connected,niche
528,popular_1_exp_Experiment_1_seed_42,5,0.0520403510650447,connected,mainstream
404,popular_1_exp_Experiment_1_seed_42,5,0.06373368931111272,connected,mainstream
99,popular_1_exp_Experiment_1_seed_42,5,0.05075147299250788,connected,mainstream
122,popular_1_exp_Experiment_1_seed_42,5,0.05820021412789517,connected,mainstream
496,popular_1_exp_Experiment_1_seed_42,5,0.06520743697795527,connected,mainstream
538,popular_1_exp_Experiment_1_seed_42,5,0.05638928019974188,connected,mainstream
350,popular_1_exp_Experiment_1_seed_42,5,0.0537754416998207,connected,mainstream
586,popular_1_exp_Experiment_1_seed_42,5,0.055900587534442825,connected,mainstream
116,popular_1_exp_Experiment_1_seed_42,5,0.05161720210194371,connected,mainstream
510,popular_1_exp_Experiment_1_seed_42,5,0.06270129834058065,connected,mainstream
263,popular_1_exp_Experiment_1_seed_42,5,0.056207814109837106,connected,mainstream
512,popular_1_exp_Experiment_1_seed_42,5,0.05757384929499449,connected,mainstream
286,popular_1_exp_Experiment_1_seed_42,5,0.057060674747938155,connected,mainstream
360,popular_1_exp_Experiment_1_seed_42,5,0.05203797953098802,connected,mainstream
565,popular_1_exp_Experiment_1_seed_42,5,0.053024314940379624,connected,mainstream
378,popular_1_exp_Experiment_1_seed_42,5,0.05977110728728938,connected,mainstream
349,popular_1_exp_Experiment_1_seed_42,5,0.06435395535671322,connected,mainstream
417,popular_1_exp_Experiment_1_seed_42,5,0.06745676316573511,connected,mainstream
83,popular_1_exp_Experiment_1_seed_42,5,0.05225482280657584,connected,mainstream
