consumer_id,recommender_id,cycle,satisfaction_score,rec_state,controlled
504,popular_1_exp_Experiment_1_seed_42,1,0.0436096623866064,connected,mainstream
66,popular_1_exp_Experiment_1_seed_42,1,0.04529142810383447,connected,mainstream
192,popular_1_exp_Experiment_1_seed_42,1,0.04819726275658336,connected,mainstream
557,popular_1_exp_Experiment_1_seed_42,1,0.042483682891247675,connected,mainstream
29,popular_1_exp_Experiment_1_seed_42,1,0.012640456005713544,connected,niche
122,popular_1_exp_Experiment_1_seed_42,1,0.044837031619972545,connected,mainstream
88,popular_1_exp_Experiment_1_seed_42,1,0.04454056275681801,connected,mainstream
55,popular_1_exp_Experiment_1_seed_42,1,0.01242126330559695,connected,niche
312,popular_1_exp_Experiment_1_seed_42,1,0.0452818562473117,connected,mainstream
399,popular_1_exp_Experiment_1_seed_42,1,0.044253933608550254,connected,mainstream
531,popular_1_exp_Experiment_1_seed_42,1,0.053657746243042224,connected,mainstream
213,popular_1_exp_Experiment_1_seed_42,1,0.05045142123604173,connected,mainstream
243,popular_1_exp_Experiment_1_seed_42,1,0.045892042697479964,connected,mainstream
544,popular_1_exp_Experiment_1_seed_42,1,0.05413539067875154,connected,mainstream
252,popular_1_exp_Experiment_1_seed_42,1,0.05965969089492732,connected,mainstream
265,popular_1_exp_Experiment_1_seed_42,1,0.06604170887988416,connected,mainstream
374,popular_1_exp_Experiment_1_seed_42,1,0.04785754484643001,connected,mainstream
190,popular_1_exp_Experiment_1_seed_42,1,0.04725127217337818,connected,mainstream
573,popular_1_exp_Experiment_1_seed_42,1,0.056997684620347995,connected,mainstream
367,popular_1_exp_Experiment_1_seed_42,1,0.04848654605104946,connected,mainstream
253,popular_1_exp_Experiment_1_seed_42,1,0.042686095640107925,connected,mainstream
217,popular_1_exp_Experiment_1_seed_42,1,0.04816871386581583,connected,mainstream
515,popular_1_exp_Experiment_1_seed_42,1,0.0498812657436222,connected,mainstream
24,popular_1_exp_Experiment_1_seed_42,1,0.013307616994835883,connected,niche
149,popular_1_exp_Experiment_1_seed_42,1,0.043794486320259,connected,mainstream
28,popular_1_exp_Experiment_1_seed_42,1,0.023740690192202235,connected,niche
260,popular_1_exp_Experiment_1_seed_42,1,0.048255823807101306,connected,mainstream
444,popular_1_exp_Experiment_1_seed_42,1,0.06185079355901247,connected,mainstream
559,popular_1_exp_Experiment_1_seed_42,1,0.04608579729672602,connected,mainstream
350,popular_1_exp_Experiment_1_seed_42,1,0.05004345356560742,connected,mainstream
409,popular_1_exp_Experiment_1_seed_42,1,0.04901369630948706,connected,mainstream
378,popular_1_exp_Experiment_1_seed_42,1,0.04488380091449549,connected,mainstream
570,popular_1_exp_Experiment_1_seed_42,1,0.04744021775476897,connected,mainstream
489,popular_1_exp_Experiment_1_seed_42,1,0.052400119588973317,connected,mainstream
363,popular_1_exp_Experiment_1_seed_42,1,0.045756466279163084,connected,mainstream
200,popular_1_exp_Experiment_1_seed_42,1,0.052026198695472196,connected,mainstream
119,popular_1_exp_Experiment_1_seed_42,1,0.05600834241766487,connected,mainstream
495,popular_1_exp_Experiment_1_seed_42,1,0.050713908993556434,connected,mainstream
498,popular_1_exp_Experiment_1_seed_42,1,0.04501473327890856,connected,mainstream
135,popular_1_exp_Experiment_1_seed_42,1,0.045450249078437595,connected,mainstream
104,popular_1_exp_Experiment_1_seed_42,1,0.05363942824281093,connected,mainstream
449,popular_1_exp_Experiment_1_seed_42,1,0.054895022807537885,connected,mainstream
355,popular_1_exp_Experiment_1_seed_42,1,0.044746296875214704,connected,mainstream
264,popular_1_exp_Experiment_1_seed_42,1,0.04522305828693892,connected,mainstream
69,popular_1_exp_Experiment_1_seed_42,1,0.04757742162620008,connected,mainstream
74,popular_1_exp_Experiment_1_seed_42,1,0.04867932469375433,connected,mainstream
469,popular_1_exp_Experiment_1_seed_42,1,0.046553626545442726,connected,mainstream
438,popular_1_exp_Experiment_1_seed_42,1,0.05421946267373123,connected,mainstream
277,popular_1_exp_Experiment_1_seed_42,1,0.04823611231180922,connected,mainstream
429,popular_1_exp_Experiment_1_seed_42,1,0.044675028313879483,connected,mainstream
589,popular_1_exp_Experiment_1_seed_42,1,0.04829013517252495,connected,mainstream
215,popular_1_exp_Experiment_1_seed_42,1,0.05149048530505101,connected,mainstream
598,popular_1_exp_Experiment_1_seed_42,1,0.04666716748897873,connected,mainstream
107,popular_1_exp_Experiment_1_seed_42,1,0.0460122579636802,connected,mainstream
256,popular_1_exp_Experiment_1_seed_42,1,0.05995863372547402,connected,mainstream
197,popular_1_exp_Experiment_1_seed_42,1,0.04994375192617379,connected,mainstream
465,popular_1_exp_Experiment_1_seed_42,1,0.05551869540268478,connected,mainstream
593,popular_1_exp_Experiment_1_seed_42,1,0.05635031788158824,connected,mainstream
304,popular_1_exp_Experiment_1_seed_42,1,0.06207628333888421,connected,mainstream
428,popular_1_exp_Experiment_1_seed_42,1,0.04495571035768622,connected,mainstream
287,popular_1_exp_Experiment_1_seed_42,1,0.051075453631723076,connected,mainstream
354,popular_1_exp_Experiment_1_seed_42,1,0.04536726862166641,connected,mainstream
519,popular_1_exp_Experiment_1_seed_42,1,0.046522797482885826,connected,mainstream
23,popular_1_exp_Experiment_1_seed_42,1,0.020185719181869687,connected,niche
303,popular_1_exp_Experiment_1_seed_42,1,0.04493443570196176,connected,mainstream
460,popular_1_exp_Experiment_1_seed_42,1,0.04471399890815219,connected,mainstream
392,popular_1_exp_Experiment_1_seed_42,1,0.047897433748370966,connected,mainstream
427,popular_1_exp_Experiment_1_seed_42,1,0.050412710145026185,connected,mainstream
319,popular_1_exp_Experiment_1_seed_42,1,0.05976511611685268,connected,mainstream
420,popular_1_exp_Experiment_1_seed_42,1,0.05475956495845691,connected,mainstream
408,popular_1_exp_Experiment_1_seed_42,1,0.044031189132524455,connected,mainstream
76,popular_1_exp_Experiment_1_seed_42,1,0.0505693059552666,connected,mainstream
398,popular_1_exp_Experiment_1_seed_42,1,0.056940392628263455,connected,mainstream
343,popular_1_exp_Experiment_1_seed_42,1,0.05387944867478661,connected,mainstream
62,popular_1_exp_Experiment_1_seed_42,1,0.05568745294605363,connected,mainstream
259,popular_1_exp_Experiment_1_seed_42,1,0.0446760318390847,connected,mainstream
177,popular_1_exp_Experiment_1_seed_42,1,0.050891364788606064,connected,mainstream
31,popular_1_exp_Experiment_1_seed_42,1,0.011795764713174924,connected,niche
435,popular_1_exp_Experiment_1_seed_42,1,0.05323076267892848,connected,mainstream
224,popular_1_exp_Experiment_1_seed_42,1,0.048280179486515286,connected,mainstream
314,popular_1_exp_Experiment_1_seed_42,1,0.04526093568513299,connected,mainstream
384,popular_1_exp_Experiment_1_seed_42,1,0.047099184430394014,connected,mainstream
575,popular_1_exp_Experiment_1_seed_42,1,0.05094632768766887,connected,mainstream
507,popular_1_exp_Experiment_1_seed_42,1,0.05830035083064659,connected,mainstream
116,popular_1_exp_Experiment_1_seed_42,1,0.043893196004586854,connected,mainstream
453,popular_1_exp_Experiment_1_seed_42,1,0.04733161652736246,connected,mainstream
338,popular_1_exp_Experiment_1_seed_42,1,0.0513565782891246,connected,mainstream
231,popular_1_exp_Experiment_1_seed_42,1,0.05366748766112322,connected,mainstream
505,popular_1_exp_Experiment_1_seed_42,1,0.05261856130153305,connected,mainstream
196,popular_1_exp_Experiment_1_seed_42,1,0.05320965636588481,connected,mainstream
201,popular_1_exp_Experiment_1_seed_42,1,0.04827959607882798,connected,mainstream
60,popular_1_exp_Experiment_1_seed_42,1,0.04465303870469415,connected,mainstream
181,popular_1_exp_Experiment_1_seed_42,1,0.05065104521941858,connected,mainstream
0,popular_1_exp_Experiment_1_seed_42,1,0.014101106107682374,connected,niche
496,popular_1_exp_Experiment_1_seed_42,1,0.04661857852079982,connected,mainstream
236,popular_1_exp_Experiment_1_seed_42,1,0.05806178583453859,connected,mainstream
276,popular_1_exp_Experiment_1_seed_42,1,0.049993967790608794,connected,mainstream
291,popular_1_exp_Experiment_1_seed_42,1,0.048349019748389545,connected,mainstream
191,popular_1_exp_Experiment_1_seed_42,1,0.058039613832750685,connected,mainstream
5,popular_1_exp_Experiment_1_seed_42,1,0.025998515035858875,connected,niche
561,popular_1_exp_Experiment_1_seed_42,1,0.08079042135243573,connected,mainstream
371,popular_1_exp_Experiment_1_seed_42,1,0.04875641312897167,connected,mainstream
269,popular_1_exp_Experiment_1_seed_42,1,0.04217939934895764,connected,mainstream
373,popular_1_exp_Experiment_1_seed_42,1,0.05862166316062884,connected,mainstream
480,popular_1_exp_Experiment_1_seed_42,1,0.04896113739377798,connected,mainstream
485,popular_1_exp_Experiment_1_seed_42,1,0.04280306473132984,connected,mainstream
586,popular_1_exp_Experiment_1_seed_42,1,0.047447708288249596,connected,mainstream
9,popular_1_exp_Experiment_1_seed_42,1,0.012611631429731504,connected,niche
587,popular_1_exp_Experiment_1_seed_42,1,0.04807462528645537,connected,mainstream
207,popular_1_exp_Experiment_1_seed_42,1,0.06429518004851716,connected,mainstream
159,popular_1_exp_Experiment_1_seed_42,1,0.04684427607202524,connected,mainstream
286,popular_1_exp_Experiment_1_seed_42,1,0.05635740798655501,connected,mainstream
175,popular_1_exp_Experiment_1_seed_42,1,0.04289064027558712,connected,mainstream
290,popular_1_exp_Experiment_1_seed_42,1,0.04787390101829416,connected,mainstream
25,popular_1_exp_Experiment_1_seed_42,1,0.01445120717369589,connected,niche
486,popular_1_exp_Experiment_1_seed_42,1,0.048422242126790804,connected,mainstream
262,popular_1_exp_Experiment_1_seed_42,1,0.042066074680914466,connected,mainstream
526,popular_1_exp_Experiment_1_seed_42,1,0.05334933616891572,connected,mainstream
341,popular_1_exp_Experiment_1_seed_42,1,0.05015821758774125,connected,mainstream
302,popular_1_exp_Experiment_1_seed_42,1,0.052814791927178695,connected,mainstream
229,popular_1_exp_Experiment_1_seed_42,1,0.05691118005078172,connected,mainstream
91,popular_1_exp_Experiment_1_seed_42,1,0.049918410105771284,connected,mainstream
182,popular_1_exp_Experiment_1_seed_42,1,0.05836117029775123,connected,mainstream
316,popular_1_exp_Experiment_1_seed_42,1,0.04352250420158361,connected,mainstream
87,popular_1_exp_Experiment_1_seed_42,1,0.05433122212703201,connected,mainstream
464,popular_1_exp_Experiment_1_seed_42,1,0.045017174383658876,connected,mainstream
574,popular_1_exp_Experiment_1_seed_42,1,0.05187675945062078,connected,mainstream
321,popular_1_exp_Experiment_1_seed_42,1,0.050458202062071134,connected,mainstream
521,popular_1_exp_Experiment_1_seed_42,1,0.05106448930319618,connected,mainstream
362,popular_1_exp_Experiment_1_seed_42,1,0.0462908031092479,connected,mainstream
456,popular_1_exp_Experiment_1_seed_42,1,0.04867733975902217,connected,mainstream
56,popular_1_exp_Experiment_1_seed_42,1,0.023947999181311273,connected,niche
288,popular_1_exp_Experiment_1_seed_42,1,0.06084095980565801,connected,mainstream
414,popular_1_exp_Experiment_1_seed_42,1,0.06024737140398523,connected,mainstream
7,popular_1_exp_Experiment_1_seed_42,1,0.016123721778957826,connected,niche
157,popular_1_exp_Experiment_1_seed_42,1,0.045310944591633484,connected,mainstream
539,popular_1_exp_Experiment_1_seed_42,1,0.047146424511476194,connected,mainstream
94,popular_1_exp_Experiment_1_seed_42,1,0.04646631377495517,connected,mainstream
16,popular_1_exp_Experiment_1_seed_42,1,0.010671846012917255,connected,niche
405,popular_1_exp_Experiment_1_seed_42,1,0.04630501528923165,connected,mainstream
430,popular_1_exp_Experiment_1_seed_42,1,0.06955678873281589,connected,mainstream
482,popular_1_exp_Experiment_1_seed_42,1,0.047736298155339196,connected,mainstream
451,popular_1_exp_Experiment_1_seed_42,1,0.045290963395311835,connected,mainstream
401,popular_1_exp_Experiment_1_seed_42,1,0.04538094455321623,connected,mainstream
579,popular_1_exp_Experiment_1_seed_42,1,0.05078773916964454,connected,mainstream
205,popular_1_exp_Experiment_1_seed_42,1,0.05690576404096536,connected,mainstream
513,popular_1_exp_Experiment_1_seed_42,1,0.06009484860825932,connected,mainstream
166,popular_1_exp_Experiment_1_seed_42,1,0.05160344823834431,connected,mainstream
512,popular_1_exp_Experiment_1_seed_42,1,0.047464243608828144,connected,mainstream
582,popular_1_exp_Experiment_1_seed_42,1,0.062491886801922934,connected,mainstream
257,popular_1_exp_Experiment_1_seed_42,1,0.04713783204984107,connected,mainstream
187,popular_1_exp_Experiment_1_seed_42,1,0.04533453505401717,connected,mainstream
93,popular_1_exp_Experiment_1_seed_42,1,0.045209728608938425,connected,mainstream
357,popular_1_exp_Experiment_1_seed_42,1,0.047620343347522326,connected,mainstream
65,popular_1_exp_Experiment_1_seed_42,1,0.06039404383971963,connected,mainstream
383,popular_1_exp_Experiment_1_seed_42,1,0.046005785037125456,connected,mainstream
572,popular_1_exp_Experiment_1_seed_42,1,0.05680711522290743,connected,mainstream
306,popular_1_exp_Experiment_1_seed_42,1,0.0529852545491008,connected,mainstream
238,popular_1_exp_Experiment_1_seed_42,1,0.05259406473855171,connected,mainstream
387,popular_1_exp_Experiment_1_seed_42,1,0.0456383520679306,connected,mainstream
548,popular_1_exp_Experiment_1_seed_42,1,0.04958983910770629,connected,mainstream
206,popular_1_exp_Experiment_1_seed_42,1,0.0486336005046738,connected,mainstream
517,popular_1_exp_Experiment_1_seed_42,1,0.06450566657650351,connected,mainstream
40,popular_1_exp_Experiment_1_seed_42,1,0.017170660120385196,connected,niche
436,popular_1_exp_Experiment_1_seed_42,1,0.053252338143446765,connected,mainstream
272,popular_1_exp_Experiment_1_seed_42,1,0.04710276300334043,connected,mainstream
195,popular_1_exp_Experiment_1_seed_42,1,0.04570171172750431,connected,mainstream
554,popular_1_exp_Experiment_1_seed_42,1,0.04529075893633886,connected,mainstream
152,popular_1_exp_Experiment_1_seed_42,1,0.051497309275087055,connected,mainstream
577,popular_1_exp_Experiment_1_seed_42,1,0.04825057851496317,connected,mainstream
439,popular_1_exp_Experiment_1_seed_42,1,0.05652710300964422,connected,mainstream
145,popular_1_exp_Experiment_1_seed_42,1,0.05242344197807943,connected,mainstream
57,popular_1_exp_Experiment_1_seed_42,1,0.020535079773577495,connected,niche
369,popular_1_exp_Experiment_1_seed_42,1,0.04708106549901697,connected,mainstream
142,popular_1_exp_Experiment_1_seed_42,1,0.047816126774580324,connected,mainstream
96,popular_1_exp_Experiment_1_seed_42,1,0.046996377605553884,connected,mainstream
353,popular_1_exp_Experiment_1_seed_42,1,0.04740501490727169,connected,mainstream
292,popular_1_exp_Experiment_1_seed_42,1,0.051391638894416704,connected,mainstream
168,popular_1_exp_Experiment_1_seed_42,1,0.051546183241584664,connected,mainstream
218,popular_1_exp_Experiment_1_seed_42,1,0.043709679979592436,connected,mainstream
419,popular_1_exp_Experiment_1_seed_42,1,0.04538109804240322,connected,mainstream
317,popular_1_exp_Experiment_1_seed_42,1,0.04960659782734126,connected,mainstream
150,popular_1_exp_Experiment_1_seed_42,1,0.049505837548591246,connected,mainstream
123,popular_1_exp_Experiment_1_seed_42,1,0.05157325455397418,connected,mainstream
364,popular_1_exp_Experiment_1_seed_42,1,0.04485401113623522,connected,mainstream
382,popular_1_exp_Experiment_1_seed_42,1,0.04540407503385042,connected,mainstream
114,popular_1_exp_Experiment_1_seed_42,1,0.04558443175677673,connected,mainstream
549,popular_1_exp_Experiment_1_seed_42,1,0.0567317893956448,connected,mainstream
148,popular_1_exp_Experiment_1_seed_42,1,0.049649406853897654,connected,mainstream
305,popular_1_exp_Experiment_1_seed_42,1,0.051628531477677965,connected,mainstream
370,popular_1_exp_Experiment_1_seed_42,1,0.045281698929498626,connected,mainstream
550,popular_1_exp_Experiment_1_seed_42,1,0.0451467247154275,connected,mainstream
110,popular_1_exp_Experiment_1_seed_42,1,0.0489426823013518,connected,mainstream
63,popular_1_exp_Experiment_1_seed_42,1,0.05647058855068121,connected,mainstream
492,popular_1_exp_Experiment_1_seed_42,1,0.047085965480010795,connected,mainstream
553,popular_1_exp_Experiment_1_seed_42,1,0.053173708502663806,connected,mainstream
47,popular_1_exp_Experiment_1_seed_42,1,0.012957469464447466,connected,niche
330,popular_1_exp_Experiment_1_seed_42,1,0.04452169527577691,connected,mainstream
176,popular_1_exp_Experiment_1_seed_42,1,0.04583523847575457,connected,mainstream
356,popular_1_exp_Experiment_1_seed_42,1,0.047732102508287765,connected,mainstream
407,popular_1_exp_Experiment_1_seed_42,1,0.045667745815284676,connected,mainstream
394,popular_1_exp_Experiment_1_seed_42,1,0.05488744262843589,connected,mainstream
458,popular_1_exp_Experiment_1_seed_42,1,0.04819180544856403,connected,mainstream
22,popular_1_exp_Experiment_1_seed_42,1,0.03024324571526241,connected,niche
395,popular_1_exp_Experiment_1_seed_42,1,0.05035675058873255,connected,mainstream
239,popular_1_exp_Experiment_1_seed_42,1,0.043644618258507406,connected,mainstream
234,popular_1_exp_Experiment_1_seed_42,1,0.0534024164630896,connected,mainstream
53,popular_1_exp_Experiment_1_seed_42,1,0.018487424385275408,connected,niche
98,popular_1_exp_Experiment_1_seed_42,1,0.04652567080069778,connected,mainstream
232,popular_1_exp_Experiment_1_seed_42,1,0.044489722328708826,connected,mainstream
178,popular_1_exp_Experiment_1_seed_42,1,0.046574963794692205,connected,mainstream
162,popular_1_exp_Experiment_1_seed_42,1,0.047929678693823315,connected,mainstream
479,popular_1_exp_Experiment_1_seed_42,1,0.04902264683021035,connected,mainstream
385,popular_1_exp_Experiment_1_seed_42,1,0.04855914093464699,connected,mainstream
462,popular_1_exp_Experiment_1_seed_42,1,0.04103629944071963,connected,mainstream
328,popular_1_exp_Experiment_1_seed_42,1,0.04549565557698357,connected,mainstream
506,popular_1_exp_Experiment_1_seed_42,1,0.04623472836832073,connected,mainstream
299,popular_1_exp_Experiment_1_seed_42,1,0.05078042485663984,connected,mainstream
167,popular_1_exp_Experiment_1_seed_42,1,0.04966144236629463,connected,mainstream
386,popular_1_exp_Experiment_1_seed_42,1,0.043761290783406105,connected,mainstream
522,popular_1_exp_Experiment_1_seed_42,1,0.04934661062404346,connected,mainstream
26,popular_1_exp_Experiment_1_seed_42,1,0.01957204276653537,connected,niche
183,popular_1_exp_Experiment_1_seed_42,1,0.04419267570461601,connected,mainstream
320,popular_1_exp_Experiment_1_seed_42,1,0.06139201503838116,connected,mainstream
172,popular_1_exp_Experiment_1_seed_42,1,0.06076899721815431,connected,mainstream
103,popular_1_exp_Experiment_1_seed_42,1,0.045569186628484755,connected,mainstream
203,popular_1_exp_Experiment_1_seed_42,1,0.047476904619695524,connected,mainstream
333,popular_1_exp_Experiment_1_seed_42,1,0.05562681254451365,connected,mainstream
347,popular_1_exp_Experiment_1_seed_42,1,0.04647428397396971,connected,mainstream
249,popular_1_exp_Experiment_1_seed_42,1,0.05667983968562118,connected,mainstream
274,popular_1_exp_Experiment_1_seed_42,1,0.06415172365252614,connected,mainstream
14,popular_1_exp_Experiment_1_seed_42,1,0.014959002109299952,connected,niche
300,popular_1_exp_Experiment_1_seed_42,1,0.04514722430012726,connected,mainstream
223,popular_1_exp_Experiment_1_seed_42,1,0.049147200411074565,connected,mainstream
502,popular_1_exp_Experiment_1_seed_42,1,0.04660909984100364,connected,mainstream
193,popular_1_exp_Experiment_1_seed_42,1,0.05661489636997378,connected,mainstream
285,popular_1_exp_Experiment_1_seed_42,1,0.05073227855274063,connected,mainstream
404,popular_1_exp_Experiment_1_seed_42,1,0.04912357310710108,connected,mainstream
533,popular_1_exp_Experiment_1_seed_42,1,0.04348598316792715,connected,mainstream
112,popular_1_exp_Experiment_1_seed_42,1,0.04502008316506453,connected,mainstream
284,popular_1_exp_Experiment_1_seed_42,1,0.05315748554933481,connected,mainstream
108,popular_1_exp_Experiment_1_seed_42,1,0.048042792015304696,connected,mainstream
345,popular_1_exp_Experiment_1_seed_42,1,0.046715405987350855,connected,mainstream
415,popular_1_exp_Experiment_1_seed_42,1,0.049599153406585515,connected,mainstream
220,popular_1_exp_Experiment_1_seed_42,1,0.043519613894784794,connected,mainstream
366,popular_1_exp_Experiment_1_seed_42,1,0.045771963884433366,connected,mainstream
222,popular_1_exp_Experiment_1_seed_42,1,0.04618954577244758,connected,mainstream
139,popular_1_exp_Experiment_1_seed_42,1,0.054079481433033934,connected,mainstream
463,popular_1_exp_Experiment_1_seed_42,1,0.04568023333922932,connected,mainstream
41,popular_1_exp_Experiment_1_seed_42,1,0.015547493926959277,connected,niche
83,popular_1_exp_Experiment_1_seed_42,1,0.044088438751572624,connected,mainstream
590,popular_1_exp_Experiment_1_seed_42,1,0.04513645491629186,connected,mainstream
470,popular_1_exp_Experiment_1_seed_42,1,0.04560990853041496,connected,mainstream
268,popular_1_exp_Experiment_1_seed_42,1,0.05071193912290849,connected,mainstream
530,popular_1_exp_Experiment_1_seed_42,1,0.0453288470522454,connected,mainstream
180,popular_1_exp_Experiment_1_seed_42,1,0.04869428060194656,connected,mainstream
468,popular_1_exp_Experiment_1_seed_42,1,0.04475142231499557,connected,mainstream
77,popular_1_exp_Experiment_1_seed_42,1,0.046306391213622206,connected,mainstream
563,popular_1_exp_Experiment_1_seed_42,1,0.04827581247715518,connected,mainstream
588,popular_1_exp_Experiment_1_seed_42,1,0.049103146300990434,connected,mainstream
454,popular_1_exp_Experiment_1_seed_42,1,0.049734843212588094,connected,mainstream
295,popular_1_exp_Experiment_1_seed_42,1,0.05008872363855519,connected,mainstream
478,popular_1_exp_Experiment_1_seed_42,1,0.05295803039217137,connected,mainstream
565,popular_1_exp_Experiment_1_seed_42,1,0.04479234603098197,connected,mainstream
144,popular_1_exp_Experiment_1_seed_42,1,0.042827617140023894,connected,mainstream
581,popular_1_exp_Experiment_1_seed_42,1,0.0468152340701782,connected,mainstream
39,popular_1_exp_Experiment_1_seed_42,1,0.013485017919964102,connected,niche
510,popular_1_exp_Experiment_1_seed_42,1,0.05904581041636165,connected,mainstream
431,popular_1_exp_Experiment_1_seed_42,1,0.04566584495660922,connected,mainstream
71,popular_1_exp_Experiment_1_seed_42,1,0.041670776238719544,connected,mainstream
99,popular_1_exp_Experiment_1_seed_42,1,0.054119671876647985,connected,mainstream
584,popular_1_exp_Experiment_1_seed_42,1,0.05441075799177498,connected,mainstream
42,popular_1_exp_Experiment_1_seed_42,1,0.017084930509113593,connected,niche
538,popular_1_exp_Experiment_1_seed_42,1,0.04380726519457304,connected,mainstream
592,popular_1_exp_Experiment_1_seed_42,1,0.050511236519097134,connected,mainstream
117,popular_1_exp_Experiment_1_seed_42,1,0.042274946338757426,connected,mainstream
151,popular_1_exp_Experiment_1_seed_42,1,0.046226853662955175,connected,mainstream
3,popular_1_exp_Experiment_1_seed_42,1,0.015708817768491885,connected,niche
433,popular_1_exp_Experiment_1_seed_42,1,0.05126723581765639,connected,mainstream
237,popular_1_exp_Experiment_1_seed_42,1,0.045076655081508155,connected,mainstream
580,popular_1_exp_Experiment_1_seed_42,1,0.05858591361823543,connected,mainstream
555,popular_1_exp_Experiment_1_seed_42,1,0.049670609708284325,connected,mainstream
511,popular_1_exp_Experiment_1_seed_42,1,0.04524788226046014,connected,mainstream
171,popular_1_exp_Experiment_1_seed_42,1,0.049752101278585315,connected,mainstream
30,popular_1_exp_Experiment_1_seed_42,1,0.016288948452862745,connected,niche
46,popular_1_exp_Experiment_1_seed_42,1,0.01690025280223884,connected,niche
227,popular_1_exp_Experiment_1_seed_42,1,0.03998187473801173,connected,mainstream
459,popular_1_exp_Experiment_1_seed_42,1,0.04894115418264564,connected,mainstream
534,popular_1_exp_Experiment_1_seed_42,1,0.04859039723942805,connected,mainstream
293,popular_1_exp_Experiment_1_seed_42,1,0.058625531467316784,connected,mainstream
520,popular_1_exp_Experiment_1_seed_42,1,0.0426853813560587,connected,mainstream
494,popular_1_exp_Experiment_1_seed_42,1,0.05106557930316267,connected,mainstream
379,popular_1_exp_Experiment_1_seed_42,1,0.04842354550035282,connected,mainstream
282,popular_1_exp_Experiment_1_seed_42,1,0.04410209053662258,connected,mainstream
240,popular_1_exp_Experiment_1_seed_42,1,0.050274625575435265,connected,mainstream
323,popular_1_exp_Experiment_1_seed_42,1,0.04834786100871974,connected,mainstream
120,popular_1_exp_Experiment_1_seed_42,1,0.046256371528042926,connected,mainstream
51,popular_1_exp_Experiment_1_seed_42,1,0.028505052718344425,connected,niche
298,popular_1_exp_Experiment_1_seed_42,1,0.05238610153369729,connected,mainstream
59,popular_1_exp_Experiment_1_seed_42,1,0.012624693889649508,connected,niche
442,popular_1_exp_Experiment_1_seed_42,1,0.04680951775370049,connected,mainstream
281,popular_1_exp_Experiment_1_seed_42,1,0.05021496640286408,connected,mainstream
597,popular_1_exp_Experiment_1_seed_42,1,0.05504530860740419,connected,mainstream
244,popular_1_exp_Experiment_1_seed_42,1,0.04695578430379197,connected,mainstream
179,popular_1_exp_Experiment_1_seed_42,1,0.05432832527798671,connected,mainstream
81,popular_1_exp_Experiment_1_seed_42,1,0.045206277867721766,connected,mainstream
219,popular_1_exp_Experiment_1_seed_42,1,0.04623044166227653,connected,mainstream
204,popular_1_exp_Experiment_1_seed_42,1,0.04491441463059368,connected,mainstream
556,popular_1_exp_Experiment_1_seed_42,1,0.052721401902654154,connected,mainstream
126,popular_1_exp_Experiment_1_seed_42,1,0.04922145262333782,connected,mainstream
576,popular_1_exp_Experiment_1_seed_42,1,0.047626842546011815,connected,mainstream
416,popular_1_exp_Experiment_1_seed_42,1,0.047477774355648365,connected,mainstream
132,popular_1_exp_Experiment_1_seed_42,1,0.06048289666045942,connected,mainstream
32,popular_1_exp_Experiment_1_seed_42,1,0.011576701864013328,connected,niche
594,popular_1_exp_Experiment_1_seed_42,1,0.051161723030849725,connected,mainstream
79,popular_1_exp_Experiment_1_seed_42,1,0.05029529630288838,connected,mainstream
1,popular_1_exp_Experiment_1_seed_42,1,0.032793602503580856,connected,niche
484,popular_1_exp_Experiment_1_seed_42,1,0.04878725043500007,connected,mainstream
585,popular_1_exp_Experiment_1_seed_42,1,0.054465001902001965,connected,mainstream
143,popular_1_exp_Experiment_1_seed_42,1,0.04733505238449426,connected,mainstream
473,popular_1_exp_Experiment_1_seed_42,1,0.044459090576743715,connected,mainstream
141,popular_1_exp_Experiment_1_seed_42,1,0.06186920592371079,connected,mainstream
326,popular_1_exp_Experiment_1_seed_42,1,0.041369407472269054,connected,mainstream
61,popular_1_exp_Experiment_1_seed_42,1,0.04863443245956107,connected,mainstream
432,popular_1_exp_Experiment_1_seed_42,1,0.054058392970915185,connected,mainstream
199,popular_1_exp_Experiment_1_seed_42,1,0.058942536430756864,connected,mainstream
452,popular_1_exp_Experiment_1_seed_42,1,0.049059636778959935,connected,mainstream
471,popular_1_exp_Experiment_1_seed_42,1,0.046775897449188836,connected,mainstream
105,popular_1_exp_Experiment_1_seed_42,1,0.04683716900578284,connected,mainstream
146,popular_1_exp_Experiment_1_seed_42,1,0.04986505132359561,connected,mainstream
578,popular_1_exp_Experiment_1_seed_42,1,0.04575232693043981,connected,mainstream
410,popular_1_exp_Experiment_1_seed_42,1,0.04991310255611761,connected,mainstream
221,popular_1_exp_Experiment_1_seed_42,1,0.04776267405618806,connected,mainstream
297,popular_1_exp_Experiment_1_seed_42,1,0.0504536198885352,connected,mainstream
210,popular_1_exp_Experiment_1_seed_42,1,0.04424282104650976,connected,mainstream
15,popular_1_exp_Experiment_1_seed_42,1,0.021499251072002536,connected,niche
254,popular_1_exp_Experiment_1_seed_42,1,0.04662927702529233,connected,mainstream
402,popular_1_exp_Experiment_1_seed_42,1,0.04748404856349059,connected,mainstream
457,popular_1_exp_Experiment_1_seed_42,1,0.06499194728798367,connected,mainstream
334,popular_1_exp_Experiment_1_seed_42,1,0.05567067720863537,connected,mainstream
524,popular_1_exp_Experiment_1_seed_42,1,0.05004392477449834,connected,mainstream
472,popular_1_exp_Experiment_1_seed_42,1,0.04513984137735158,connected,mainstream
336,popular_1_exp_Experiment_1_seed_42,1,0.04452759762108066,connected,mainstream
527,popular_1_exp_Experiment_1_seed_42,1,0.04751788233182339,connected,mainstream
283,popular_1_exp_Experiment_1_seed_42,1,0.05211672307578946,connected,mainstream
52,popular_1_exp_Experiment_1_seed_42,1,0.016854023995009574,connected,niche
461,popular_1_exp_Experiment_1_seed_42,1,0.056444960602266524,connected,mainstream
12,popular_1_exp_Experiment_1_seed_42,1,0.023019139708504503,connected,niche
514,popular_1_exp_Experiment_1_seed_42,1,0.045497396313265964,connected,mainstream
54,popular_1_exp_Experiment_1_seed_42,1,0.014799672811463951,connected,niche
393,popular_1_exp_Experiment_1_seed_42,1,0.043658119090717894,connected,mainstream
437,popular_1_exp_Experiment_1_seed_42,1,0.052322886059390485,connected,mainstream
216,popular_1_exp_Experiment_1_seed_42,1,0.04727223301272478,connected,mainstream
488,popular_1_exp_Experiment_1_seed_42,1,0.055753052654754186,connected,mainstream
309,popular_1_exp_Experiment_1_seed_42,1,0.04513183347623015,connected,mainstream
547,popular_1_exp_Experiment_1_seed_42,1,0.042570547758710005,connected,mainstream
552,popular_1_exp_Experiment_1_seed_42,1,0.05596791199034242,connected,mainstream
21,popular_1_exp_Experiment_1_seed_42,1,0.02544113460940889,connected,niche
278,popular_1_exp_Experiment_1_seed_42,1,0.04760846920551177,connected,mainstream
375,popular_1_exp_Experiment_1_seed_42,1,0.04786218461995411,connected,mainstream
455,popular_1_exp_Experiment_1_seed_42,1,0.05496799746723676,connected,mainstream
34,popular_1_exp_Experiment_1_seed_42,1,0.014677138591426905,connected,niche
11,popular_1_exp_Experiment_1_seed_42,1,0.019172146760605597,connected,niche
136,popular_1_exp_Experiment_1_seed_42,1,0.049639624567616,connected,mainstream
147,popular_1_exp_Experiment_1_seed_42,1,0.049536363169853576,connected,mainstream
49,popular_1_exp_Experiment_1_seed_42,1,0.011105660284624152,connected,niche
508,popular_1_exp_Experiment_1_seed_42,1,0.049130462307724755,connected,mainstream
595,popular_1_exp_Experiment_1_seed_42,1,0.0531607508047772,connected,mainstream
296,popular_1_exp_Experiment_1_seed_42,1,0.0517779604490895,connected,mainstream
4,popular_1_exp_Experiment_1_seed_42,1,0.01563963199699566,connected,niche
165,popular_1_exp_Experiment_1_seed_42,1,0.057944044474003274,connected,mainstream
397,popular_1_exp_Experiment_1_seed_42,1,0.050973105641600756,connected,mainstream
169,popular_1_exp_Experiment_1_seed_42,1,0.05441346239058104,connected,mainstream
446,popular_1_exp_Experiment_1_seed_42,1,0.0517151058402698,connected,mainstream
518,popular_1_exp_Experiment_1_seed_42,1,0.0528948753459279,connected,mainstream
499,popular_1_exp_Experiment_1_seed_42,1,0.04656679548608045,connected,mainstream
509,popular_1_exp_Experiment_1_seed_42,1,0.0513287711880352,connected,mainstream
44,popular_1_exp_Experiment_1_seed_42,1,0.037995695058786465,connected,niche
248,popular_1_exp_Experiment_1_seed_42,1,0.0567100680533849,connected,mainstream
376,popular_1_exp_Experiment_1_seed_42,1,0.04474183824373231,connected,mainstream
133,popular_1_exp_Experiment_1_seed_42,1,0.06322942636323609,connected,mainstream
569,popular_1_exp_Experiment_1_seed_42,1,0.057581844536713424,connected,mainstream
560,popular_1_exp_Experiment_1_seed_42,1,0.043881418793724945,connected,mainstream
466,popular_1_exp_Experiment_1_seed_42,1,0.04620741291157924,connected,mainstream
348,popular_1_exp_Experiment_1_seed_42,1,0.04355633787309924,connected,mainstream
101,popular_1_exp_Experiment_1_seed_42,1,0.04486116741154834,connected,mainstream
64,popular_1_exp_Experiment_1_seed_42,1,0.04603401036810664,connected,mainstream
360,popular_1_exp_Experiment_1_seed_42,1,0.04262852750857179,connected,mainstream
189,popular_1_exp_Experiment_1_seed_42,1,0.05091012730197476,connected,mainstream
78,popular_1_exp_Experiment_1_seed_42,1,0.04913529208176721,connected,mainstream
118,popular_1_exp_Experiment_1_seed_42,1,0.04333069474222937,connected,mainstream
380,popular_1_exp_Experiment_1_seed_42,1,0.04776473691897249,connected,mainstream
131,popular_1_exp_Experiment_1_seed_42,1,0.04371879136372275,connected,mainstream
188,popular_1_exp_Experiment_1_seed_42,1,0.04696362751375269,connected,mainstream
186,popular_1_exp_Experiment_1_seed_42,1,0.04726939124253283,connected,mainstream
441,popular_1_exp_Experiment_1_seed_42,1,0.052936054772661174,connected,mainstream
422,popular_1_exp_Experiment_1_seed_42,1,0.0446155947143439,connected,mainstream
233,popular_1_exp_Experiment_1_seed_42,1,0.0480152686212535,connected,mainstream
445,popular_1_exp_Experiment_1_seed_42,1,0.04648150253574488,connected,mainstream
400,popular_1_exp_Experiment_1_seed_42,1,0.0497406239557513,connected,mainstream
154,popular_1_exp_Experiment_1_seed_42,1,0.058688994433970375,connected,mainstream
50,popular_1_exp_Experiment_1_seed_42,1,0.015674662718163705,connected,niche
73,popular_1_exp_Experiment_1_seed_42,1,0.05516082702628095,connected,mainstream
156,popular_1_exp_Experiment_1_seed_42,1,0.04420863237500422,connected,mainstream
425,popular_1_exp_Experiment_1_seed_42,1,0.043989424017946276,connected,mainstream
308,popular_1_exp_Experiment_1_seed_42,1,0.07136790921227863,connected,mainstream
447,popular_1_exp_Experiment_1_seed_42,1,0.04817045712757681,connected,mainstream
423,popular_1_exp_Experiment_1_seed_42,1,0.04365729699819074,connected,mainstream
263,popular_1_exp_Experiment_1_seed_42,1,0.05523700542308605,connected,mainstream
324,popular_1_exp_Experiment_1_seed_42,1,0.04433914502518901,connected,mainstream
92,popular_1_exp_Experiment_1_seed_42,1,0.04749092207281888,connected,mainstream
413,popular_1_exp_Experiment_1_seed_42,1,0.05033944215852876,connected,mainstream
543,popular_1_exp_Experiment_1_seed_42,1,0.05283462337536787,connected,mainstream
38,popular_1_exp_Experiment_1_seed_42,1,0.0393816027017432,connected,niche
535,popular_1_exp_Experiment_1_seed_42,1,0.050366094317882325,connected,mainstream
411,popular_1_exp_Experiment_1_seed_42,1,0.040116858936436024,connected,mainstream
275,popular_1_exp_Experiment_1_seed_42,1,0.05104557229671278,connected,mainstream
501,popular_1_exp_Experiment_1_seed_42,1,0.045991558133133714,connected,mainstream
271,popular_1_exp_Experiment_1_seed_42,1,0.05098981021526738,connected,mainstream
368,popular_1_exp_Experiment_1_seed_42,1,0.04529336434600858,connected,mainstream
89,popular_1_exp_Experiment_1_seed_42,1,0.0458707162651796,connected,mainstream
358,popular_1_exp_Experiment_1_seed_42,1,0.04817309093516326,connected,mainstream
273,popular_1_exp_Experiment_1_seed_42,1,0.05037101565706668,connected,mainstream
346,popular_1_exp_Experiment_1_seed_42,1,0.04917870266614426,connected,mainstream
339,popular_1_exp_Experiment_1_seed_42,1,0.049729946587109046,connected,mainstream
106,popular_1_exp_Experiment_1_seed_42,1,0.044809693995987554,connected,mainstream
529,popular_1_exp_Experiment_1_seed_42,1,0.05167188639803038,connected,mainstream
100,popular_1_exp_Experiment_1_seed_42,1,0.05423510313836714,connected,mainstream
497,popular_1_exp_Experiment_1_seed_42,1,0.05054340938617846,connected,mainstream
67,popular_1_exp_Experiment_1_seed_42,1,0.05798573851699055,connected,mainstream
2,popular_1_exp_Experiment_1_seed_42,1,0.011482069033649811,connected,niche
185,popular_1_exp_Experiment_1_seed_42,1,0.04585047917353238,connected,mainstream
315,popular_1_exp_Experiment_1_seed_42,1,0.043106154366737315,connected,mainstream
377,popular_1_exp_Experiment_1_seed_42,1,0.04368120430263255,connected,mainstream
503,popular_1_exp_Experiment_1_seed_42,1,0.05036300799067948,connected,mainstream
247,popular_1_exp_Experiment_1_seed_42,1,0.05131771883356414,connected,mainstream
448,popular_1_exp_Experiment_1_seed_42,1,0.04534588920111509,connected,mainstream
313,popular_1_exp_Experiment_1_seed_42,1,0.06326739761827814,connected,mainstream
279,popular_1_exp_Experiment_1_seed_42,1,0.04547674254231088,connected,mainstream
202,popular_1_exp_Experiment_1_seed_42,1,0.05101451014476235,connected,mainstream
337,popular_1_exp_Experiment_1_seed_42,1,0.05868376910897871,connected,mainstream
280,popular_1_exp_Experiment_1_seed_42,1,0.055303394975615865,connected,mainstream
426,popular_1_exp_Experiment_1_seed_42,1,0.05067827574183422,connected,mainstream
228,popular_1_exp_Experiment_1_seed_42,1,0.05346974493191874,connected,mainstream
474,popular_1_exp_Experiment_1_seed_42,1,0.04850351302459677,connected,mainstream
209,popular_1_exp_Experiment_1_seed_42,1,0.05521905130954285,connected,mainstream
523,popular_1_exp_Experiment_1_seed_42,1,0.062367639075984804,connected,mainstream
138,popular_1_exp_Experiment_1_seed_42,1,0.05024803845995147,connected,mainstream
421,popular_1_exp_Experiment_1_seed_42,1,0.04826999606412948,connected,mainstream
536,popular_1_exp_Experiment_1_seed_42,1,0.06190997629520075,connected,mainstream
68,popular_1_exp_Experiment_1_seed_42,1,0.048239085456431,connected,mainstream
381,popular_1_exp_Experiment_1_seed_42,1,0.04784971398496645,connected,mainstream
163,popular_1_exp_Experiment_1_seed_42,1,0.05434478065384476,connected,mainstream
245,popular_1_exp_Experiment_1_seed_42,1,0.04938788646971662,connected,mainstream
359,popular_1_exp_Experiment_1_seed_42,1,0.047585655187989434,connected,mainstream
566,popular_1_exp_Experiment_1_seed_42,1,0.046573759984162015,connected,mainstream
289,popular_1_exp_Experiment_1_seed_42,1,0.047262514055166016,connected,mainstream
327,popular_1_exp_Experiment_1_seed_42,1,0.04449519081062863,connected,mainstream
351,popular_1_exp_Experiment_1_seed_42,1,0.048060820830673,connected,mainstream
493,popular_1_exp_Experiment_1_seed_42,1,0.048393208406523114,connected,mainstream
546,popular_1_exp_Experiment_1_seed_42,1,0.0543978295191884,connected,mainstream
388,popular_1_exp_Experiment_1_seed_42,1,0.049838976629132,connected,mainstream
583,popular_1_exp_Experiment_1_seed_42,1,0.04288200283918451,connected,mainstream
130,popular_1_exp_Experiment_1_seed_42,1,0.0506563428743399,connected,mainstream
161,popular_1_exp_Experiment_1_seed_42,1,0.05875664454717658,connected,mainstream
564,popular_1_exp_Experiment_1_seed_42,1,0.04785463490067434,connected,mainstream
389,popular_1_exp_Experiment_1_seed_42,1,0.06181597378367391,connected,mainstream
153,popular_1_exp_Experiment_1_seed_42,1,0.04517008590721814,connected,mainstream
95,popular_1_exp_Experiment_1_seed_42,1,0.04574496142092671,connected,mainstream
540,popular_1_exp_Experiment_1_seed_42,1,0.05185648075610849,connected,mainstream
255,popular_1_exp_Experiment_1_seed_42,1,0.05021270138720251,connected,mainstream
82,popular_1_exp_Experiment_1_seed_42,1,0.052615048073386676,connected,mainstream
481,popular_1_exp_Experiment_1_seed_42,1,0.045731363297507134,connected,mainstream
125,popular_1_exp_Experiment_1_seed_42,1,0.06654823208123405,connected,mainstream
37,popular_1_exp_Experiment_1_seed_42,1,0.017880105515989207,connected,niche
17,popular_1_exp_Experiment_1_seed_42,1,0.02157539029196966,connected,niche
335,popular_1_exp_Experiment_1_seed_42,1,0.04744416807522416,connected,mainstream
545,popular_1_exp_Experiment_1_seed_42,1,0.050674181332459496,connected,mainstream
18,popular_1_exp_Experiment_1_seed_42,1,0.020381974569488096,connected,niche
214,popular_1_exp_Experiment_1_seed_42,1,0.04486987714123822,connected,mainstream
443,popular_1_exp_Experiment_1_seed_42,1,0.0439179022251396,connected,mainstream
332,popular_1_exp_Experiment_1_seed_42,1,0.05207307814530038,connected,mainstream
558,popular_1_exp_Experiment_1_seed_42,1,0.04944396265464902,connected,mainstream
35,popular_1_exp_Experiment_1_seed_42,1,0.011264759533683484,connected,niche
246,popular_1_exp_Experiment_1_seed_42,1,0.048044046197834346,connected,mainstream
390,popular_1_exp_Experiment_1_seed_42,1,0.04239186833027019,connected,mainstream
33,popular_1_exp_Experiment_1_seed_42,1,0.02232479953584536,connected,niche
516,popular_1_exp_Experiment_1_seed_42,1,0.05070080951604892,connected,mainstream
568,popular_1_exp_Experiment_1_seed_42,1,0.050750223575822616,connected,mainstream
424,popular_1_exp_Experiment_1_seed_42,1,0.042004039401398297,connected,mainstream
198,popular_1_exp_Experiment_1_seed_42,1,0.05238345027199507,connected,mainstream
599,popular_1_exp_Experiment_1_seed_42,1,0.055028658558583826,connected,mainstream
491,popular_1_exp_Experiment_1_seed_42,1,0.05615371124268165,connected,mainstream
270,popular_1_exp_Experiment_1_seed_42,1,0.052426875538286594,connected,mainstream
294,popular_1_exp_Experiment_1_seed_42,1,0.04344762941472934,connected,mainstream
241,popular_1_exp_Experiment_1_seed_42,1,0.05515863429370018,connected,mainstream
412,popular_1_exp_Experiment_1_seed_42,1,0.05247969162123945,connected,mainstream
331,popular_1_exp_Experiment_1_seed_42,1,0.047750793045358536,connected,mainstream
340,popular_1_exp_Experiment_1_seed_42,1,0.048737457238990124,connected,mainstream
212,popular_1_exp_Experiment_1_seed_42,1,0.04796065860683684,connected,mainstream
134,popular_1_exp_Experiment_1_seed_42,1,0.04547826700908688,connected,mainstream
97,popular_1_exp_Experiment_1_seed_42,1,0.056242163820713786,connected,mainstream
258,popular_1_exp_Experiment_1_seed_42,1,0.06069553729617283,connected,mainstream
490,popular_1_exp_Experiment_1_seed_42,1,0.05086264977936117,connected,mainstream
90,popular_1_exp_Experiment_1_seed_42,1,0.06632751285400666,connected,mainstream
129,popular_1_exp_Experiment_1_seed_42,1,0.04155479044956489,connected,mainstream
301,popular_1_exp_Experiment_1_seed_42,1,0.04632029901090384,connected,mainstream
127,popular_1_exp_Experiment_1_seed_42,1,0.050457051428255344,connected,mainstream
475,popular_1_exp_Experiment_1_seed_42,1,0.0460682127800941,connected,mainstream
155,popular_1_exp_Experiment_1_seed_42,1,0.044720337277949364,connected,mainstream
72,popular_1_exp_Experiment_1_seed_42,1,0.05161990884159592,connected,mainstream
140,popular_1_exp_Experiment_1_seed_42,1,0.04520931376819056,connected,mainstream
450,popular_1_exp_Experiment_1_seed_42,1,0.04468620283666044,connected,mainstream
440,popular_1_exp_Experiment_1_seed_42,1,0.05102293468820082,connected,mainstream
537,popular_1_exp_Experiment_1_seed_42,1,0.055701177849497095,connected,mainstream
113,popular_1_exp_Experiment_1_seed_42,1,0.053708231936822844,connected,mainstream
235,popular_1_exp_Experiment_1_seed_42,1,0.059200142563388604,connected,mainstream
476,popular_1_exp_Experiment_1_seed_42,1,0.0481294370397127,connected,mainstream
406,popular_1_exp_Experiment_1_seed_42,1,0.045206434956626206,connected,mainstream
111,popular_1_exp_Experiment_1_seed_42,1,0.04269088456392341,connected,mainstream
80,popular_1_exp_Experiment_1_seed_42,1,0.05430679873697081,connected,mainstream
318,popular_1_exp_Experiment_1_seed_42,1,0.045350268263394715,connected,mainstream
391,popular_1_exp_Experiment_1_seed_42,1,0.05666830031323943,connected,mainstream
344,popular_1_exp_Experiment_1_seed_42,1,0.04976896315497803,connected,mainstream
121,popular_1_exp_Experiment_1_seed_42,1,0.053464957087366295,connected,mainstream
591,popular_1_exp_Experiment_1_seed_42,1,0.04879644862060148,connected,mainstream
551,popular_1_exp_Experiment_1_seed_42,1,0.04688390469405789,connected,mainstream
226,popular_1_exp_Experiment_1_seed_42,1,0.040359230961400684,connected,mainstream
467,popular_1_exp_Experiment_1_seed_42,1,0.05290337729886418,connected,mainstream
10,popular_1_exp_Experiment_1_seed_42,1,0.014824979295139451,connected,niche
532,popular_1_exp_Experiment_1_seed_42,1,0.050988804016143946,connected,mainstream
75,popular_1_exp_Experiment_1_seed_42,1,0.04458949046509924,connected,mainstream
211,popular_1_exp_Experiment_1_seed_42,1,0.048771986330833184,connected,mainstream
250,popular_1_exp_Experiment_1_seed_42,1,0.05080946644747119,connected,mainstream
403,popular_1_exp_Experiment_1_seed_42,1,0.054209548495681374,connected,mainstream
562,popular_1_exp_Experiment_1_seed_42,1,0.0478620412599973,connected,mainstream
525,popular_1_exp_Experiment_1_seed_42,1,0.06138465027251087,connected,mainstream
86,popular_1_exp_Experiment_1_seed_42,1,0.04515329719750625,connected,mainstream
365,popular_1_exp_Experiment_1_seed_42,1,0.06391103943649463,connected,mainstream
571,popular_1_exp_Experiment_1_seed_42,1,0.05157275936718448,connected,mainstream
266,popular_1_exp_Experiment_1_seed_42,1,0.044656212777357075,connected,mainstream
542,popular_1_exp_Experiment_1_seed_42,1,0.05052414755122544,connected,mainstream
396,popular_1_exp_Experiment_1_seed_42,1,0.05057635582087161,connected,mainstream
225,popular_1_exp_Experiment_1_seed_42,1,0.04426469294268063,connected,mainstream
230,popular_1_exp_Experiment_1_seed_42,1,0.04802703920769132,connected,mainstream
434,popular_1_exp_Experiment_1_seed_42,1,0.053081665482018876,connected,mainstream
174,popular_1_exp_Experiment_1_seed_42,1,0.050997903982032584,connected,mainstream
322,popular_1_exp_Experiment_1_seed_42,1,0.045677867170787846,connected,mainstream
311,popular_1_exp_Experiment_1_seed_42,1,0.055032804396085565,connected,mainstream
36,popular_1_exp_Experiment_1_seed_42,1,0.03994214804487783,connected,niche
307,popular_1_exp_Experiment_1_seed_42,1,0.055629040932091554,connected,mainstream
261,popular_1_exp_Experiment_1_seed_42,1,0.04875832843285736,connected,mainstream
184,popular_1_exp_Experiment_1_seed_42,1,0.045838773387951885,connected,mainstream
329,popular_1_exp_Experiment_1_seed_42,1,0.05501450601056323,connected,mainstream
477,popular_1_exp_Experiment_1_seed_42,1,0.051080265607390124,connected,mainstream
342,popular_1_exp_Experiment_1_seed_42,1,0.045350018932561076,connected,mainstream
596,popular_1_exp_Experiment_1_seed_42,1,0.050397169017795486,connected,mainstream
372,popular_1_exp_Experiment_1_seed_42,1,0.044460904920495724,connected,mainstream
325,popular_1_exp_Experiment_1_seed_42,1,0.04272690979533946,connected,mainstream
6,popular_1_exp_Experiment_1_seed_42,1,0.02132518490443135,connected,niche
170,popular_1_exp_Experiment_1_seed_42,1,0.05945951063294468,connected,mainstream
194,popular_1_exp_Experiment_1_seed_42,1,0.04496446393404183,connected,mainstream
567,popular_1_exp_Experiment_1_seed_42,1,0.05014895036930438,connected,mainstream
417,popular_1_exp_Experiment_1_seed_42,1,0.0568417777294,connected,mainstream
160,popular_1_exp_Experiment_1_seed_42,1,0.04228981367935367,connected,mainstream
158,popular_1_exp_Experiment_1_seed_42,1,0.05032565371858128,connected,mainstream
541,popular_1_exp_Experiment_1_seed_42,1,0.0575129310942778,connected,mainstream
137,popular_1_exp_Experiment_1_seed_42,1,0.048025860215183826,connected,mainstream
528,popular_1_exp_Experiment_1_seed_42,1,0.04928604138915845,connected,mainstream
84,popular_1_exp_Experiment_1_seed_42,1,0.04604618860640561,connected,mainstream
13,popular_1_exp_Experiment_1_seed_42,1,0.022022375107261193,connected,niche
361,popular_1_exp_Experiment_1_seed_42,1,0.04509331816585475,connected,mainstream
418,popular_1_exp_Experiment_1_seed_42,1,0.04498575724038594,connected,mainstream
58,popular_1_exp_Experiment_1_seed_42,1,0.017542780357076012,connected,niche
124,popular_1_exp_Experiment_1_seed_42,1,0.04150462271939471,connected,mainstream
115,popular_1_exp_Experiment_1_seed_42,1,0.05035064591133587,connected,mainstream
349,popular_1_exp_Experiment_1_seed_42,1,0.050099228637856354,connected,mainstream
8,popular_1_exp_Experiment_1_seed_42,1,0.027392505163768944,connected,niche
487,popular_1_exp_Experiment_1_seed_42,1,0.050482406944911,connected,mainstream
102,popular_1_exp_Experiment_1_seed_42,1,0.04993425362411472,connected,mainstream
483,popular_1_exp_Experiment_1_seed_42,1,0.04972090919553501,connected,mainstream
352,popular_1_exp_Experiment_1_seed_42,1,0.052218776351195546,connected,mainstream
500,popular_1_exp_Experiment_1_seed_42,1,0.04415910774160615,connected,mainstream
20,popular_1_exp_Experiment_1_seed_42,1,0.013003542250175087,connected,niche
19,popular_1_exp_Experiment_1_seed_42,1,0.01673951837148269,connected,niche
242,popular_1_exp_Experiment_1_seed_42,1,0.05680188035698668,connected,mainstream
267,popular_1_exp_Experiment_1_seed_42,1,0.04472715446796873,connected,mainstream
128,popular_1_exp_Experiment_1_seed_42,1,0.045237474434527004,connected,mainstream
208,popular_1_exp_Experiment_1_seed_42,1,0.04561729042678924,connected,mainstream
109,popular_1_exp_Experiment_1_seed_42,1,0.04709653160002936,connected,mainstream
27,popular_1_exp_Experiment_1_seed_42,1,0.02627244301892347,connected,niche
70,popular_1_exp_Experiment_1_seed_42,1,0.04670334388984978,connected,mainstream
45,popular_1_exp_Experiment_1_seed_42,1,0.018563816990535238,connected,niche
173,popular_1_exp_Experiment_1_seed_42,1,0.04866652659757517,connected,mainstream
43,popular_1_exp_Experiment_1_seed_42,1,0.01343875677973721,connected,niche
48,popular_1_exp_Experiment_1_seed_42,1,0.021359760964507576,connected,niche
85,popular_1_exp_Experiment_1_seed_42,1,0.04157278031766046,connected,mainstream
164,popular_1_exp_Experiment_1_seed_42,1,0.04504279970018762,connected,mainstream
251,popular_1_exp_Experiment_1_seed_42,1,0.04444577644841103,connected,mainstream
310,popular_1_exp_Experiment_1_seed_42,1,0.04793976773559708,connected,mainstream
504,popular_1_exp_Experiment_1_seed_42,2,0.049324694355036114,connected,mainstream
66,popular_1_exp_Experiment_1_seed_42,2,0.05010829412056674,connected,mainstream
192,popular_1_exp_Experiment_1_seed_42,2,0.05856430387758487,connected,mainstream
557,popular_1_exp_Experiment_1_seed_42,2,0.05092919139584215,connected,mainstream
29,popular_1_exp_Experiment_1_seed_42,2,0.016879019196250025,connected,niche
122,popular_1_exp_Experiment_1_seed_42,2,0.050572412392145695,connected,mainstream
88,popular_1_exp_Experiment_1_seed_42,2,0.05003686884991546,connected,mainstream
55,popular_1_exp_Experiment_1_seed_42,2,0.014788186836403748,connected,niche
312,popular_1_exp_Experiment_1_seed_42,2,0.05335936787852389,connected,mainstream
399,popular_1_exp_Experiment_1_seed_42,2,0.05121454016789954,connected,mainstream
531,popular_1_exp_Experiment_1_seed_42,2,0.06261077789155413,connected,mainstream
213,popular_1_exp_Experiment_1_seed_42,2,0.057521936990726365,connected,mainstream
243,popular_1_exp_Experiment_1_seed_42,2,0.05490098663066529,connected,mainstream
544,popular_1_exp_Experiment_1_seed_42,2,0.058457913021842826,connected,mainstream
252,popular_1_exp_Experiment_1_seed_42,2,0.06627952170687641,connected,mainstream
265,popular_1_exp_Experiment_1_seed_42,2,0.0724665096674676,connected,mainstream
374,popular_1_exp_Experiment_1_seed_42,2,0.05398946885115493,connected,mainstream
190,popular_1_exp_Experiment_1_seed_42,2,0.0523659157488675,connected,mainstream
573,popular_1_exp_Experiment_1_seed_42,2,0.05743827941679286,connected,mainstream
367,popular_1_exp_Experiment_1_seed_42,2,0.05520176961424452,connected,mainstream
253,popular_1_exp_Experiment_1_seed_42,2,0.050615540134722276,connected,mainstream
217,popular_1_exp_Experiment_1_seed_42,2,0.053956609180244475,connected,mainstream
515,popular_1_exp_Experiment_1_seed_42,2,0.05706515387234465,connected,mainstream
24,popular_1_exp_Experiment_1_seed_42,2,0.016627656849103504,connected,niche
149,popular_1_exp_Experiment_1_seed_42,2,0.052832072820458174,connected,mainstream
28,popular_1_exp_Experiment_1_seed_42,2,0.017154495329427037,connected,niche
260,popular_1_exp_Experiment_1_seed_42,2,0.053061070460420134,connected,mainstream
444,popular_1_exp_Experiment_1_seed_42,2,0.06569844908155678,connected,mainstream
559,popular_1_exp_Experiment_1_seed_42,2,0.056789548267534185,connected,mainstream
350,popular_1_exp_Experiment_1_seed_42,2,0.05199514159253576,connected,mainstream
409,popular_1_exp_Experiment_1_seed_42,2,0.05619279322157212,connected,mainstream
378,popular_1_exp_Experiment_1_seed_42,2,0.051637065475819255,connected,mainstream
570,popular_1_exp_Experiment_1_seed_42,2,0.05214059200067728,connected,mainstream
489,popular_1_exp_Experiment_1_seed_42,2,0.05943707203568557,connected,mainstream
363,popular_1_exp_Experiment_1_seed_42,2,0.05104257501487989,connected,mainstream
200,popular_1_exp_Experiment_1_seed_42,2,0.06014925802198623,connected,mainstream
119,popular_1_exp_Experiment_1_seed_42,2,0.06104213983956284,connected,mainstream
495,popular_1_exp_Experiment_1_seed_42,2,0.06231752167388029,connected,mainstream
498,popular_1_exp_Experiment_1_seed_42,2,0.04847739460154654,connected,mainstream
135,popular_1_exp_Experiment_1_seed_42,2,0.04910017322798662,connected,mainstream
104,popular_1_exp_Experiment_1_seed_42,2,0.06067444390593655,connected,mainstream
449,popular_1_exp_Experiment_1_seed_42,2,0.060600683410963994,connected,mainstream
355,popular_1_exp_Experiment_1_seed_42,2,0.0510494068066898,connected,mainstream
264,popular_1_exp_Experiment_1_seed_42,2,0.05720511817519134,connected,mainstream
69,popular_1_exp_Experiment_1_seed_42,2,0.05214147651501518,connected,mainstream
74,popular_1_exp_Experiment_1_seed_42,2,0.05304396204262538,connected,mainstream
469,popular_1_exp_Experiment_1_seed_42,2,0.05264558476007223,connected,mainstream
438,popular_1_exp_Experiment_1_seed_42,2,0.05836247871167894,connected,mainstream
277,popular_1_exp_Experiment_1_seed_42,2,0.056508946793907076,connected,mainstream
429,popular_1_exp_Experiment_1_seed_42,2,0.056761172649600296,connected,mainstream
589,popular_1_exp_Experiment_1_seed_42,2,0.05520779217616389,connected,mainstream
215,popular_1_exp_Experiment_1_seed_42,2,0.0625412739473632,connected,mainstream
598,popular_1_exp_Experiment_1_seed_42,2,0.054280917793379686,connected,mainstream
107,popular_1_exp_Experiment_1_seed_42,2,0.04775976833929809,connected,mainstream
256,popular_1_exp_Experiment_1_seed_42,2,0.0661734353232087,connected,mainstream
197,popular_1_exp_Experiment_1_seed_42,2,0.056036395388753345,connected,mainstream
465,popular_1_exp_Experiment_1_seed_42,2,0.05844315218146423,connected,mainstream
593,popular_1_exp_Experiment_1_seed_42,2,0.06607136607060313,connected,mainstream
304,popular_1_exp_Experiment_1_seed_42,2,0.07252647347310645,connected,mainstream
428,popular_1_exp_Experiment_1_seed_42,2,0.052231286322847535,connected,mainstream
287,popular_1_exp_Experiment_1_seed_42,2,0.05977365239719858,connected,mainstream
354,popular_1_exp_Experiment_1_seed_42,2,0.05056148985196299,connected,mainstream
519,popular_1_exp_Experiment_1_seed_42,2,0.05662923059691316,connected,mainstream
23,popular_1_exp_Experiment_1_seed_42,2,0.020645276749516,connected,niche
303,popular_1_exp_Experiment_1_seed_42,2,0.0495733748745697,connected,mainstream
460,popular_1_exp_Experiment_1_seed_42,2,0.051609555316513754,connected,mainstream
392,popular_1_exp_Experiment_1_seed_42,2,0.05470192282214977,connected,mainstream
427,popular_1_exp_Experiment_1_seed_42,2,0.06083216058437311,connected,mainstream
319,popular_1_exp_Experiment_1_seed_42,2,0.06055508349310238,connected,mainstream
420,popular_1_exp_Experiment_1_seed_42,2,0.06321372472412375,connected,mainstream
408,popular_1_exp_Experiment_1_seed_42,2,0.05124880855717906,connected,mainstream
76,popular_1_exp_Experiment_1_seed_42,2,0.06050843771864212,connected,mainstream
398,popular_1_exp_Experiment_1_seed_42,2,0.06677862861493411,connected,mainstream
343,popular_1_exp_Experiment_1_seed_42,2,0.061516901671487094,connected,mainstream
62,popular_1_exp_Experiment_1_seed_42,2,0.06458914295294121,connected,mainstream
259,popular_1_exp_Experiment_1_seed_42,2,0.054198170231284294,connected,mainstream
177,popular_1_exp_Experiment_1_seed_42,2,0.05638253397092963,connected,mainstream
31,popular_1_exp_Experiment_1_seed_42,2,0.012435014539968663,connected,niche
435,popular_1_exp_Experiment_1_seed_42,2,0.0583259319042008,connected,mainstream
224,popular_1_exp_Experiment_1_seed_42,2,0.05072120034997241,connected,mainstream
314,popular_1_exp_Experiment_1_seed_42,2,0.0496200807357492,connected,mainstream
384,popular_1_exp_Experiment_1_seed_42,2,0.053661536638775986,connected,mainstream
575,popular_1_exp_Experiment_1_seed_42,2,0.05589957429269524,connected,mainstream
507,popular_1_exp_Experiment_1_seed_42,2,0.059803585490767946,connected,mainstream
116,popular_1_exp_Experiment_1_seed_42,2,0.050919761353805514,connected,mainstream
453,popular_1_exp_Experiment_1_seed_42,2,0.05269030282437023,connected,mainstream
338,popular_1_exp_Experiment_1_seed_42,2,0.059143263956099416,connected,mainstream
231,popular_1_exp_Experiment_1_seed_42,2,0.05832178357553495,connected,mainstream
505,popular_1_exp_Experiment_1_seed_42,2,0.05542971319966289,connected,mainstream
196,popular_1_exp_Experiment_1_seed_42,2,0.059301043129010876,connected,mainstream
201,popular_1_exp_Experiment_1_seed_42,2,0.05480013595038444,connected,mainstream
60,popular_1_exp_Experiment_1_seed_42,2,0.04938369350832907,connected,mainstream
181,popular_1_exp_Experiment_1_seed_42,2,0.05888296205623308,connected,mainstream
0,popular_1_exp_Experiment_1_seed_42,2,0.016943132582372313,connected,niche
496,popular_1_exp_Experiment_1_seed_42,2,0.052919241109330974,connected,mainstream
236,popular_1_exp_Experiment_1_seed_42,2,0.0564033367699266,connected,mainstream
276,popular_1_exp_Experiment_1_seed_42,2,0.04848537553324398,connected,mainstream
291,popular_1_exp_Experiment_1_seed_42,2,0.0543776123995636,connected,mainstream
191,popular_1_exp_Experiment_1_seed_42,2,0.06783607614617566,connected,mainstream
5,popular_1_exp_Experiment_1_seed_42,2,0.015403035750541477,connected,niche
561,popular_1_exp_Experiment_1_seed_42,2,0.10116242266613924,connected,mainstream
371,popular_1_exp_Experiment_1_seed_42,2,0.05527785771662442,connected,mainstream
269,popular_1_exp_Experiment_1_seed_42,2,0.049417865416845015,connected,mainstream
373,popular_1_exp_Experiment_1_seed_42,2,0.06259045420553516,connected,mainstream
480,popular_1_exp_Experiment_1_seed_42,2,0.057843499233655914,connected,mainstream
485,popular_1_exp_Experiment_1_seed_42,2,0.04995524000772664,connected,mainstream
586,popular_1_exp_Experiment_1_seed_42,2,0.05374487223488808,connected,mainstream
9,popular_1_exp_Experiment_1_seed_42,2,0.015136631607238141,connected,niche
587,popular_1_exp_Experiment_1_seed_42,2,0.055837688536743646,connected,mainstream
207,popular_1_exp_Experiment_1_seed_42,2,0.07689686962451346,connected,mainstream
159,popular_1_exp_Experiment_1_seed_42,2,0.05392982678660261,connected,mainstream
286,popular_1_exp_Experiment_1_seed_42,2,0.05898717232532579,connected,mainstream
175,popular_1_exp_Experiment_1_seed_42,2,0.050410166895886045,connected,mainstream
290,popular_1_exp_Experiment_1_seed_42,2,0.0499709532245498,connected,mainstream
25,popular_1_exp_Experiment_1_seed_42,2,0.0231849247000791,connected,niche
486,popular_1_exp_Experiment_1_seed_42,2,0.056321447593615744,connected,mainstream
262,popular_1_exp_Experiment_1_seed_42,2,0.05084680591721106,connected,mainstream
526,popular_1_exp_Experiment_1_seed_42,2,0.0583585563789504,connected,mainstream
341,popular_1_exp_Experiment_1_seed_42,2,0.05820510685723848,connected,mainstream
302,popular_1_exp_Experiment_1_seed_42,2,0.05702199513120282,connected,mainstream
229,popular_1_exp_Experiment_1_seed_42,2,0.06056520654222428,connected,mainstream
91,popular_1_exp_Experiment_1_seed_42,2,0.05735414610044751,connected,mainstream
182,popular_1_exp_Experiment_1_seed_42,2,0.06405399304814327,connected,mainstream
316,popular_1_exp_Experiment_1_seed_42,2,0.05323993323287054,connected,mainstream
87,popular_1_exp_Experiment_1_seed_42,2,0.05826512488012505,connected,mainstream
464,popular_1_exp_Experiment_1_seed_42,2,0.05064877098315971,connected,mainstream
574,popular_1_exp_Experiment_1_seed_42,2,0.04993353296329362,connected,mainstream
321,popular_1_exp_Experiment_1_seed_42,2,0.0648410193754185,connected,mainstream
521,popular_1_exp_Experiment_1_seed_42,2,0.05633196452984254,connected,mainstream
362,popular_1_exp_Experiment_1_seed_42,2,0.05322480936628066,connected,mainstream
456,popular_1_exp_Experiment_1_seed_42,2,0.05548308219491912,connected,mainstream
56,popular_1_exp_Experiment_1_seed_42,2,0.02834329746816493,connected,niche
288,popular_1_exp_Experiment_1_seed_42,2,0.06504050409378126,connected,mainstream
414,popular_1_exp_Experiment_1_seed_42,2,0.07055818736760355,connected,mainstream
7,popular_1_exp_Experiment_1_seed_42,2,0.021443176285346657,connected,niche
157,popular_1_exp_Experiment_1_seed_42,2,0.05198224469714646,connected,mainstream
539,popular_1_exp_Experiment_1_seed_42,2,0.05361339510707815,connected,mainstream
94,popular_1_exp_Experiment_1_seed_42,2,0.05267363462388502,connected,mainstream
16,popular_1_exp_Experiment_1_seed_42,2,0.01688416460188975,connected,niche
405,popular_1_exp_Experiment_1_seed_42,2,0.054738521874758674,connected,mainstream
430,popular_1_exp_Experiment_1_seed_42,2,0.07524838470600381,connected,mainstream
482,popular_1_exp_Experiment_1_seed_42,2,0.050245999195649566,connected,mainstream
451,popular_1_exp_Experiment_1_seed_42,2,0.05016953461405844,connected,mainstream
401,popular_1_exp_Experiment_1_seed_42,2,0.05109945981118574,connected,mainstream
579,popular_1_exp_Experiment_1_seed_42,2,0.0592619455122543,connected,mainstream
205,popular_1_exp_Experiment_1_seed_42,2,0.07044394021226409,connected,mainstream
513,popular_1_exp_Experiment_1_seed_42,2,0.06901285648876375,connected,mainstream
166,popular_1_exp_Experiment_1_seed_42,2,0.05543290757177962,connected,mainstream
512,popular_1_exp_Experiment_1_seed_42,2,0.05430790218574682,connected,mainstream
582,popular_1_exp_Experiment_1_seed_42,2,0.07105040272341517,connected,mainstream
257,popular_1_exp_Experiment_1_seed_42,2,0.05537747844443667,connected,mainstream
187,popular_1_exp_Experiment_1_seed_42,2,0.048156041122878045,connected,mainstream
93,popular_1_exp_Experiment_1_seed_42,2,0.05514925119259632,connected,mainstream
357,popular_1_exp_Experiment_1_seed_42,2,0.05488388586449892,connected,mainstream
65,popular_1_exp_Experiment_1_seed_42,2,0.07361354400208378,connected,mainstream
383,popular_1_exp_Experiment_1_seed_42,2,0.05154847152248803,connected,mainstream
572,popular_1_exp_Experiment_1_seed_42,2,0.054435940233366065,connected,mainstream
306,popular_1_exp_Experiment_1_seed_42,2,0.06013844758962175,connected,mainstream
238,popular_1_exp_Experiment_1_seed_42,2,0.054614539623638554,connected,mainstream
387,popular_1_exp_Experiment_1_seed_42,2,0.05014140257212183,connected,mainstream
548,popular_1_exp_Experiment_1_seed_42,2,0.042183449542218344,connected,mainstream
206,popular_1_exp_Experiment_1_seed_42,2,0.05619971942906247,connected,mainstream
517,popular_1_exp_Experiment_1_seed_42,2,0.06791532890658863,connected,mainstream
40,popular_1_exp_Experiment_1_seed_42,2,0.015541185133567057,connected,niche
436,popular_1_exp_Experiment_1_seed_42,2,0.060806579173282166,connected,mainstream
272,popular_1_exp_Experiment_1_seed_42,2,0.05197331611755354,connected,mainstream
195,popular_1_exp_Experiment_1_seed_42,2,0.053876391957456665,connected,mainstream
554,popular_1_exp_Experiment_1_seed_42,2,0.05019316246307809,connected,mainstream
152,popular_1_exp_Experiment_1_seed_42,2,0.06926966782476614,connected,mainstream
577,popular_1_exp_Experiment_1_seed_42,2,0.05349815020550569,connected,mainstream
439,popular_1_exp_Experiment_1_seed_42,2,0.06315130777840304,connected,mainstream
145,popular_1_exp_Experiment_1_seed_42,2,0.057312568168287115,connected,mainstream
57,popular_1_exp_Experiment_1_seed_42,2,0.017354979497953133,connected,niche
369,popular_1_exp_Experiment_1_seed_42,2,0.05580375752910607,connected,mainstream
142,popular_1_exp_Experiment_1_seed_42,2,0.06391183922869093,connected,mainstream
96,popular_1_exp_Experiment_1_seed_42,2,0.05493834801654304,connected,mainstream
353,popular_1_exp_Experiment_1_seed_42,2,0.05589952240821575,connected,mainstream
292,popular_1_exp_Experiment_1_seed_42,2,0.058276560846022986,connected,mainstream
168,popular_1_exp_Experiment_1_seed_42,2,0.05930846582057861,connected,mainstream
218,popular_1_exp_Experiment_1_seed_42,2,0.050810785942087676,connected,mainstream
419,popular_1_exp_Experiment_1_seed_42,2,0.05135179589337988,connected,mainstream
317,popular_1_exp_Experiment_1_seed_42,2,0.05397458411864886,connected,mainstream
150,popular_1_exp_Experiment_1_seed_42,2,0.051277750462041714,connected,mainstream
123,popular_1_exp_Experiment_1_seed_42,2,0.05643749802386189,connected,mainstream
364,popular_1_exp_Experiment_1_seed_42,2,0.042939597412575026,connected,mainstream
382,popular_1_exp_Experiment_1_seed_42,2,0.05101945827958975,connected,mainstream
114,popular_1_exp_Experiment_1_seed_42,2,0.0507818212291864,connected,mainstream
549,popular_1_exp_Experiment_1_seed_42,2,0.07146947264342375,connected,mainstream
148,popular_1_exp_Experiment_1_seed_42,2,0.055430643099696496,connected,mainstream
305,popular_1_exp_Experiment_1_seed_42,2,0.05292833272443535,connected,mainstream
370,popular_1_exp_Experiment_1_seed_42,2,0.048086254812853745,connected,mainstream
550,popular_1_exp_Experiment_1_seed_42,2,0.04760239891320094,connected,mainstream
110,popular_1_exp_Experiment_1_seed_42,2,0.049676483210392704,connected,mainstream
63,popular_1_exp_Experiment_1_seed_42,2,0.057304307846293444,connected,mainstream
492,popular_1_exp_Experiment_1_seed_42,2,0.04973169396521027,connected,mainstream
553,popular_1_exp_Experiment_1_seed_42,2,0.0551377665239138,connected,mainstream
47,popular_1_exp_Experiment_1_seed_42,2,0.01864789233356964,connected,niche
330,popular_1_exp_Experiment_1_seed_42,2,0.05708742168860962,connected,mainstream
176,popular_1_exp_Experiment_1_seed_42,2,0.05392239969991145,connected,mainstream
356,popular_1_exp_Experiment_1_seed_42,2,0.054026852711253175,connected,mainstream
407,popular_1_exp_Experiment_1_seed_42,2,0.0511951982605959,connected,mainstream
394,popular_1_exp_Experiment_1_seed_42,2,0.05984775003930983,connected,mainstream
458,popular_1_exp_Experiment_1_seed_42,2,0.0586357329369625,connected,mainstream
22,popular_1_exp_Experiment_1_seed_42,2,0.01912498031421945,connected,niche
395,popular_1_exp_Experiment_1_seed_42,2,0.05573948997216782,connected,mainstream
239,popular_1_exp_Experiment_1_seed_42,2,0.05207658352476648,connected,mainstream
234,popular_1_exp_Experiment_1_seed_42,2,0.06303112014563554,connected,mainstream
53,popular_1_exp_Experiment_1_seed_42,2,0.015684598758005975,connected,niche
98,popular_1_exp_Experiment_1_seed_42,2,0.05054282844037708,connected,mainstream
232,popular_1_exp_Experiment_1_seed_42,2,0.05062193200082613,connected,mainstream
178,popular_1_exp_Experiment_1_seed_42,2,0.051507680475230945,connected,mainstream
162,popular_1_exp_Experiment_1_seed_42,2,0.05479851051055585,connected,mainstream
479,popular_1_exp_Experiment_1_seed_42,2,0.052955418768510794,connected,mainstream
385,popular_1_exp_Experiment_1_seed_42,2,0.054695674321938226,connected,mainstream
462,popular_1_exp_Experiment_1_seed_42,2,0.0527234117410407,connected,mainstream
328,popular_1_exp_Experiment_1_seed_42,2,0.0505506734939184,connected,mainstream
506,popular_1_exp_Experiment_1_seed_42,2,0.05209072955616265,connected,mainstream
299,popular_1_exp_Experiment_1_seed_42,2,0.05423072942098908,connected,mainstream
167,popular_1_exp_Experiment_1_seed_42,2,0.05674929260380052,connected,mainstream
386,popular_1_exp_Experiment_1_seed_42,2,0.05473169179758727,connected,mainstream
522,popular_1_exp_Experiment_1_seed_42,2,0.05282374244998191,connected,mainstream
26,popular_1_exp_Experiment_1_seed_42,2,0.019249862453926663,connected,niche
183,popular_1_exp_Experiment_1_seed_42,2,0.05336870833897903,connected,mainstream
320,popular_1_exp_Experiment_1_seed_42,2,0.07466224540993262,connected,mainstream
172,popular_1_exp_Experiment_1_seed_42,2,0.060369136817438475,connected,mainstream
103,popular_1_exp_Experiment_1_seed_42,2,0.05037502171234274,connected,mainstream
203,popular_1_exp_Experiment_1_seed_42,2,0.05201702883530653,connected,mainstream
333,popular_1_exp_Experiment_1_seed_42,2,0.06051523428300539,connected,mainstream
347,popular_1_exp_Experiment_1_seed_42,2,0.054266796038112484,connected,mainstream
249,popular_1_exp_Experiment_1_seed_42,2,0.062420742225755776,connected,mainstream
274,popular_1_exp_Experiment_1_seed_42,2,0.07390685628660935,connected,mainstream
14,popular_1_exp_Experiment_1_seed_42,2,0.01460600603038769,connected,niche
300,popular_1_exp_Experiment_1_seed_42,2,0.050832274796,connected,mainstream
223,popular_1_exp_Experiment_1_seed_42,2,0.05494620148264703,connected,mainstream
502,popular_1_exp_Experiment_1_seed_42,2,0.054569482304915394,connected,mainstream
193,popular_1_exp_Experiment_1_seed_42,2,0.05963237259792741,connected,mainstream
285,popular_1_exp_Experiment_1_seed_42,2,0.054092966240465584,connected,mainstream
404,popular_1_exp_Experiment_1_seed_42,2,0.06159305658581952,connected,mainstream
533,popular_1_exp_Experiment_1_seed_42,2,0.05293975596808264,connected,mainstream
112,popular_1_exp_Experiment_1_seed_42,2,0.05153049800537676,connected,mainstream
284,popular_1_exp_Experiment_1_seed_42,2,0.06863098157009366,connected,mainstream
108,popular_1_exp_Experiment_1_seed_42,2,0.05311562938455203,connected,mainstream
345,popular_1_exp_Experiment_1_seed_42,2,0.05355478655018072,connected,mainstream
415,popular_1_exp_Experiment_1_seed_42,2,0.05754182184041435,connected,mainstream
220,popular_1_exp_Experiment_1_seed_42,2,0.0512229223400717,connected,mainstream
366,popular_1_exp_Experiment_1_seed_42,2,0.053242575703881904,connected,mainstream
222,popular_1_exp_Experiment_1_seed_42,2,0.05144638940571281,connected,mainstream
139,popular_1_exp_Experiment_1_seed_42,2,0.05749575122038192,connected,mainstream
463,popular_1_exp_Experiment_1_seed_42,2,0.05073821455219141,connected,mainstream
41,popular_1_exp_Experiment_1_seed_42,2,0.026132563879998405,connected,niche
83,popular_1_exp_Experiment_1_seed_42,2,0.05294559305123447,connected,mainstream
590,popular_1_exp_Experiment_1_seed_42,2,0.05095014588094393,connected,mainstream
470,popular_1_exp_Experiment_1_seed_42,2,0.05355208767244133,connected,mainstream
268,popular_1_exp_Experiment_1_seed_42,2,0.057548171663760896,connected,mainstream
530,popular_1_exp_Experiment_1_seed_42,2,0.053445094678510746,connected,mainstream
180,popular_1_exp_Experiment_1_seed_42,2,0.05982177544800945,connected,mainstream
468,popular_1_exp_Experiment_1_seed_42,2,0.056332472414999536,connected,mainstream
77,popular_1_exp_Experiment_1_seed_42,2,0.055103870392942296,connected,mainstream
563,popular_1_exp_Experiment_1_seed_42,2,0.0528555165302327,connected,mainstream
588,popular_1_exp_Experiment_1_seed_42,2,0.0587922629456897,connected,mainstream
454,popular_1_exp_Experiment_1_seed_42,2,0.05327033785308944,connected,mainstream
295,popular_1_exp_Experiment_1_seed_42,2,0.05518159224957611,connected,mainstream
478,popular_1_exp_Experiment_1_seed_42,2,0.05829557148681833,connected,mainstream
565,popular_1_exp_Experiment_1_seed_42,2,0.049905171512937004,connected,mainstream
144,popular_1_exp_Experiment_1_seed_42,2,0.053989797337542784,connected,mainstream
581,popular_1_exp_Experiment_1_seed_42,2,0.04744199212719008,connected,mainstream
39,popular_1_exp_Experiment_1_seed_42,2,0.017636572662180588,connected,niche
510,popular_1_exp_Experiment_1_seed_42,2,0.06056427469915665,connected,mainstream
431,popular_1_exp_Experiment_1_seed_42,2,0.0514176735684663,connected,mainstream
71,popular_1_exp_Experiment_1_seed_42,2,0.04837954202030856,connected,mainstream
99,popular_1_exp_Experiment_1_seed_42,2,0.06670583029621201,connected,mainstream
584,popular_1_exp_Experiment_1_seed_42,2,0.06218255617728374,connected,mainstream
42,popular_1_exp_Experiment_1_seed_42,2,0.018014875897933633,connected,niche
538,popular_1_exp_Experiment_1_seed_42,2,0.04944357957586556,connected,mainstream
592,popular_1_exp_Experiment_1_seed_42,2,0.055067102181686894,connected,mainstream
117,popular_1_exp_Experiment_1_seed_42,2,0.0544224790762474,connected,mainstream
151,popular_1_exp_Experiment_1_seed_42,2,0.053022562797909456,connected,mainstream
3,popular_1_exp_Experiment_1_seed_42,2,0.03649120998995765,connected,niche
433,popular_1_exp_Experiment_1_seed_42,2,0.05241024225463381,connected,mainstream
237,popular_1_exp_Experiment_1_seed_42,2,0.052015694117050336,connected,mainstream
580,popular_1_exp_Experiment_1_seed_42,2,0.0679362011074921,connected,mainstream
555,popular_1_exp_Experiment_1_seed_42,2,0.05599581154742949,connected,mainstream
511,popular_1_exp_Experiment_1_seed_42,2,0.05593677995181944,connected,mainstream
171,popular_1_exp_Experiment_1_seed_42,2,0.050939572619294125,connected,mainstream
30,popular_1_exp_Experiment_1_seed_42,2,0.013526238472089794,connected,niche
46,popular_1_exp_Experiment_1_seed_42,2,0.01830489223466789,connected,niche
227,popular_1_exp_Experiment_1_seed_42,2,0.051834474621800825,connected,mainstream
459,popular_1_exp_Experiment_1_seed_42,2,0.05763546491869926,connected,mainstream
534,popular_1_exp_Experiment_1_seed_42,2,0.05232784231294942,connected,mainstream
293,popular_1_exp_Experiment_1_seed_42,2,0.06749994803244565,connected,mainstream
520,popular_1_exp_Experiment_1_seed_42,2,0.050676702726464566,connected,mainstream
494,popular_1_exp_Experiment_1_seed_42,2,0.05672552802716044,connected,mainstream
379,popular_1_exp_Experiment_1_seed_42,2,0.05366500710075752,connected,mainstream
282,popular_1_exp_Experiment_1_seed_42,2,0.05260625375842312,connected,mainstream
240,popular_1_exp_Experiment_1_seed_42,2,0.05413888028268671,connected,mainstream
323,popular_1_exp_Experiment_1_seed_42,2,0.056573366917347635,connected,mainstream
120,popular_1_exp_Experiment_1_seed_42,2,0.0521567319368177,connected,mainstream
51,popular_1_exp_Experiment_1_seed_42,2,0.02623218667982917,connected,niche
298,popular_1_exp_Experiment_1_seed_42,2,0.07086940945636507,connected,mainstream
59,popular_1_exp_Experiment_1_seed_42,2,0.01642590201350407,connected,niche
442,popular_1_exp_Experiment_1_seed_42,2,0.05081622298218863,connected,mainstream
281,popular_1_exp_Experiment_1_seed_42,2,0.057048083317152186,connected,mainstream
597,popular_1_exp_Experiment_1_seed_42,2,0.04770919918692788,connected,mainstream
244,popular_1_exp_Experiment_1_seed_42,2,0.05214766964250809,connected,mainstream
179,popular_1_exp_Experiment_1_seed_42,2,0.05962893059000301,connected,mainstream
81,popular_1_exp_Experiment_1_seed_42,2,0.049199670026968366,connected,mainstream
219,popular_1_exp_Experiment_1_seed_42,2,0.04816448735982103,connected,mainstream
204,popular_1_exp_Experiment_1_seed_42,2,0.05692992981933531,connected,mainstream
556,popular_1_exp_Experiment_1_seed_42,2,0.06289019695093225,connected,mainstream
126,popular_1_exp_Experiment_1_seed_42,2,0.05506292486607966,connected,mainstream
576,popular_1_exp_Experiment_1_seed_42,2,0.05580398845855472,connected,mainstream
416,popular_1_exp_Experiment_1_seed_42,2,0.05327589090358407,connected,mainstream
132,popular_1_exp_Experiment_1_seed_42,2,0.06809884171321746,connected,mainstream
32,popular_1_exp_Experiment_1_seed_42,2,0.025096962344728208,connected,niche
594,popular_1_exp_Experiment_1_seed_42,2,0.061458163392361244,connected,mainstream
79,popular_1_exp_Experiment_1_seed_42,2,0.05297566321647328,connected,mainstream
1,popular_1_exp_Experiment_1_seed_42,2,0.019520608965089992,connected,niche
484,popular_1_exp_Experiment_1_seed_42,2,0.06031931955073413,connected,mainstream
585,popular_1_exp_Experiment_1_seed_42,2,0.0617347516977208,connected,mainstream
143,popular_1_exp_Experiment_1_seed_42,2,0.05242005641086029,connected,mainstream
473,popular_1_exp_Experiment_1_seed_42,2,0.06262373544683776,connected,mainstream
141,popular_1_exp_Experiment_1_seed_42,2,0.06943679616120518,connected,mainstream
326,popular_1_exp_Experiment_1_seed_42,2,0.051153940339931765,connected,mainstream
61,popular_1_exp_Experiment_1_seed_42,2,0.05702084844008004,connected,mainstream
432,popular_1_exp_Experiment_1_seed_42,2,0.060347902882945635,connected,mainstream
199,popular_1_exp_Experiment_1_seed_42,2,0.06953936279488901,connected,mainstream
452,popular_1_exp_Experiment_1_seed_42,2,0.05629997122043363,connected,mainstream
471,popular_1_exp_Experiment_1_seed_42,2,0.05793670452026791,connected,mainstream
105,popular_1_exp_Experiment_1_seed_42,2,0.05097985539942188,connected,mainstream
146,popular_1_exp_Experiment_1_seed_42,2,0.060012723161962316,connected,mainstream
578,popular_1_exp_Experiment_1_seed_42,2,0.050323749845284704,connected,mainstream
410,popular_1_exp_Experiment_1_seed_42,2,0.0521487232425469,connected,mainstream
221,popular_1_exp_Experiment_1_seed_42,2,0.055047867132698186,connected,mainstream
297,popular_1_exp_Experiment_1_seed_42,2,0.06265498228613003,connected,mainstream
210,popular_1_exp_Experiment_1_seed_42,2,0.0540023865981042,connected,mainstream
15,popular_1_exp_Experiment_1_seed_42,2,0.016008212252836152,connected,niche
254,popular_1_exp_Experiment_1_seed_42,2,0.056937042764097924,connected,mainstream
402,popular_1_exp_Experiment_1_seed_42,2,0.055347247601096126,connected,mainstream
457,popular_1_exp_Experiment_1_seed_42,2,0.07460829170037499,connected,mainstream
334,popular_1_exp_Experiment_1_seed_42,2,0.061464583629987614,connected,mainstream
524,popular_1_exp_Experiment_1_seed_42,2,0.05323128591104078,connected,mainstream
472,popular_1_exp_Experiment_1_seed_42,2,0.051594993416010454,connected,mainstream
336,popular_1_exp_Experiment_1_seed_42,2,0.0513643817832567,connected,mainstream
527,popular_1_exp_Experiment_1_seed_42,2,0.05885994715724271,connected,mainstream
283,popular_1_exp_Experiment_1_seed_42,2,0.061733573973281476,connected,mainstream
52,popular_1_exp_Experiment_1_seed_42,2,0.02103222449885243,connected,niche
461,popular_1_exp_Experiment_1_seed_42,2,0.06608699685692217,connected,mainstream
12,popular_1_exp_Experiment_1_seed_42,2,0.02230422983778446,connected,niche
514,popular_1_exp_Experiment_1_seed_42,2,0.04987226723500312,connected,mainstream
54,popular_1_exp_Experiment_1_seed_42,2,0.022879710355344304,connected,niche
393,popular_1_exp_Experiment_1_seed_42,2,0.05007432358168324,connected,mainstream
437,popular_1_exp_Experiment_1_seed_42,2,0.06599157004895749,connected,mainstream
216,popular_1_exp_Experiment_1_seed_42,2,0.051229915573168215,connected,mainstream
488,popular_1_exp_Experiment_1_seed_42,2,0.06045081725196431,connected,mainstream
309,popular_1_exp_Experiment_1_seed_42,2,0.0504002948734165,connected,mainstream
547,popular_1_exp_Experiment_1_seed_42,2,0.05056878806035031,connected,mainstream
552,popular_1_exp_Experiment_1_seed_42,2,0.059850235864523156,connected,mainstream
21,popular_1_exp_Experiment_1_seed_42,2,0.015778001737239453,connected,niche
278,popular_1_exp_Experiment_1_seed_42,2,0.05389272614955016,connected,mainstream
375,popular_1_exp_Experiment_1_seed_42,2,0.056563870391180916,connected,mainstream
455,popular_1_exp_Experiment_1_seed_42,2,0.0656063770383238,connected,mainstream
34,popular_1_exp_Experiment_1_seed_42,2,0.022442302257082467,connected,niche
11,popular_1_exp_Experiment_1_seed_42,2,0.017732271177992358,connected,niche
136,popular_1_exp_Experiment_1_seed_42,2,0.05486340428471917,connected,mainstream
147,popular_1_exp_Experiment_1_seed_42,2,0.055689639712144114,connected,mainstream
49,popular_1_exp_Experiment_1_seed_42,2,0.03337274115405433,connected,niche
508,popular_1_exp_Experiment_1_seed_42,2,0.0555381973424145,connected,mainstream
595,popular_1_exp_Experiment_1_seed_42,2,0.06322000717890235,connected,mainstream
296,popular_1_exp_Experiment_1_seed_42,2,0.05706951153269484,connected,mainstream
4,popular_1_exp_Experiment_1_seed_42,2,0.017043121829872478,connected,niche
165,popular_1_exp_Experiment_1_seed_42,2,0.057679906585646236,connected,mainstream
397,popular_1_exp_Experiment_1_seed_42,2,0.052288826213866185,connected,mainstream
169,popular_1_exp_Experiment_1_seed_42,2,0.06231364396986074,connected,mainstream
446,popular_1_exp_Experiment_1_seed_42,2,0.06073402559448055,connected,mainstream
518,popular_1_exp_Experiment_1_seed_42,2,0.06578968697582448,connected,mainstream
499,popular_1_exp_Experiment_1_seed_42,2,0.06274525953983988,connected,mainstream
509,popular_1_exp_Experiment_1_seed_42,2,0.05001703450221561,connected,mainstream
44,popular_1_exp_Experiment_1_seed_42,2,0.01984978698194467,connected,niche
248,popular_1_exp_Experiment_1_seed_42,2,0.05755351069669187,connected,mainstream
376,popular_1_exp_Experiment_1_seed_42,2,0.05614054476515479,connected,mainstream
133,popular_1_exp_Experiment_1_seed_42,2,0.06682389434144013,connected,mainstream
569,popular_1_exp_Experiment_1_seed_42,2,0.0631683200268104,connected,mainstream
560,popular_1_exp_Experiment_1_seed_42,2,0.05023257948151319,connected,mainstream
466,popular_1_exp_Experiment_1_seed_42,2,0.05985845441482155,connected,mainstream
348,popular_1_exp_Experiment_1_seed_42,2,0.05107121381854033,connected,mainstream
101,popular_1_exp_Experiment_1_seed_42,2,0.051765024386302594,connected,mainstream
64,popular_1_exp_Experiment_1_seed_42,2,0.05365332501088114,connected,mainstream
360,popular_1_exp_Experiment_1_seed_42,2,0.05086898734362247,connected,mainstream
189,popular_1_exp_Experiment_1_seed_42,2,0.05964541345900137,connected,mainstream
78,popular_1_exp_Experiment_1_seed_42,2,0.05490920586616791,connected,mainstream
118,popular_1_exp_Experiment_1_seed_42,2,0.0506972454024792,connected,mainstream
380,popular_1_exp_Experiment_1_seed_42,2,0.05450519797586038,connected,mainstream
131,popular_1_exp_Experiment_1_seed_42,2,0.052346648657591366,connected,mainstream
188,popular_1_exp_Experiment_1_seed_42,2,0.05595949520944186,connected,mainstream
186,popular_1_exp_Experiment_1_seed_42,2,0.050013618150446054,connected,mainstream
441,popular_1_exp_Experiment_1_seed_42,2,0.05460254981805529,connected,mainstream
422,popular_1_exp_Experiment_1_seed_42,2,0.05638948707068068,connected,mainstream
233,popular_1_exp_Experiment_1_seed_42,2,0.052847480672133136,connected,mainstream
445,popular_1_exp_Experiment_1_seed_42,2,0.057344746606116076,connected,mainstream
400,popular_1_exp_Experiment_1_seed_42,2,0.060398661626528106,connected,mainstream
154,popular_1_exp_Experiment_1_seed_42,2,0.06880364576322338,connected,mainstream
50,popular_1_exp_Experiment_1_seed_42,2,0.013526595573484408,connected,niche
73,popular_1_exp_Experiment_1_seed_42,2,0.0664685947824236,connected,mainstream
156,popular_1_exp_Experiment_1_seed_42,2,0.0488297709732004,connected,mainstream
425,popular_1_exp_Experiment_1_seed_42,2,0.051265278269785004,connected,mainstream
308,popular_1_exp_Experiment_1_seed_42,2,0.07469407684933371,connected,mainstream
447,popular_1_exp_Experiment_1_seed_42,2,0.05553470142359226,connected,mainstream
423,popular_1_exp_Experiment_1_seed_42,2,0.04872670289551503,connected,mainstream
263,popular_1_exp_Experiment_1_seed_42,2,0.05069838386110608,connected,mainstream
324,popular_1_exp_Experiment_1_seed_42,2,0.05192953881516884,connected,mainstream
92,popular_1_exp_Experiment_1_seed_42,2,0.061325513870888526,connected,mainstream
413,popular_1_exp_Experiment_1_seed_42,2,0.05627141988761709,connected,mainstream
543,popular_1_exp_Experiment_1_seed_42,2,0.05810002139155188,connected,mainstream
38,popular_1_exp_Experiment_1_seed_42,2,0.02022089628151605,connected,niche
535,popular_1_exp_Experiment_1_seed_42,2,0.053088659583704484,connected,mainstream
411,popular_1_exp_Experiment_1_seed_42,2,0.055749181262391444,connected,mainstream
275,popular_1_exp_Experiment_1_seed_42,2,0.0535901289279219,connected,mainstream
501,popular_1_exp_Experiment_1_seed_42,2,0.05159976823483795,connected,mainstream
271,popular_1_exp_Experiment_1_seed_42,2,0.06573221868656937,connected,mainstream
368,popular_1_exp_Experiment_1_seed_42,2,0.04902695199535656,connected,mainstream
89,popular_1_exp_Experiment_1_seed_42,2,0.05011039481900595,connected,mainstream
358,popular_1_exp_Experiment_1_seed_42,2,0.0533471749627071,connected,mainstream
273,popular_1_exp_Experiment_1_seed_42,2,0.057692533974181226,connected,mainstream
346,popular_1_exp_Experiment_1_seed_42,2,0.05339661936517132,connected,mainstream
339,popular_1_exp_Experiment_1_seed_42,2,0.06798587804243666,connected,mainstream
106,popular_1_exp_Experiment_1_seed_42,2,0.05013193668271382,connected,mainstream
529,popular_1_exp_Experiment_1_seed_42,2,0.055959599373403585,connected,mainstream
100,popular_1_exp_Experiment_1_seed_42,2,0.062313484840624676,connected,mainstream
497,popular_1_exp_Experiment_1_seed_42,2,0.05539736741072956,connected,mainstream
67,popular_1_exp_Experiment_1_seed_42,2,0.06859066251604344,connected,mainstream
2,popular_1_exp_Experiment_1_seed_42,2,0.012483481367917567,connected,niche
185,popular_1_exp_Experiment_1_seed_42,2,0.0537917578746693,connected,mainstream
315,popular_1_exp_Experiment_1_seed_42,2,0.051140551690299,connected,mainstream
377,popular_1_exp_Experiment_1_seed_42,2,0.05134355896555413,connected,mainstream
503,popular_1_exp_Experiment_1_seed_42,2,0.060876624703133896,connected,mainstream
247,popular_1_exp_Experiment_1_seed_42,2,0.05733196484268303,connected,mainstream
448,popular_1_exp_Experiment_1_seed_42,2,0.050659194672098694,connected,mainstream
313,popular_1_exp_Experiment_1_seed_42,2,0.0714816655632491,connected,mainstream
279,popular_1_exp_Experiment_1_seed_42,2,0.05151552202148126,connected,mainstream
202,popular_1_exp_Experiment_1_seed_42,2,0.060115379325700914,connected,mainstream
337,popular_1_exp_Experiment_1_seed_42,2,0.06660930255774605,connected,mainstream
280,popular_1_exp_Experiment_1_seed_42,2,0.05863871087755704,connected,mainstream
426,popular_1_exp_Experiment_1_seed_42,2,0.060569566574375865,connected,mainstream
228,popular_1_exp_Experiment_1_seed_42,2,0.06263914246552899,connected,mainstream
474,popular_1_exp_Experiment_1_seed_42,2,0.05384360574611783,connected,mainstream
209,popular_1_exp_Experiment_1_seed_42,2,0.058829047890528514,connected,mainstream
523,popular_1_exp_Experiment_1_seed_42,2,0.06808553993384756,connected,mainstream
138,popular_1_exp_Experiment_1_seed_42,2,0.055281793627649685,connected,mainstream
421,popular_1_exp_Experiment_1_seed_42,2,0.06010455830285527,connected,mainstream
536,popular_1_exp_Experiment_1_seed_42,2,0.06965252512180573,connected,mainstream
68,popular_1_exp_Experiment_1_seed_42,2,0.05491272067706257,connected,mainstream
381,popular_1_exp_Experiment_1_seed_42,2,0.06111013852802851,connected,mainstream
163,popular_1_exp_Experiment_1_seed_42,2,0.06387953620537466,connected,mainstream
245,popular_1_exp_Experiment_1_seed_42,2,0.04984355757821899,connected,mainstream
359,popular_1_exp_Experiment_1_seed_42,2,0.05447971108339697,connected,mainstream
566,popular_1_exp_Experiment_1_seed_42,2,0.05156166564589789,connected,mainstream
289,popular_1_exp_Experiment_1_seed_42,2,0.04626097784566011,connected,mainstream
327,popular_1_exp_Experiment_1_seed_42,2,0.060032152954280764,connected,mainstream
351,popular_1_exp_Experiment_1_seed_42,2,0.05200061324357549,connected,mainstream
493,popular_1_exp_Experiment_1_seed_42,2,0.051616698611403194,connected,mainstream
546,popular_1_exp_Experiment_1_seed_42,2,0.054885986989967744,connected,mainstream
388,popular_1_exp_Experiment_1_seed_42,2,0.05213014011802527,connected,mainstream
583,popular_1_exp_Experiment_1_seed_42,2,0.05086146957563966,connected,mainstream
130,popular_1_exp_Experiment_1_seed_42,2,0.053981828735949755,connected,mainstream
161,popular_1_exp_Experiment_1_seed_42,2,0.06648447040285986,connected,mainstream
564,popular_1_exp_Experiment_1_seed_42,2,0.061324933775622814,connected,mainstream
389,popular_1_exp_Experiment_1_seed_42,2,0.0694790894601141,connected,mainstream
153,popular_1_exp_Experiment_1_seed_42,2,0.053527728858714214,connected,mainstream
95,popular_1_exp_Experiment_1_seed_42,2,0.055924017532113006,connected,mainstream
540,popular_1_exp_Experiment_1_seed_42,2,0.057998425806881304,connected,mainstream
255,popular_1_exp_Experiment_1_seed_42,2,0.05641870718409802,connected,mainstream
82,popular_1_exp_Experiment_1_seed_42,2,0.05264320997588495,connected,mainstream
481,popular_1_exp_Experiment_1_seed_42,2,0.05200592551999727,connected,mainstream
125,popular_1_exp_Experiment_1_seed_42,2,0.06672636307783113,connected,mainstream
37,popular_1_exp_Experiment_1_seed_42,2,0.014828487324411992,connected,niche
17,popular_1_exp_Experiment_1_seed_42,2,0.0225383079023907,connected,niche
335,popular_1_exp_Experiment_1_seed_42,2,0.05391144637041035,connected,mainstream
545,popular_1_exp_Experiment_1_seed_42,2,0.0572773467268258,connected,mainstream
18,popular_1_exp_Experiment_1_seed_42,2,0.014616367449998877,connected,niche
214,popular_1_exp_Experiment_1_seed_42,2,0.05512846210522446,connected,mainstream
443,popular_1_exp_Experiment_1_seed_42,2,0.049745783884378204,connected,mainstream
332,popular_1_exp_Experiment_1_seed_42,2,0.060429056268456495,connected,mainstream
558,popular_1_exp_Experiment_1_seed_42,2,0.05987656819159609,connected,mainstream
35,popular_1_exp_Experiment_1_seed_42,2,0.012839268327078402,connected,niche
246,popular_1_exp_Experiment_1_seed_42,2,0.04523153230784808,connected,mainstream
390,popular_1_exp_Experiment_1_seed_42,2,0.051352046779045306,connected,mainstream
33,popular_1_exp_Experiment_1_seed_42,2,0.016041435037213263,connected,niche
516,popular_1_exp_Experiment_1_seed_42,2,0.05793536299641986,connected,mainstream
568,popular_1_exp_Experiment_1_seed_42,2,0.05544147406923356,connected,mainstream
424,popular_1_exp_Experiment_1_seed_42,2,0.04884199297199199,connected,mainstream
198,popular_1_exp_Experiment_1_seed_42,2,0.05819728267421565,connected,mainstream
599,popular_1_exp_Experiment_1_seed_42,2,0.06598577373057805,connected,mainstream
491,popular_1_exp_Experiment_1_seed_42,2,0.06732849231467622,connected,mainstream
270,popular_1_exp_Experiment_1_seed_42,2,0.05349608027936046,connected,mainstream
294,popular_1_exp_Experiment_1_seed_42,2,0.04933770809183171,connected,mainstream
241,popular_1_exp_Experiment_1_seed_42,2,0.060008629714767704,connected,mainstream
412,popular_1_exp_Experiment_1_seed_42,2,0.06250072172085176,connected,mainstream
331,popular_1_exp_Experiment_1_seed_42,2,0.05890446782857573,connected,mainstream
340,popular_1_exp_Experiment_1_seed_42,2,0.05627025756808559,connected,mainstream
212,popular_1_exp_Experiment_1_seed_42,2,0.053126661609243314,connected,mainstream
134,popular_1_exp_Experiment_1_seed_42,2,0.05173591750616993,connected,mainstream
97,popular_1_exp_Experiment_1_seed_42,2,0.05575920847539895,connected,mainstream
258,popular_1_exp_Experiment_1_seed_42,2,0.0621135310177979,connected,mainstream
490,popular_1_exp_Experiment_1_seed_42,2,0.05401783173246127,connected,mainstream
90,popular_1_exp_Experiment_1_seed_42,2,0.07211239391217837,connected,mainstream
129,popular_1_exp_Experiment_1_seed_42,2,0.05085385032075516,connected,mainstream
301,popular_1_exp_Experiment_1_seed_42,2,0.053350675578985894,connected,mainstream
127,popular_1_exp_Experiment_1_seed_42,2,0.052742810003240465,connected,mainstream
475,popular_1_exp_Experiment_1_seed_42,2,0.05578696949835896,connected,mainstream
155,popular_1_exp_Experiment_1_seed_42,2,0.0510874199831553,connected,mainstream
72,popular_1_exp_Experiment_1_seed_42,2,0.06144877539135369,connected,mainstream
140,popular_1_exp_Experiment_1_seed_42,2,0.055204942203934515,connected,mainstream
450,popular_1_exp_Experiment_1_seed_42,2,0.04928696539208544,connected,mainstream
440,popular_1_exp_Experiment_1_seed_42,2,0.057884098520968284,connected,mainstream
537,popular_1_exp_Experiment_1_seed_42,2,0.0689620546544293,connected,mainstream
113,popular_1_exp_Experiment_1_seed_42,2,0.05454114671328123,connected,mainstream
235,popular_1_exp_Experiment_1_seed_42,2,0.07647550175798272,connected,mainstream
476,popular_1_exp_Experiment_1_seed_42,2,0.05362980499772658,connected,mainstream
406,popular_1_exp_Experiment_1_seed_42,2,0.050689923926657665,connected,mainstream
111,popular_1_exp_Experiment_1_seed_42,2,0.05060162118989619,connected,mainstream
80,popular_1_exp_Experiment_1_seed_42,2,0.05728012302475896,connected,mainstream
318,popular_1_exp_Experiment_1_seed_42,2,0.05208235483589136,connected,mainstream
391,popular_1_exp_Experiment_1_seed_42,2,0.06559065575207672,connected,mainstream
344,popular_1_exp_Experiment_1_seed_42,2,0.05655953070837825,connected,mainstream
121,popular_1_exp_Experiment_1_seed_42,2,0.05833204197707101,connected,mainstream
591,popular_1_exp_Experiment_1_seed_42,2,0.058422852901930965,connected,mainstream
551,popular_1_exp_Experiment_1_seed_42,2,0.05071544675809003,connected,mainstream
226,popular_1_exp_Experiment_1_seed_42,2,0.050281497929295836,connected,mainstream
467,popular_1_exp_Experiment_1_seed_42,2,0.06362550831330632,connected,mainstream
10,popular_1_exp_Experiment_1_seed_42,2,0.02609385074995633,connected,niche
532,popular_1_exp_Experiment_1_seed_42,2,0.05626345750633568,connected,mainstream
75,popular_1_exp_Experiment_1_seed_42,2,0.04776175178713884,connected,mainstream
211,popular_1_exp_Experiment_1_seed_42,2,0.05516231001443047,connected,mainstream
250,popular_1_exp_Experiment_1_seed_42,2,0.05649153325270093,connected,mainstream
403,popular_1_exp_Experiment_1_seed_42,2,0.0615057903392231,connected,mainstream
562,popular_1_exp_Experiment_1_seed_42,2,0.05364716830583438,connected,mainstream
525,popular_1_exp_Experiment_1_seed_42,2,0.06890245854490763,connected,mainstream
86,popular_1_exp_Experiment_1_seed_42,2,0.051475172186040315,connected,mainstream
365,popular_1_exp_Experiment_1_seed_42,2,0.07738855789739818,connected,mainstream
571,popular_1_exp_Experiment_1_seed_42,2,0.05874568349912911,connected,mainstream
266,popular_1_exp_Experiment_1_seed_42,2,0.04996462390097137,connected,mainstream
542,popular_1_exp_Experiment_1_seed_42,2,0.05040145130715292,connected,mainstream
396,popular_1_exp_Experiment_1_seed_42,2,0.048724873802608044,connected,mainstream
225,popular_1_exp_Experiment_1_seed_42,2,0.05638835844120125,connected,mainstream
230,popular_1_exp_Experiment_1_seed_42,2,0.05433512670708279,connected,mainstream
434,popular_1_exp_Experiment_1_seed_42,2,0.05769196103605878,connected,mainstream
174,popular_1_exp_Experiment_1_seed_42,2,0.06104277795587678,connected,mainstream
322,popular_1_exp_Experiment_1_seed_42,2,0.05135325227770544,connected,mainstream
311,popular_1_exp_Experiment_1_seed_42,2,0.06289339636347431,connected,mainstream
36,popular_1_exp_Experiment_1_seed_42,2,0.020055351884443223,connected,niche
307,popular_1_exp_Experiment_1_seed_42,2,0.06672787867603745,connected,mainstream
261,popular_1_exp_Experiment_1_seed_42,2,0.05550132274060835,connected,mainstream
184,popular_1_exp_Experiment_1_seed_42,2,0.050850783281893,connected,mainstream
329,popular_1_exp_Experiment_1_seed_42,2,0.06152364581732501,connected,mainstream
477,popular_1_exp_Experiment_1_seed_42,2,0.044544890438928196,connected,mainstream
342,popular_1_exp_Experiment_1_seed_42,2,0.05138458415042279,connected,mainstream
596,popular_1_exp_Experiment_1_seed_42,2,0.056839874448188464,connected,mainstream
372,popular_1_exp_Experiment_1_seed_42,2,0.05063962280865283,connected,mainstream
325,popular_1_exp_Experiment_1_seed_42,2,0.04879915129248749,connected,mainstream
6,popular_1_exp_Experiment_1_seed_42,2,0.022409298391203314,connected,niche
170,popular_1_exp_Experiment_1_seed_42,2,0.06515915612514293,connected,mainstream
194,popular_1_exp_Experiment_1_seed_42,2,0.05131146742070768,connected,mainstream
567,popular_1_exp_Experiment_1_seed_42,2,0.05564919328111798,connected,mainstream
417,popular_1_exp_Experiment_1_seed_42,2,0.06554695549159166,connected,mainstream
160,popular_1_exp_Experiment_1_seed_42,2,0.04873930962347378,connected,mainstream
158,popular_1_exp_Experiment_1_seed_42,2,0.06458031523694518,connected,mainstream
541,popular_1_exp_Experiment_1_seed_42,2,0.06914789346800636,connected,mainstream
137,popular_1_exp_Experiment_1_seed_42,2,0.04820980395177773,connected,mainstream
528,popular_1_exp_Experiment_1_seed_42,2,0.05314688078895217,connected,mainstream
84,popular_1_exp_Experiment_1_seed_42,2,0.05662489253122329,connected,mainstream
13,popular_1_exp_Experiment_1_seed_42,2,0.030523737444342586,connected,niche
361,popular_1_exp_Experiment_1_seed_42,2,0.05143888837051164,connected,mainstream
418,popular_1_exp_Experiment_1_seed_42,2,0.05442425020410344,connected,mainstream
58,popular_1_exp_Experiment_1_seed_42,2,0.025136847223099487,connected,niche
124,popular_1_exp_Experiment_1_seed_42,2,0.056479217523202556,connected,mainstream
115,popular_1_exp_Experiment_1_seed_42,2,0.05682480369830704,connected,mainstream
349,popular_1_exp_Experiment_1_seed_42,2,0.053821662018599115,connected,mainstream
8,popular_1_exp_Experiment_1_seed_42,2,0.0188065101117831,connected,niche
487,popular_1_exp_Experiment_1_seed_42,2,0.06141362120153077,connected,mainstream
102,popular_1_exp_Experiment_1_seed_42,2,0.048879069545012456,connected,mainstream
483,popular_1_exp_Experiment_1_seed_42,2,0.05406051173564039,connected,mainstream
352,popular_1_exp_Experiment_1_seed_42,2,0.05911739631222048,connected,mainstream
500,popular_1_exp_Experiment_1_seed_42,2,0.05053850359685586,connected,mainstream
20,popular_1_exp_Experiment_1_seed_42,2,0.015395085940614223,connected,niche
19,popular_1_exp_Experiment_1_seed_42,2,0.015603870903986234,connected,niche
242,popular_1_exp_Experiment_1_seed_42,2,0.06413784032916763,connected,mainstream
267,popular_1_exp_Experiment_1_seed_42,2,0.053959723168942826,connected,mainstream
128,popular_1_exp_Experiment_1_seed_42,2,0.05348255768997664,connected,mainstream
208,popular_1_exp_Experiment_1_seed_42,2,0.059431997526168324,connected,mainstream
109,popular_1_exp_Experiment_1_seed_42,2,0.052421625995566434,connected,mainstream
27,popular_1_exp_Experiment_1_seed_42,2,0.01974139981035818,connected,niche
70,popular_1_exp_Experiment_1_seed_42,2,0.0605490448365734,connected,mainstream
45,popular_1_exp_Experiment_1_seed_42,2,0.018209781571138523,connected,niche
173,popular_1_exp_Experiment_1_seed_42,2,0.05693624162370012,connected,mainstream
43,popular_1_exp_Experiment_1_seed_42,2,0.027630285873519612,connected,niche
48,popular_1_exp_Experiment_1_seed_42,2,0.01866176915736319,connected,niche
85,popular_1_exp_Experiment_1_seed_42,2,0.04803037503679645,connected,mainstream
164,popular_1_exp_Experiment_1_seed_42,2,0.04713896162706399,connected,mainstream
251,popular_1_exp_Experiment_1_seed_42,2,0.04566965929047001,connected,mainstream
310,popular_1_exp_Experiment_1_seed_42,2,0.05277341151978765,connected,mainstream
504,popular_1_exp_Experiment_1_seed_42,3,0.049540085786569904,connected,mainstream
66,popular_1_exp_Experiment_1_seed_42,3,0.049545991278861785,connected,mainstream
192,popular_1_exp_Experiment_1_seed_42,3,0.05878097537142029,connected,mainstream
557,popular_1_exp_Experiment_1_seed_42,3,0.051785562904323255,connected,mainstream
29,popular_1_exp_Experiment_1_seed_42,3,0.016680735659566685,connected,niche
122,popular_1_exp_Experiment_1_seed_42,3,0.05199561689776202,connected,mainstream
88,popular_1_exp_Experiment_1_seed_42,3,0.05027443224838024,connected,mainstream
55,popular_1_exp_Experiment_1_seed_42,3,0.016817907444265413,connected,niche
312,popular_1_exp_Experiment_1_seed_42,3,0.05095829877834148,connected,mainstream
399,popular_1_exp_Experiment_1_seed_42,3,0.04536050914752774,connected,mainstream
531,popular_1_exp_Experiment_1_seed_42,3,0.06750486186225862,connected,mainstream
213,popular_1_exp_Experiment_1_seed_42,3,0.06339366968395045,connected,mainstream
243,popular_1_exp_Experiment_1_seed_42,3,0.04957814473150549,connected,mainstream
544,popular_1_exp_Experiment_1_seed_42,3,0.06846986170113291,connected,mainstream
252,popular_1_exp_Experiment_1_seed_42,3,0.0692208534797049,connected,mainstream
265,popular_1_exp_Experiment_1_seed_42,3,0.07377755348483835,connected,mainstream
374,popular_1_exp_Experiment_1_seed_42,3,0.0545895789093452,connected,mainstream
190,popular_1_exp_Experiment_1_seed_42,3,0.053725830092797806,connected,mainstream
573,popular_1_exp_Experiment_1_seed_42,3,0.06079787943650269,connected,mainstream
367,popular_1_exp_Experiment_1_seed_42,3,0.055981034942567766,connected,mainstream
253,popular_1_exp_Experiment_1_seed_42,3,0.054515443310598766,connected,mainstream
217,popular_1_exp_Experiment_1_seed_42,3,0.05297389267394293,connected,mainstream
515,popular_1_exp_Experiment_1_seed_42,3,0.05500517799111179,connected,mainstream
24,popular_1_exp_Experiment_1_seed_42,3,0.01522002927955818,connected,niche
149,popular_1_exp_Experiment_1_seed_42,3,0.05723384025990821,connected,mainstream
28,popular_1_exp_Experiment_1_seed_42,3,0.01872089104573967,connected,niche
260,popular_1_exp_Experiment_1_seed_42,3,0.052417838093075285,connected,mainstream
444,popular_1_exp_Experiment_1_seed_42,3,0.06726337923463051,connected,mainstream
559,popular_1_exp_Experiment_1_seed_42,3,0.05748483230236279,connected,mainstream
350,popular_1_exp_Experiment_1_seed_42,3,0.05590191466729569,connected,mainstream
409,popular_1_exp_Experiment_1_seed_42,3,0.057206321327016536,connected,mainstream
378,popular_1_exp_Experiment_1_seed_42,3,0.052482533713744645,connected,mainstream
570,popular_1_exp_Experiment_1_seed_42,3,0.05388016307686844,connected,mainstream
489,popular_1_exp_Experiment_1_seed_42,3,0.04913926226743059,connected,mainstream
363,popular_1_exp_Experiment_1_seed_42,3,0.05236681481456632,connected,mainstream
200,popular_1_exp_Experiment_1_seed_42,3,0.06300743144776448,connected,mainstream
119,popular_1_exp_Experiment_1_seed_42,3,0.06607397011436027,connected,mainstream
495,popular_1_exp_Experiment_1_seed_42,3,0.06571126764078922,connected,mainstream
498,popular_1_exp_Experiment_1_seed_42,3,0.04967641942831891,connected,mainstream
135,popular_1_exp_Experiment_1_seed_42,3,0.050925344040691385,connected,mainstream
104,popular_1_exp_Experiment_1_seed_42,3,0.06133071926387029,connected,mainstream
449,popular_1_exp_Experiment_1_seed_42,3,0.05835997230185968,connected,mainstream
355,popular_1_exp_Experiment_1_seed_42,3,0.049303428870254136,connected,mainstream
264,popular_1_exp_Experiment_1_seed_42,3,0.057498304985106864,connected,mainstream
69,popular_1_exp_Experiment_1_seed_42,3,0.05384197846334134,connected,mainstream
74,popular_1_exp_Experiment_1_seed_42,3,0.05363525967060633,connected,mainstream
469,popular_1_exp_Experiment_1_seed_42,3,0.05057369104394005,connected,mainstream
438,popular_1_exp_Experiment_1_seed_42,3,0.06030433684859229,connected,mainstream
277,popular_1_exp_Experiment_1_seed_42,3,0.06089639896997084,connected,mainstream
429,popular_1_exp_Experiment_1_seed_42,3,0.05825078247269185,connected,mainstream
589,popular_1_exp_Experiment_1_seed_42,3,0.05324863382942365,connected,mainstream
215,popular_1_exp_Experiment_1_seed_42,3,0.058556607345018226,connected,mainstream
598,popular_1_exp_Experiment_1_seed_42,3,0.054784207317829764,connected,mainstream
107,popular_1_exp_Experiment_1_seed_42,3,0.05100297296206812,connected,mainstream
256,popular_1_exp_Experiment_1_seed_42,3,0.07083204823710197,connected,mainstream
197,popular_1_exp_Experiment_1_seed_42,3,0.052766340541700395,connected,mainstream
465,popular_1_exp_Experiment_1_seed_42,3,0.06691087885226907,connected,mainstream
593,popular_1_exp_Experiment_1_seed_42,3,0.07401202010595595,connected,mainstream
304,popular_1_exp_Experiment_1_seed_42,3,0.07299829835147309,connected,mainstream
428,popular_1_exp_Experiment_1_seed_42,3,0.05304305462974584,connected,mainstream
287,popular_1_exp_Experiment_1_seed_42,3,0.06563076234421074,connected,mainstream
354,popular_1_exp_Experiment_1_seed_42,3,0.05209045877531641,connected,mainstream
519,popular_1_exp_Experiment_1_seed_42,3,0.05479139578251813,connected,mainstream
23,popular_1_exp_Experiment_1_seed_42,3,0.03364408663464462,connected,niche
303,popular_1_exp_Experiment_1_seed_42,3,0.05116501958381761,connected,mainstream
460,popular_1_exp_Experiment_1_seed_42,3,0.05160720410537926,connected,mainstream
392,popular_1_exp_Experiment_1_seed_42,3,0.05418133615047787,connected,mainstream
427,popular_1_exp_Experiment_1_seed_42,3,0.06137514443155078,connected,mainstream
319,popular_1_exp_Experiment_1_seed_42,3,0.06399306343187056,connected,mainstream
420,popular_1_exp_Experiment_1_seed_42,3,0.05873996056946934,connected,mainstream
408,popular_1_exp_Experiment_1_seed_42,3,0.05029367438567906,connected,mainstream
76,popular_1_exp_Experiment_1_seed_42,3,0.0637821025444009,connected,mainstream
398,popular_1_exp_Experiment_1_seed_42,3,0.06071663580900316,connected,mainstream
343,popular_1_exp_Experiment_1_seed_42,3,0.06004445279375794,connected,mainstream
62,popular_1_exp_Experiment_1_seed_42,3,0.06420182692163785,connected,mainstream
259,popular_1_exp_Experiment_1_seed_42,3,0.05435804207105462,connected,mainstream
177,popular_1_exp_Experiment_1_seed_42,3,0.057263964455440915,connected,mainstream
31,popular_1_exp_Experiment_1_seed_42,3,0.026041769502139617,connected,niche
435,popular_1_exp_Experiment_1_seed_42,3,0.061990234995364886,connected,mainstream
224,popular_1_exp_Experiment_1_seed_42,3,0.05315276076924689,connected,mainstream
314,popular_1_exp_Experiment_1_seed_42,3,0.05097670074032808,connected,mainstream
384,popular_1_exp_Experiment_1_seed_42,3,0.05490610989086211,connected,mainstream
575,popular_1_exp_Experiment_1_seed_42,3,0.054481460586456164,connected,mainstream
507,popular_1_exp_Experiment_1_seed_42,3,0.06524239603047245,connected,mainstream
116,popular_1_exp_Experiment_1_seed_42,3,0.0504816557199344,connected,mainstream
453,popular_1_exp_Experiment_1_seed_42,3,0.05736256244414545,connected,mainstream
338,popular_1_exp_Experiment_1_seed_42,3,0.06355105548731294,connected,mainstream
231,popular_1_exp_Experiment_1_seed_42,3,0.06607333075730354,connected,mainstream
505,popular_1_exp_Experiment_1_seed_42,3,0.06057405379993267,connected,mainstream
196,popular_1_exp_Experiment_1_seed_42,3,0.06102103243979049,connected,mainstream
201,popular_1_exp_Experiment_1_seed_42,3,0.06032788390140666,connected,mainstream
60,popular_1_exp_Experiment_1_seed_42,3,0.056816042323448425,connected,mainstream
181,popular_1_exp_Experiment_1_seed_42,3,0.05846101012301148,connected,mainstream
0,popular_1_exp_Experiment_1_seed_42,3,0.031036913322490155,connected,niche
496,popular_1_exp_Experiment_1_seed_42,3,0.051602937272774686,connected,mainstream
236,popular_1_exp_Experiment_1_seed_42,3,0.06431129831891057,connected,mainstream
276,popular_1_exp_Experiment_1_seed_42,3,0.055404915332866546,connected,mainstream
291,popular_1_exp_Experiment_1_seed_42,3,0.06255708708854746,connected,mainstream
191,popular_1_exp_Experiment_1_seed_42,3,0.06677217917022722,connected,mainstream
5,popular_1_exp_Experiment_1_seed_42,3,0.015323765160172842,connected,niche
561,popular_1_exp_Experiment_1_seed_42,3,0.0858560790973849,connected,mainstream
371,popular_1_exp_Experiment_1_seed_42,3,0.05061443858422749,connected,mainstream
269,popular_1_exp_Experiment_1_seed_42,3,0.04678951674893469,connected,mainstream
373,popular_1_exp_Experiment_1_seed_42,3,0.06226860372372934,connected,mainstream
480,popular_1_exp_Experiment_1_seed_42,3,0.058796168741086584,connected,mainstream
485,popular_1_exp_Experiment_1_seed_42,3,0.05320327560308311,connected,mainstream
586,popular_1_exp_Experiment_1_seed_42,3,0.0549906675247459,connected,mainstream
9,popular_1_exp_Experiment_1_seed_42,3,0.017936997159517337,connected,niche
587,popular_1_exp_Experiment_1_seed_42,3,0.054678141702214626,connected,mainstream
207,popular_1_exp_Experiment_1_seed_42,3,0.07403972405455281,connected,mainstream
159,popular_1_exp_Experiment_1_seed_42,3,0.05321564008863957,connected,mainstream
286,popular_1_exp_Experiment_1_seed_42,3,0.0617898986381557,connected,mainstream
175,popular_1_exp_Experiment_1_seed_42,3,0.04927153437726719,connected,mainstream
290,popular_1_exp_Experiment_1_seed_42,3,0.04914859671489436,connected,mainstream
25,popular_1_exp_Experiment_1_seed_42,3,0.03049954729505393,connected,niche
486,popular_1_exp_Experiment_1_seed_42,3,0.05762800631272711,connected,mainstream
262,popular_1_exp_Experiment_1_seed_42,3,0.04997537023675556,connected,mainstream
526,popular_1_exp_Experiment_1_seed_42,3,0.05718567133097873,connected,mainstream
341,popular_1_exp_Experiment_1_seed_42,3,0.054915309280147075,connected,mainstream
302,popular_1_exp_Experiment_1_seed_42,3,0.05848551230779422,connected,mainstream
229,popular_1_exp_Experiment_1_seed_42,3,0.061487087056479046,connected,mainstream
91,popular_1_exp_Experiment_1_seed_42,3,0.05700268642971742,connected,mainstream
182,popular_1_exp_Experiment_1_seed_42,3,0.06638966151641139,connected,mainstream
316,popular_1_exp_Experiment_1_seed_42,3,0.053469465994929626,connected,mainstream
87,popular_1_exp_Experiment_1_seed_42,3,0.05530840208535521,connected,mainstream
464,popular_1_exp_Experiment_1_seed_42,3,0.04991459153744914,connected,mainstream
574,popular_1_exp_Experiment_1_seed_42,3,0.05776213605848468,connected,mainstream
321,popular_1_exp_Experiment_1_seed_42,3,0.06417071140414606,connected,mainstream
521,popular_1_exp_Experiment_1_seed_42,3,0.05529879636312248,connected,mainstream
362,popular_1_exp_Experiment_1_seed_42,3,0.05265532651516162,connected,mainstream
456,popular_1_exp_Experiment_1_seed_42,3,0.058754543472753835,connected,mainstream
56,popular_1_exp_Experiment_1_seed_42,3,0.022620473136927555,connected,niche
288,popular_1_exp_Experiment_1_seed_42,3,0.06521205310564808,connected,mainstream
414,popular_1_exp_Experiment_1_seed_42,3,0.0699611757383566,connected,mainstream
7,popular_1_exp_Experiment_1_seed_42,3,0.02806388366825278,connected,niche
157,popular_1_exp_Experiment_1_seed_42,3,0.05248958249456021,connected,mainstream
539,popular_1_exp_Experiment_1_seed_42,3,0.0532698651211607,connected,mainstream
94,popular_1_exp_Experiment_1_seed_42,3,0.05202677733337596,connected,mainstream
16,popular_1_exp_Experiment_1_seed_42,3,0.028578497179656288,connected,niche
405,popular_1_exp_Experiment_1_seed_42,3,0.05688329588373667,connected,mainstream
430,popular_1_exp_Experiment_1_seed_42,3,0.07839675552301746,connected,mainstream
482,popular_1_exp_Experiment_1_seed_42,3,0.05082297035117537,connected,mainstream
451,popular_1_exp_Experiment_1_seed_42,3,0.05023877986438521,connected,mainstream
401,popular_1_exp_Experiment_1_seed_42,3,0.050676028473876165,connected,mainstream
579,popular_1_exp_Experiment_1_seed_42,3,0.05794841406113759,connected,mainstream
205,popular_1_exp_Experiment_1_seed_42,3,0.06526783237827914,connected,mainstream
513,popular_1_exp_Experiment_1_seed_42,3,0.0696543046240275,connected,mainstream
166,popular_1_exp_Experiment_1_seed_42,3,0.05948376606247921,connected,mainstream
512,popular_1_exp_Experiment_1_seed_42,3,0.052638786505356645,connected,mainstream
582,popular_1_exp_Experiment_1_seed_42,3,0.08427805359292322,connected,mainstream
257,popular_1_exp_Experiment_1_seed_42,3,0.05170507835865362,connected,mainstream
187,popular_1_exp_Experiment_1_seed_42,3,0.04930635424433124,connected,mainstream
93,popular_1_exp_Experiment_1_seed_42,3,0.054603167815225756,connected,mainstream
357,popular_1_exp_Experiment_1_seed_42,3,0.0557357529648726,connected,mainstream
65,popular_1_exp_Experiment_1_seed_42,3,0.06806541562621504,connected,mainstream
383,popular_1_exp_Experiment_1_seed_42,3,0.05264147156754575,connected,mainstream
572,popular_1_exp_Experiment_1_seed_42,3,0.07138412328271261,connected,mainstream
306,popular_1_exp_Experiment_1_seed_42,3,0.06285955046145106,connected,mainstream
238,popular_1_exp_Experiment_1_seed_42,3,0.05830767715002879,connected,mainstream
387,popular_1_exp_Experiment_1_seed_42,3,0.05177478489518167,connected,mainstream
548,popular_1_exp_Experiment_1_seed_42,3,0.056868469536057786,connected,mainstream
206,popular_1_exp_Experiment_1_seed_42,3,0.06207846539123926,connected,mainstream
517,popular_1_exp_Experiment_1_seed_42,3,0.06608511591390533,connected,mainstream
40,popular_1_exp_Experiment_1_seed_42,3,0.019367297614336067,connected,niche
436,popular_1_exp_Experiment_1_seed_42,3,0.059397078740422854,connected,mainstream
272,popular_1_exp_Experiment_1_seed_42,3,0.05016077677750506,connected,mainstream
195,popular_1_exp_Experiment_1_seed_42,3,0.05415977214388303,connected,mainstream
554,popular_1_exp_Experiment_1_seed_42,3,0.053343447847505915,connected,mainstream
152,popular_1_exp_Experiment_1_seed_42,3,0.06160418182542935,connected,mainstream
577,popular_1_exp_Experiment_1_seed_42,3,0.052736699572358776,connected,mainstream
439,popular_1_exp_Experiment_1_seed_42,3,0.06572118378715107,connected,mainstream
145,popular_1_exp_Experiment_1_seed_42,3,0.05842183514792376,connected,mainstream
57,popular_1_exp_Experiment_1_seed_42,3,0.01612432213043168,connected,niche
369,popular_1_exp_Experiment_1_seed_42,3,0.051381880796432446,connected,mainstream
142,popular_1_exp_Experiment_1_seed_42,3,0.06334547629901244,connected,mainstream
96,popular_1_exp_Experiment_1_seed_42,3,0.05303074205286636,connected,mainstream
353,popular_1_exp_Experiment_1_seed_42,3,0.0505727505753758,connected,mainstream
292,popular_1_exp_Experiment_1_seed_42,3,0.05671815945732531,connected,mainstream
168,popular_1_exp_Experiment_1_seed_42,3,0.06230013599968633,connected,mainstream
218,popular_1_exp_Experiment_1_seed_42,3,0.051204228373991335,connected,mainstream
419,popular_1_exp_Experiment_1_seed_42,3,0.051682838636186314,connected,mainstream
317,popular_1_exp_Experiment_1_seed_42,3,0.05449198014545975,connected,mainstream
150,popular_1_exp_Experiment_1_seed_42,3,0.051746343310264044,connected,mainstream
123,popular_1_exp_Experiment_1_seed_42,3,0.06085096069357406,connected,mainstream
364,popular_1_exp_Experiment_1_seed_42,3,0.051505496094116476,connected,mainstream
382,popular_1_exp_Experiment_1_seed_42,3,0.052185412572798566,connected,mainstream
114,popular_1_exp_Experiment_1_seed_42,3,0.05078676443414046,connected,mainstream
549,popular_1_exp_Experiment_1_seed_42,3,0.06319500270230144,connected,mainstream
148,popular_1_exp_Experiment_1_seed_42,3,0.05837460387484061,connected,mainstream
305,popular_1_exp_Experiment_1_seed_42,3,0.05939231453835763,connected,mainstream
370,popular_1_exp_Experiment_1_seed_42,3,0.05227826112849989,connected,mainstream
550,popular_1_exp_Experiment_1_seed_42,3,0.05018359899857696,connected,mainstream
110,popular_1_exp_Experiment_1_seed_42,3,0.056384306414918796,connected,mainstream
63,popular_1_exp_Experiment_1_seed_42,3,0.0642691345130486,connected,mainstream
492,popular_1_exp_Experiment_1_seed_42,3,0.052708627415423696,connected,mainstream
553,popular_1_exp_Experiment_1_seed_42,3,0.05433020074488737,connected,mainstream
47,popular_1_exp_Experiment_1_seed_42,3,0.01813671317259405,connected,niche
330,popular_1_exp_Experiment_1_seed_42,3,0.05720061361031644,connected,mainstream
176,popular_1_exp_Experiment_1_seed_42,3,0.05451087861349241,connected,mainstream
356,popular_1_exp_Experiment_1_seed_42,3,0.05349097252313545,connected,mainstream
407,popular_1_exp_Experiment_1_seed_42,3,0.05100329276083391,connected,mainstream
394,popular_1_exp_Experiment_1_seed_42,3,0.060912885740668804,connected,mainstream
458,popular_1_exp_Experiment_1_seed_42,3,0.060578866068803396,connected,mainstream
22,popular_1_exp_Experiment_1_seed_42,3,0.02171650669934091,connected,niche
395,popular_1_exp_Experiment_1_seed_42,3,0.05572245397202329,connected,mainstream
239,popular_1_exp_Experiment_1_seed_42,3,0.05338270712122012,connected,mainstream
234,popular_1_exp_Experiment_1_seed_42,3,0.05946442234215338,connected,mainstream
53,popular_1_exp_Experiment_1_seed_42,3,0.02158646430987728,connected,niche
98,popular_1_exp_Experiment_1_seed_42,3,0.0558353930108034,connected,mainstream
232,popular_1_exp_Experiment_1_seed_42,3,0.052201471477491906,connected,mainstream
178,popular_1_exp_Experiment_1_seed_42,3,0.04965898236613767,connected,mainstream
162,popular_1_exp_Experiment_1_seed_42,3,0.055331662778181245,connected,mainstream
479,popular_1_exp_Experiment_1_seed_42,3,0.05534744194666721,connected,mainstream
385,popular_1_exp_Experiment_1_seed_42,3,0.04866847797511836,connected,mainstream
462,popular_1_exp_Experiment_1_seed_42,3,0.04983320153397248,connected,mainstream
328,popular_1_exp_Experiment_1_seed_42,3,0.048980730910742544,connected,mainstream
506,popular_1_exp_Experiment_1_seed_42,3,0.05194034153847326,connected,mainstream
299,popular_1_exp_Experiment_1_seed_42,3,0.05579830192187124,connected,mainstream
167,popular_1_exp_Experiment_1_seed_42,3,0.06144727304065592,connected,mainstream
386,popular_1_exp_Experiment_1_seed_42,3,0.054658492442108804,connected,mainstream
522,popular_1_exp_Experiment_1_seed_42,3,0.055577719262460794,connected,mainstream
26,popular_1_exp_Experiment_1_seed_42,3,0.03214344838010146,connected,niche
183,popular_1_exp_Experiment_1_seed_42,3,0.0496416029326776,connected,mainstream
320,popular_1_exp_Experiment_1_seed_42,3,0.06784822145204249,connected,mainstream
172,popular_1_exp_Experiment_1_seed_42,3,0.06605572977909596,connected,mainstream
103,popular_1_exp_Experiment_1_seed_42,3,0.05141307691485606,connected,mainstream
203,popular_1_exp_Experiment_1_seed_42,3,0.05421057582974969,connected,mainstream
333,popular_1_exp_Experiment_1_seed_42,3,0.061017222829797234,connected,mainstream
347,popular_1_exp_Experiment_1_seed_42,3,0.05530685487324558,connected,mainstream
249,popular_1_exp_Experiment_1_seed_42,3,0.06246235009389834,connected,mainstream
274,popular_1_exp_Experiment_1_seed_42,3,0.07249047551642335,connected,mainstream
14,popular_1_exp_Experiment_1_seed_42,3,0.012626391931028958,connected,niche
300,popular_1_exp_Experiment_1_seed_42,3,0.05182226513155717,connected,mainstream
223,popular_1_exp_Experiment_1_seed_42,3,0.05666825749808536,connected,mainstream
502,popular_1_exp_Experiment_1_seed_42,3,0.05409105894458257,connected,mainstream
193,popular_1_exp_Experiment_1_seed_42,3,0.06271367520124817,connected,mainstream
285,popular_1_exp_Experiment_1_seed_42,3,0.05814284903360222,connected,mainstream
404,popular_1_exp_Experiment_1_seed_42,3,0.05958714043788691,connected,mainstream
533,popular_1_exp_Experiment_1_seed_42,3,0.05539083838675643,connected,mainstream
112,popular_1_exp_Experiment_1_seed_42,3,0.05105048939747938,connected,mainstream
284,popular_1_exp_Experiment_1_seed_42,3,0.07690565858121093,connected,mainstream
108,popular_1_exp_Experiment_1_seed_42,3,0.05531734654880094,connected,mainstream
345,popular_1_exp_Experiment_1_seed_42,3,0.05555080342959682,connected,mainstream
415,popular_1_exp_Experiment_1_seed_42,3,0.05747516622277088,connected,mainstream
220,popular_1_exp_Experiment_1_seed_42,3,0.04878874271190218,connected,mainstream
366,popular_1_exp_Experiment_1_seed_42,3,0.05412387571389465,connected,mainstream
222,popular_1_exp_Experiment_1_seed_42,3,0.05249242665239114,connected,mainstream
139,popular_1_exp_Experiment_1_seed_42,3,0.05739492916044776,connected,mainstream
463,popular_1_exp_Experiment_1_seed_42,3,0.05206138099085599,connected,mainstream
41,popular_1_exp_Experiment_1_seed_42,3,0.022930787228820863,connected,niche
83,popular_1_exp_Experiment_1_seed_42,3,0.053168032932330245,connected,mainstream
590,popular_1_exp_Experiment_1_seed_42,3,0.05249621388816436,connected,mainstream
470,popular_1_exp_Experiment_1_seed_42,3,0.052936834820134136,connected,mainstream
268,popular_1_exp_Experiment_1_seed_42,3,0.05418874209316926,connected,mainstream
530,popular_1_exp_Experiment_1_seed_42,3,0.05310472205877722,connected,mainstream
180,popular_1_exp_Experiment_1_seed_42,3,0.05930159930374784,connected,mainstream
468,popular_1_exp_Experiment_1_seed_42,3,0.060458269764676685,connected,mainstream
77,popular_1_exp_Experiment_1_seed_42,3,0.05535665030198281,connected,mainstream
563,popular_1_exp_Experiment_1_seed_42,3,0.05737371990747911,connected,mainstream
588,popular_1_exp_Experiment_1_seed_42,3,0.05610740468297933,connected,mainstream
454,popular_1_exp_Experiment_1_seed_42,3,0.05525798177785035,connected,mainstream
295,popular_1_exp_Experiment_1_seed_42,3,0.0565425264015083,connected,mainstream
478,popular_1_exp_Experiment_1_seed_42,3,0.05476060933464297,connected,mainstream
565,popular_1_exp_Experiment_1_seed_42,3,0.050711519389764204,connected,mainstream
144,popular_1_exp_Experiment_1_seed_42,3,0.05783988748280775,connected,mainstream
581,popular_1_exp_Experiment_1_seed_42,3,0.05092614016891115,connected,mainstream
39,popular_1_exp_Experiment_1_seed_42,3,0.01513162603571276,connected,niche
510,popular_1_exp_Experiment_1_seed_42,3,0.06630029153076085,connected,mainstream
431,popular_1_exp_Experiment_1_seed_42,3,0.05165144560358818,connected,mainstream
71,popular_1_exp_Experiment_1_seed_42,3,0.05116560975995518,connected,mainstream
99,popular_1_exp_Experiment_1_seed_42,3,0.06581082470631165,connected,mainstream
584,popular_1_exp_Experiment_1_seed_42,3,0.06545808452398329,connected,mainstream
42,popular_1_exp_Experiment_1_seed_42,3,0.02589419695156625,connected,niche
538,popular_1_exp_Experiment_1_seed_42,3,0.05093320425947986,connected,mainstream
592,popular_1_exp_Experiment_1_seed_42,3,0.06001253568818419,connected,mainstream
117,popular_1_exp_Experiment_1_seed_42,3,0.05439424284471495,connected,mainstream
151,popular_1_exp_Experiment_1_seed_42,3,0.051526605568065015,connected,mainstream
3,popular_1_exp_Experiment_1_seed_42,3,0.01886109919042051,connected,niche
433,popular_1_exp_Experiment_1_seed_42,3,0.05799947393055902,connected,mainstream
237,popular_1_exp_Experiment_1_seed_42,3,0.050977623912975174,connected,mainstream
580,popular_1_exp_Experiment_1_seed_42,3,0.06190995214459499,connected,mainstream
555,popular_1_exp_Experiment_1_seed_42,3,0.05663372371800427,connected,mainstream
511,popular_1_exp_Experiment_1_seed_42,3,0.05661903222103635,connected,mainstream
171,popular_1_exp_Experiment_1_seed_42,3,0.05632846833940025,connected,mainstream
30,popular_1_exp_Experiment_1_seed_42,3,0.01607655147044994,connected,niche
46,popular_1_exp_Experiment_1_seed_42,3,0.020476775645794972,connected,niche
227,popular_1_exp_Experiment_1_seed_42,3,0.051513841719422616,connected,mainstream
459,popular_1_exp_Experiment_1_seed_42,3,0.05388679639204286,connected,mainstream
534,popular_1_exp_Experiment_1_seed_42,3,0.05387874165621561,connected,mainstream
293,popular_1_exp_Experiment_1_seed_42,3,0.06663381545518629,connected,mainstream
520,popular_1_exp_Experiment_1_seed_42,3,0.05064751416782189,connected,mainstream
494,popular_1_exp_Experiment_1_seed_42,3,0.05430590434731455,connected,mainstream
379,popular_1_exp_Experiment_1_seed_42,3,0.05754721085899996,connected,mainstream
282,popular_1_exp_Experiment_1_seed_42,3,0.05462213035916952,connected,mainstream
240,popular_1_exp_Experiment_1_seed_42,3,0.05538728209020455,connected,mainstream
323,popular_1_exp_Experiment_1_seed_42,3,0.05647077977619838,connected,mainstream
120,popular_1_exp_Experiment_1_seed_42,3,0.05188873112524192,connected,mainstream
51,popular_1_exp_Experiment_1_seed_42,3,0.03260772561117339,connected,niche
298,popular_1_exp_Experiment_1_seed_42,3,0.06496210335908521,connected,mainstream
59,popular_1_exp_Experiment_1_seed_42,3,0.015096724774469406,connected,niche
442,popular_1_exp_Experiment_1_seed_42,3,0.054964038370039936,connected,mainstream
281,popular_1_exp_Experiment_1_seed_42,3,0.056828026865442756,connected,mainstream
597,popular_1_exp_Experiment_1_seed_42,3,0.05321027169398046,connected,mainstream
244,popular_1_exp_Experiment_1_seed_42,3,0.05343772647316314,connected,mainstream
179,popular_1_exp_Experiment_1_seed_42,3,0.058713044973992955,connected,mainstream
81,popular_1_exp_Experiment_1_seed_42,3,0.04966006757742086,connected,mainstream
219,popular_1_exp_Experiment_1_seed_42,3,0.05564237138926687,connected,mainstream
204,popular_1_exp_Experiment_1_seed_42,3,0.056581045920882374,connected,mainstream
556,popular_1_exp_Experiment_1_seed_42,3,0.06640241918940591,connected,mainstream
126,popular_1_exp_Experiment_1_seed_42,3,0.05676436452212991,connected,mainstream
576,popular_1_exp_Experiment_1_seed_42,3,0.05358479274937019,connected,mainstream
416,popular_1_exp_Experiment_1_seed_42,3,0.05280482593675868,connected,mainstream
132,popular_1_exp_Experiment_1_seed_42,3,0.06897564941069706,connected,mainstream
32,popular_1_exp_Experiment_1_seed_42,3,0.016271923087058517,connected,niche
594,popular_1_exp_Experiment_1_seed_42,3,0.05463139250009914,connected,mainstream
79,popular_1_exp_Experiment_1_seed_42,3,0.053932671904373064,connected,mainstream
1,popular_1_exp_Experiment_1_seed_42,3,0.014114591365239926,connected,niche
484,popular_1_exp_Experiment_1_seed_42,3,0.06738826332898934,connected,mainstream
585,popular_1_exp_Experiment_1_seed_42,3,0.07006411800465655,connected,mainstream
143,popular_1_exp_Experiment_1_seed_42,3,0.053151502443620026,connected,mainstream
473,popular_1_exp_Experiment_1_seed_42,3,0.05809805374466973,connected,mainstream
141,popular_1_exp_Experiment_1_seed_42,3,0.05990327470456278,connected,mainstream
326,popular_1_exp_Experiment_1_seed_42,3,0.052479775319978626,connected,mainstream
61,popular_1_exp_Experiment_1_seed_42,3,0.05913701070973571,connected,mainstream
432,popular_1_exp_Experiment_1_seed_42,3,0.05840881865521715,connected,mainstream
199,popular_1_exp_Experiment_1_seed_42,3,0.06446197663372485,connected,mainstream
452,popular_1_exp_Experiment_1_seed_42,3,0.06247782596239165,connected,mainstream
471,popular_1_exp_Experiment_1_seed_42,3,0.05819839279741975,connected,mainstream
105,popular_1_exp_Experiment_1_seed_42,3,0.05192157772216705,connected,mainstream
146,popular_1_exp_Experiment_1_seed_42,3,0.05877161898702651,connected,mainstream
578,popular_1_exp_Experiment_1_seed_42,3,0.051641330982669174,connected,mainstream
410,popular_1_exp_Experiment_1_seed_42,3,0.0544758863153306,connected,mainstream
221,popular_1_exp_Experiment_1_seed_42,3,0.05853816061061252,connected,mainstream
297,popular_1_exp_Experiment_1_seed_42,3,0.06087101222539506,connected,mainstream
210,popular_1_exp_Experiment_1_seed_42,3,0.05436969124301407,connected,mainstream
15,popular_1_exp_Experiment_1_seed_42,3,0.013872201015780706,connected,niche
254,popular_1_exp_Experiment_1_seed_42,3,0.05760025855598844,connected,mainstream
402,popular_1_exp_Experiment_1_seed_42,3,0.05378076263554692,connected,mainstream
457,popular_1_exp_Experiment_1_seed_42,3,0.07093975000753282,connected,mainstream
334,popular_1_exp_Experiment_1_seed_42,3,0.06218247880150971,connected,mainstream
524,popular_1_exp_Experiment_1_seed_42,3,0.05467347629807934,connected,mainstream
472,popular_1_exp_Experiment_1_seed_42,3,0.05231273941238307,connected,mainstream
336,popular_1_exp_Experiment_1_seed_42,3,0.052278512520119814,connected,mainstream
527,popular_1_exp_Experiment_1_seed_42,3,0.056210972901982015,connected,mainstream
283,popular_1_exp_Experiment_1_seed_42,3,0.06138111785309019,connected,mainstream
52,popular_1_exp_Experiment_1_seed_42,3,0.027398876041566378,connected,niche
461,popular_1_exp_Experiment_1_seed_42,3,0.06988409461794472,connected,mainstream
12,popular_1_exp_Experiment_1_seed_42,3,0.02268223618405009,connected,niche
514,popular_1_exp_Experiment_1_seed_42,3,0.052346949964909247,connected,mainstream
54,popular_1_exp_Experiment_1_seed_42,3,0.023797186471482514,connected,niche
393,popular_1_exp_Experiment_1_seed_42,3,0.052115675784705905,connected,mainstream
437,popular_1_exp_Experiment_1_seed_42,3,0.06834261163498839,connected,mainstream
216,popular_1_exp_Experiment_1_seed_42,3,0.05154436757873726,connected,mainstream
488,popular_1_exp_Experiment_1_seed_42,3,0.06287025224641155,connected,mainstream
309,popular_1_exp_Experiment_1_seed_42,3,0.052448469045027424,connected,mainstream
547,popular_1_exp_Experiment_1_seed_42,3,0.0516859845483604,connected,mainstream
552,popular_1_exp_Experiment_1_seed_42,3,0.06076769255122468,connected,mainstream
21,popular_1_exp_Experiment_1_seed_42,3,0.015425385497295269,connected,niche
278,popular_1_exp_Experiment_1_seed_42,3,0.055445484189497796,connected,mainstream
375,popular_1_exp_Experiment_1_seed_42,3,0.05572119422796512,connected,mainstream
455,popular_1_exp_Experiment_1_seed_42,3,0.06243217717284246,connected,mainstream
34,popular_1_exp_Experiment_1_seed_42,3,0.018479674380540306,connected,niche
11,popular_1_exp_Experiment_1_seed_42,3,0.017849820624707628,connected,niche
136,popular_1_exp_Experiment_1_seed_42,3,0.05158378261945662,connected,mainstream
147,popular_1_exp_Experiment_1_seed_42,3,0.056742962922532426,connected,mainstream
49,popular_1_exp_Experiment_1_seed_42,3,0.02137974568978336,connected,niche
508,popular_1_exp_Experiment_1_seed_42,3,0.05638954749871552,connected,mainstream
595,popular_1_exp_Experiment_1_seed_42,3,0.06726324575273768,connected,mainstream
296,popular_1_exp_Experiment_1_seed_42,3,0.056513024626753665,connected,mainstream
4,popular_1_exp_Experiment_1_seed_42,3,0.01792005780032828,connected,niche
165,popular_1_exp_Experiment_1_seed_42,3,0.06222305024871244,connected,mainstream
397,popular_1_exp_Experiment_1_seed_42,3,0.057648241834029175,connected,mainstream
169,popular_1_exp_Experiment_1_seed_42,3,0.07091816940065072,connected,mainstream
446,popular_1_exp_Experiment_1_seed_42,3,0.05912684275169603,connected,mainstream
518,popular_1_exp_Experiment_1_seed_42,3,0.06065441552077213,connected,mainstream
499,popular_1_exp_Experiment_1_seed_42,3,0.058190458021603,connected,mainstream
509,popular_1_exp_Experiment_1_seed_42,3,0.05661194523639054,connected,mainstream
44,popular_1_exp_Experiment_1_seed_42,3,0.021750954691111074,connected,niche
248,popular_1_exp_Experiment_1_seed_42,3,0.06323423844403393,connected,mainstream
376,popular_1_exp_Experiment_1_seed_42,3,0.05362491157019637,connected,mainstream
133,popular_1_exp_Experiment_1_seed_42,3,0.06746133328090288,connected,mainstream
569,popular_1_exp_Experiment_1_seed_42,3,0.06274881450448404,connected,mainstream
560,popular_1_exp_Experiment_1_seed_42,3,0.052071628794813994,connected,mainstream
466,popular_1_exp_Experiment_1_seed_42,3,0.05289591017283172,connected,mainstream
348,popular_1_exp_Experiment_1_seed_42,3,0.051200710929699356,connected,mainstream
101,popular_1_exp_Experiment_1_seed_42,3,0.05241758357641594,connected,mainstream
64,popular_1_exp_Experiment_1_seed_42,3,0.05480547382086356,connected,mainstream
360,popular_1_exp_Experiment_1_seed_42,3,0.05066267008440248,connected,mainstream
189,popular_1_exp_Experiment_1_seed_42,3,0.05990251993700821,connected,mainstream
78,popular_1_exp_Experiment_1_seed_42,3,0.05716954893687707,connected,mainstream
118,popular_1_exp_Experiment_1_seed_42,3,0.0516048463679159,connected,mainstream
380,popular_1_exp_Experiment_1_seed_42,3,0.05318233313101437,connected,mainstream
131,popular_1_exp_Experiment_1_seed_42,3,0.055457167301187354,connected,mainstream
188,popular_1_exp_Experiment_1_seed_42,3,0.05324990176891515,connected,mainstream
186,popular_1_exp_Experiment_1_seed_42,3,0.053200560628850695,connected,mainstream
441,popular_1_exp_Experiment_1_seed_42,3,0.06011867838560142,connected,mainstream
422,popular_1_exp_Experiment_1_seed_42,3,0.0601550609620004,connected,mainstream
233,popular_1_exp_Experiment_1_seed_42,3,0.05467837208910531,connected,mainstream
445,popular_1_exp_Experiment_1_seed_42,3,0.05702144813445925,connected,mainstream
400,popular_1_exp_Experiment_1_seed_42,3,0.05403977939493301,connected,mainstream
154,popular_1_exp_Experiment_1_seed_42,3,0.06853509033036993,connected,mainstream
50,popular_1_exp_Experiment_1_seed_42,3,0.015787910339435055,connected,niche
73,popular_1_exp_Experiment_1_seed_42,3,0.06970555971279081,connected,mainstream
156,popular_1_exp_Experiment_1_seed_42,3,0.0515447910002917,connected,mainstream
425,popular_1_exp_Experiment_1_seed_42,3,0.05111390019320153,connected,mainstream
308,popular_1_exp_Experiment_1_seed_42,3,0.07494212282013503,connected,mainstream
447,popular_1_exp_Experiment_1_seed_42,3,0.053843571452330485,connected,mainstream
423,popular_1_exp_Experiment_1_seed_42,3,0.04915616406933335,connected,mainstream
263,popular_1_exp_Experiment_1_seed_42,3,0.05829401454235545,connected,mainstream
324,popular_1_exp_Experiment_1_seed_42,3,0.05620398745662921,connected,mainstream
92,popular_1_exp_Experiment_1_seed_42,3,0.054843409226699336,connected,mainstream
413,popular_1_exp_Experiment_1_seed_42,3,0.05679254265783168,connected,mainstream
543,popular_1_exp_Experiment_1_seed_42,3,0.05470314898761617,connected,mainstream
38,popular_1_exp_Experiment_1_seed_42,3,0.028385307491782117,connected,niche
535,popular_1_exp_Experiment_1_seed_42,3,0.052541603577468794,connected,mainstream
411,popular_1_exp_Experiment_1_seed_42,3,0.05381367514756152,connected,mainstream
275,popular_1_exp_Experiment_1_seed_42,3,0.05473758432523226,connected,mainstream
501,popular_1_exp_Experiment_1_seed_42,3,0.054517746038553215,connected,mainstream
271,popular_1_exp_Experiment_1_seed_42,3,0.07239134560935069,connected,mainstream
368,popular_1_exp_Experiment_1_seed_42,3,0.04878202561404409,connected,mainstream
89,popular_1_exp_Experiment_1_seed_42,3,0.052194586532260605,connected,mainstream
358,popular_1_exp_Experiment_1_seed_42,3,0.05311839093338361,connected,mainstream
273,popular_1_exp_Experiment_1_seed_42,3,0.05595262404721229,connected,mainstream
346,popular_1_exp_Experiment_1_seed_42,3,0.059838549513246575,connected,mainstream
339,popular_1_exp_Experiment_1_seed_42,3,0.062249918454891806,connected,mainstream
106,popular_1_exp_Experiment_1_seed_42,3,0.05162573450098266,connected,mainstream
529,popular_1_exp_Experiment_1_seed_42,3,0.05715920161946043,connected,mainstream
100,popular_1_exp_Experiment_1_seed_42,3,0.06144915329759254,connected,mainstream
497,popular_1_exp_Experiment_1_seed_42,3,0.057021704066962886,connected,mainstream
67,popular_1_exp_Experiment_1_seed_42,3,0.0730191394197696,connected,mainstream
2,popular_1_exp_Experiment_1_seed_42,3,0.019517577493184935,connected,niche
185,popular_1_exp_Experiment_1_seed_42,3,0.05995591547255342,connected,mainstream
315,popular_1_exp_Experiment_1_seed_42,3,0.05223853689915648,connected,mainstream
377,popular_1_exp_Experiment_1_seed_42,3,0.052349339800285,connected,mainstream
503,popular_1_exp_Experiment_1_seed_42,3,0.06146676853298481,connected,mainstream
247,popular_1_exp_Experiment_1_seed_42,3,0.054549804949760645,connected,mainstream
448,popular_1_exp_Experiment_1_seed_42,3,0.04855444269079918,connected,mainstream
313,popular_1_exp_Experiment_1_seed_42,3,0.06519761955863433,connected,mainstream
279,popular_1_exp_Experiment_1_seed_42,3,0.051627865824143145,connected,mainstream
202,popular_1_exp_Experiment_1_seed_42,3,0.06233504269189496,connected,mainstream
337,popular_1_exp_Experiment_1_seed_42,3,0.07337135724602224,connected,mainstream
280,popular_1_exp_Experiment_1_seed_42,3,0.05685791308439236,connected,mainstream
426,popular_1_exp_Experiment_1_seed_42,3,0.057602451924884786,connected,mainstream
228,popular_1_exp_Experiment_1_seed_42,3,0.07019922934940309,connected,mainstream
474,popular_1_exp_Experiment_1_seed_42,3,0.05513838172654375,connected,mainstream
209,popular_1_exp_Experiment_1_seed_42,3,0.06431160641416907,connected,mainstream
523,popular_1_exp_Experiment_1_seed_42,3,0.07748736361898478,connected,mainstream
138,popular_1_exp_Experiment_1_seed_42,3,0.05528200008756313,connected,mainstream
421,popular_1_exp_Experiment_1_seed_42,3,0.05866410174307774,connected,mainstream
536,popular_1_exp_Experiment_1_seed_42,3,0.07995360476064262,connected,mainstream
68,popular_1_exp_Experiment_1_seed_42,3,0.05817150875851718,connected,mainstream
381,popular_1_exp_Experiment_1_seed_42,3,0.060137437081119356,connected,mainstream
163,popular_1_exp_Experiment_1_seed_42,3,0.06203583152836164,connected,mainstream
245,popular_1_exp_Experiment_1_seed_42,3,0.055382609505865064,connected,mainstream
359,popular_1_exp_Experiment_1_seed_42,3,0.05437022561131699,connected,mainstream
566,popular_1_exp_Experiment_1_seed_42,3,0.05410757067649996,connected,mainstream
289,popular_1_exp_Experiment_1_seed_42,3,0.054697532364737116,connected,mainstream
327,popular_1_exp_Experiment_1_seed_42,3,0.051086368452938215,connected,mainstream
351,popular_1_exp_Experiment_1_seed_42,3,0.054127961027251904,connected,mainstream
493,popular_1_exp_Experiment_1_seed_42,3,0.05323638982361184,connected,mainstream
546,popular_1_exp_Experiment_1_seed_42,3,0.05265558570684864,connected,mainstream
388,popular_1_exp_Experiment_1_seed_42,3,0.05771058234276921,connected,mainstream
583,popular_1_exp_Experiment_1_seed_42,3,0.048866908564657384,connected,mainstream
130,popular_1_exp_Experiment_1_seed_42,3,0.05816017262816222,connected,mainstream
161,popular_1_exp_Experiment_1_seed_42,3,0.060176241645955086,connected,mainstream
564,popular_1_exp_Experiment_1_seed_42,3,0.04286102788430867,connected,mainstream
389,popular_1_exp_Experiment_1_seed_42,3,0.07422882338900634,connected,mainstream
153,popular_1_exp_Experiment_1_seed_42,3,0.05554469115258026,connected,mainstream
95,popular_1_exp_Experiment_1_seed_42,3,0.05668517141986167,connected,mainstream
540,popular_1_exp_Experiment_1_seed_42,3,0.06361318072246391,connected,mainstream
255,popular_1_exp_Experiment_1_seed_42,3,0.05622613077534982,connected,mainstream
82,popular_1_exp_Experiment_1_seed_42,3,0.05540773401704271,connected,mainstream
481,popular_1_exp_Experiment_1_seed_42,3,0.0518084171919414,connected,mainstream
125,popular_1_exp_Experiment_1_seed_42,3,0.07825078738749103,connected,mainstream
37,popular_1_exp_Experiment_1_seed_42,3,0.016207137672150318,connected,niche
17,popular_1_exp_Experiment_1_seed_42,3,0.02255973851909993,connected,niche
335,popular_1_exp_Experiment_1_seed_42,3,0.05378694072414838,connected,mainstream
545,popular_1_exp_Experiment_1_seed_42,3,0.055053388780691666,connected,mainstream
18,popular_1_exp_Experiment_1_seed_42,3,0.016233756487303647,connected,niche
214,popular_1_exp_Experiment_1_seed_42,3,0.05875420799986031,connected,mainstream
443,popular_1_exp_Experiment_1_seed_42,3,0.05202312443911431,connected,mainstream
332,popular_1_exp_Experiment_1_seed_42,3,0.05971138274509762,connected,mainstream
558,popular_1_exp_Experiment_1_seed_42,3,0.06012162852332111,connected,mainstream
35,popular_1_exp_Experiment_1_seed_42,3,0.012896690838999985,connected,niche
246,popular_1_exp_Experiment_1_seed_42,3,0.04990993804519985,connected,mainstream
390,popular_1_exp_Experiment_1_seed_42,3,0.05442233909508023,connected,mainstream
33,popular_1_exp_Experiment_1_seed_42,3,0.020235171221723008,connected,niche
516,popular_1_exp_Experiment_1_seed_42,3,0.05874622351910167,connected,mainstream
568,popular_1_exp_Experiment_1_seed_42,3,0.058139549443251094,connected,mainstream
424,popular_1_exp_Experiment_1_seed_42,3,0.05131650864934142,connected,mainstream
198,popular_1_exp_Experiment_1_seed_42,3,0.059117549906759194,connected,mainstream
599,popular_1_exp_Experiment_1_seed_42,3,0.06509422080380438,connected,mainstream
491,popular_1_exp_Experiment_1_seed_42,3,0.07765242383150184,connected,mainstream
270,popular_1_exp_Experiment_1_seed_42,3,0.053800017075496226,connected,mainstream
294,popular_1_exp_Experiment_1_seed_42,3,0.05236868670813676,connected,mainstream
241,popular_1_exp_Experiment_1_seed_42,3,0.06184838001187628,connected,mainstream
412,popular_1_exp_Experiment_1_seed_42,3,0.062126579708716545,connected,mainstream
331,popular_1_exp_Experiment_1_seed_42,3,0.061823251308775085,connected,mainstream
340,popular_1_exp_Experiment_1_seed_42,3,0.051571577886529794,connected,mainstream
212,popular_1_exp_Experiment_1_seed_42,3,0.05515969888847245,connected,mainstream
134,popular_1_exp_Experiment_1_seed_42,3,0.052425333156001196,connected,mainstream
97,popular_1_exp_Experiment_1_seed_42,3,0.06402188272140093,connected,mainstream
258,popular_1_exp_Experiment_1_seed_42,3,0.06475215268926583,connected,mainstream
490,popular_1_exp_Experiment_1_seed_42,3,0.057165081216455665,connected,mainstream
90,popular_1_exp_Experiment_1_seed_42,3,0.07252962248548812,connected,mainstream
129,popular_1_exp_Experiment_1_seed_42,3,0.05214635920216293,connected,mainstream
301,popular_1_exp_Experiment_1_seed_42,3,0.055232837430179704,connected,mainstream
127,popular_1_exp_Experiment_1_seed_42,3,0.05571590873796314,connected,mainstream
475,popular_1_exp_Experiment_1_seed_42,3,0.054265518736231866,connected,mainstream
155,popular_1_exp_Experiment_1_seed_42,3,0.0484607051609127,connected,mainstream
72,popular_1_exp_Experiment_1_seed_42,3,0.059385969641253734,connected,mainstream
140,popular_1_exp_Experiment_1_seed_42,3,0.05554875973044667,connected,mainstream
450,popular_1_exp_Experiment_1_seed_42,3,0.05007630455945866,connected,mainstream
440,popular_1_exp_Experiment_1_seed_42,3,0.058135215186320664,connected,mainstream
537,popular_1_exp_Experiment_1_seed_42,3,0.07406674636945385,connected,mainstream
113,popular_1_exp_Experiment_1_seed_42,3,0.05795910297303577,connected,mainstream
235,popular_1_exp_Experiment_1_seed_42,3,0.07242788958906944,connected,mainstream
476,popular_1_exp_Experiment_1_seed_42,3,0.05417452771211701,connected,mainstream
406,popular_1_exp_Experiment_1_seed_42,3,0.05238364548636205,connected,mainstream
111,popular_1_exp_Experiment_1_seed_42,3,0.04805259266507932,connected,mainstream
80,popular_1_exp_Experiment_1_seed_42,3,0.053742109925672625,connected,mainstream
318,popular_1_exp_Experiment_1_seed_42,3,0.05135491366731463,connected,mainstream
391,popular_1_exp_Experiment_1_seed_42,3,0.06078660562682995,connected,mainstream
344,popular_1_exp_Experiment_1_seed_42,3,0.05587391677385725,connected,mainstream
121,popular_1_exp_Experiment_1_seed_42,3,0.06352777365917799,connected,mainstream
591,popular_1_exp_Experiment_1_seed_42,3,0.06439402996983455,connected,mainstream
551,popular_1_exp_Experiment_1_seed_42,3,0.051749442782372514,connected,mainstream
226,popular_1_exp_Experiment_1_seed_42,3,0.04933439578002661,connected,mainstream
467,popular_1_exp_Experiment_1_seed_42,3,0.06703840629426594,connected,mainstream
10,popular_1_exp_Experiment_1_seed_42,3,0.03375381180384307,connected,niche
532,popular_1_exp_Experiment_1_seed_42,3,0.05521931179782932,connected,mainstream
75,popular_1_exp_Experiment_1_seed_42,3,0.050488064553285035,connected,mainstream
211,popular_1_exp_Experiment_1_seed_42,3,0.05530167462670991,connected,mainstream
250,popular_1_exp_Experiment_1_seed_42,3,0.057810418952050746,connected,mainstream
403,popular_1_exp_Experiment_1_seed_42,3,0.05765614152505397,connected,mainstream
562,popular_1_exp_Experiment_1_seed_42,3,0.052147432301927456,connected,mainstream
525,popular_1_exp_Experiment_1_seed_42,3,0.06404034159136589,connected,mainstream
86,popular_1_exp_Experiment_1_seed_42,3,0.049481523452517946,connected,mainstream
365,popular_1_exp_Experiment_1_seed_42,3,0.0711252706852929,connected,mainstream
571,popular_1_exp_Experiment_1_seed_42,3,0.0587648840069294,connected,mainstream
266,popular_1_exp_Experiment_1_seed_42,3,0.05035319300662603,connected,mainstream
542,popular_1_exp_Experiment_1_seed_42,3,0.05333327806389618,connected,mainstream
396,popular_1_exp_Experiment_1_seed_42,3,0.049748715152517935,connected,mainstream
225,popular_1_exp_Experiment_1_seed_42,3,0.05270984018444532,connected,mainstream
230,popular_1_exp_Experiment_1_seed_42,3,0.05511172809605149,connected,mainstream
434,popular_1_exp_Experiment_1_seed_42,3,0.058061767521956485,connected,mainstream
174,popular_1_exp_Experiment_1_seed_42,3,0.058110320665286326,connected,mainstream
322,popular_1_exp_Experiment_1_seed_42,3,0.052346189059360525,connected,mainstream
311,popular_1_exp_Experiment_1_seed_42,3,0.06354778506845689,connected,mainstream
36,popular_1_exp_Experiment_1_seed_42,3,0.021989163665100283,connected,niche
307,popular_1_exp_Experiment_1_seed_42,3,0.06709560302218347,connected,mainstream
261,popular_1_exp_Experiment_1_seed_42,3,0.056841116228089454,connected,mainstream
184,popular_1_exp_Experiment_1_seed_42,3,0.0574122237921344,connected,mainstream
329,popular_1_exp_Experiment_1_seed_42,3,0.060119505195453206,connected,mainstream
477,popular_1_exp_Experiment_1_seed_42,3,0.05248062439038755,connected,mainstream
342,popular_1_exp_Experiment_1_seed_42,3,0.05273390929838797,connected,mainstream
596,popular_1_exp_Experiment_1_seed_42,3,0.057939339380136096,connected,mainstream
372,popular_1_exp_Experiment_1_seed_42,3,0.050392321410486524,connected,mainstream
325,popular_1_exp_Experiment_1_seed_42,3,0.05376565242005166,connected,mainstream
6,popular_1_exp_Experiment_1_seed_42,3,0.017634007342604823,connected,niche
170,popular_1_exp_Experiment_1_seed_42,3,0.06781525353215194,connected,mainstream
194,popular_1_exp_Experiment_1_seed_42,3,0.05227889054909865,connected,mainstream
567,popular_1_exp_Experiment_1_seed_42,3,0.05475147121289178,connected,mainstream
417,popular_1_exp_Experiment_1_seed_42,3,0.06414102940883691,connected,mainstream
160,popular_1_exp_Experiment_1_seed_42,3,0.05075708501215534,connected,mainstream
158,popular_1_exp_Experiment_1_seed_42,3,0.06685221495831917,connected,mainstream
541,popular_1_exp_Experiment_1_seed_42,3,0.06584435624626687,connected,mainstream
137,popular_1_exp_Experiment_1_seed_42,3,0.0519213782907375,connected,mainstream
528,popular_1_exp_Experiment_1_seed_42,3,0.054267835246722324,connected,mainstream
84,popular_1_exp_Experiment_1_seed_42,3,0.055390645524418386,connected,mainstream
13,popular_1_exp_Experiment_1_seed_42,3,0.02602113221455823,connected,niche
361,popular_1_exp_Experiment_1_seed_42,3,0.051597674193171794,connected,mainstream
418,popular_1_exp_Experiment_1_seed_42,3,0.05472507365083327,connected,mainstream
58,popular_1_exp_Experiment_1_seed_42,3,0.026048323744003236,connected,niche
124,popular_1_exp_Experiment_1_seed_42,3,0.058079008772921055,connected,mainstream
115,popular_1_exp_Experiment_1_seed_42,3,0.05358150827732139,connected,mainstream
349,popular_1_exp_Experiment_1_seed_42,3,0.05443773711989483,connected,mainstream
8,popular_1_exp_Experiment_1_seed_42,3,0.027992979845232007,connected,niche
487,popular_1_exp_Experiment_1_seed_42,3,0.06151725510946419,connected,mainstream
102,popular_1_exp_Experiment_1_seed_42,3,0.055447719681447294,connected,mainstream
483,popular_1_exp_Experiment_1_seed_42,3,0.05918085613041323,connected,mainstream
352,popular_1_exp_Experiment_1_seed_42,3,0.05795373243837371,connected,mainstream
500,popular_1_exp_Experiment_1_seed_42,3,0.05121187919403817,connected,mainstream
20,popular_1_exp_Experiment_1_seed_42,3,0.015639273670464526,connected,niche
19,popular_1_exp_Experiment_1_seed_42,3,0.030256100442730166,connected,niche
242,popular_1_exp_Experiment_1_seed_42,3,0.06789383157300934,connected,mainstream
267,popular_1_exp_Experiment_1_seed_42,3,0.05418313467155766,connected,mainstream
128,popular_1_exp_Experiment_1_seed_42,3,0.05151734257518712,connected,mainstream
208,popular_1_exp_Experiment_1_seed_42,3,0.06088260475021353,connected,mainstream
109,popular_1_exp_Experiment_1_seed_42,3,0.05330189227245879,connected,mainstream
27,popular_1_exp_Experiment_1_seed_42,3,0.027364165355699865,connected,niche
70,popular_1_exp_Experiment_1_seed_42,3,0.05979534229792124,connected,mainstream
45,popular_1_exp_Experiment_1_seed_42,3,0.01725082221996352,connected,niche
173,popular_1_exp_Experiment_1_seed_42,3,0.053172791934562286,connected,mainstream
43,popular_1_exp_Experiment_1_seed_42,3,0.02071911113446859,connected,niche
48,popular_1_exp_Experiment_1_seed_42,3,0.012961754922122438,connected,niche
85,popular_1_exp_Experiment_1_seed_42,3,0.05238135629192835,connected,mainstream
164,popular_1_exp_Experiment_1_seed_42,3,0.05096516393105066,connected,mainstream
251,popular_1_exp_Experiment_1_seed_42,3,0.051750324997983856,connected,mainstream
310,popular_1_exp_Experiment_1_seed_42,3,0.05597321336564936,connected,mainstream
504,popular_1_exp_Experiment_1_seed_42,4,0.05088014895443039,connected,mainstream
66,popular_1_exp_Experiment_1_seed_42,4,0.05122387909478193,connected,mainstream
192,popular_1_exp_Experiment_1_seed_42,4,0.05716059378981956,connected,mainstream
557,popular_1_exp_Experiment_1_seed_42,4,0.0509401616931948,connected,mainstream
29,popular_1_exp_Experiment_1_seed_42,4,0.03293325441067539,connected,niche
122,popular_1_exp_Experiment_1_seed_42,4,0.0519430494335287,connected,mainstream
88,popular_1_exp_Experiment_1_seed_42,4,0.051865056454821375,connected,mainstream
55,popular_1_exp_Experiment_1_seed_42,4,0.015471284438023944,connected,niche
312,popular_1_exp_Experiment_1_seed_42,4,0.05224382488519003,connected,mainstream
399,popular_1_exp_Experiment_1_seed_42,4,0.050494429488377346,connected,mainstream
531,popular_1_exp_Experiment_1_seed_42,4,0.06067724521034854,connected,mainstream
213,popular_1_exp_Experiment_1_seed_42,4,0.06418438415407632,connected,mainstream
243,popular_1_exp_Experiment_1_seed_42,4,0.05456441029250477,connected,mainstream
544,popular_1_exp_Experiment_1_seed_42,4,0.06823899714947729,connected,mainstream
252,popular_1_exp_Experiment_1_seed_42,4,0.06106857160150187,connected,mainstream
265,popular_1_exp_Experiment_1_seed_42,4,0.07013256720851929,connected,mainstream
374,popular_1_exp_Experiment_1_seed_42,4,0.05497165014141065,connected,mainstream
190,popular_1_exp_Experiment_1_seed_42,4,0.04944302685757665,connected,mainstream
573,popular_1_exp_Experiment_1_seed_42,4,0.06620371491799745,connected,mainstream
367,popular_1_exp_Experiment_1_seed_42,4,0.051159924866800814,connected,mainstream
253,popular_1_exp_Experiment_1_seed_42,4,0.05309603365150317,connected,mainstream
217,popular_1_exp_Experiment_1_seed_42,4,0.05475769037181247,connected,mainstream
515,popular_1_exp_Experiment_1_seed_42,4,0.05340850385604487,connected,mainstream
24,popular_1_exp_Experiment_1_seed_42,4,0.015901239741033954,connected,niche
149,popular_1_exp_Experiment_1_seed_42,4,0.05534925693900056,connected,mainstream
28,popular_1_exp_Experiment_1_seed_42,4,0.018728320577495145,connected,niche
260,popular_1_exp_Experiment_1_seed_42,4,0.054602483180582494,connected,mainstream
444,popular_1_exp_Experiment_1_seed_42,4,0.06783503558278474,connected,mainstream
559,popular_1_exp_Experiment_1_seed_42,4,0.05308668783318543,connected,mainstream
350,popular_1_exp_Experiment_1_seed_42,4,0.056147258162437486,connected,mainstream
409,popular_1_exp_Experiment_1_seed_42,4,0.056398115286358845,connected,mainstream
378,popular_1_exp_Experiment_1_seed_42,4,0.05018334650603412,connected,mainstream
570,popular_1_exp_Experiment_1_seed_42,4,0.05511823076874194,connected,mainstream
489,popular_1_exp_Experiment_1_seed_42,4,0.06035288995871783,connected,mainstream
363,popular_1_exp_Experiment_1_seed_42,4,0.051436578430693713,connected,mainstream
200,popular_1_exp_Experiment_1_seed_42,4,0.05896164300096537,connected,mainstream
119,popular_1_exp_Experiment_1_seed_42,4,0.06476411832392663,connected,mainstream
495,popular_1_exp_Experiment_1_seed_42,4,0.05260763848444099,connected,mainstream
498,popular_1_exp_Experiment_1_seed_42,4,0.047503463863240614,connected,mainstream
135,popular_1_exp_Experiment_1_seed_42,4,0.0521233534198818,connected,mainstream
104,popular_1_exp_Experiment_1_seed_42,4,0.06278370963739859,connected,mainstream
449,popular_1_exp_Experiment_1_seed_42,4,0.06007306863186085,connected,mainstream
355,popular_1_exp_Experiment_1_seed_42,4,0.050120867218998826,connected,mainstream
264,popular_1_exp_Experiment_1_seed_42,4,0.05108071748357621,connected,mainstream
69,popular_1_exp_Experiment_1_seed_42,4,0.05209035182254474,connected,mainstream
74,popular_1_exp_Experiment_1_seed_42,4,0.05280537323214529,connected,mainstream
469,popular_1_exp_Experiment_1_seed_42,4,0.052620121165911936,connected,mainstream
438,popular_1_exp_Experiment_1_seed_42,4,0.0597428325956959,connected,mainstream
277,popular_1_exp_Experiment_1_seed_42,4,0.053392251703609846,connected,mainstream
429,popular_1_exp_Experiment_1_seed_42,4,0.05564945928513739,connected,mainstream
589,popular_1_exp_Experiment_1_seed_42,4,0.04755405223515363,connected,mainstream
215,popular_1_exp_Experiment_1_seed_42,4,0.05936072661927377,connected,mainstream
598,popular_1_exp_Experiment_1_seed_42,4,0.05530635426558329,connected,mainstream
107,popular_1_exp_Experiment_1_seed_42,4,0.051013277415937364,connected,mainstream
256,popular_1_exp_Experiment_1_seed_42,4,0.06303332015161757,connected,mainstream
197,popular_1_exp_Experiment_1_seed_42,4,0.05033540574579065,connected,mainstream
465,popular_1_exp_Experiment_1_seed_42,4,0.07211499223112357,connected,mainstream
593,popular_1_exp_Experiment_1_seed_42,4,0.07379411163337385,connected,mainstream
304,popular_1_exp_Experiment_1_seed_42,4,0.06255100060630264,connected,mainstream
428,popular_1_exp_Experiment_1_seed_42,4,0.05488238039390547,connected,mainstream
287,popular_1_exp_Experiment_1_seed_42,4,0.06174335073669881,connected,mainstream
354,popular_1_exp_Experiment_1_seed_42,4,0.0523280543981449,connected,mainstream
519,popular_1_exp_Experiment_1_seed_42,4,0.051353473227911034,connected,mainstream
23,popular_1_exp_Experiment_1_seed_42,4,0.015863957110030264,connected,niche
303,popular_1_exp_Experiment_1_seed_42,4,0.05150145098686581,connected,mainstream
460,popular_1_exp_Experiment_1_seed_42,4,0.05384181292154606,connected,mainstream
392,popular_1_exp_Experiment_1_seed_42,4,0.05274540048048262,connected,mainstream
427,popular_1_exp_Experiment_1_seed_42,4,0.061921326413785026,connected,mainstream
319,popular_1_exp_Experiment_1_seed_42,4,0.06517806080831767,connected,mainstream
420,popular_1_exp_Experiment_1_seed_42,4,0.06593759958913738,connected,mainstream
408,popular_1_exp_Experiment_1_seed_42,4,0.05286739772891517,connected,mainstream
76,popular_1_exp_Experiment_1_seed_42,4,0.05880207705022624,connected,mainstream
398,popular_1_exp_Experiment_1_seed_42,4,0.06052797718553635,connected,mainstream
343,popular_1_exp_Experiment_1_seed_42,4,0.06547937812760482,connected,mainstream
62,popular_1_exp_Experiment_1_seed_42,4,0.06034487519674577,connected,mainstream
259,popular_1_exp_Experiment_1_seed_42,4,0.055206001309759604,connected,mainstream
177,popular_1_exp_Experiment_1_seed_42,4,0.05744914170654772,connected,mainstream
31,popular_1_exp_Experiment_1_seed_42,4,0.019473092602778463,connected,niche
435,popular_1_exp_Experiment_1_seed_42,4,0.05592582375961474,connected,mainstream
224,popular_1_exp_Experiment_1_seed_42,4,0.05263287586810913,connected,mainstream
314,popular_1_exp_Experiment_1_seed_42,4,0.05080421103454413,connected,mainstream
384,popular_1_exp_Experiment_1_seed_42,4,0.05046172224005494,connected,mainstream
575,popular_1_exp_Experiment_1_seed_42,4,0.05551701485872703,connected,mainstream
507,popular_1_exp_Experiment_1_seed_42,4,0.06514524196904749,connected,mainstream
116,popular_1_exp_Experiment_1_seed_42,4,0.051296577769379036,connected,mainstream
453,popular_1_exp_Experiment_1_seed_42,4,0.05640798665716645,connected,mainstream
338,popular_1_exp_Experiment_1_seed_42,4,0.06195989414947322,connected,mainstream
231,popular_1_exp_Experiment_1_seed_42,4,0.06166086556975111,connected,mainstream
505,popular_1_exp_Experiment_1_seed_42,4,0.060611429338639826,connected,mainstream
196,popular_1_exp_Experiment_1_seed_42,4,0.05427371590255412,connected,mainstream
201,popular_1_exp_Experiment_1_seed_42,4,0.06323078058806093,connected,mainstream
60,popular_1_exp_Experiment_1_seed_42,4,0.05290872410600019,connected,mainstream
181,popular_1_exp_Experiment_1_seed_42,4,0.05712058921529617,connected,mainstream
0,popular_1_exp_Experiment_1_seed_42,4,0.0278194249866542,connected,niche
496,popular_1_exp_Experiment_1_seed_42,4,0.054740791737962306,connected,mainstream
236,popular_1_exp_Experiment_1_seed_42,4,0.06820718340312044,connected,mainstream
276,popular_1_exp_Experiment_1_seed_42,4,0.05419172383381916,connected,mainstream
291,popular_1_exp_Experiment_1_seed_42,4,0.06180877228127688,connected,mainstream
191,popular_1_exp_Experiment_1_seed_42,4,0.05589521497733818,connected,mainstream
5,popular_1_exp_Experiment_1_seed_42,4,0.02028969842713271,connected,niche
561,popular_1_exp_Experiment_1_seed_42,4,0.08305548966531241,connected,mainstream
371,popular_1_exp_Experiment_1_seed_42,4,0.054596732392207865,connected,mainstream
269,popular_1_exp_Experiment_1_seed_42,4,0.051450205328064075,connected,mainstream
373,popular_1_exp_Experiment_1_seed_42,4,0.06539993489177513,connected,mainstream
480,popular_1_exp_Experiment_1_seed_42,4,0.05696536469373592,connected,mainstream
485,popular_1_exp_Experiment_1_seed_42,4,0.05331090301888189,connected,mainstream
586,popular_1_exp_Experiment_1_seed_42,4,0.05360532956575925,connected,mainstream
9,popular_1_exp_Experiment_1_seed_42,4,0.03266663250797455,connected,niche
587,popular_1_exp_Experiment_1_seed_42,4,0.05738202103992757,connected,mainstream
207,popular_1_exp_Experiment_1_seed_42,4,0.07356979874714371,connected,mainstream
159,popular_1_exp_Experiment_1_seed_42,4,0.05342167203980905,connected,mainstream
286,popular_1_exp_Experiment_1_seed_42,4,0.061705532262834845,connected,mainstream
175,popular_1_exp_Experiment_1_seed_42,4,0.0495442992512101,connected,mainstream
290,popular_1_exp_Experiment_1_seed_42,4,0.053377332772184836,connected,mainstream
25,popular_1_exp_Experiment_1_seed_42,4,0.020301246097625427,connected,niche
486,popular_1_exp_Experiment_1_seed_42,4,0.054898801578614924,connected,mainstream
262,popular_1_exp_Experiment_1_seed_42,4,0.05161367472673115,connected,mainstream
526,popular_1_exp_Experiment_1_seed_42,4,0.059031691234426587,connected,mainstream
341,popular_1_exp_Experiment_1_seed_42,4,0.05879241687049245,connected,mainstream
302,popular_1_exp_Experiment_1_seed_42,4,0.06114508646835287,connected,mainstream
229,popular_1_exp_Experiment_1_seed_42,4,0.058107816186073864,connected,mainstream
91,popular_1_exp_Experiment_1_seed_42,4,0.056539766562902244,connected,mainstream
182,popular_1_exp_Experiment_1_seed_42,4,0.06554951370994322,connected,mainstream
316,popular_1_exp_Experiment_1_seed_42,4,0.051721085808157395,connected,mainstream
87,popular_1_exp_Experiment_1_seed_42,4,0.05966504050935507,connected,mainstream
464,popular_1_exp_Experiment_1_seed_42,4,0.051517713913776554,connected,mainstream
574,popular_1_exp_Experiment_1_seed_42,4,0.05744921989424273,connected,mainstream
321,popular_1_exp_Experiment_1_seed_42,4,0.061076591535121925,connected,mainstream
521,popular_1_exp_Experiment_1_seed_42,4,0.05513903457782162,connected,mainstream
362,popular_1_exp_Experiment_1_seed_42,4,0.05166554936128325,connected,mainstream
456,popular_1_exp_Experiment_1_seed_42,4,0.05957005316799294,connected,mainstream
56,popular_1_exp_Experiment_1_seed_42,4,0.0209850506425279,connected,niche
288,popular_1_exp_Experiment_1_seed_42,4,0.06682903837535921,connected,mainstream
414,popular_1_exp_Experiment_1_seed_42,4,0.05830111328504839,connected,mainstream
7,popular_1_exp_Experiment_1_seed_42,4,0.023204564584226883,connected,niche
157,popular_1_exp_Experiment_1_seed_42,4,0.0520054210551977,connected,mainstream
539,popular_1_exp_Experiment_1_seed_42,4,0.05119989786634901,connected,mainstream
94,popular_1_exp_Experiment_1_seed_42,4,0.052829006152354724,connected,mainstream
16,popular_1_exp_Experiment_1_seed_42,4,0.020912640717739756,connected,niche
405,popular_1_exp_Experiment_1_seed_42,4,0.05312113363961784,connected,mainstream
430,popular_1_exp_Experiment_1_seed_42,4,0.0778928958608517,connected,mainstream
482,popular_1_exp_Experiment_1_seed_42,4,0.05206435774298065,connected,mainstream
451,popular_1_exp_Experiment_1_seed_42,4,0.050133258157448214,connected,mainstream
401,popular_1_exp_Experiment_1_seed_42,4,0.050989320980876975,connected,mainstream
579,popular_1_exp_Experiment_1_seed_42,4,0.0505494866830496,connected,mainstream
205,popular_1_exp_Experiment_1_seed_42,4,0.06794726137177508,connected,mainstream
513,popular_1_exp_Experiment_1_seed_42,4,0.062262778752335025,connected,mainstream
166,popular_1_exp_Experiment_1_seed_42,4,0.05875959784257023,connected,mainstream
512,popular_1_exp_Experiment_1_seed_42,4,0.052490493912478335,connected,mainstream
582,popular_1_exp_Experiment_1_seed_42,4,0.08369187140809965,connected,mainstream
257,popular_1_exp_Experiment_1_seed_42,4,0.058377179392242934,connected,mainstream
187,popular_1_exp_Experiment_1_seed_42,4,0.051712173186805016,connected,mainstream
93,popular_1_exp_Experiment_1_seed_42,4,0.05789808347525233,connected,mainstream
357,popular_1_exp_Experiment_1_seed_42,4,0.051994686037973005,connected,mainstream
65,popular_1_exp_Experiment_1_seed_42,4,0.0722377821135691,connected,mainstream
383,popular_1_exp_Experiment_1_seed_42,4,0.05193943227849831,connected,mainstream
572,popular_1_exp_Experiment_1_seed_42,4,0.06898989529929517,connected,mainstream
306,popular_1_exp_Experiment_1_seed_42,4,0.06152168159948198,connected,mainstream
238,popular_1_exp_Experiment_1_seed_42,4,0.056576955805038694,connected,mainstream
387,popular_1_exp_Experiment_1_seed_42,4,0.05192478978948528,connected,mainstream
548,popular_1_exp_Experiment_1_seed_42,4,0.060177005414446344,connected,mainstream
206,popular_1_exp_Experiment_1_seed_42,4,0.0618649619649799,connected,mainstream
517,popular_1_exp_Experiment_1_seed_42,4,0.06723330615656124,connected,mainstream
40,popular_1_exp_Experiment_1_seed_42,4,0.01987254727730798,connected,niche
436,popular_1_exp_Experiment_1_seed_42,4,0.06174233726858263,connected,mainstream
272,popular_1_exp_Experiment_1_seed_42,4,0.05295629841321312,connected,mainstream
195,popular_1_exp_Experiment_1_seed_42,4,0.05556982595080077,connected,mainstream
554,popular_1_exp_Experiment_1_seed_42,4,0.0564825026844896,connected,mainstream
152,popular_1_exp_Experiment_1_seed_42,4,0.07307577944236347,connected,mainstream
577,popular_1_exp_Experiment_1_seed_42,4,0.05455444539819446,connected,mainstream
439,popular_1_exp_Experiment_1_seed_42,4,0.061381513973029316,connected,mainstream
145,popular_1_exp_Experiment_1_seed_42,4,0.06195238316748105,connected,mainstream
57,popular_1_exp_Experiment_1_seed_42,4,0.015588663682073983,connected,niche
369,popular_1_exp_Experiment_1_seed_42,4,0.05535710724222848,connected,mainstream
142,popular_1_exp_Experiment_1_seed_42,4,0.06917089594087457,connected,mainstream
96,popular_1_exp_Experiment_1_seed_42,4,0.057173230340813924,connected,mainstream
353,popular_1_exp_Experiment_1_seed_42,4,0.0538044217398383,connected,mainstream
292,popular_1_exp_Experiment_1_seed_42,4,0.05550167974326365,connected,mainstream
168,popular_1_exp_Experiment_1_seed_42,4,0.06267774305565868,connected,mainstream
218,popular_1_exp_Experiment_1_seed_42,4,0.05132528429155362,connected,mainstream
419,popular_1_exp_Experiment_1_seed_42,4,0.05127238143988052,connected,mainstream
317,popular_1_exp_Experiment_1_seed_42,4,0.055688488838185925,connected,mainstream
150,popular_1_exp_Experiment_1_seed_42,4,0.054069628047389066,connected,mainstream
123,popular_1_exp_Experiment_1_seed_42,4,0.06112015928962134,connected,mainstream
364,popular_1_exp_Experiment_1_seed_42,4,0.05236283108577202,connected,mainstream
382,popular_1_exp_Experiment_1_seed_42,4,0.05223448888935439,connected,mainstream
114,popular_1_exp_Experiment_1_seed_42,4,0.05243857544252115,connected,mainstream
549,popular_1_exp_Experiment_1_seed_42,4,0.053440079351481075,connected,mainstream
148,popular_1_exp_Experiment_1_seed_42,4,0.056655225655057186,connected,mainstream
305,popular_1_exp_Experiment_1_seed_42,4,0.057360378426375404,connected,mainstream
370,popular_1_exp_Experiment_1_seed_42,4,0.05277035198002347,connected,mainstream
550,popular_1_exp_Experiment_1_seed_42,4,0.052143604385265524,connected,mainstream
110,popular_1_exp_Experiment_1_seed_42,4,0.05067464549332502,connected,mainstream
63,popular_1_exp_Experiment_1_seed_42,4,0.06203474152848015,connected,mainstream
492,popular_1_exp_Experiment_1_seed_42,4,0.04764158369112841,connected,mainstream
553,popular_1_exp_Experiment_1_seed_42,4,0.05986993895210552,connected,mainstream
47,popular_1_exp_Experiment_1_seed_42,4,0.01583755797350968,connected,niche
330,popular_1_exp_Experiment_1_seed_42,4,0.054741873866883645,connected,mainstream
176,popular_1_exp_Experiment_1_seed_42,4,0.05449632427073836,connected,mainstream
356,popular_1_exp_Experiment_1_seed_42,4,0.05586198658364511,connected,mainstream
407,popular_1_exp_Experiment_1_seed_42,4,0.05166155731980173,connected,mainstream
394,popular_1_exp_Experiment_1_seed_42,4,0.06340105783046972,connected,mainstream
458,popular_1_exp_Experiment_1_seed_42,4,0.06013989847784278,connected,mainstream
22,popular_1_exp_Experiment_1_seed_42,4,0.019579570445608614,connected,niche
395,popular_1_exp_Experiment_1_seed_42,4,0.05833368049414755,connected,mainstream
239,popular_1_exp_Experiment_1_seed_42,4,0.05089258245396669,connected,mainstream
234,popular_1_exp_Experiment_1_seed_42,4,0.06077743529565043,connected,mainstream
53,popular_1_exp_Experiment_1_seed_42,4,0.02315895614296226,connected,niche
98,popular_1_exp_Experiment_1_seed_42,4,0.05268555501361364,connected,mainstream
232,popular_1_exp_Experiment_1_seed_42,4,0.05216734702190889,connected,mainstream
178,popular_1_exp_Experiment_1_seed_42,4,0.049986358501381965,connected,mainstream
162,popular_1_exp_Experiment_1_seed_42,4,0.055169617225148404,connected,mainstream
479,popular_1_exp_Experiment_1_seed_42,4,0.05554530483727591,connected,mainstream
385,popular_1_exp_Experiment_1_seed_42,4,0.055587149921708816,connected,mainstream
462,popular_1_exp_Experiment_1_seed_42,4,0.054097639090986964,connected,mainstream
328,popular_1_exp_Experiment_1_seed_42,4,0.05043415724221197,connected,mainstream
506,popular_1_exp_Experiment_1_seed_42,4,0.05149176349316171,connected,mainstream
299,popular_1_exp_Experiment_1_seed_42,4,0.0577927716841555,connected,mainstream
167,popular_1_exp_Experiment_1_seed_42,4,0.06033681310334171,connected,mainstream
386,popular_1_exp_Experiment_1_seed_42,4,0.056637014222102426,connected,mainstream
522,popular_1_exp_Experiment_1_seed_42,4,0.05456130700550745,connected,mainstream
26,popular_1_exp_Experiment_1_seed_42,4,0.0238855343958892,connected,niche
183,popular_1_exp_Experiment_1_seed_42,4,0.05313805005591288,connected,mainstream
320,popular_1_exp_Experiment_1_seed_42,4,0.06363920407396474,connected,mainstream
172,popular_1_exp_Experiment_1_seed_42,4,0.06627980184453522,connected,mainstream
103,popular_1_exp_Experiment_1_seed_42,4,0.05091985040345284,connected,mainstream
203,popular_1_exp_Experiment_1_seed_42,4,0.05245099852720364,connected,mainstream
333,popular_1_exp_Experiment_1_seed_42,4,0.058949746046174485,connected,mainstream
347,popular_1_exp_Experiment_1_seed_42,4,0.055429250812883635,connected,mainstream
249,popular_1_exp_Experiment_1_seed_42,4,0.0632805823426044,connected,mainstream
274,popular_1_exp_Experiment_1_seed_42,4,0.06736580169446098,connected,mainstream
14,popular_1_exp_Experiment_1_seed_42,4,0.02144208899763869,connected,niche
300,popular_1_exp_Experiment_1_seed_42,4,0.051211230728396735,connected,mainstream
223,popular_1_exp_Experiment_1_seed_42,4,0.0563660912188132,connected,mainstream
502,popular_1_exp_Experiment_1_seed_42,4,0.053651849829338134,connected,mainstream
193,popular_1_exp_Experiment_1_seed_42,4,0.06719394517067155,connected,mainstream
285,popular_1_exp_Experiment_1_seed_42,4,0.059141239966101544,connected,mainstream
404,popular_1_exp_Experiment_1_seed_42,4,0.05925930667891841,connected,mainstream
533,popular_1_exp_Experiment_1_seed_42,4,0.055250872855871096,connected,mainstream
112,popular_1_exp_Experiment_1_seed_42,4,0.05260879939128769,connected,mainstream
284,popular_1_exp_Experiment_1_seed_42,4,0.07323411774011883,connected,mainstream
108,popular_1_exp_Experiment_1_seed_42,4,0.05421044820091311,connected,mainstream
345,popular_1_exp_Experiment_1_seed_42,4,0.05585795021436263,connected,mainstream
415,popular_1_exp_Experiment_1_seed_42,4,0.05990165041750018,connected,mainstream
220,popular_1_exp_Experiment_1_seed_42,4,0.048042941265914636,connected,mainstream
366,popular_1_exp_Experiment_1_seed_42,4,0.053544056026842896,connected,mainstream
222,popular_1_exp_Experiment_1_seed_42,4,0.052224223258962844,connected,mainstream
139,popular_1_exp_Experiment_1_seed_42,4,0.05876167319078752,connected,mainstream
463,popular_1_exp_Experiment_1_seed_42,4,0.05339064997365952,connected,mainstream
41,popular_1_exp_Experiment_1_seed_42,4,0.016654895977132943,connected,niche
83,popular_1_exp_Experiment_1_seed_42,4,0.05498396701135357,connected,mainstream
590,popular_1_exp_Experiment_1_seed_42,4,0.04949489703850405,connected,mainstream
470,popular_1_exp_Experiment_1_seed_42,4,0.05505402773047613,connected,mainstream
268,popular_1_exp_Experiment_1_seed_42,4,0.05752797981110936,connected,mainstream
530,popular_1_exp_Experiment_1_seed_42,4,0.052867504671680776,connected,mainstream
180,popular_1_exp_Experiment_1_seed_42,4,0.054098253510310675,connected,mainstream
468,popular_1_exp_Experiment_1_seed_42,4,0.06080286568894581,connected,mainstream
77,popular_1_exp_Experiment_1_seed_42,4,0.05718307297074823,connected,mainstream
563,popular_1_exp_Experiment_1_seed_42,4,0.054233420741796816,connected,mainstream
588,popular_1_exp_Experiment_1_seed_42,4,0.057520028544555256,connected,mainstream
454,popular_1_exp_Experiment_1_seed_42,4,0.05292568332839078,connected,mainstream
295,popular_1_exp_Experiment_1_seed_42,4,0.0572122419130199,connected,mainstream
478,popular_1_exp_Experiment_1_seed_42,4,0.05762758236779738,connected,mainstream
565,popular_1_exp_Experiment_1_seed_42,4,0.050873577970550116,connected,mainstream
144,popular_1_exp_Experiment_1_seed_42,4,0.05738271459672867,connected,mainstream
581,popular_1_exp_Experiment_1_seed_42,4,0.05255500368430468,connected,mainstream
39,popular_1_exp_Experiment_1_seed_42,4,0.020565652807618198,connected,niche
510,popular_1_exp_Experiment_1_seed_42,4,0.07182629713215181,connected,mainstream
431,popular_1_exp_Experiment_1_seed_42,4,0.05083321736174216,connected,mainstream
71,popular_1_exp_Experiment_1_seed_42,4,0.04987298027327336,connected,mainstream
99,popular_1_exp_Experiment_1_seed_42,4,0.06882456269204633,connected,mainstream
584,popular_1_exp_Experiment_1_seed_42,4,0.06200339303500398,connected,mainstream
42,popular_1_exp_Experiment_1_seed_42,4,0.029578818245903565,connected,niche
538,popular_1_exp_Experiment_1_seed_42,4,0.05108123582210224,connected,mainstream
592,popular_1_exp_Experiment_1_seed_42,4,0.05638883754206436,connected,mainstream
117,popular_1_exp_Experiment_1_seed_42,4,0.05782374395299509,connected,mainstream
151,popular_1_exp_Experiment_1_seed_42,4,0.05207393121096982,connected,mainstream
3,popular_1_exp_Experiment_1_seed_42,4,0.04515345686729257,connected,niche
433,popular_1_exp_Experiment_1_seed_42,4,0.0534093428234463,connected,mainstream
237,popular_1_exp_Experiment_1_seed_42,4,0.05303782503814578,connected,mainstream
580,popular_1_exp_Experiment_1_seed_42,4,0.06625066150326235,connected,mainstream
555,popular_1_exp_Experiment_1_seed_42,4,0.054903880802187666,connected,mainstream
511,popular_1_exp_Experiment_1_seed_42,4,0.055663148180716666,connected,mainstream
171,popular_1_exp_Experiment_1_seed_42,4,0.05827218911178092,connected,mainstream
30,popular_1_exp_Experiment_1_seed_42,4,0.01938544016512321,connected,niche
46,popular_1_exp_Experiment_1_seed_42,4,0.016494106551987093,connected,niche
227,popular_1_exp_Experiment_1_seed_42,4,0.05266780028656112,connected,mainstream
459,popular_1_exp_Experiment_1_seed_42,4,0.055331995723809535,connected,mainstream
534,popular_1_exp_Experiment_1_seed_42,4,0.05551150050254636,connected,mainstream
293,popular_1_exp_Experiment_1_seed_42,4,0.06574429806181777,connected,mainstream
520,popular_1_exp_Experiment_1_seed_42,4,0.049503180247453316,connected,mainstream
494,popular_1_exp_Experiment_1_seed_42,4,0.05806227766374392,connected,mainstream
379,popular_1_exp_Experiment_1_seed_42,4,0.057121988916582024,connected,mainstream
282,popular_1_exp_Experiment_1_seed_42,4,0.053522089226970736,connected,mainstream
240,popular_1_exp_Experiment_1_seed_42,4,0.05522371201335987,connected,mainstream
323,popular_1_exp_Experiment_1_seed_42,4,0.05903988869805732,connected,mainstream
120,popular_1_exp_Experiment_1_seed_42,4,0.05294763647179596,connected,mainstream
51,popular_1_exp_Experiment_1_seed_42,4,0.022897621404529386,connected,niche
298,popular_1_exp_Experiment_1_seed_42,4,0.06303478212897913,connected,mainstream
59,popular_1_exp_Experiment_1_seed_42,4,0.022473407574584867,connected,niche
442,popular_1_exp_Experiment_1_seed_42,4,0.053978932943663425,connected,mainstream
281,popular_1_exp_Experiment_1_seed_42,4,0.05367969591777925,connected,mainstream
597,popular_1_exp_Experiment_1_seed_42,4,0.05499332816168411,connected,mainstream
244,popular_1_exp_Experiment_1_seed_42,4,0.05165113785975373,connected,mainstream
179,popular_1_exp_Experiment_1_seed_42,4,0.05603847092576569,connected,mainstream
81,popular_1_exp_Experiment_1_seed_42,4,0.04862859584237513,connected,mainstream
219,popular_1_exp_Experiment_1_seed_42,4,0.05815077452244463,connected,mainstream
204,popular_1_exp_Experiment_1_seed_42,4,0.06010555165245093,connected,mainstream
556,popular_1_exp_Experiment_1_seed_42,4,0.06561658074831077,connected,mainstream
126,popular_1_exp_Experiment_1_seed_42,4,0.05642626216995152,connected,mainstream
576,popular_1_exp_Experiment_1_seed_42,4,0.05648973345430136,connected,mainstream
416,popular_1_exp_Experiment_1_seed_42,4,0.05123521433197492,connected,mainstream
132,popular_1_exp_Experiment_1_seed_42,4,0.06895440859583159,connected,mainstream
32,popular_1_exp_Experiment_1_seed_42,4,0.013736703450656173,connected,niche
594,popular_1_exp_Experiment_1_seed_42,4,0.058640720033133344,connected,mainstream
79,popular_1_exp_Experiment_1_seed_42,4,0.05683816964499624,connected,mainstream
1,popular_1_exp_Experiment_1_seed_42,4,0.015415307110041472,connected,niche
484,popular_1_exp_Experiment_1_seed_42,4,0.06477927379459214,connected,mainstream
585,popular_1_exp_Experiment_1_seed_42,4,0.06818694931345813,connected,mainstream
143,popular_1_exp_Experiment_1_seed_42,4,0.05517534968467259,connected,mainstream
473,popular_1_exp_Experiment_1_seed_42,4,0.061171389881647,connected,mainstream
141,popular_1_exp_Experiment_1_seed_42,4,0.0693442701839635,connected,mainstream
326,popular_1_exp_Experiment_1_seed_42,4,0.05234064493211394,connected,mainstream
61,popular_1_exp_Experiment_1_seed_42,4,0.05817089972491107,connected,mainstream
432,popular_1_exp_Experiment_1_seed_42,4,0.05784526513359911,connected,mainstream
199,popular_1_exp_Experiment_1_seed_42,4,0.06543691386056076,connected,mainstream
452,popular_1_exp_Experiment_1_seed_42,4,0.059492800926378424,connected,mainstream
471,popular_1_exp_Experiment_1_seed_42,4,0.05530415449837789,connected,mainstream
105,popular_1_exp_Experiment_1_seed_42,4,0.05389747978853506,connected,mainstream
146,popular_1_exp_Experiment_1_seed_42,4,0.05831739047273482,connected,mainstream
578,popular_1_exp_Experiment_1_seed_42,4,0.05199862257801583,connected,mainstream
410,popular_1_exp_Experiment_1_seed_42,4,0.05946102159877072,connected,mainstream
221,popular_1_exp_Experiment_1_seed_42,4,0.05188759699229414,connected,mainstream
297,popular_1_exp_Experiment_1_seed_42,4,0.0617512852953501,connected,mainstream
210,popular_1_exp_Experiment_1_seed_42,4,0.05516886508853397,connected,mainstream
15,popular_1_exp_Experiment_1_seed_42,4,0.01932207187162244,connected,niche
254,popular_1_exp_Experiment_1_seed_42,4,0.053923152195739954,connected,mainstream
402,popular_1_exp_Experiment_1_seed_42,4,0.05315821806018697,connected,mainstream
457,popular_1_exp_Experiment_1_seed_42,4,0.07077020209536818,connected,mainstream
334,popular_1_exp_Experiment_1_seed_42,4,0.0638773014915162,connected,mainstream
524,popular_1_exp_Experiment_1_seed_42,4,0.05211703430077592,connected,mainstream
472,popular_1_exp_Experiment_1_seed_42,4,0.0517730346106268,connected,mainstream
336,popular_1_exp_Experiment_1_seed_42,4,0.052077274029546955,connected,mainstream
527,popular_1_exp_Experiment_1_seed_42,4,0.060107154023613024,connected,mainstream
283,popular_1_exp_Experiment_1_seed_42,4,0.05292135977402188,connected,mainstream
52,popular_1_exp_Experiment_1_seed_42,4,0.01922568017527843,connected,niche
461,popular_1_exp_Experiment_1_seed_42,4,0.06924672004423434,connected,mainstream
12,popular_1_exp_Experiment_1_seed_42,4,0.01730192771082323,connected,niche
514,popular_1_exp_Experiment_1_seed_42,4,0.052271973934734844,connected,mainstream
54,popular_1_exp_Experiment_1_seed_42,4,0.018006630573885768,connected,niche
393,popular_1_exp_Experiment_1_seed_42,4,0.050908499077693646,connected,mainstream
437,popular_1_exp_Experiment_1_seed_42,4,0.066192988864075,connected,mainstream
216,popular_1_exp_Experiment_1_seed_42,4,0.05487180050837678,connected,mainstream
488,popular_1_exp_Experiment_1_seed_42,4,0.06143879693771511,connected,mainstream
309,popular_1_exp_Experiment_1_seed_42,4,0.052831202979401574,connected,mainstream
547,popular_1_exp_Experiment_1_seed_42,4,0.05071006224889494,connected,mainstream
552,popular_1_exp_Experiment_1_seed_42,4,0.06322100075843894,connected,mainstream
21,popular_1_exp_Experiment_1_seed_42,4,0.016307364080283014,connected,niche
278,popular_1_exp_Experiment_1_seed_42,4,0.053561996005071534,connected,mainstream
375,popular_1_exp_Experiment_1_seed_42,4,0.05414984101574718,connected,mainstream
455,popular_1_exp_Experiment_1_seed_42,4,0.06282523076899792,connected,mainstream
34,popular_1_exp_Experiment_1_seed_42,4,0.027236057835484686,connected,niche
11,popular_1_exp_Experiment_1_seed_42,4,0.022435822439564435,connected,niche
136,popular_1_exp_Experiment_1_seed_42,4,0.05568889317656808,connected,mainstream
147,popular_1_exp_Experiment_1_seed_42,4,0.05281518698856232,connected,mainstream
49,popular_1_exp_Experiment_1_seed_42,4,0.017849521262766014,connected,niche
508,popular_1_exp_Experiment_1_seed_42,4,0.054767248764796696,connected,mainstream
595,popular_1_exp_Experiment_1_seed_42,4,0.06671636911599377,connected,mainstream
296,popular_1_exp_Experiment_1_seed_42,4,0.05784435402443303,connected,mainstream
4,popular_1_exp_Experiment_1_seed_42,4,0.023197625364091576,connected,niche
165,popular_1_exp_Experiment_1_seed_42,4,0.06741045520507204,connected,mainstream
397,popular_1_exp_Experiment_1_seed_42,4,0.05748819154263351,connected,mainstream
169,popular_1_exp_Experiment_1_seed_42,4,0.06695073818236091,connected,mainstream
446,popular_1_exp_Experiment_1_seed_42,4,0.05684838675208235,connected,mainstream
518,popular_1_exp_Experiment_1_seed_42,4,0.06537243213087733,connected,mainstream
499,popular_1_exp_Experiment_1_seed_42,4,0.06069677069715854,connected,mainstream
509,popular_1_exp_Experiment_1_seed_42,4,0.058552674869236467,connected,mainstream
44,popular_1_exp_Experiment_1_seed_42,4,0.014669409957613925,connected,niche
248,popular_1_exp_Experiment_1_seed_42,4,0.06339997191630807,connected,mainstream
376,popular_1_exp_Experiment_1_seed_42,4,0.05405993957089198,connected,mainstream
133,popular_1_exp_Experiment_1_seed_42,4,0.06588785442287225,connected,mainstream
569,popular_1_exp_Experiment_1_seed_42,4,0.06540871886611332,connected,mainstream
560,popular_1_exp_Experiment_1_seed_42,4,0.05219130244473038,connected,mainstream
466,popular_1_exp_Experiment_1_seed_42,4,0.06013453227582024,connected,mainstream
348,popular_1_exp_Experiment_1_seed_42,4,0.0512813113401504,connected,mainstream
101,popular_1_exp_Experiment_1_seed_42,4,0.05259244125715545,connected,mainstream
64,popular_1_exp_Experiment_1_seed_42,4,0.05438144304998022,connected,mainstream
360,popular_1_exp_Experiment_1_seed_42,4,0.052013319173092355,connected,mainstream
189,popular_1_exp_Experiment_1_seed_42,4,0.061118649054388734,connected,mainstream
78,popular_1_exp_Experiment_1_seed_42,4,0.05972477637711806,connected,mainstream
118,popular_1_exp_Experiment_1_seed_42,4,0.049660272675814125,connected,mainstream
380,popular_1_exp_Experiment_1_seed_42,4,0.05755685840050604,connected,mainstream
131,popular_1_exp_Experiment_1_seed_42,4,0.05764084128989203,connected,mainstream
188,popular_1_exp_Experiment_1_seed_42,4,0.05501503145784109,connected,mainstream
186,popular_1_exp_Experiment_1_seed_42,4,0.052632333034316296,connected,mainstream
441,popular_1_exp_Experiment_1_seed_42,4,0.06171994889818553,connected,mainstream
422,popular_1_exp_Experiment_1_seed_42,4,0.05050726882573801,connected,mainstream
233,popular_1_exp_Experiment_1_seed_42,4,0.055480478071344354,connected,mainstream
445,popular_1_exp_Experiment_1_seed_42,4,0.05886867245696894,connected,mainstream
400,popular_1_exp_Experiment_1_seed_42,4,0.05573991241220839,connected,mainstream
154,popular_1_exp_Experiment_1_seed_42,4,0.0727893384164528,connected,mainstream
50,popular_1_exp_Experiment_1_seed_42,4,0.014716403792445265,connected,niche
73,popular_1_exp_Experiment_1_seed_42,4,0.07210877354287994,connected,mainstream
156,popular_1_exp_Experiment_1_seed_42,4,0.05089120366642035,connected,mainstream
425,popular_1_exp_Experiment_1_seed_42,4,0.050804643033882414,connected,mainstream
308,popular_1_exp_Experiment_1_seed_42,4,0.07085787647047348,connected,mainstream
447,popular_1_exp_Experiment_1_seed_42,4,0.05490828027259628,connected,mainstream
423,popular_1_exp_Experiment_1_seed_42,4,0.05121135701058277,connected,mainstream
263,popular_1_exp_Experiment_1_seed_42,4,0.05618011667742221,connected,mainstream
324,popular_1_exp_Experiment_1_seed_42,4,0.05471356954631645,connected,mainstream
92,popular_1_exp_Experiment_1_seed_42,4,0.06253064184488462,connected,mainstream
413,popular_1_exp_Experiment_1_seed_42,4,0.05759716550457109,connected,mainstream
543,popular_1_exp_Experiment_1_seed_42,4,0.05771999028009559,connected,mainstream
38,popular_1_exp_Experiment_1_seed_42,4,0.0399025319377967,connected,niche
535,popular_1_exp_Experiment_1_seed_42,4,0.0554682015588338,connected,mainstream
411,popular_1_exp_Experiment_1_seed_42,4,0.05407442382860194,connected,mainstream
275,popular_1_exp_Experiment_1_seed_42,4,0.05425762249955964,connected,mainstream
501,popular_1_exp_Experiment_1_seed_42,4,0.04806111371345134,connected,mainstream
271,popular_1_exp_Experiment_1_seed_42,4,0.0634868558274191,connected,mainstream
368,popular_1_exp_Experiment_1_seed_42,4,0.05132955113681992,connected,mainstream
89,popular_1_exp_Experiment_1_seed_42,4,0.05080863831107455,connected,mainstream
358,popular_1_exp_Experiment_1_seed_42,4,0.055612220634038256,connected,mainstream
273,popular_1_exp_Experiment_1_seed_42,4,0.056121949928603726,connected,mainstream
346,popular_1_exp_Experiment_1_seed_42,4,0.05618299594308166,connected,mainstream
339,popular_1_exp_Experiment_1_seed_42,4,0.06260502636534478,connected,mainstream
106,popular_1_exp_Experiment_1_seed_42,4,0.051525798059950445,connected,mainstream
529,popular_1_exp_Experiment_1_seed_42,4,0.058862589626407245,connected,mainstream
100,popular_1_exp_Experiment_1_seed_42,4,0.05753672109660104,connected,mainstream
497,popular_1_exp_Experiment_1_seed_42,4,0.05613879604229122,connected,mainstream
67,popular_1_exp_Experiment_1_seed_42,4,0.07408321232537037,connected,mainstream
2,popular_1_exp_Experiment_1_seed_42,4,0.0145310282412276,connected,niche
185,popular_1_exp_Experiment_1_seed_42,4,0.06236212162637036,connected,mainstream
315,popular_1_exp_Experiment_1_seed_42,4,0.05067387526018591,connected,mainstream
377,popular_1_exp_Experiment_1_seed_42,4,0.05011883502228116,connected,mainstream
503,popular_1_exp_Experiment_1_seed_42,4,0.06108999999643692,connected,mainstream
247,popular_1_exp_Experiment_1_seed_42,4,0.05581260148986309,connected,mainstream
448,popular_1_exp_Experiment_1_seed_42,4,0.05150731893274594,connected,mainstream
313,popular_1_exp_Experiment_1_seed_42,4,0.0773312662865861,connected,mainstream
279,popular_1_exp_Experiment_1_seed_42,4,0.051586732762706,connected,mainstream
202,popular_1_exp_Experiment_1_seed_42,4,0.06004952583212144,connected,mainstream
337,popular_1_exp_Experiment_1_seed_42,4,0.06888865597484649,connected,mainstream
280,popular_1_exp_Experiment_1_seed_42,4,0.043857824858164585,connected,mainstream
426,popular_1_exp_Experiment_1_seed_42,4,0.05702643179949679,connected,mainstream
228,popular_1_exp_Experiment_1_seed_42,4,0.06579198139680605,connected,mainstream
474,popular_1_exp_Experiment_1_seed_42,4,0.05557813055163751,connected,mainstream
209,popular_1_exp_Experiment_1_seed_42,4,0.06559604911961568,connected,mainstream
523,popular_1_exp_Experiment_1_seed_42,4,0.07376577529370547,connected,mainstream
138,popular_1_exp_Experiment_1_seed_42,4,0.055791730031527535,connected,mainstream
421,popular_1_exp_Experiment_1_seed_42,4,0.057474231261630614,connected,mainstream
536,popular_1_exp_Experiment_1_seed_42,4,0.07122098730926514,connected,mainstream
68,popular_1_exp_Experiment_1_seed_42,4,0.0550721712157388,connected,mainstream
381,popular_1_exp_Experiment_1_seed_42,4,0.05890007480794335,connected,mainstream
163,popular_1_exp_Experiment_1_seed_42,4,0.06115764492127324,connected,mainstream
245,popular_1_exp_Experiment_1_seed_42,4,0.056152998994904946,connected,mainstream
359,popular_1_exp_Experiment_1_seed_42,4,0.053986105552907004,connected,mainstream
566,popular_1_exp_Experiment_1_seed_42,4,0.05418627269335341,connected,mainstream
289,popular_1_exp_Experiment_1_seed_42,4,0.058717318813385204,connected,mainstream
327,popular_1_exp_Experiment_1_seed_42,4,0.038787982151862965,connected,mainstream
351,popular_1_exp_Experiment_1_seed_42,4,0.056869114600936514,connected,mainstream
493,popular_1_exp_Experiment_1_seed_42,4,0.05462638662421799,connected,mainstream
546,popular_1_exp_Experiment_1_seed_42,4,0.06182557103727774,connected,mainstream
388,popular_1_exp_Experiment_1_seed_42,4,0.057258027518935904,connected,mainstream
583,popular_1_exp_Experiment_1_seed_42,4,0.05093331598109957,connected,mainstream
130,popular_1_exp_Experiment_1_seed_42,4,0.05742344478610307,connected,mainstream
161,popular_1_exp_Experiment_1_seed_42,4,0.06818622057818767,connected,mainstream
564,popular_1_exp_Experiment_1_seed_42,4,0.05676244738004146,connected,mainstream
389,popular_1_exp_Experiment_1_seed_42,4,0.06400051216093995,connected,mainstream
153,popular_1_exp_Experiment_1_seed_42,4,0.05453456261816877,connected,mainstream
95,popular_1_exp_Experiment_1_seed_42,4,0.054836138228592894,connected,mainstream
540,popular_1_exp_Experiment_1_seed_42,4,0.06373382493852597,connected,mainstream
255,popular_1_exp_Experiment_1_seed_42,4,0.058589723523267266,connected,mainstream
82,popular_1_exp_Experiment_1_seed_42,4,0.055190087659095215,connected,mainstream
481,popular_1_exp_Experiment_1_seed_42,4,0.05376075422107266,connected,mainstream
125,popular_1_exp_Experiment_1_seed_42,4,0.06894168954502856,connected,mainstream
37,popular_1_exp_Experiment_1_seed_42,4,0.02904584359011236,connected,niche
17,popular_1_exp_Experiment_1_seed_42,4,0.017281951686735176,connected,niche
335,popular_1_exp_Experiment_1_seed_42,4,0.054934241225113874,connected,mainstream
545,popular_1_exp_Experiment_1_seed_42,4,0.05262042813003956,connected,mainstream
18,popular_1_exp_Experiment_1_seed_42,4,0.0161711765566586,connected,niche
214,popular_1_exp_Experiment_1_seed_42,4,0.0496825274318422,connected,mainstream
443,popular_1_exp_Experiment_1_seed_42,4,0.05106415047599811,connected,mainstream
332,popular_1_exp_Experiment_1_seed_42,4,0.06472271199128231,connected,mainstream
558,popular_1_exp_Experiment_1_seed_42,4,0.05368865848664959,connected,mainstream
35,popular_1_exp_Experiment_1_seed_42,4,0.031889087537389914,connected,niche
246,popular_1_exp_Experiment_1_seed_42,4,0.05501786619976009,connected,mainstream
390,popular_1_exp_Experiment_1_seed_42,4,0.05477078028334304,connected,mainstream
33,popular_1_exp_Experiment_1_seed_42,4,0.01588863442793121,connected,niche
516,popular_1_exp_Experiment_1_seed_42,4,0.057034176679988814,connected,mainstream
568,popular_1_exp_Experiment_1_seed_42,4,0.05806642413337382,connected,mainstream
424,popular_1_exp_Experiment_1_seed_42,4,0.05160079952724159,connected,mainstream
198,popular_1_exp_Experiment_1_seed_42,4,0.06100653974518196,connected,mainstream
599,popular_1_exp_Experiment_1_seed_42,4,0.06436480208124727,connected,mainstream
491,popular_1_exp_Experiment_1_seed_42,4,0.07357286202481789,connected,mainstream
270,popular_1_exp_Experiment_1_seed_42,4,0.053611770335854146,connected,mainstream
294,popular_1_exp_Experiment_1_seed_42,4,0.052686011993883806,connected,mainstream
241,popular_1_exp_Experiment_1_seed_42,4,0.06267600390492492,connected,mainstream
412,popular_1_exp_Experiment_1_seed_42,4,0.06258616155767908,connected,mainstream
331,popular_1_exp_Experiment_1_seed_42,4,0.06007727318355092,connected,mainstream
340,popular_1_exp_Experiment_1_seed_42,4,0.056663515355937,connected,mainstream
212,popular_1_exp_Experiment_1_seed_42,4,0.05226935137759411,connected,mainstream
134,popular_1_exp_Experiment_1_seed_42,4,0.05129589311180035,connected,mainstream
97,popular_1_exp_Experiment_1_seed_42,4,0.0627902970182321,connected,mainstream
258,popular_1_exp_Experiment_1_seed_42,4,0.07125045772663678,connected,mainstream
490,popular_1_exp_Experiment_1_seed_42,4,0.05691079414197344,connected,mainstream
90,popular_1_exp_Experiment_1_seed_42,4,0.07324435486319229,connected,mainstream
129,popular_1_exp_Experiment_1_seed_42,4,0.0510884501375162,connected,mainstream
301,popular_1_exp_Experiment_1_seed_42,4,0.05540992285857571,connected,mainstream
127,popular_1_exp_Experiment_1_seed_42,4,0.06056937917531039,connected,mainstream
475,popular_1_exp_Experiment_1_seed_42,4,0.057594754141773764,connected,mainstream
155,popular_1_exp_Experiment_1_seed_42,4,0.04954712762958144,connected,mainstream
72,popular_1_exp_Experiment_1_seed_42,4,0.06203902637930487,connected,mainstream
140,popular_1_exp_Experiment_1_seed_42,4,0.054156369839767717,connected,mainstream
450,popular_1_exp_Experiment_1_seed_42,4,0.05009963563204204,connected,mainstream
440,popular_1_exp_Experiment_1_seed_42,4,0.058190690266348016,connected,mainstream
537,popular_1_exp_Experiment_1_seed_42,4,0.07434883463169584,connected,mainstream
113,popular_1_exp_Experiment_1_seed_42,4,0.057368576681636134,connected,mainstream
235,popular_1_exp_Experiment_1_seed_42,4,0.07210410080579571,connected,mainstream
476,popular_1_exp_Experiment_1_seed_42,4,0.05437519904665489,connected,mainstream
406,popular_1_exp_Experiment_1_seed_42,4,0.05117983355451101,connected,mainstream
111,popular_1_exp_Experiment_1_seed_42,4,0.05151026097329647,connected,mainstream
80,popular_1_exp_Experiment_1_seed_42,4,0.06115973168203139,connected,mainstream
318,popular_1_exp_Experiment_1_seed_42,4,0.05316833604132004,connected,mainstream
391,popular_1_exp_Experiment_1_seed_42,4,0.06053242003142206,connected,mainstream
344,popular_1_exp_Experiment_1_seed_42,4,0.06128695176955262,connected,mainstream
121,popular_1_exp_Experiment_1_seed_42,4,0.05956384638942611,connected,mainstream
591,popular_1_exp_Experiment_1_seed_42,4,0.06437132234705764,connected,mainstream
551,popular_1_exp_Experiment_1_seed_42,4,0.049203370737631,connected,mainstream
226,popular_1_exp_Experiment_1_seed_42,4,0.05464617714800576,connected,mainstream
467,popular_1_exp_Experiment_1_seed_42,4,0.06569813765181247,connected,mainstream
10,popular_1_exp_Experiment_1_seed_42,4,0.02330510614434088,connected,niche
532,popular_1_exp_Experiment_1_seed_42,4,0.05620596138099432,connected,mainstream
75,popular_1_exp_Experiment_1_seed_42,4,0.05169996778077398,connected,mainstream
211,popular_1_exp_Experiment_1_seed_42,4,0.060971696046656754,connected,mainstream
250,popular_1_exp_Experiment_1_seed_42,4,0.06362520456640669,connected,mainstream
403,popular_1_exp_Experiment_1_seed_42,4,0.05966855933500075,connected,mainstream
562,popular_1_exp_Experiment_1_seed_42,4,0.04961817896885231,connected,mainstream
525,popular_1_exp_Experiment_1_seed_42,4,0.06812252615191976,connected,mainstream
86,popular_1_exp_Experiment_1_seed_42,4,0.05142199727934563,connected,mainstream
365,popular_1_exp_Experiment_1_seed_42,4,0.07338380092298247,connected,mainstream
571,popular_1_exp_Experiment_1_seed_42,4,0.056966481218105915,connected,mainstream
266,popular_1_exp_Experiment_1_seed_42,4,0.051942061160767834,connected,mainstream
542,popular_1_exp_Experiment_1_seed_42,4,0.05468620811467597,connected,mainstream
396,popular_1_exp_Experiment_1_seed_42,4,0.05212564694218149,connected,mainstream
225,popular_1_exp_Experiment_1_seed_42,4,0.05403566059780821,connected,mainstream
230,popular_1_exp_Experiment_1_seed_42,4,0.053271598674195376,connected,mainstream
434,popular_1_exp_Experiment_1_seed_42,4,0.05572733875225092,connected,mainstream
174,popular_1_exp_Experiment_1_seed_42,4,0.06015610077895819,connected,mainstream
322,popular_1_exp_Experiment_1_seed_42,4,0.052680507745948284,connected,mainstream
311,popular_1_exp_Experiment_1_seed_42,4,0.0640435327642869,connected,mainstream
36,popular_1_exp_Experiment_1_seed_42,4,0.024417517018235663,connected,niche
307,popular_1_exp_Experiment_1_seed_42,4,0.0734089068963279,connected,mainstream
261,popular_1_exp_Experiment_1_seed_42,4,0.05485373663372822,connected,mainstream
184,popular_1_exp_Experiment_1_seed_42,4,0.0567173185551541,connected,mainstream
329,popular_1_exp_Experiment_1_seed_42,4,0.06511318747943924,connected,mainstream
477,popular_1_exp_Experiment_1_seed_42,4,0.05684785509530862,connected,mainstream
342,popular_1_exp_Experiment_1_seed_42,4,0.052911235087437246,connected,mainstream
596,popular_1_exp_Experiment_1_seed_42,4,0.05762868685124236,connected,mainstream
372,popular_1_exp_Experiment_1_seed_42,4,0.05098964860344823,connected,mainstream
325,popular_1_exp_Experiment_1_seed_42,4,0.053619170433405305,connected,mainstream
6,popular_1_exp_Experiment_1_seed_42,4,0.038305871356666715,connected,niche
170,popular_1_exp_Experiment_1_seed_42,4,0.06671102367044617,connected,mainstream
194,popular_1_exp_Experiment_1_seed_42,4,0.05187577853094514,connected,mainstream
567,popular_1_exp_Experiment_1_seed_42,4,0.057217583529567774,connected,mainstream
417,popular_1_exp_Experiment_1_seed_42,4,0.0633333440444719,connected,mainstream
160,popular_1_exp_Experiment_1_seed_42,4,0.05151442166157328,connected,mainstream
158,popular_1_exp_Experiment_1_seed_42,4,0.06709414741986769,connected,mainstream
541,popular_1_exp_Experiment_1_seed_42,4,0.06989714831002466,connected,mainstream
137,popular_1_exp_Experiment_1_seed_42,4,0.051299055163996465,connected,mainstream
528,popular_1_exp_Experiment_1_seed_42,4,0.05443574761733949,connected,mainstream
84,popular_1_exp_Experiment_1_seed_42,4,0.057528483277902644,connected,mainstream
13,popular_1_exp_Experiment_1_seed_42,4,0.0342731042934686,connected,niche
361,popular_1_exp_Experiment_1_seed_42,4,0.05034617095703677,connected,mainstream
418,popular_1_exp_Experiment_1_seed_42,4,0.05506085194444984,connected,mainstream
58,popular_1_exp_Experiment_1_seed_42,4,0.021602566342374983,connected,niche
124,popular_1_exp_Experiment_1_seed_42,4,0.057303569080820675,connected,mainstream
115,popular_1_exp_Experiment_1_seed_42,4,0.05043842347191324,connected,mainstream
349,popular_1_exp_Experiment_1_seed_42,4,0.05610774516419221,connected,mainstream
8,popular_1_exp_Experiment_1_seed_42,4,0.018846789470969003,connected,niche
487,popular_1_exp_Experiment_1_seed_42,4,0.05791576213679978,connected,mainstream
102,popular_1_exp_Experiment_1_seed_42,4,0.05309447217824562,connected,mainstream
483,popular_1_exp_Experiment_1_seed_42,4,0.05449413913206206,connected,mainstream
352,popular_1_exp_Experiment_1_seed_42,4,0.060614200905192005,connected,mainstream
500,popular_1_exp_Experiment_1_seed_42,4,0.05236384729557053,connected,mainstream
20,popular_1_exp_Experiment_1_seed_42,4,0.031067121509695327,connected,niche
19,popular_1_exp_Experiment_1_seed_42,4,0.017870155442746904,connected,niche
242,popular_1_exp_Experiment_1_seed_42,4,0.07058055866771702,connected,mainstream
267,popular_1_exp_Experiment_1_seed_42,4,0.05684573549492803,connected,mainstream
128,popular_1_exp_Experiment_1_seed_42,4,0.05159949204414289,connected,mainstream
208,popular_1_exp_Experiment_1_seed_42,4,0.06152789828321978,connected,mainstream
109,popular_1_exp_Experiment_1_seed_42,4,0.05491170023898623,connected,mainstream
27,popular_1_exp_Experiment_1_seed_42,4,0.02511261923537041,connected,niche
70,popular_1_exp_Experiment_1_seed_42,4,0.05982997366951767,connected,mainstream
45,popular_1_exp_Experiment_1_seed_42,4,0.02231577157536989,connected,niche
173,popular_1_exp_Experiment_1_seed_42,4,0.057572262056321544,connected,mainstream
43,popular_1_exp_Experiment_1_seed_42,4,0.017155335363968054,connected,niche
48,popular_1_exp_Experiment_1_seed_42,4,0.015074660922848654,connected,niche
85,popular_1_exp_Experiment_1_seed_42,4,0.054711277805790826,connected,mainstream
164,popular_1_exp_Experiment_1_seed_42,4,0.04866688608798214,connected,mainstream
251,popular_1_exp_Experiment_1_seed_42,4,0.05129422127379937,connected,mainstream
310,popular_1_exp_Experiment_1_seed_42,4,0.05608583819665928,connected,mainstream
504,popular_1_exp_Experiment_1_seed_42,5,0.05011745738437467,connected,mainstream
66,popular_1_exp_Experiment_1_seed_42,5,0.0514159487558071,connected,mainstream
192,popular_1_exp_Experiment_1_seed_42,5,0.059022255555534094,connected,mainstream
557,popular_1_exp_Experiment_1_seed_42,5,0.051278390212206114,connected,mainstream
29,popular_1_exp_Experiment_1_seed_42,5,0.027606489320620913,connected,niche
122,popular_1_exp_Experiment_1_seed_42,5,0.05210318501904864,connected,mainstream
88,popular_1_exp_Experiment_1_seed_42,5,0.05025998651860961,connected,mainstream
55,popular_1_exp_Experiment_1_seed_42,5,0.016068143083981152,connected,niche
312,popular_1_exp_Experiment_1_seed_42,5,0.04813777334882694,connected,mainstream
399,popular_1_exp_Experiment_1_seed_42,5,0.05300896176642821,connected,mainstream
531,popular_1_exp_Experiment_1_seed_42,5,0.0595697184932889,connected,mainstream
213,popular_1_exp_Experiment_1_seed_42,5,0.06492664299074262,connected,mainstream
243,popular_1_exp_Experiment_1_seed_42,5,0.0541809137672353,connected,mainstream
544,popular_1_exp_Experiment_1_seed_42,5,0.06352693647113357,connected,mainstream
252,popular_1_exp_Experiment_1_seed_42,5,0.06531280887157649,connected,mainstream
265,popular_1_exp_Experiment_1_seed_42,5,0.08242513522895241,connected,mainstream
374,popular_1_exp_Experiment_1_seed_42,5,0.055571865685032064,connected,mainstream
190,popular_1_exp_Experiment_1_seed_42,5,0.05095298529280168,connected,mainstream
573,popular_1_exp_Experiment_1_seed_42,5,0.06559933101582661,connected,mainstream
367,popular_1_exp_Experiment_1_seed_42,5,0.052353211442729135,connected,mainstream
253,popular_1_exp_Experiment_1_seed_42,5,0.053749459698921885,connected,mainstream
217,popular_1_exp_Experiment_1_seed_42,5,0.05438869750391317,connected,mainstream
515,popular_1_exp_Experiment_1_seed_42,5,0.05517602731826132,connected,mainstream
24,popular_1_exp_Experiment_1_seed_42,5,0.018418613665441532,connected,niche
149,popular_1_exp_Experiment_1_seed_42,5,0.05546545212823823,connected,mainstream
28,popular_1_exp_Experiment_1_seed_42,5,0.016159361370104704,connected,niche
260,popular_1_exp_Experiment_1_seed_42,5,0.05491445320874288,connected,mainstream
444,popular_1_exp_Experiment_1_seed_42,5,0.06299535407685732,connected,mainstream
559,popular_1_exp_Experiment_1_seed_42,5,0.05816417008100242,connected,mainstream
350,popular_1_exp_Experiment_1_seed_42,5,0.05588378207014291,connected,mainstream
409,popular_1_exp_Experiment_1_seed_42,5,0.05798044191092777,connected,mainstream
378,popular_1_exp_Experiment_1_seed_42,5,0.050872282434338945,connected,mainstream
570,popular_1_exp_Experiment_1_seed_42,5,0.05456319574949009,connected,mainstream
489,popular_1_exp_Experiment_1_seed_42,5,0.06075841024057202,connected,mainstream
363,popular_1_exp_Experiment_1_seed_42,5,0.052200104018902294,connected,mainstream
200,popular_1_exp_Experiment_1_seed_42,5,0.06426189130534767,connected,mainstream
119,popular_1_exp_Experiment_1_seed_42,5,0.059182622199808355,connected,mainstream
495,popular_1_exp_Experiment_1_seed_42,5,0.05994593159485801,connected,mainstream
498,popular_1_exp_Experiment_1_seed_42,5,0.049075357289004445,connected,mainstream
135,popular_1_exp_Experiment_1_seed_42,5,0.048701305645661656,connected,mainstream
104,popular_1_exp_Experiment_1_seed_42,5,0.060181345158795474,connected,mainstream
449,popular_1_exp_Experiment_1_seed_42,5,0.05881092059295203,connected,mainstream
355,popular_1_exp_Experiment_1_seed_42,5,0.051736210967800345,connected,mainstream
264,popular_1_exp_Experiment_1_seed_42,5,0.0546450591981782,connected,mainstream
69,popular_1_exp_Experiment_1_seed_42,5,0.05470634555814183,connected,mainstream
74,popular_1_exp_Experiment_1_seed_42,5,0.05202517026024739,connected,mainstream
469,popular_1_exp_Experiment_1_seed_42,5,0.053825960924540145,connected,mainstream
438,popular_1_exp_Experiment_1_seed_42,5,0.05929590171302165,connected,mainstream
277,popular_1_exp_Experiment_1_seed_42,5,0.06303067858314533,connected,mainstream
429,popular_1_exp_Experiment_1_seed_42,5,0.05477276675311767,connected,mainstream
589,popular_1_exp_Experiment_1_seed_42,5,0.054427895230264915,connected,mainstream
215,popular_1_exp_Experiment_1_seed_42,5,0.06183743056149826,connected,mainstream
598,popular_1_exp_Experiment_1_seed_42,5,0.05457252063233073,connected,mainstream
107,popular_1_exp_Experiment_1_seed_42,5,0.052871335536183596,connected,mainstream
256,popular_1_exp_Experiment_1_seed_42,5,0.062441376284259865,connected,mainstream
197,popular_1_exp_Experiment_1_seed_42,5,0.056653550982732066,connected,mainstream
465,popular_1_exp_Experiment_1_seed_42,5,0.06640852098873663,connected,mainstream
593,popular_1_exp_Experiment_1_seed_42,5,0.07740111731680495,connected,mainstream
304,popular_1_exp_Experiment_1_seed_42,5,0.06944656121623989,connected,mainstream
428,popular_1_exp_Experiment_1_seed_42,5,0.04914669862511225,connected,mainstream
287,popular_1_exp_Experiment_1_seed_42,5,0.05956704602828879,connected,mainstream
354,popular_1_exp_Experiment_1_seed_42,5,0.051981537824504244,connected,mainstream
519,popular_1_exp_Experiment_1_seed_42,5,0.05734409394937462,connected,mainstream
23,popular_1_exp_Experiment_1_seed_42,5,0.016428724933146014,connected,niche
303,popular_1_exp_Experiment_1_seed_42,5,0.052089052585909366,connected,mainstream
460,popular_1_exp_Experiment_1_seed_42,5,0.05399384784894209,connected,mainstream
392,popular_1_exp_Experiment_1_seed_42,5,0.055502675507111375,connected,mainstream
427,popular_1_exp_Experiment_1_seed_42,5,0.05771424381363549,connected,mainstream
319,popular_1_exp_Experiment_1_seed_42,5,0.06593304533592766,connected,mainstream
420,popular_1_exp_Experiment_1_seed_42,5,0.0642889845983924,connected,mainstream
408,popular_1_exp_Experiment_1_seed_42,5,0.04893203941316616,connected,mainstream
76,popular_1_exp_Experiment_1_seed_42,5,0.05335864267258517,connected,mainstream
398,popular_1_exp_Experiment_1_seed_42,5,0.06424854138748995,connected,mainstream
343,popular_1_exp_Experiment_1_seed_42,5,0.06068435702695474,connected,mainstream
62,popular_1_exp_Experiment_1_seed_42,5,0.05715173223108222,connected,mainstream
259,popular_1_exp_Experiment_1_seed_42,5,0.055161651793984016,connected,mainstream
177,popular_1_exp_Experiment_1_seed_42,5,0.056828943402628895,connected,mainstream
31,popular_1_exp_Experiment_1_seed_42,5,0.0167755404569364,connected,niche
435,popular_1_exp_Experiment_1_seed_42,5,0.0627060676088896,connected,mainstream
224,popular_1_exp_Experiment_1_seed_42,5,0.05505039221921554,connected,mainstream
314,popular_1_exp_Experiment_1_seed_42,5,0.05188410321123354,connected,mainstream
384,popular_1_exp_Experiment_1_seed_42,5,0.05070317364646775,connected,mainstream
575,popular_1_exp_Experiment_1_seed_42,5,0.05666224856399336,connected,mainstream
507,popular_1_exp_Experiment_1_seed_42,5,0.06430902425563441,connected,mainstream
116,popular_1_exp_Experiment_1_seed_42,5,0.05145825072898825,connected,mainstream
453,popular_1_exp_Experiment_1_seed_42,5,0.05853001085401621,connected,mainstream
338,popular_1_exp_Experiment_1_seed_42,5,0.05906821127133834,connected,mainstream
231,popular_1_exp_Experiment_1_seed_42,5,0.06263218882752668,connected,mainstream
505,popular_1_exp_Experiment_1_seed_42,5,0.061077408394916155,connected,mainstream
196,popular_1_exp_Experiment_1_seed_42,5,0.05956697903504082,connected,mainstream
201,popular_1_exp_Experiment_1_seed_42,5,0.06497524766315944,connected,mainstream
60,popular_1_exp_Experiment_1_seed_42,5,0.05618830340057677,connected,mainstream
181,popular_1_exp_Experiment_1_seed_42,5,0.061921203164156315,connected,mainstream
0,popular_1_exp_Experiment_1_seed_42,5,0.015580091736651923,connected,niche
496,popular_1_exp_Experiment_1_seed_42,5,0.055434435406801014,connected,mainstream
236,popular_1_exp_Experiment_1_seed_42,5,0.0628355812258534,connected,mainstream
276,popular_1_exp_Experiment_1_seed_42,5,0.05799751957067945,connected,mainstream
291,popular_1_exp_Experiment_1_seed_42,5,0.05859624099785784,connected,mainstream
191,popular_1_exp_Experiment_1_seed_42,5,0.06053816721841885,connected,mainstream
5,popular_1_exp_Experiment_1_seed_42,5,0.017977868831196883,connected,niche
561,popular_1_exp_Experiment_1_seed_42,5,0.08710582924709333,connected,mainstream
371,popular_1_exp_Experiment_1_seed_42,5,0.05599167128089463,connected,mainstream
269,popular_1_exp_Experiment_1_seed_42,5,0.04808121388216987,connected,mainstream
373,popular_1_exp_Experiment_1_seed_42,5,0.06479226050119026,connected,mainstream
480,popular_1_exp_Experiment_1_seed_42,5,0.05515706265914314,connected,mainstream
485,popular_1_exp_Experiment_1_seed_42,5,0.05255774488755216,connected,mainstream
586,popular_1_exp_Experiment_1_seed_42,5,0.05369754424903761,connected,mainstream
9,popular_1_exp_Experiment_1_seed_42,5,0.016820840927793835,connected,niche
587,popular_1_exp_Experiment_1_seed_42,5,0.058288288728139855,connected,mainstream
207,popular_1_exp_Experiment_1_seed_42,5,0.07282890226928128,connected,mainstream
159,popular_1_exp_Experiment_1_seed_42,5,0.05503344882283015,connected,mainstream
286,popular_1_exp_Experiment_1_seed_42,5,0.06513400541127688,connected,mainstream
175,popular_1_exp_Experiment_1_seed_42,5,0.05333363678879724,connected,mainstream
290,popular_1_exp_Experiment_1_seed_42,5,0.05535179129318748,connected,mainstream
25,popular_1_exp_Experiment_1_seed_42,5,0.019306105766782284,connected,niche
486,popular_1_exp_Experiment_1_seed_42,5,0.05316667581190288,connected,mainstream
262,popular_1_exp_Experiment_1_seed_42,5,0.05189566947188812,connected,mainstream
526,popular_1_exp_Experiment_1_seed_42,5,0.05908816887838595,connected,mainstream
341,popular_1_exp_Experiment_1_seed_42,5,0.06066477723809575,connected,mainstream
302,popular_1_exp_Experiment_1_seed_42,5,0.059441026665810755,connected,mainstream
229,popular_1_exp_Experiment_1_seed_42,5,0.06186818123610465,connected,mainstream
91,popular_1_exp_Experiment_1_seed_42,5,0.054675193721337965,connected,mainstream
182,popular_1_exp_Experiment_1_seed_42,5,0.05458419661021766,connected,mainstream
316,popular_1_exp_Experiment_1_seed_42,5,0.05502820961197314,connected,mainstream
87,popular_1_exp_Experiment_1_seed_42,5,0.0618350292423448,connected,mainstream
464,popular_1_exp_Experiment_1_seed_42,5,0.05152889588184017,connected,mainstream
574,popular_1_exp_Experiment_1_seed_42,5,0.06045498287944012,connected,mainstream
321,popular_1_exp_Experiment_1_seed_42,5,0.06666237423075848,connected,mainstream
521,popular_1_exp_Experiment_1_seed_42,5,0.05596220972912768,connected,mainstream
362,popular_1_exp_Experiment_1_seed_42,5,0.05394792292091016,connected,mainstream
456,popular_1_exp_Experiment_1_seed_42,5,0.05884349350138749,connected,mainstream
56,popular_1_exp_Experiment_1_seed_42,5,0.023780715665365704,connected,niche
288,popular_1_exp_Experiment_1_seed_42,5,0.06690860192432559,connected,mainstream
414,popular_1_exp_Experiment_1_seed_42,5,0.06224119222893787,connected,mainstream
7,popular_1_exp_Experiment_1_seed_42,5,0.020582876823126886,connected,niche
157,popular_1_exp_Experiment_1_seed_42,5,0.051998880034478744,connected,mainstream
539,popular_1_exp_Experiment_1_seed_42,5,0.05365310848575413,connected,mainstream
94,popular_1_exp_Experiment_1_seed_42,5,0.0523079657370307,connected,mainstream
16,popular_1_exp_Experiment_1_seed_42,5,0.015467408628614619,connected,niche
405,popular_1_exp_Experiment_1_seed_42,5,0.054675059063052034,connected,mainstream
430,popular_1_exp_Experiment_1_seed_42,5,0.07323655444370197,connected,mainstream
482,popular_1_exp_Experiment_1_seed_42,5,0.05366135094075924,connected,mainstream
451,popular_1_exp_Experiment_1_seed_42,5,0.05212471636409602,connected,mainstream
401,popular_1_exp_Experiment_1_seed_42,5,0.05191712246040973,connected,mainstream
579,popular_1_exp_Experiment_1_seed_42,5,0.057816282769256384,connected,mainstream
205,popular_1_exp_Experiment_1_seed_42,5,0.06499268542467468,connected,mainstream
513,popular_1_exp_Experiment_1_seed_42,5,0.06413650959444632,connected,mainstream
166,popular_1_exp_Experiment_1_seed_42,5,0.05872208563730499,connected,mainstream
512,popular_1_exp_Experiment_1_seed_42,5,0.053622518785244454,connected,mainstream
582,popular_1_exp_Experiment_1_seed_42,5,0.0857694854334549,connected,mainstream
257,popular_1_exp_Experiment_1_seed_42,5,0.05462874110411598,connected,mainstream
187,popular_1_exp_Experiment_1_seed_42,5,0.0515682598631464,connected,mainstream
93,popular_1_exp_Experiment_1_seed_42,5,0.05538736422288277,connected,mainstream
357,popular_1_exp_Experiment_1_seed_42,5,0.05745118886431514,connected,mainstream
65,popular_1_exp_Experiment_1_seed_42,5,0.0753101845888143,connected,mainstream
383,popular_1_exp_Experiment_1_seed_42,5,0.052770765403435914,connected,mainstream
572,popular_1_exp_Experiment_1_seed_42,5,0.06524630612552097,connected,mainstream
306,popular_1_exp_Experiment_1_seed_42,5,0.06424993900331626,connected,mainstream
238,popular_1_exp_Experiment_1_seed_42,5,0.05915369971538111,connected,mainstream
387,popular_1_exp_Experiment_1_seed_42,5,0.05287683508652846,connected,mainstream
548,popular_1_exp_Experiment_1_seed_42,5,0.057531261636193674,connected,mainstream
206,popular_1_exp_Experiment_1_seed_42,5,0.05632382295712529,connected,mainstream
517,popular_1_exp_Experiment_1_seed_42,5,0.06805757798175538,connected,mainstream
40,popular_1_exp_Experiment_1_seed_42,5,0.01573709752310774,connected,niche
436,popular_1_exp_Experiment_1_seed_42,5,0.059930290408375116,connected,mainstream
272,popular_1_exp_Experiment_1_seed_42,5,0.052808803136427586,connected,mainstream
195,popular_1_exp_Experiment_1_seed_42,5,0.05227747495832643,connected,mainstream
554,popular_1_exp_Experiment_1_seed_42,5,0.05654907990355471,connected,mainstream
152,popular_1_exp_Experiment_1_seed_42,5,0.06427757441638383,connected,mainstream
577,popular_1_exp_Experiment_1_seed_42,5,0.04999431228527675,connected,mainstream
439,popular_1_exp_Experiment_1_seed_42,5,0.06283647261696758,connected,mainstream
145,popular_1_exp_Experiment_1_seed_42,5,0.060363467220715505,connected,mainstream
57,popular_1_exp_Experiment_1_seed_42,5,0.028215108797063213,connected,niche
369,popular_1_exp_Experiment_1_seed_42,5,0.052207572679849455,connected,mainstream
142,popular_1_exp_Experiment_1_seed_42,5,0.0667799780096853,connected,mainstream
96,popular_1_exp_Experiment_1_seed_42,5,0.05431458570051462,connected,mainstream
353,popular_1_exp_Experiment_1_seed_42,5,0.05410724902711669,connected,mainstream
292,popular_1_exp_Experiment_1_seed_42,5,0.059816276233791106,connected,mainstream
168,popular_1_exp_Experiment_1_seed_42,5,0.06177542458234231,connected,mainstream
218,popular_1_exp_Experiment_1_seed_42,5,0.05259057467453865,connected,mainstream
419,popular_1_exp_Experiment_1_seed_42,5,0.04837609627887626,connected,mainstream
317,popular_1_exp_Experiment_1_seed_42,5,0.05567448924404315,connected,mainstream
150,popular_1_exp_Experiment_1_seed_42,5,0.0556736781877372,connected,mainstream
123,popular_1_exp_Experiment_1_seed_42,5,0.0617790600699438,connected,mainstream
364,popular_1_exp_Experiment_1_seed_42,5,0.05183189710852925,connected,mainstream
382,popular_1_exp_Experiment_1_seed_42,5,0.04942752728953081,connected,mainstream
114,popular_1_exp_Experiment_1_seed_42,5,0.05172467872890577,connected,mainstream
549,popular_1_exp_Experiment_1_seed_42,5,0.06425803887711538,connected,mainstream
148,popular_1_exp_Experiment_1_seed_42,5,0.04938986315018184,connected,mainstream
305,popular_1_exp_Experiment_1_seed_42,5,0.05674260732663166,connected,mainstream
370,popular_1_exp_Experiment_1_seed_42,5,0.04883535018543525,connected,mainstream
550,popular_1_exp_Experiment_1_seed_42,5,0.05215357602950558,connected,mainstream
110,popular_1_exp_Experiment_1_seed_42,5,0.05513671465458525,connected,mainstream
63,popular_1_exp_Experiment_1_seed_42,5,0.0635841852969233,connected,mainstream
492,popular_1_exp_Experiment_1_seed_42,5,0.05063482471301925,connected,mainstream
553,popular_1_exp_Experiment_1_seed_42,5,0.061041240604957636,connected,mainstream
47,popular_1_exp_Experiment_1_seed_42,5,0.018157388732730328,connected,niche
330,popular_1_exp_Experiment_1_seed_42,5,0.049963355855333486,connected,mainstream
176,popular_1_exp_Experiment_1_seed_42,5,0.05366488228632756,connected,mainstream
356,popular_1_exp_Experiment_1_seed_42,5,0.05471653039968143,connected,mainstream
407,popular_1_exp_Experiment_1_seed_42,5,0.0504974048103301,connected,mainstream
394,popular_1_exp_Experiment_1_seed_42,5,0.05686853587057345,connected,mainstream
458,popular_1_exp_Experiment_1_seed_42,5,0.05494963459754763,connected,mainstream
22,popular_1_exp_Experiment_1_seed_42,5,0.022893443722091473,connected,niche
395,popular_1_exp_Experiment_1_seed_42,5,0.05632332755199151,connected,mainstream
239,popular_1_exp_Experiment_1_seed_42,5,0.05309275511820549,connected,mainstream
234,popular_1_exp_Experiment_1_seed_42,5,0.06302652125894387,connected,mainstream
53,popular_1_exp_Experiment_1_seed_42,5,0.02419731156790084,connected,niche
98,popular_1_exp_Experiment_1_seed_42,5,0.05741320327328812,connected,mainstream
232,popular_1_exp_Experiment_1_seed_42,5,0.052111843759717315,connected,mainstream
178,popular_1_exp_Experiment_1_seed_42,5,0.05433764867748104,connected,mainstream
162,popular_1_exp_Experiment_1_seed_42,5,0.048723110138723276,connected,mainstream
479,popular_1_exp_Experiment_1_seed_42,5,0.053741109222116466,connected,mainstream
385,popular_1_exp_Experiment_1_seed_42,5,0.04688824561862679,connected,mainstream
462,popular_1_exp_Experiment_1_seed_42,5,0.05263544195053549,connected,mainstream
328,popular_1_exp_Experiment_1_seed_42,5,0.05145962821376678,connected,mainstream
506,popular_1_exp_Experiment_1_seed_42,5,0.04918684990703138,connected,mainstream
299,popular_1_exp_Experiment_1_seed_42,5,0.0561473071717713,connected,mainstream
167,popular_1_exp_Experiment_1_seed_42,5,0.059129986391453726,connected,mainstream
386,popular_1_exp_Experiment_1_seed_42,5,0.052684133812895384,connected,mainstream
522,popular_1_exp_Experiment_1_seed_42,5,0.05623180568803645,connected,mainstream
26,popular_1_exp_Experiment_1_seed_42,5,0.016570792830935772,connected,niche
183,popular_1_exp_Experiment_1_seed_42,5,0.05409292348508773,connected,mainstream
320,popular_1_exp_Experiment_1_seed_42,5,0.06227507729913399,connected,mainstream
172,popular_1_exp_Experiment_1_seed_42,5,0.06856435674126002,connected,mainstream
103,popular_1_exp_Experiment_1_seed_42,5,0.05086220263700691,connected,mainstream
203,popular_1_exp_Experiment_1_seed_42,5,0.04889896003181477,connected,mainstream
333,popular_1_exp_Experiment_1_seed_42,5,0.051143347449291186,connected,mainstream
347,popular_1_exp_Experiment_1_seed_42,5,0.05553174618247486,connected,mainstream
249,popular_1_exp_Experiment_1_seed_42,5,0.06047722129098423,connected,mainstream
274,popular_1_exp_Experiment_1_seed_42,5,0.07229145252396063,connected,mainstream
14,popular_1_exp_Experiment_1_seed_42,5,0.018759706359200323,connected,niche
300,popular_1_exp_Experiment_1_seed_42,5,0.05124110829441758,connected,mainstream
223,popular_1_exp_Experiment_1_seed_42,5,0.054688228422277864,connected,mainstream
502,popular_1_exp_Experiment_1_seed_42,5,0.05372527345595498,connected,mainstream
193,popular_1_exp_Experiment_1_seed_42,5,0.06969585293038802,connected,mainstream
285,popular_1_exp_Experiment_1_seed_42,5,0.058489730804857025,connected,mainstream
404,popular_1_exp_Experiment_1_seed_42,5,0.06120676615512042,connected,mainstream
533,popular_1_exp_Experiment_1_seed_42,5,0.05199150588431703,connected,mainstream
112,popular_1_exp_Experiment_1_seed_42,5,0.05271995723204428,connected,mainstream
284,popular_1_exp_Experiment_1_seed_42,5,0.06592183477586244,connected,mainstream
108,popular_1_exp_Experiment_1_seed_42,5,0.05243482244282203,connected,mainstream
345,popular_1_exp_Experiment_1_seed_42,5,0.051325122555557046,connected,mainstream
415,popular_1_exp_Experiment_1_seed_42,5,0.061142619734555426,connected,mainstream
220,popular_1_exp_Experiment_1_seed_42,5,0.05026901765366041,connected,mainstream
366,popular_1_exp_Experiment_1_seed_42,5,0.05275278927420423,connected,mainstream
222,popular_1_exp_Experiment_1_seed_42,5,0.05010637684492262,connected,mainstream
139,popular_1_exp_Experiment_1_seed_42,5,0.050108241223838716,connected,mainstream
463,popular_1_exp_Experiment_1_seed_42,5,0.05279942348876907,connected,mainstream
41,popular_1_exp_Experiment_1_seed_42,5,0.015312461004032335,connected,niche
83,popular_1_exp_Experiment_1_seed_42,5,0.05318864023329642,connected,mainstream
590,popular_1_exp_Experiment_1_seed_42,5,0.05184256231793614,connected,mainstream
470,popular_1_exp_Experiment_1_seed_42,5,0.05520976889376598,connected,mainstream
268,popular_1_exp_Experiment_1_seed_42,5,0.05730812104391771,connected,mainstream
530,popular_1_exp_Experiment_1_seed_42,5,0.05201317359010841,connected,mainstream
180,popular_1_exp_Experiment_1_seed_42,5,0.056003685249047495,connected,mainstream
468,popular_1_exp_Experiment_1_seed_42,5,0.05584940534385948,connected,mainstream
77,popular_1_exp_Experiment_1_seed_42,5,0.05809836254557379,connected,mainstream
563,popular_1_exp_Experiment_1_seed_42,5,0.056278108846840535,connected,mainstream
588,popular_1_exp_Experiment_1_seed_42,5,0.05618178886211411,connected,mainstream
454,popular_1_exp_Experiment_1_seed_42,5,0.05131793937666004,connected,mainstream
295,popular_1_exp_Experiment_1_seed_42,5,0.04842667174453887,connected,mainstream
478,popular_1_exp_Experiment_1_seed_42,5,0.05964965263778019,connected,mainstream
565,popular_1_exp_Experiment_1_seed_42,5,0.051113177593462546,connected,mainstream
144,popular_1_exp_Experiment_1_seed_42,5,0.054027391584142465,connected,mainstream
581,popular_1_exp_Experiment_1_seed_42,5,0.05334332507799184,connected,mainstream
39,popular_1_exp_Experiment_1_seed_42,5,0.023732852221041063,connected,niche
510,popular_1_exp_Experiment_1_seed_42,5,0.06702541406449132,connected,mainstream
431,popular_1_exp_Experiment_1_seed_42,5,0.052138742948092176,connected,mainstream
71,popular_1_exp_Experiment_1_seed_42,5,0.05129042885691615,connected,mainstream
99,popular_1_exp_Experiment_1_seed_42,5,0.0679044843314578,connected,mainstream
584,popular_1_exp_Experiment_1_seed_42,5,0.06574816726069409,connected,mainstream
42,popular_1_exp_Experiment_1_seed_42,5,0.018730319802079006,connected,niche
538,popular_1_exp_Experiment_1_seed_42,5,0.05115429948968215,connected,mainstream
592,popular_1_exp_Experiment_1_seed_42,5,0.05567134335422838,connected,mainstream
117,popular_1_exp_Experiment_1_seed_42,5,0.05760363193963149,connected,mainstream
151,popular_1_exp_Experiment_1_seed_42,5,0.05358586457650827,connected,mainstream
3,popular_1_exp_Experiment_1_seed_42,5,0.024254701205859246,connected,niche
433,popular_1_exp_Experiment_1_seed_42,5,0.05557223565311984,connected,mainstream
237,popular_1_exp_Experiment_1_seed_42,5,0.05528032096918357,connected,mainstream
580,popular_1_exp_Experiment_1_seed_42,5,0.06312046954838131,connected,mainstream
555,popular_1_exp_Experiment_1_seed_42,5,0.05678929027022567,connected,mainstream
511,popular_1_exp_Experiment_1_seed_42,5,0.05579502603852696,connected,mainstream
171,popular_1_exp_Experiment_1_seed_42,5,0.05560318126324221,connected,mainstream
30,popular_1_exp_Experiment_1_seed_42,5,0.027004402346211185,connected,niche
46,popular_1_exp_Experiment_1_seed_42,5,0.021936246887130875,connected,niche
227,popular_1_exp_Experiment_1_seed_42,5,0.04972172454656662,connected,mainstream
459,popular_1_exp_Experiment_1_seed_42,5,0.056340279343329115,connected,mainstream
534,popular_1_exp_Experiment_1_seed_42,5,0.053423736657647235,connected,mainstream
293,popular_1_exp_Experiment_1_seed_42,5,0.06649221736937116,connected,mainstream
520,popular_1_exp_Experiment_1_seed_42,5,0.05151222000507627,connected,mainstream
494,popular_1_exp_Experiment_1_seed_42,5,0.05575782121801141,connected,mainstream
379,popular_1_exp_Experiment_1_seed_42,5,0.0593879601907159,connected,mainstream
282,popular_1_exp_Experiment_1_seed_42,5,0.051098963670448805,connected,mainstream
240,popular_1_exp_Experiment_1_seed_42,5,0.05449997271707119,connected,mainstream
323,popular_1_exp_Experiment_1_seed_42,5,0.05564537012293711,connected,mainstream
120,popular_1_exp_Experiment_1_seed_42,5,0.05240350717897909,connected,mainstream
51,popular_1_exp_Experiment_1_seed_42,5,0.01534962356802603,connected,niche
298,popular_1_exp_Experiment_1_seed_42,5,0.06943568862756501,connected,mainstream
59,popular_1_exp_Experiment_1_seed_42,5,0.019915387145693984,connected,niche
442,popular_1_exp_Experiment_1_seed_42,5,0.05493149982462109,connected,mainstream
281,popular_1_exp_Experiment_1_seed_42,5,0.061561897517091985,connected,mainstream
597,popular_1_exp_Experiment_1_seed_42,5,0.0487384515191385,connected,mainstream
244,popular_1_exp_Experiment_1_seed_42,5,0.049232878073458664,connected,mainstream
179,popular_1_exp_Experiment_1_seed_42,5,0.05893979224450574,connected,mainstream
81,popular_1_exp_Experiment_1_seed_42,5,0.04818952796869604,connected,mainstream
219,popular_1_exp_Experiment_1_seed_42,5,0.056431103922462277,connected,mainstream
204,popular_1_exp_Experiment_1_seed_42,5,0.059600839189639286,connected,mainstream
556,popular_1_exp_Experiment_1_seed_42,5,0.06541644934156653,connected,mainstream
126,popular_1_exp_Experiment_1_seed_42,5,0.0542404151943184,connected,mainstream
576,popular_1_exp_Experiment_1_seed_42,5,0.05786975137678985,connected,mainstream
416,popular_1_exp_Experiment_1_seed_42,5,0.05109990887397448,connected,mainstream
132,popular_1_exp_Experiment_1_seed_42,5,0.06815693721840053,connected,mainstream
32,popular_1_exp_Experiment_1_seed_42,5,0.013364019343546321,connected,niche
594,popular_1_exp_Experiment_1_seed_42,5,0.061955417394649805,connected,mainstream
79,popular_1_exp_Experiment_1_seed_42,5,0.056574180689176246,connected,mainstream
1,popular_1_exp_Experiment_1_seed_42,5,0.01355045598730828,connected,niche
484,popular_1_exp_Experiment_1_seed_42,5,0.06718793681248818,connected,mainstream
585,popular_1_exp_Experiment_1_seed_42,5,0.06689497246439918,connected,mainstream
143,popular_1_exp_Experiment_1_seed_42,5,0.055149877552638886,connected,mainstream
473,popular_1_exp_Experiment_1_seed_42,5,0.05445539577480837,connected,mainstream
141,popular_1_exp_Experiment_1_seed_42,5,0.06751668431726209,connected,mainstream
326,popular_1_exp_Experiment_1_seed_42,5,0.05186389759154527,connected,mainstream
61,popular_1_exp_Experiment_1_seed_42,5,0.05628200459775329,connected,mainstream
432,popular_1_exp_Experiment_1_seed_42,5,0.06028262265551945,connected,mainstream
199,popular_1_exp_Experiment_1_seed_42,5,0.06290671561933621,connected,mainstream
452,popular_1_exp_Experiment_1_seed_42,5,0.057122437397361,connected,mainstream
471,popular_1_exp_Experiment_1_seed_42,5,0.05057314675904482,connected,mainstream
105,popular_1_exp_Experiment_1_seed_42,5,0.05348635832896681,connected,mainstream
146,popular_1_exp_Experiment_1_seed_42,5,0.05724133891304545,connected,mainstream
578,popular_1_exp_Experiment_1_seed_42,5,0.04932517646581513,connected,mainstream
410,popular_1_exp_Experiment_1_seed_42,5,0.06084176342498082,connected,mainstream
221,popular_1_exp_Experiment_1_seed_42,5,0.0513081781563764,connected,mainstream
297,popular_1_exp_Experiment_1_seed_42,5,0.0615268595778124,connected,mainstream
210,popular_1_exp_Experiment_1_seed_42,5,0.053082780699637684,connected,mainstream
15,popular_1_exp_Experiment_1_seed_42,5,0.02024106186322047,connected,niche
254,popular_1_exp_Experiment_1_seed_42,5,0.05203595897878088,connected,mainstream
402,popular_1_exp_Experiment_1_seed_42,5,0.052494363054094016,connected,mainstream
457,popular_1_exp_Experiment_1_seed_42,5,0.06162217831150868,connected,mainstream
334,popular_1_exp_Experiment_1_seed_42,5,0.06510448675284626,connected,mainstream
524,popular_1_exp_Experiment_1_seed_42,5,0.05084009874812645,connected,mainstream
472,popular_1_exp_Experiment_1_seed_42,5,0.0486741545430909,connected,mainstream
336,popular_1_exp_Experiment_1_seed_42,5,0.05171028742707032,connected,mainstream
527,popular_1_exp_Experiment_1_seed_42,5,0.05769276259745434,connected,mainstream
283,popular_1_exp_Experiment_1_seed_42,5,0.06086049611079366,connected,mainstream
52,popular_1_exp_Experiment_1_seed_42,5,0.014729579473671364,connected,niche
461,popular_1_exp_Experiment_1_seed_42,5,0.06593743735066303,connected,mainstream
12,popular_1_exp_Experiment_1_seed_42,5,0.01739204212200653,connected,niche
514,popular_1_exp_Experiment_1_seed_42,5,0.05168222075302311,connected,mainstream
54,popular_1_exp_Experiment_1_seed_42,5,0.016758685009012578,connected,niche
393,popular_1_exp_Experiment_1_seed_42,5,0.05197114065229122,connected,mainstream
437,popular_1_exp_Experiment_1_seed_42,5,0.06699387233874655,connected,mainstream
216,popular_1_exp_Experiment_1_seed_42,5,0.05408445380045612,connected,mainstream
488,popular_1_exp_Experiment_1_seed_42,5,0.058949118845587324,connected,mainstream
309,popular_1_exp_Experiment_1_seed_42,5,0.05087006115851179,connected,mainstream
547,popular_1_exp_Experiment_1_seed_42,5,0.051161479764899986,connected,mainstream
552,popular_1_exp_Experiment_1_seed_42,5,0.06364158241771932,connected,mainstream
21,popular_1_exp_Experiment_1_seed_42,5,0.015495498515572427,connected,niche
278,popular_1_exp_Experiment_1_seed_42,5,0.05352033825113831,connected,mainstream
375,popular_1_exp_Experiment_1_seed_42,5,0.05059728084295199,connected,mainstream
455,popular_1_exp_Experiment_1_seed_42,5,0.06244667402839974,connected,mainstream
34,popular_1_exp_Experiment_1_seed_42,5,0.029598766018999773,connected,niche
11,popular_1_exp_Experiment_1_seed_42,5,0.020880817163344768,connected,niche
136,popular_1_exp_Experiment_1_seed_42,5,0.05310817009729849,connected,mainstream
147,popular_1_exp_Experiment_1_seed_42,5,0.055924616755612507,connected,mainstream
49,popular_1_exp_Experiment_1_seed_42,5,0.014749338831100823,connected,niche
508,popular_1_exp_Experiment_1_seed_42,5,0.057665666437375494,connected,mainstream
595,popular_1_exp_Experiment_1_seed_42,5,0.0660821798331054,connected,mainstream
296,popular_1_exp_Experiment_1_seed_42,5,0.0535754095040897,connected,mainstream
4,popular_1_exp_Experiment_1_seed_42,5,0.015606572860897417,connected,niche
165,popular_1_exp_Experiment_1_seed_42,5,0.06776619170936195,connected,mainstream
397,popular_1_exp_Experiment_1_seed_42,5,0.05577328767505509,connected,mainstream
169,popular_1_exp_Experiment_1_seed_42,5,0.06590059860486146,connected,mainstream
446,popular_1_exp_Experiment_1_seed_42,5,0.06056690894768716,connected,mainstream
518,popular_1_exp_Experiment_1_seed_42,5,0.05778664666656899,connected,mainstream
499,popular_1_exp_Experiment_1_seed_42,5,0.05632717323976142,connected,mainstream
509,popular_1_exp_Experiment_1_seed_42,5,0.05478835093630361,connected,mainstream
44,popular_1_exp_Experiment_1_seed_42,5,0.01832852836139993,connected,niche
248,popular_1_exp_Experiment_1_seed_42,5,0.06465175808568126,connected,mainstream
376,popular_1_exp_Experiment_1_seed_42,5,0.05751872831595934,connected,mainstream
133,popular_1_exp_Experiment_1_seed_42,5,0.0713348466102067,connected,mainstream
569,popular_1_exp_Experiment_1_seed_42,5,0.05576145044570146,connected,mainstream
560,popular_1_exp_Experiment_1_seed_42,5,0.05185850266094793,connected,mainstream
466,popular_1_exp_Experiment_1_seed_42,5,0.057585947554530136,connected,mainstream
348,popular_1_exp_Experiment_1_seed_42,5,0.05242459342674449,connected,mainstream
101,popular_1_exp_Experiment_1_seed_42,5,0.051404178989528065,connected,mainstream
64,popular_1_exp_Experiment_1_seed_42,5,0.05110567625992244,connected,mainstream
360,popular_1_exp_Experiment_1_seed_42,5,0.05128961462965089,connected,mainstream
189,popular_1_exp_Experiment_1_seed_42,5,0.06216197879846643,connected,mainstream
78,popular_1_exp_Experiment_1_seed_42,5,0.052758007065126435,connected,mainstream
118,popular_1_exp_Experiment_1_seed_42,5,0.04708191048820357,connected,mainstream
380,popular_1_exp_Experiment_1_seed_42,5,0.05481416709904761,connected,mainstream
131,popular_1_exp_Experiment_1_seed_42,5,0.052386016534886726,connected,mainstream
188,popular_1_exp_Experiment_1_seed_42,5,0.052571609322260904,connected,mainstream
186,popular_1_exp_Experiment_1_seed_42,5,0.05445845973690333,connected,mainstream
441,popular_1_exp_Experiment_1_seed_42,5,0.060826588694389866,connected,mainstream
422,popular_1_exp_Experiment_1_seed_42,5,0.05485935070148618,connected,mainstream
233,popular_1_exp_Experiment_1_seed_42,5,0.05392606622071169,connected,mainstream
445,popular_1_exp_Experiment_1_seed_42,5,0.06003286815810075,connected,mainstream
400,popular_1_exp_Experiment_1_seed_42,5,0.05921803164099101,connected,mainstream
154,popular_1_exp_Experiment_1_seed_42,5,0.06199192697993955,connected,mainstream
50,popular_1_exp_Experiment_1_seed_42,5,0.01320999577502673,connected,niche
73,popular_1_exp_Experiment_1_seed_42,5,0.0685898670043842,connected,mainstream
156,popular_1_exp_Experiment_1_seed_42,5,0.05227346891180098,connected,mainstream
425,popular_1_exp_Experiment_1_seed_42,5,0.05030550736698112,connected,mainstream
308,popular_1_exp_Experiment_1_seed_42,5,0.08321049196870221,connected,mainstream
447,popular_1_exp_Experiment_1_seed_42,5,0.05593580693340564,connected,mainstream
423,popular_1_exp_Experiment_1_seed_42,5,0.05055936996913929,connected,mainstream
263,popular_1_exp_Experiment_1_seed_42,5,0.06250077719131307,connected,mainstream
324,popular_1_exp_Experiment_1_seed_42,5,0.055633848617748914,connected,mainstream
92,popular_1_exp_Experiment_1_seed_42,5,0.06194396163760459,connected,mainstream
413,popular_1_exp_Experiment_1_seed_42,5,0.05699986167222531,connected,mainstream
543,popular_1_exp_Experiment_1_seed_42,5,0.05723194223709779,connected,mainstream
38,popular_1_exp_Experiment_1_seed_42,5,0.03087037572172489,connected,niche
535,popular_1_exp_Experiment_1_seed_42,5,0.05306659309480988,connected,mainstream
411,popular_1_exp_Experiment_1_seed_42,5,0.054760651007931614,connected,mainstream
275,popular_1_exp_Experiment_1_seed_42,5,0.0548567217876044,connected,mainstream
501,popular_1_exp_Experiment_1_seed_42,5,0.04939308071787434,connected,mainstream
271,popular_1_exp_Experiment_1_seed_42,5,0.06636126527107207,connected,mainstream
368,popular_1_exp_Experiment_1_seed_42,5,0.05223143255204993,connected,mainstream
89,popular_1_exp_Experiment_1_seed_42,5,0.05213383560826945,connected,mainstream
358,popular_1_exp_Experiment_1_seed_42,5,0.05079318475539433,connected,mainstream
273,popular_1_exp_Experiment_1_seed_42,5,0.05339564163238395,connected,mainstream
346,popular_1_exp_Experiment_1_seed_42,5,0.050069600053036505,connected,mainstream
339,popular_1_exp_Experiment_1_seed_42,5,0.0643276087028849,connected,mainstream
106,popular_1_exp_Experiment_1_seed_42,5,0.05052167073952318,connected,mainstream
529,popular_1_exp_Experiment_1_seed_42,5,0.05933741474825952,connected,mainstream
100,popular_1_exp_Experiment_1_seed_42,5,0.06252611751932148,connected,mainstream
497,popular_1_exp_Experiment_1_seed_42,5,0.053524101733581984,connected,mainstream
67,popular_1_exp_Experiment_1_seed_42,5,0.06847480726920697,connected,mainstream
2,popular_1_exp_Experiment_1_seed_42,5,0.015525027520718151,connected,niche
185,popular_1_exp_Experiment_1_seed_42,5,0.06054908780555258,connected,mainstream
315,popular_1_exp_Experiment_1_seed_42,5,0.051526169643242414,connected,mainstream
377,popular_1_exp_Experiment_1_seed_42,5,0.052146034544719215,connected,mainstream
503,popular_1_exp_Experiment_1_seed_42,5,0.057415613188177395,connected,mainstream
247,popular_1_exp_Experiment_1_seed_42,5,0.05767046024462164,connected,mainstream
448,popular_1_exp_Experiment_1_seed_42,5,0.051680540114079465,connected,mainstream
313,popular_1_exp_Experiment_1_seed_42,5,0.07240707819125762,connected,mainstream
279,popular_1_exp_Experiment_1_seed_42,5,0.052473772675547425,connected,mainstream
202,popular_1_exp_Experiment_1_seed_42,5,0.058353961386756914,connected,mainstream
337,popular_1_exp_Experiment_1_seed_42,5,0.06916821510927944,connected,mainstream
280,popular_1_exp_Experiment_1_seed_42,5,0.060976714614542016,connected,mainstream
426,popular_1_exp_Experiment_1_seed_42,5,0.05450357748082473,connected,mainstream
228,popular_1_exp_Experiment_1_seed_42,5,0.06835202459377603,connected,mainstream
474,popular_1_exp_Experiment_1_seed_42,5,0.05579061720288627,connected,mainstream
209,popular_1_exp_Experiment_1_seed_42,5,0.06375542702350757,connected,mainstream
523,popular_1_exp_Experiment_1_seed_42,5,0.07038528109320623,connected,mainstream
138,popular_1_exp_Experiment_1_seed_42,5,0.057927943828024554,connected,mainstream
421,popular_1_exp_Experiment_1_seed_42,5,0.05936938356104221,connected,mainstream
536,popular_1_exp_Experiment_1_seed_42,5,0.06419832574018536,connected,mainstream
68,popular_1_exp_Experiment_1_seed_42,5,0.0555785972332695,connected,mainstream
381,popular_1_exp_Experiment_1_seed_42,5,0.0647293939143035,connected,mainstream
163,popular_1_exp_Experiment_1_seed_42,5,0.0620388104424898,connected,mainstream
245,popular_1_exp_Experiment_1_seed_42,5,0.052962655392738756,connected,mainstream
359,popular_1_exp_Experiment_1_seed_42,5,0.0551553551356914,connected,mainstream
566,popular_1_exp_Experiment_1_seed_42,5,0.05464256189997866,connected,mainstream
289,popular_1_exp_Experiment_1_seed_42,5,0.04817002422705626,connected,mainstream
327,popular_1_exp_Experiment_1_seed_42,5,0.06304209978170949,connected,mainstream
351,popular_1_exp_Experiment_1_seed_42,5,0.05768555618217714,connected,mainstream
493,popular_1_exp_Experiment_1_seed_42,5,0.05110002769825923,connected,mainstream
546,popular_1_exp_Experiment_1_seed_42,5,0.05725012638766325,connected,mainstream
388,popular_1_exp_Experiment_1_seed_42,5,0.055145198950083574,connected,mainstream
583,popular_1_exp_Experiment_1_seed_42,5,0.051104153580374685,connected,mainstream
130,popular_1_exp_Experiment_1_seed_42,5,0.05207382817511569,connected,mainstream
161,popular_1_exp_Experiment_1_seed_42,5,0.06487085131003868,connected,mainstream
564,popular_1_exp_Experiment_1_seed_42,5,0.05364458262502941,connected,mainstream
389,popular_1_exp_Experiment_1_seed_42,5,0.07098873497696388,connected,mainstream
153,popular_1_exp_Experiment_1_seed_42,5,0.05355667398969833,connected,mainstream
95,popular_1_exp_Experiment_1_seed_42,5,0.054109197712713025,connected,mainstream
540,popular_1_exp_Experiment_1_seed_42,5,0.06163123786110602,connected,mainstream
255,popular_1_exp_Experiment_1_seed_42,5,0.052987970203526115,connected,mainstream
82,popular_1_exp_Experiment_1_seed_42,5,0.0590402166218979,connected,mainstream
481,popular_1_exp_Experiment_1_seed_42,5,0.05387508984181955,connected,mainstream
125,popular_1_exp_Experiment_1_seed_42,5,0.060386893693184264,connected,mainstream
37,popular_1_exp_Experiment_1_seed_42,5,0.016711250616178532,connected,niche
17,popular_1_exp_Experiment_1_seed_42,5,0.019119792454308886,connected,niche
335,popular_1_exp_Experiment_1_seed_42,5,0.0544040802158299,connected,mainstream
545,popular_1_exp_Experiment_1_seed_42,5,0.05142064592914156,connected,mainstream
18,popular_1_exp_Experiment_1_seed_42,5,0.015007891833522973,connected,niche
214,popular_1_exp_Experiment_1_seed_42,5,0.05558594230048313,connected,mainstream
443,popular_1_exp_Experiment_1_seed_42,5,0.05251228918666428,connected,mainstream
332,popular_1_exp_Experiment_1_seed_42,5,0.05957326605548157,connected,mainstream
558,popular_1_exp_Experiment_1_seed_42,5,0.05783534183244062,connected,mainstream
35,popular_1_exp_Experiment_1_seed_42,5,0.026695271591142614,connected,niche
246,popular_1_exp_Experiment_1_seed_42,5,0.0509335783882466,connected,mainstream
390,popular_1_exp_Experiment_1_seed_42,5,0.05471741155718047,connected,mainstream
33,popular_1_exp_Experiment_1_seed_42,5,0.02154929222509668,connected,niche
516,popular_1_exp_Experiment_1_seed_42,5,0.059543100619038024,connected,mainstream
568,popular_1_exp_Experiment_1_seed_42,5,0.05887570158737854,connected,mainstream
424,popular_1_exp_Experiment_1_seed_42,5,0.05219585938132857,connected,mainstream
198,popular_1_exp_Experiment_1_seed_42,5,0.06185591775566609,connected,mainstream
599,popular_1_exp_Experiment_1_seed_42,5,0.06493217058698772,connected,mainstream
491,popular_1_exp_Experiment_1_seed_42,5,0.07194684796836147,connected,mainstream
270,popular_1_exp_Experiment_1_seed_42,5,0.05443179772480008,connected,mainstream
294,popular_1_exp_Experiment_1_seed_42,5,0.04909030135185782,connected,mainstream
241,popular_1_exp_Experiment_1_seed_42,5,0.06248901426752725,connected,mainstream
412,popular_1_exp_Experiment_1_seed_42,5,0.05775183842615788,connected,mainstream
331,popular_1_exp_Experiment_1_seed_42,5,0.06251536590533631,connected,mainstream
340,popular_1_exp_Experiment_1_seed_42,5,0.056141621092652555,connected,mainstream
212,popular_1_exp_Experiment_1_seed_42,5,0.0518616863007241,connected,mainstream
134,popular_1_exp_Experiment_1_seed_42,5,0.05194620952629831,connected,mainstream
97,popular_1_exp_Experiment_1_seed_42,5,0.054162023991591084,connected,mainstream
258,popular_1_exp_Experiment_1_seed_42,5,0.06492398346586868,connected,mainstream
490,popular_1_exp_Experiment_1_seed_42,5,0.05167526918308349,connected,mainstream
90,popular_1_exp_Experiment_1_seed_42,5,0.07577764027881638,connected,mainstream
129,popular_1_exp_Experiment_1_seed_42,5,0.0516161042060407,connected,mainstream
301,popular_1_exp_Experiment_1_seed_42,5,0.05638031913394468,connected,mainstream
127,popular_1_exp_Experiment_1_seed_42,5,0.05814032769262358,connected,mainstream
475,popular_1_exp_Experiment_1_seed_42,5,0.05827317816261194,connected,mainstream
155,popular_1_exp_Experiment_1_seed_42,5,0.05105720551263123,connected,mainstream
72,popular_1_exp_Experiment_1_seed_42,5,0.06171776591759814,connected,mainstream
140,popular_1_exp_Experiment_1_seed_42,5,0.05384190087237666,connected,mainstream
450,popular_1_exp_Experiment_1_seed_42,5,0.05034758909737882,connected,mainstream
440,popular_1_exp_Experiment_1_seed_42,5,0.05715186870346552,connected,mainstream
537,popular_1_exp_Experiment_1_seed_42,5,0.06905167263749484,connected,mainstream
113,popular_1_exp_Experiment_1_seed_42,5,0.05864958187238878,connected,mainstream
235,popular_1_exp_Experiment_1_seed_42,5,0.07011607554612313,connected,mainstream
476,popular_1_exp_Experiment_1_seed_42,5,0.05761423404472952,connected,mainstream
406,popular_1_exp_Experiment_1_seed_42,5,0.05037066284506777,connected,mainstream
111,popular_1_exp_Experiment_1_seed_42,5,0.05277040012633009,connected,mainstream
80,popular_1_exp_Experiment_1_seed_42,5,0.04905183593691106,connected,mainstream
318,popular_1_exp_Experiment_1_seed_42,5,0.04893252167447879,connected,mainstream
391,popular_1_exp_Experiment_1_seed_42,5,0.06446629627792948,connected,mainstream
344,popular_1_exp_Experiment_1_seed_42,5,0.06037174071530301,connected,mainstream
121,popular_1_exp_Experiment_1_seed_42,5,0.054411442133190636,connected,mainstream
591,popular_1_exp_Experiment_1_seed_42,5,0.06915760658827154,connected,mainstream
551,popular_1_exp_Experiment_1_seed_42,5,0.05437382164594884,connected,mainstream
226,popular_1_exp_Experiment_1_seed_42,5,0.050166902112607874,connected,mainstream
467,popular_1_exp_Experiment_1_seed_42,5,0.06423289127553415,connected,mainstream
10,popular_1_exp_Experiment_1_seed_42,5,0.028169243434920017,connected,niche
532,popular_1_exp_Experiment_1_seed_42,5,0.05713597795015759,connected,mainstream
75,popular_1_exp_Experiment_1_seed_42,5,0.051293495292571704,connected,mainstream
211,popular_1_exp_Experiment_1_seed_42,5,0.058131754760699685,connected,mainstream
250,popular_1_exp_Experiment_1_seed_42,5,0.06478521234211172,connected,mainstream
403,popular_1_exp_Experiment_1_seed_42,5,0.061318691507739685,connected,mainstream
562,popular_1_exp_Experiment_1_seed_42,5,0.045186585890325696,connected,mainstream
525,popular_1_exp_Experiment_1_seed_42,5,0.06613997121680278,connected,mainstream
86,popular_1_exp_Experiment_1_seed_42,5,0.04946417453817616,connected,mainstream
365,popular_1_exp_Experiment_1_seed_42,5,0.07468394697408277,connected,mainstream
571,popular_1_exp_Experiment_1_seed_42,5,0.05771461392763481,connected,mainstream
266,popular_1_exp_Experiment_1_seed_42,5,0.05055267912505923,connected,mainstream
542,popular_1_exp_Experiment_1_seed_42,5,0.054876397304434325,connected,mainstream
396,popular_1_exp_Experiment_1_seed_42,5,0.051853387546070086,connected,mainstream
225,popular_1_exp_Experiment_1_seed_42,5,0.05702955052190086,connected,mainstream
230,popular_1_exp_Experiment_1_seed_42,5,0.05441296692202286,connected,mainstream
434,popular_1_exp_Experiment_1_seed_42,5,0.05547385719227643,connected,mainstream
174,popular_1_exp_Experiment_1_seed_42,5,0.05322043304471944,connected,mainstream
322,popular_1_exp_Experiment_1_seed_42,5,0.05255189470054287,connected,mainstream
311,popular_1_exp_Experiment_1_seed_42,5,0.06882068531155122,connected,mainstream
36,popular_1_exp_Experiment_1_seed_42,5,0.020023507298400644,connected,niche
307,popular_1_exp_Experiment_1_seed_42,5,0.07069782320438443,connected,mainstream
261,popular_1_exp_Experiment_1_seed_42,5,0.05627576402705081,connected,mainstream
184,popular_1_exp_Experiment_1_seed_42,5,0.057881052820620754,connected,mainstream
329,popular_1_exp_Experiment_1_seed_42,5,0.060345233283372955,connected,mainstream
477,popular_1_exp_Experiment_1_seed_42,5,0.05410939776459644,connected,mainstream
342,popular_1_exp_Experiment_1_seed_42,5,0.0486921583089182,connected,mainstream
596,popular_1_exp_Experiment_1_seed_42,5,0.055661364053649624,connected,mainstream
372,popular_1_exp_Experiment_1_seed_42,5,0.05212268180222271,connected,mainstream
325,popular_1_exp_Experiment_1_seed_42,5,0.04979825059010576,connected,mainstream
6,popular_1_exp_Experiment_1_seed_42,5,0.021567229101647392,connected,niche
170,popular_1_exp_Experiment_1_seed_42,5,0.06106500501705636,connected,mainstream
194,popular_1_exp_Experiment_1_seed_42,5,0.05072249916005577,connected,mainstream
567,popular_1_exp_Experiment_1_seed_42,5,0.05450352569894448,connected,mainstream
417,popular_1_exp_Experiment_1_seed_42,5,0.060143982717151566,connected,mainstream
160,popular_1_exp_Experiment_1_seed_42,5,0.0517436108316465,connected,mainstream
158,popular_1_exp_Experiment_1_seed_42,5,0.06974564664248913,connected,mainstream
541,popular_1_exp_Experiment_1_seed_42,5,0.071270227040108,connected,mainstream
137,popular_1_exp_Experiment_1_seed_42,5,0.05500621409132369,connected,mainstream
528,popular_1_exp_Experiment_1_seed_42,5,0.055635747887721236,connected,mainstream
84,popular_1_exp_Experiment_1_seed_42,5,0.05419512753914535,connected,mainstream
13,popular_1_exp_Experiment_1_seed_42,5,0.05044213546062106,connected,niche
361,popular_1_exp_Experiment_1_seed_42,5,0.05231881670207833,connected,mainstream
418,popular_1_exp_Experiment_1_seed_42,5,0.054690290979995386,connected,mainstream
58,popular_1_exp_Experiment_1_seed_42,5,0.017766069201437352,connected,niche
124,popular_1_exp_Experiment_1_seed_42,5,0.05690668546466931,connected,mainstream
115,popular_1_exp_Experiment_1_seed_42,5,0.05713783192112676,connected,mainstream
349,popular_1_exp_Experiment_1_seed_42,5,0.05757627965236948,connected,mainstream
8,popular_1_exp_Experiment_1_seed_42,5,0.015016086185617524,connected,niche
487,popular_1_exp_Experiment_1_seed_42,5,0.06451957962234042,connected,mainstream
102,popular_1_exp_Experiment_1_seed_42,5,0.05681396280222356,connected,mainstream
483,popular_1_exp_Experiment_1_seed_42,5,0.05860224791585985,connected,mainstream
352,popular_1_exp_Experiment_1_seed_42,5,0.060950913418783344,connected,mainstream
500,popular_1_exp_Experiment_1_seed_42,5,0.052284906759596655,connected,mainstream
20,popular_1_exp_Experiment_1_seed_42,5,0.024790976425632414,connected,niche
19,popular_1_exp_Experiment_1_seed_42,5,0.018719714371311428,connected,niche
242,popular_1_exp_Experiment_1_seed_42,5,0.06407831645287511,connected,mainstream
267,popular_1_exp_Experiment_1_seed_42,5,0.05330672562393896,connected,mainstream
128,popular_1_exp_Experiment_1_seed_42,5,0.05372935134335486,connected,mainstream
208,popular_1_exp_Experiment_1_seed_42,5,0.059401618660963273,connected,mainstream
109,popular_1_exp_Experiment_1_seed_42,5,0.05489060495934301,connected,mainstream
27,popular_1_exp_Experiment_1_seed_42,5,0.016531595778959653,connected,niche
70,popular_1_exp_Experiment_1_seed_42,5,0.058799666344521766,connected,mainstream
45,popular_1_exp_Experiment_1_seed_42,5,0.02784131107535028,connected,niche
173,popular_1_exp_Experiment_1_seed_42,5,0.051512442290241274,connected,mainstream
43,popular_1_exp_Experiment_1_seed_42,5,0.01957810061422063,connected,niche
48,popular_1_exp_Experiment_1_seed_42,5,0.019246138487532018,connected,niche
85,popular_1_exp_Experiment_1_seed_42,5,0.0465360961505909,connected,mainstream
164,popular_1_exp_Experiment_1_seed_42,5,0.05152681409466065,connected,mainstream
251,popular_1_exp_Experiment_1_seed_42,5,0.05142744966658976,connected,mainstream
310,popular_1_exp_Experiment_1_seed_42,5,0.056784289718903556,connected,mainstream
