customer_id,recommender_id
504,popular_1_exp_Experiment_1_seed_42
66,popular_1_exp_Experiment_1_seed_42
192,popular_1_exp_Experiment_1_seed_42
557,popular_1_exp_Experiment_1_seed_42
29,popular_1_exp_Experiment_1_seed_42
122,popular_1_exp_Experiment_1_seed_42
88,popular_1_exp_Experiment_1_seed_42
55,popular_1_exp_Experiment_1_seed_42
312,popular_1_exp_Experiment_1_seed_42
399,popular_1_exp_Experiment_1_seed_42
531,popular_1_exp_Experiment_1_seed_42
213,popular_1_exp_Experiment_1_seed_42
243,popular_1_exp_Experiment_1_seed_42
544,popular_1_exp_Experiment_1_seed_42
252,popular_1_exp_Experiment_1_seed_42
265,popular_1_exp_Experiment_1_seed_42
374,popular_1_exp_Experiment_1_seed_42
190,popular_1_exp_Experiment_1_seed_42
573,popular_1_exp_Experiment_1_seed_42
367,popular_1_exp_Experiment_1_seed_42
253,popular_1_exp_Experiment_1_seed_42
217,popular_1_exp_Experiment_1_seed_42
515,popular_1_exp_Experiment_1_seed_42
24,popular_1_exp_Experiment_1_seed_42
149,popular_1_exp_Experiment_1_seed_42
28,popular_1_exp_Experiment_1_seed_42
260,popular_1_exp_Experiment_1_seed_42
444,popular_1_exp_Experiment_1_seed_42
559,popular_1_exp_Experiment_1_seed_42
350,popular_1_exp_Experiment_1_seed_42
409,popular_1_exp_Experiment_1_seed_42
378,popular_1_exp_Experiment_1_seed_42
570,popular_1_exp_Experiment_1_seed_42
489,popular_1_exp_Experiment_1_seed_42
363,popular_1_exp_Experiment_1_seed_42
200,popular_1_exp_Experiment_1_seed_42
119,popular_1_exp_Experiment_1_seed_42
495,popular_1_exp_Experiment_1_seed_42
498,popular_1_exp_Experiment_1_seed_42
135,popular_1_exp_Experiment_1_seed_42
104,popular_1_exp_Experiment_1_seed_42
449,popular_1_exp_Experiment_1_seed_42
355,popular_1_exp_Experiment_1_seed_42
264,popular_1_exp_Experiment_1_seed_42
69,popular_1_exp_Experiment_1_seed_42
74,popular_1_exp_Experiment_1_seed_42
469,popular_1_exp_Experiment_1_seed_42
438,popular_1_exp_Experiment_1_seed_42
277,popular_1_exp_Experiment_1_seed_42
429,popular_1_exp_Experiment_1_seed_42
589,popular_1_exp_Experiment_1_seed_42
215,popular_1_exp_Experiment_1_seed_42
598,popular_1_exp_Experiment_1_seed_42
107,popular_1_exp_Experiment_1_seed_42
256,popular_1_exp_Experiment_1_seed_42
197,popular_1_exp_Experiment_1_seed_42
465,popular_1_exp_Experiment_1_seed_42
593,popular_1_exp_Experiment_1_seed_42
304,popular_1_exp_Experiment_1_seed_42
428,popular_1_exp_Experiment_1_seed_42
287,popular_1_exp_Experiment_1_seed_42
354,popular_1_exp_Experiment_1_seed_42
519,popular_1_exp_Experiment_1_seed_42
23,popular_1_exp_Experiment_1_seed_42
303,popular_1_exp_Experiment_1_seed_42
460,popular_1_exp_Experiment_1_seed_42
392,popular_1_exp_Experiment_1_seed_42
427,popular_1_exp_Experiment_1_seed_42
319,popular_1_exp_Experiment_1_seed_42
420,popular_1_exp_Experiment_1_seed_42
408,popular_1_exp_Experiment_1_seed_42
76,popular_1_exp_Experiment_1_seed_42
398,popular_1_exp_Experiment_1_seed_42
343,popular_1_exp_Experiment_1_seed_42
62,popular_1_exp_Experiment_1_seed_42
259,popular_1_exp_Experiment_1_seed_42
177,popular_1_exp_Experiment_1_seed_42
31,popular_1_exp_Experiment_1_seed_42
435,popular_1_exp_Experiment_1_seed_42
224,popular_1_exp_Experiment_1_seed_42
314,popular_1_exp_Experiment_1_seed_42
384,popular_1_exp_Experiment_1_seed_42
575,popular_1_exp_Experiment_1_seed_42
507,popular_1_exp_Experiment_1_seed_42
116,popular_1_exp_Experiment_1_seed_42
453,popular_1_exp_Experiment_1_seed_42
338,popular_1_exp_Experiment_1_seed_42
231,popular_1_exp_Experiment_1_seed_42
505,popular_1_exp_Experiment_1_seed_42
196,popular_1_exp_Experiment_1_seed_42
201,popular_1_exp_Experiment_1_seed_42
60,popular_1_exp_Experiment_1_seed_42
181,popular_1_exp_Experiment_1_seed_42
0,popular_1_exp_Experiment_1_seed_42
496,popular_1_exp_Experiment_1_seed_42
236,popular_1_exp_Experiment_1_seed_42
276,popular_1_exp_Experiment_1_seed_42
291,popular_1_exp_Experiment_1_seed_42
191,popular_1_exp_Experiment_1_seed_42
5,popular_1_exp_Experiment_1_seed_42
561,popular_1_exp_Experiment_1_seed_42
371,popular_1_exp_Experiment_1_seed_42
269,popular_1_exp_Experiment_1_seed_42
373,popular_1_exp_Experiment_1_seed_42
480,popular_1_exp_Experiment_1_seed_42
485,popular_1_exp_Experiment_1_seed_42
586,popular_1_exp_Experiment_1_seed_42
9,popular_1_exp_Experiment_1_seed_42
587,popular_1_exp_Experiment_1_seed_42
207,popular_1_exp_Experiment_1_seed_42
159,popular_1_exp_Experiment_1_seed_42
286,popular_1_exp_Experiment_1_seed_42
175,popular_1_exp_Experiment_1_seed_42
290,popular_1_exp_Experiment_1_seed_42
25,popular_1_exp_Experiment_1_seed_42
486,popular_1_exp_Experiment_1_seed_42
262,popular_1_exp_Experiment_1_seed_42
526,popular_1_exp_Experiment_1_seed_42
341,popular_1_exp_Experiment_1_seed_42
302,popular_1_exp_Experiment_1_seed_42
229,popular_1_exp_Experiment_1_seed_42
91,popular_1_exp_Experiment_1_seed_42
182,popular_1_exp_Experiment_1_seed_42
316,popular_1_exp_Experiment_1_seed_42
87,popular_1_exp_Experiment_1_seed_42
464,popular_1_exp_Experiment_1_seed_42
574,popular_1_exp_Experiment_1_seed_42
321,popular_1_exp_Experiment_1_seed_42
521,popular_1_exp_Experiment_1_seed_42
362,popular_1_exp_Experiment_1_seed_42
456,popular_1_exp_Experiment_1_seed_42
56,popular_1_exp_Experiment_1_seed_42
288,popular_1_exp_Experiment_1_seed_42
414,popular_1_exp_Experiment_1_seed_42
7,popular_1_exp_Experiment_1_seed_42
157,popular_1_exp_Experiment_1_seed_42
539,popular_1_exp_Experiment_1_seed_42
94,popular_1_exp_Experiment_1_seed_42
16,popular_1_exp_Experiment_1_seed_42
405,popular_1_exp_Experiment_1_seed_42
430,popular_1_exp_Experiment_1_seed_42
482,popular_1_exp_Experiment_1_seed_42
451,popular_1_exp_Experiment_1_seed_42
401,popular_1_exp_Experiment_1_seed_42
579,popular_1_exp_Experiment_1_seed_42
205,popular_1_exp_Experiment_1_seed_42
513,popular_1_exp_Experiment_1_seed_42
166,popular_1_exp_Experiment_1_seed_42
512,popular_1_exp_Experiment_1_seed_42
582,popular_1_exp_Experiment_1_seed_42
257,popular_1_exp_Experiment_1_seed_42
187,popular_1_exp_Experiment_1_seed_42
93,popular_1_exp_Experiment_1_seed_42
357,popular_1_exp_Experiment_1_seed_42
65,popular_1_exp_Experiment_1_seed_42
383,popular_1_exp_Experiment_1_seed_42
572,popular_1_exp_Experiment_1_seed_42
306,popular_1_exp_Experiment_1_seed_42
238,popular_1_exp_Experiment_1_seed_42
387,popular_1_exp_Experiment_1_seed_42
548,popular_1_exp_Experiment_1_seed_42
206,popular_1_exp_Experiment_1_seed_42
517,popular_1_exp_Experiment_1_seed_42
40,popular_1_exp_Experiment_1_seed_42
436,popular_1_exp_Experiment_1_seed_42
272,popular_1_exp_Experiment_1_seed_42
195,popular_1_exp_Experiment_1_seed_42
554,popular_1_exp_Experiment_1_seed_42
152,popular_1_exp_Experiment_1_seed_42
577,popular_1_exp_Experiment_1_seed_42
439,popular_1_exp_Experiment_1_seed_42
145,popular_1_exp_Experiment_1_seed_42
57,popular_1_exp_Experiment_1_seed_42
369,popular_1_exp_Experiment_1_seed_42
142,popular_1_exp_Experiment_1_seed_42
96,popular_1_exp_Experiment_1_seed_42
353,popular_1_exp_Experiment_1_seed_42
292,popular_1_exp_Experiment_1_seed_42
168,popular_1_exp_Experiment_1_seed_42
218,popular_1_exp_Experiment_1_seed_42
419,popular_1_exp_Experiment_1_seed_42
317,popular_1_exp_Experiment_1_seed_42
150,popular_1_exp_Experiment_1_seed_42
123,popular_1_exp_Experiment_1_seed_42
364,popular_1_exp_Experiment_1_seed_42
382,popular_1_exp_Experiment_1_seed_42
114,popular_1_exp_Experiment_1_seed_42
549,popular_1_exp_Experiment_1_seed_42
148,popular_1_exp_Experiment_1_seed_42
305,popular_1_exp_Experiment_1_seed_42
370,popular_1_exp_Experiment_1_seed_42
550,popular_1_exp_Experiment_1_seed_42
110,popular_1_exp_Experiment_1_seed_42
63,popular_1_exp_Experiment_1_seed_42
492,popular_1_exp_Experiment_1_seed_42
553,popular_1_exp_Experiment_1_seed_42
47,popular_1_exp_Experiment_1_seed_42
330,popular_1_exp_Experiment_1_seed_42
176,popular_1_exp_Experiment_1_seed_42
356,popular_1_exp_Experiment_1_seed_42
407,popular_1_exp_Experiment_1_seed_42
394,popular_1_exp_Experiment_1_seed_42
458,popular_1_exp_Experiment_1_seed_42
22,popular_1_exp_Experiment_1_seed_42
395,popular_1_exp_Experiment_1_seed_42
239,popular_1_exp_Experiment_1_seed_42
234,popular_1_exp_Experiment_1_seed_42
53,popular_1_exp_Experiment_1_seed_42
98,popular_1_exp_Experiment_1_seed_42
232,popular_1_exp_Experiment_1_seed_42
178,popular_1_exp_Experiment_1_seed_42
162,popular_1_exp_Experiment_1_seed_42
479,popular_1_exp_Experiment_1_seed_42
385,popular_1_exp_Experiment_1_seed_42
462,popular_1_exp_Experiment_1_seed_42
328,popular_1_exp_Experiment_1_seed_42
506,popular_1_exp_Experiment_1_seed_42
299,popular_1_exp_Experiment_1_seed_42
167,popular_1_exp_Experiment_1_seed_42
386,popular_1_exp_Experiment_1_seed_42
522,popular_1_exp_Experiment_1_seed_42
26,popular_1_exp_Experiment_1_seed_42
183,popular_1_exp_Experiment_1_seed_42
320,popular_1_exp_Experiment_1_seed_42
172,popular_1_exp_Experiment_1_seed_42
103,popular_1_exp_Experiment_1_seed_42
203,popular_1_exp_Experiment_1_seed_42
333,popular_1_exp_Experiment_1_seed_42
347,popular_1_exp_Experiment_1_seed_42
249,popular_1_exp_Experiment_1_seed_42
274,popular_1_exp_Experiment_1_seed_42
14,popular_1_exp_Experiment_1_seed_42
300,popular_1_exp_Experiment_1_seed_42
223,popular_1_exp_Experiment_1_seed_42
502,popular_1_exp_Experiment_1_seed_42
193,popular_1_exp_Experiment_1_seed_42
285,popular_1_exp_Experiment_1_seed_42
404,popular_1_exp_Experiment_1_seed_42
533,popular_1_exp_Experiment_1_seed_42
112,popular_1_exp_Experiment_1_seed_42
284,popular_1_exp_Experiment_1_seed_42
108,popular_1_exp_Experiment_1_seed_42
345,popular_1_exp_Experiment_1_seed_42
415,popular_1_exp_Experiment_1_seed_42
220,popular_1_exp_Experiment_1_seed_42
366,popular_1_exp_Experiment_1_seed_42
222,popular_1_exp_Experiment_1_seed_42
139,popular_1_exp_Experiment_1_seed_42
463,popular_1_exp_Experiment_1_seed_42
41,popular_1_exp_Experiment_1_seed_42
83,popular_1_exp_Experiment_1_seed_42
590,popular_1_exp_Experiment_1_seed_42
470,popular_1_exp_Experiment_1_seed_42
268,popular_1_exp_Experiment_1_seed_42
530,popular_1_exp_Experiment_1_seed_42
180,popular_1_exp_Experiment_1_seed_42
468,popular_1_exp_Experiment_1_seed_42
77,popular_1_exp_Experiment_1_seed_42
563,popular_1_exp_Experiment_1_seed_42
588,popular_1_exp_Experiment_1_seed_42
454,popular_1_exp_Experiment_1_seed_42
295,popular_1_exp_Experiment_1_seed_42
478,popular_1_exp_Experiment_1_seed_42
565,popular_1_exp_Experiment_1_seed_42
144,popular_1_exp_Experiment_1_seed_42
581,popular_1_exp_Experiment_1_seed_42
39,popular_1_exp_Experiment_1_seed_42
510,popular_1_exp_Experiment_1_seed_42
431,popular_1_exp_Experiment_1_seed_42
71,popular_1_exp_Experiment_1_seed_42
99,popular_1_exp_Experiment_1_seed_42
584,popular_1_exp_Experiment_1_seed_42
42,popular_1_exp_Experiment_1_seed_42
538,popular_1_exp_Experiment_1_seed_42
592,popular_1_exp_Experiment_1_seed_42
117,popular_1_exp_Experiment_1_seed_42
151,popular_1_exp_Experiment_1_seed_42
3,popular_1_exp_Experiment_1_seed_42
433,popular_1_exp_Experiment_1_seed_42
237,popular_1_exp_Experiment_1_seed_42
580,popular_1_exp_Experiment_1_seed_42
555,popular_1_exp_Experiment_1_seed_42
511,popular_1_exp_Experiment_1_seed_42
171,popular_1_exp_Experiment_1_seed_42
30,popular_1_exp_Experiment_1_seed_42
46,popular_1_exp_Experiment_1_seed_42
227,popular_1_exp_Experiment_1_seed_42
459,popular_1_exp_Experiment_1_seed_42
534,popular_1_exp_Experiment_1_seed_42
293,popular_1_exp_Experiment_1_seed_42
520,popular_1_exp_Experiment_1_seed_42
494,popular_1_exp_Experiment_1_seed_42
379,popular_1_exp_Experiment_1_seed_42
282,popular_1_exp_Experiment_1_seed_42
240,popular_1_exp_Experiment_1_seed_42
323,popular_1_exp_Experiment_1_seed_42
120,popular_1_exp_Experiment_1_seed_42
51,popular_1_exp_Experiment_1_seed_42
298,popular_1_exp_Experiment_1_seed_42
59,popular_1_exp_Experiment_1_seed_42
442,popular_1_exp_Experiment_1_seed_42
281,popular_1_exp_Experiment_1_seed_42
597,popular_1_exp_Experiment_1_seed_42
244,popular_1_exp_Experiment_1_seed_42
179,popular_1_exp_Experiment_1_seed_42
81,popular_1_exp_Experiment_1_seed_42
219,popular_1_exp_Experiment_1_seed_42
204,popular_1_exp_Experiment_1_seed_42
556,popular_1_exp_Experiment_1_seed_42
126,popular_1_exp_Experiment_1_seed_42
576,popular_1_exp_Experiment_1_seed_42
416,popular_1_exp_Experiment_1_seed_42
132,popular_1_exp_Experiment_1_seed_42
32,popular_1_exp_Experiment_1_seed_42
594,popular_1_exp_Experiment_1_seed_42
79,popular_1_exp_Experiment_1_seed_42
1,popular_1_exp_Experiment_1_seed_42
484,popular_1_exp_Experiment_1_seed_42
585,popular_1_exp_Experiment_1_seed_42
143,popular_1_exp_Experiment_1_seed_42
473,popular_1_exp_Experiment_1_seed_42
141,popular_1_exp_Experiment_1_seed_42
326,popular_1_exp_Experiment_1_seed_42
61,popular_1_exp_Experiment_1_seed_42
432,popular_1_exp_Experiment_1_seed_42
199,popular_1_exp_Experiment_1_seed_42
452,popular_1_exp_Experiment_1_seed_42
471,popular_1_exp_Experiment_1_seed_42
105,popular_1_exp_Experiment_1_seed_42
146,popular_1_exp_Experiment_1_seed_42
578,popular_1_exp_Experiment_1_seed_42
410,popular_1_exp_Experiment_1_seed_42
221,popular_1_exp_Experiment_1_seed_42
297,popular_1_exp_Experiment_1_seed_42
210,popular_1_exp_Experiment_1_seed_42
15,popular_1_exp_Experiment_1_seed_42
254,popular_1_exp_Experiment_1_seed_42
402,popular_1_exp_Experiment_1_seed_42
457,popular_1_exp_Experiment_1_seed_42
334,popular_1_exp_Experiment_1_seed_42
524,popular_1_exp_Experiment_1_seed_42
472,popular_1_exp_Experiment_1_seed_42
336,popular_1_exp_Experiment_1_seed_42
527,popular_1_exp_Experiment_1_seed_42
283,popular_1_exp_Experiment_1_seed_42
52,popular_1_exp_Experiment_1_seed_42
461,popular_1_exp_Experiment_1_seed_42
12,popular_1_exp_Experiment_1_seed_42
514,popular_1_exp_Experiment_1_seed_42
54,popular_1_exp_Experiment_1_seed_42
393,popular_1_exp_Experiment_1_seed_42
437,popular_1_exp_Experiment_1_seed_42
216,popular_1_exp_Experiment_1_seed_42
488,popular_1_exp_Experiment_1_seed_42
309,popular_1_exp_Experiment_1_seed_42
547,popular_1_exp_Experiment_1_seed_42
552,popular_1_exp_Experiment_1_seed_42
21,popular_1_exp_Experiment_1_seed_42
278,popular_1_exp_Experiment_1_seed_42
375,popular_1_exp_Experiment_1_seed_42
455,popular_1_exp_Experiment_1_seed_42
34,popular_1_exp_Experiment_1_seed_42
11,popular_1_exp_Experiment_1_seed_42
136,popular_1_exp_Experiment_1_seed_42
147,popular_1_exp_Experiment_1_seed_42
49,popular_1_exp_Experiment_1_seed_42
508,popular_1_exp_Experiment_1_seed_42
595,popular_1_exp_Experiment_1_seed_42
296,popular_1_exp_Experiment_1_seed_42
4,popular_1_exp_Experiment_1_seed_42
165,popular_1_exp_Experiment_1_seed_42
397,popular_1_exp_Experiment_1_seed_42
169,popular_1_exp_Experiment_1_seed_42
446,popular_1_exp_Experiment_1_seed_42
518,popular_1_exp_Experiment_1_seed_42
499,popular_1_exp_Experiment_1_seed_42
509,popular_1_exp_Experiment_1_seed_42
44,popular_1_exp_Experiment_1_seed_42
248,popular_1_exp_Experiment_1_seed_42
376,popular_1_exp_Experiment_1_seed_42
133,popular_1_exp_Experiment_1_seed_42
569,popular_1_exp_Experiment_1_seed_42
560,popular_1_exp_Experiment_1_seed_42
466,popular_1_exp_Experiment_1_seed_42
348,popular_1_exp_Experiment_1_seed_42
101,popular_1_exp_Experiment_1_seed_42
64,popular_1_exp_Experiment_1_seed_42
360,popular_1_exp_Experiment_1_seed_42
189,popular_1_exp_Experiment_1_seed_42
78,popular_1_exp_Experiment_1_seed_42
118,popular_1_exp_Experiment_1_seed_42
380,popular_1_exp_Experiment_1_seed_42
131,popular_1_exp_Experiment_1_seed_42
188,popular_1_exp_Experiment_1_seed_42
186,popular_1_exp_Experiment_1_seed_42
441,popular_1_exp_Experiment_1_seed_42
422,popular_1_exp_Experiment_1_seed_42
233,popular_1_exp_Experiment_1_seed_42
445,popular_1_exp_Experiment_1_seed_42
400,popular_1_exp_Experiment_1_seed_42
154,popular_1_exp_Experiment_1_seed_42
50,popular_1_exp_Experiment_1_seed_42
73,popular_1_exp_Experiment_1_seed_42
156,popular_1_exp_Experiment_1_seed_42
425,popular_1_exp_Experiment_1_seed_42
308,popular_1_exp_Experiment_1_seed_42
447,popular_1_exp_Experiment_1_seed_42
423,popular_1_exp_Experiment_1_seed_42
263,popular_1_exp_Experiment_1_seed_42
324,popular_1_exp_Experiment_1_seed_42
92,popular_1_exp_Experiment_1_seed_42
413,popular_1_exp_Experiment_1_seed_42
543,popular_1_exp_Experiment_1_seed_42
38,popular_1_exp_Experiment_1_seed_42
535,popular_1_exp_Experiment_1_seed_42
411,popular_1_exp_Experiment_1_seed_42
275,popular_1_exp_Experiment_1_seed_42
501,popular_1_exp_Experiment_1_seed_42
271,popular_1_exp_Experiment_1_seed_42
368,popular_1_exp_Experiment_1_seed_42
89,popular_1_exp_Experiment_1_seed_42
358,popular_1_exp_Experiment_1_seed_42
273,popular_1_exp_Experiment_1_seed_42
346,popular_1_exp_Experiment_1_seed_42
339,popular_1_exp_Experiment_1_seed_42
106,popular_1_exp_Experiment_1_seed_42
529,popular_1_exp_Experiment_1_seed_42
100,popular_1_exp_Experiment_1_seed_42
497,popular_1_exp_Experiment_1_seed_42
67,popular_1_exp_Experiment_1_seed_42
2,popular_1_exp_Experiment_1_seed_42
185,popular_1_exp_Experiment_1_seed_42
315,popular_1_exp_Experiment_1_seed_42
377,popular_1_exp_Experiment_1_seed_42
503,popular_1_exp_Experiment_1_seed_42
247,popular_1_exp_Experiment_1_seed_42
448,popular_1_exp_Experiment_1_seed_42
313,popular_1_exp_Experiment_1_seed_42
279,popular_1_exp_Experiment_1_seed_42
202,popular_1_exp_Experiment_1_seed_42
337,popular_1_exp_Experiment_1_seed_42
280,popular_1_exp_Experiment_1_seed_42
426,popular_1_exp_Experiment_1_seed_42
228,popular_1_exp_Experiment_1_seed_42
474,popular_1_exp_Experiment_1_seed_42
209,popular_1_exp_Experiment_1_seed_42
523,popular_1_exp_Experiment_1_seed_42
138,popular_1_exp_Experiment_1_seed_42
421,popular_1_exp_Experiment_1_seed_42
536,popular_1_exp_Experiment_1_seed_42
68,popular_1_exp_Experiment_1_seed_42
381,popular_1_exp_Experiment_1_seed_42
163,popular_1_exp_Experiment_1_seed_42
245,popular_1_exp_Experiment_1_seed_42
359,popular_1_exp_Experiment_1_seed_42
566,popular_1_exp_Experiment_1_seed_42
289,popular_1_exp_Experiment_1_seed_42
327,popular_1_exp_Experiment_1_seed_42
351,popular_1_exp_Experiment_1_seed_42
493,popular_1_exp_Experiment_1_seed_42
546,popular_1_exp_Experiment_1_seed_42
388,popular_1_exp_Experiment_1_seed_42
583,popular_1_exp_Experiment_1_seed_42
130,popular_1_exp_Experiment_1_seed_42
161,popular_1_exp_Experiment_1_seed_42
564,popular_1_exp_Experiment_1_seed_42
389,popular_1_exp_Experiment_1_seed_42
153,popular_1_exp_Experiment_1_seed_42
95,popular_1_exp_Experiment_1_seed_42
540,popular_1_exp_Experiment_1_seed_42
255,popular_1_exp_Experiment_1_seed_42
82,popular_1_exp_Experiment_1_seed_42
481,popular_1_exp_Experiment_1_seed_42
125,popular_1_exp_Experiment_1_seed_42
37,popular_1_exp_Experiment_1_seed_42
17,popular_1_exp_Experiment_1_seed_42
335,popular_1_exp_Experiment_1_seed_42
545,popular_1_exp_Experiment_1_seed_42
18,popular_1_exp_Experiment_1_seed_42
214,popular_1_exp_Experiment_1_seed_42
443,popular_1_exp_Experiment_1_seed_42
332,popular_1_exp_Experiment_1_seed_42
558,popular_1_exp_Experiment_1_seed_42
35,popular_1_exp_Experiment_1_seed_42
246,popular_1_exp_Experiment_1_seed_42
390,popular_1_exp_Experiment_1_seed_42
33,popular_1_exp_Experiment_1_seed_42
516,popular_1_exp_Experiment_1_seed_42
568,popular_1_exp_Experiment_1_seed_42
424,popular_1_exp_Experiment_1_seed_42
198,popular_1_exp_Experiment_1_seed_42
599,popular_1_exp_Experiment_1_seed_42
491,popular_1_exp_Experiment_1_seed_42
270,popular_1_exp_Experiment_1_seed_42
294,popular_1_exp_Experiment_1_seed_42
241,popular_1_exp_Experiment_1_seed_42
412,popular_1_exp_Experiment_1_seed_42
331,popular_1_exp_Experiment_1_seed_42
340,popular_1_exp_Experiment_1_seed_42
212,popular_1_exp_Experiment_1_seed_42
134,popular_1_exp_Experiment_1_seed_42
97,popular_1_exp_Experiment_1_seed_42
258,popular_1_exp_Experiment_1_seed_42
490,popular_1_exp_Experiment_1_seed_42
90,popular_1_exp_Experiment_1_seed_42
129,popular_1_exp_Experiment_1_seed_42
301,popular_1_exp_Experiment_1_seed_42
127,popular_1_exp_Experiment_1_seed_42
475,popular_1_exp_Experiment_1_seed_42
155,popular_1_exp_Experiment_1_seed_42
72,popular_1_exp_Experiment_1_seed_42
140,popular_1_exp_Experiment_1_seed_42
450,popular_1_exp_Experiment_1_seed_42
440,popular_1_exp_Experiment_1_seed_42
537,popular_1_exp_Experiment_1_seed_42
113,popular_1_exp_Experiment_1_seed_42
235,popular_1_exp_Experiment_1_seed_42
476,popular_1_exp_Experiment_1_seed_42
406,popular_1_exp_Experiment_1_seed_42
111,popular_1_exp_Experiment_1_seed_42
80,popular_1_exp_Experiment_1_seed_42
318,popular_1_exp_Experiment_1_seed_42
391,popular_1_exp_Experiment_1_seed_42
344,popular_1_exp_Experiment_1_seed_42
121,popular_1_exp_Experiment_1_seed_42
591,popular_1_exp_Experiment_1_seed_42
551,popular_1_exp_Experiment_1_seed_42
226,popular_1_exp_Experiment_1_seed_42
467,popular_1_exp_Experiment_1_seed_42
10,popular_1_exp_Experiment_1_seed_42
532,popular_1_exp_Experiment_1_seed_42
75,popular_1_exp_Experiment_1_seed_42
211,popular_1_exp_Experiment_1_seed_42
250,popular_1_exp_Experiment_1_seed_42
403,popular_1_exp_Experiment_1_seed_42
562,popular_1_exp_Experiment_1_seed_42
525,popular_1_exp_Experiment_1_seed_42
86,popular_1_exp_Experiment_1_seed_42
365,popular_1_exp_Experiment_1_seed_42
571,popular_1_exp_Experiment_1_seed_42
266,popular_1_exp_Experiment_1_seed_42
542,popular_1_exp_Experiment_1_seed_42
396,popular_1_exp_Experiment_1_seed_42
225,popular_1_exp_Experiment_1_seed_42
230,popular_1_exp_Experiment_1_seed_42
434,popular_1_exp_Experiment_1_seed_42
174,popular_1_exp_Experiment_1_seed_42
322,popular_1_exp_Experiment_1_seed_42
311,popular_1_exp_Experiment_1_seed_42
36,popular_1_exp_Experiment_1_seed_42
307,popular_1_exp_Experiment_1_seed_42
261,popular_1_exp_Experiment_1_seed_42
184,popular_1_exp_Experiment_1_seed_42
329,popular_1_exp_Experiment_1_seed_42
477,popular_1_exp_Experiment_1_seed_42
342,popular_1_exp_Experiment_1_seed_42
596,popular_1_exp_Experiment_1_seed_42
372,popular_1_exp_Experiment_1_seed_42
325,popular_1_exp_Experiment_1_seed_42
6,popular_1_exp_Experiment_1_seed_42
170,popular_1_exp_Experiment_1_seed_42
194,popular_1_exp_Experiment_1_seed_42
567,popular_1_exp_Experiment_1_seed_42
417,popular_1_exp_Experiment_1_seed_42
160,popular_1_exp_Experiment_1_seed_42
158,popular_1_exp_Experiment_1_seed_42
541,popular_1_exp_Experiment_1_seed_42
137,popular_1_exp_Experiment_1_seed_42
528,popular_1_exp_Experiment_1_seed_42
84,popular_1_exp_Experiment_1_seed_42
13,popular_1_exp_Experiment_1_seed_42
361,popular_1_exp_Experiment_1_seed_42
418,popular_1_exp_Experiment_1_seed_42
58,popular_1_exp_Experiment_1_seed_42
124,popular_1_exp_Experiment_1_seed_42
115,popular_1_exp_Experiment_1_seed_42
349,popular_1_exp_Experiment_1_seed_42
8,popular_1_exp_Experiment_1_seed_42
487,popular_1_exp_Experiment_1_seed_42
102,popular_1_exp_Experiment_1_seed_42
483,popular_1_exp_Experiment_1_seed_42
352,popular_1_exp_Experiment_1_seed_42
500,popular_1_exp_Experiment_1_seed_42
20,popular_1_exp_Experiment_1_seed_42
19,popular_1_exp_Experiment_1_seed_42
242,popular_1_exp_Experiment_1_seed_42
267,popular_1_exp_Experiment_1_seed_42
128,popular_1_exp_Experiment_1_seed_42
208,popular_1_exp_Experiment_1_seed_42
109,popular_1_exp_Experiment_1_seed_42
27,popular_1_exp_Experiment_1_seed_42
70,popular_1_exp_Experiment_1_seed_42
45,popular_1_exp_Experiment_1_seed_42
173,popular_1_exp_Experiment_1_seed_42
43,popular_1_exp_Experiment_1_seed_42
48,popular_1_exp_Experiment_1_seed_42
85,popular_1_exp_Experiment_1_seed_42
164,popular_1_exp_Experiment_1_seed_42
251,popular_1_exp_Experiment_1_seed_42
310,popular_1_exp_Experiment_1_seed_42
504,popular_1_exp_Experiment_1_seed_42
66,popular_1_exp_Experiment_1_seed_42
192,popular_1_exp_Experiment_1_seed_42
557,popular_1_exp_Experiment_1_seed_42
29,popular_1_exp_Experiment_1_seed_42
122,popular_1_exp_Experiment_1_seed_42
88,popular_1_exp_Experiment_1_seed_42
55,popular_1_exp_Experiment_1_seed_42
312,popular_1_exp_Experiment_1_seed_42
399,popular_1_exp_Experiment_1_seed_42
531,popular_1_exp_Experiment_1_seed_42
213,popular_1_exp_Experiment_1_seed_42
243,popular_1_exp_Experiment_1_seed_42
544,popular_1_exp_Experiment_1_seed_42
252,popular_1_exp_Experiment_1_seed_42
265,popular_1_exp_Experiment_1_seed_42
374,popular_1_exp_Experiment_1_seed_42
190,popular_1_exp_Experiment_1_seed_42
573,popular_1_exp_Experiment_1_seed_42
367,popular_1_exp_Experiment_1_seed_42
253,popular_1_exp_Experiment_1_seed_42
217,popular_1_exp_Experiment_1_seed_42
515,popular_1_exp_Experiment_1_seed_42
24,popular_1_exp_Experiment_1_seed_42
149,popular_1_exp_Experiment_1_seed_42
28,popular_1_exp_Experiment_1_seed_42
260,popular_1_exp_Experiment_1_seed_42
444,popular_1_exp_Experiment_1_seed_42
559,popular_1_exp_Experiment_1_seed_42
350,popular_1_exp_Experiment_1_seed_42
409,popular_1_exp_Experiment_1_seed_42
378,popular_1_exp_Experiment_1_seed_42
570,popular_1_exp_Experiment_1_seed_42
489,popular_1_exp_Experiment_1_seed_42
363,popular_1_exp_Experiment_1_seed_42
200,popular_1_exp_Experiment_1_seed_42
119,popular_1_exp_Experiment_1_seed_42
495,popular_1_exp_Experiment_1_seed_42
498,popular_1_exp_Experiment_1_seed_42
135,popular_1_exp_Experiment_1_seed_42
104,popular_1_exp_Experiment_1_seed_42
449,popular_1_exp_Experiment_1_seed_42
355,popular_1_exp_Experiment_1_seed_42
264,popular_1_exp_Experiment_1_seed_42
69,popular_1_exp_Experiment_1_seed_42
74,popular_1_exp_Experiment_1_seed_42
469,popular_1_exp_Experiment_1_seed_42
438,popular_1_exp_Experiment_1_seed_42
277,popular_1_exp_Experiment_1_seed_42
429,popular_1_exp_Experiment_1_seed_42
589,popular_1_exp_Experiment_1_seed_42
215,popular_1_exp_Experiment_1_seed_42
598,popular_1_exp_Experiment_1_seed_42
107,popular_1_exp_Experiment_1_seed_42
256,popular_1_exp_Experiment_1_seed_42
197,popular_1_exp_Experiment_1_seed_42
465,popular_1_exp_Experiment_1_seed_42
593,popular_1_exp_Experiment_1_seed_42
304,popular_1_exp_Experiment_1_seed_42
428,popular_1_exp_Experiment_1_seed_42
287,popular_1_exp_Experiment_1_seed_42
354,popular_1_exp_Experiment_1_seed_42
519,popular_1_exp_Experiment_1_seed_42
23,popular_1_exp_Experiment_1_seed_42
303,popular_1_exp_Experiment_1_seed_42
460,popular_1_exp_Experiment_1_seed_42
392,popular_1_exp_Experiment_1_seed_42
427,popular_1_exp_Experiment_1_seed_42
319,popular_1_exp_Experiment_1_seed_42
420,popular_1_exp_Experiment_1_seed_42
408,popular_1_exp_Experiment_1_seed_42
76,popular_1_exp_Experiment_1_seed_42
398,popular_1_exp_Experiment_1_seed_42
343,popular_1_exp_Experiment_1_seed_42
62,popular_1_exp_Experiment_1_seed_42
259,popular_1_exp_Experiment_1_seed_42
177,popular_1_exp_Experiment_1_seed_42
31,popular_1_exp_Experiment_1_seed_42
435,popular_1_exp_Experiment_1_seed_42
224,popular_1_exp_Experiment_1_seed_42
314,popular_1_exp_Experiment_1_seed_42
384,popular_1_exp_Experiment_1_seed_42
575,popular_1_exp_Experiment_1_seed_42
507,popular_1_exp_Experiment_1_seed_42
116,popular_1_exp_Experiment_1_seed_42
453,popular_1_exp_Experiment_1_seed_42
338,popular_1_exp_Experiment_1_seed_42
231,popular_1_exp_Experiment_1_seed_42
505,popular_1_exp_Experiment_1_seed_42
196,popular_1_exp_Experiment_1_seed_42
201,popular_1_exp_Experiment_1_seed_42
60,popular_1_exp_Experiment_1_seed_42
181,popular_1_exp_Experiment_1_seed_42
0,popular_1_exp_Experiment_1_seed_42
496,popular_1_exp_Experiment_1_seed_42
236,popular_1_exp_Experiment_1_seed_42
276,popular_1_exp_Experiment_1_seed_42
291,popular_1_exp_Experiment_1_seed_42
191,popular_1_exp_Experiment_1_seed_42
5,popular_1_exp_Experiment_1_seed_42
561,popular_1_exp_Experiment_1_seed_42
371,popular_1_exp_Experiment_1_seed_42
269,popular_1_exp_Experiment_1_seed_42
373,popular_1_exp_Experiment_1_seed_42
480,popular_1_exp_Experiment_1_seed_42
485,popular_1_exp_Experiment_1_seed_42
586,popular_1_exp_Experiment_1_seed_42
9,popular_1_exp_Experiment_1_seed_42
587,popular_1_exp_Experiment_1_seed_42
207,popular_1_exp_Experiment_1_seed_42
159,popular_1_exp_Experiment_1_seed_42
286,popular_1_exp_Experiment_1_seed_42
175,popular_1_exp_Experiment_1_seed_42
290,popular_1_exp_Experiment_1_seed_42
25,popular_1_exp_Experiment_1_seed_42
486,popular_1_exp_Experiment_1_seed_42
262,popular_1_exp_Experiment_1_seed_42
526,popular_1_exp_Experiment_1_seed_42
341,popular_1_exp_Experiment_1_seed_42
302,popular_1_exp_Experiment_1_seed_42
229,popular_1_exp_Experiment_1_seed_42
91,popular_1_exp_Experiment_1_seed_42
182,popular_1_exp_Experiment_1_seed_42
316,popular_1_exp_Experiment_1_seed_42
87,popular_1_exp_Experiment_1_seed_42
464,popular_1_exp_Experiment_1_seed_42
574,popular_1_exp_Experiment_1_seed_42
321,popular_1_exp_Experiment_1_seed_42
521,popular_1_exp_Experiment_1_seed_42
362,popular_1_exp_Experiment_1_seed_42
456,popular_1_exp_Experiment_1_seed_42
56,popular_1_exp_Experiment_1_seed_42
288,popular_1_exp_Experiment_1_seed_42
414,popular_1_exp_Experiment_1_seed_42
7,popular_1_exp_Experiment_1_seed_42
157,popular_1_exp_Experiment_1_seed_42
539,popular_1_exp_Experiment_1_seed_42
94,popular_1_exp_Experiment_1_seed_42
16,popular_1_exp_Experiment_1_seed_42
405,popular_1_exp_Experiment_1_seed_42
430,popular_1_exp_Experiment_1_seed_42
482,popular_1_exp_Experiment_1_seed_42
451,popular_1_exp_Experiment_1_seed_42
401,popular_1_exp_Experiment_1_seed_42
579,popular_1_exp_Experiment_1_seed_42
205,popular_1_exp_Experiment_1_seed_42
513,popular_1_exp_Experiment_1_seed_42
166,popular_1_exp_Experiment_1_seed_42
512,popular_1_exp_Experiment_1_seed_42
582,popular_1_exp_Experiment_1_seed_42
257,popular_1_exp_Experiment_1_seed_42
187,popular_1_exp_Experiment_1_seed_42
93,popular_1_exp_Experiment_1_seed_42
357,popular_1_exp_Experiment_1_seed_42
65,popular_1_exp_Experiment_1_seed_42
383,popular_1_exp_Experiment_1_seed_42
572,popular_1_exp_Experiment_1_seed_42
306,popular_1_exp_Experiment_1_seed_42
238,popular_1_exp_Experiment_1_seed_42
387,popular_1_exp_Experiment_1_seed_42
548,popular_1_exp_Experiment_1_seed_42
206,popular_1_exp_Experiment_1_seed_42
517,popular_1_exp_Experiment_1_seed_42
40,popular_1_exp_Experiment_1_seed_42
436,popular_1_exp_Experiment_1_seed_42
272,popular_1_exp_Experiment_1_seed_42
195,popular_1_exp_Experiment_1_seed_42
554,popular_1_exp_Experiment_1_seed_42
152,popular_1_exp_Experiment_1_seed_42
577,popular_1_exp_Experiment_1_seed_42
439,popular_1_exp_Experiment_1_seed_42
145,popular_1_exp_Experiment_1_seed_42
57,popular_1_exp_Experiment_1_seed_42
369,popular_1_exp_Experiment_1_seed_42
142,popular_1_exp_Experiment_1_seed_42
96,popular_1_exp_Experiment_1_seed_42
353,popular_1_exp_Experiment_1_seed_42
292,popular_1_exp_Experiment_1_seed_42
168,popular_1_exp_Experiment_1_seed_42
218,popular_1_exp_Experiment_1_seed_42
419,popular_1_exp_Experiment_1_seed_42
317,popular_1_exp_Experiment_1_seed_42
150,popular_1_exp_Experiment_1_seed_42
123,popular_1_exp_Experiment_1_seed_42
364,popular_1_exp_Experiment_1_seed_42
382,popular_1_exp_Experiment_1_seed_42
114,popular_1_exp_Experiment_1_seed_42
549,popular_1_exp_Experiment_1_seed_42
148,popular_1_exp_Experiment_1_seed_42
305,popular_1_exp_Experiment_1_seed_42
370,popular_1_exp_Experiment_1_seed_42
550,popular_1_exp_Experiment_1_seed_42
110,popular_1_exp_Experiment_1_seed_42
63,popular_1_exp_Experiment_1_seed_42
492,popular_1_exp_Experiment_1_seed_42
553,popular_1_exp_Experiment_1_seed_42
47,popular_1_exp_Experiment_1_seed_42
330,popular_1_exp_Experiment_1_seed_42
176,popular_1_exp_Experiment_1_seed_42
356,popular_1_exp_Experiment_1_seed_42
407,popular_1_exp_Experiment_1_seed_42
394,popular_1_exp_Experiment_1_seed_42
458,popular_1_exp_Experiment_1_seed_42
22,popular_1_exp_Experiment_1_seed_42
395,popular_1_exp_Experiment_1_seed_42
239,popular_1_exp_Experiment_1_seed_42
234,popular_1_exp_Experiment_1_seed_42
53,popular_1_exp_Experiment_1_seed_42
98,popular_1_exp_Experiment_1_seed_42
232,popular_1_exp_Experiment_1_seed_42
178,popular_1_exp_Experiment_1_seed_42
162,popular_1_exp_Experiment_1_seed_42
479,popular_1_exp_Experiment_1_seed_42
385,popular_1_exp_Experiment_1_seed_42
462,popular_1_exp_Experiment_1_seed_42
328,popular_1_exp_Experiment_1_seed_42
506,popular_1_exp_Experiment_1_seed_42
299,popular_1_exp_Experiment_1_seed_42
167,popular_1_exp_Experiment_1_seed_42
386,popular_1_exp_Experiment_1_seed_42
522,popular_1_exp_Experiment_1_seed_42
26,popular_1_exp_Experiment_1_seed_42
183,popular_1_exp_Experiment_1_seed_42
320,popular_1_exp_Experiment_1_seed_42
172,popular_1_exp_Experiment_1_seed_42
103,popular_1_exp_Experiment_1_seed_42
203,popular_1_exp_Experiment_1_seed_42
333,popular_1_exp_Experiment_1_seed_42
347,popular_1_exp_Experiment_1_seed_42
249,popular_1_exp_Experiment_1_seed_42
274,popular_1_exp_Experiment_1_seed_42
14,popular_1_exp_Experiment_1_seed_42
300,popular_1_exp_Experiment_1_seed_42
223,popular_1_exp_Experiment_1_seed_42
502,popular_1_exp_Experiment_1_seed_42
193,popular_1_exp_Experiment_1_seed_42
285,popular_1_exp_Experiment_1_seed_42
404,popular_1_exp_Experiment_1_seed_42
533,popular_1_exp_Experiment_1_seed_42
112,popular_1_exp_Experiment_1_seed_42
284,popular_1_exp_Experiment_1_seed_42
108,popular_1_exp_Experiment_1_seed_42
345,popular_1_exp_Experiment_1_seed_42
415,popular_1_exp_Experiment_1_seed_42
220,popular_1_exp_Experiment_1_seed_42
366,popular_1_exp_Experiment_1_seed_42
222,popular_1_exp_Experiment_1_seed_42
139,popular_1_exp_Experiment_1_seed_42
463,popular_1_exp_Experiment_1_seed_42
41,popular_1_exp_Experiment_1_seed_42
83,popular_1_exp_Experiment_1_seed_42
590,popular_1_exp_Experiment_1_seed_42
470,popular_1_exp_Experiment_1_seed_42
268,popular_1_exp_Experiment_1_seed_42
530,popular_1_exp_Experiment_1_seed_42
180,popular_1_exp_Experiment_1_seed_42
468,popular_1_exp_Experiment_1_seed_42
77,popular_1_exp_Experiment_1_seed_42
563,popular_1_exp_Experiment_1_seed_42
588,popular_1_exp_Experiment_1_seed_42
454,popular_1_exp_Experiment_1_seed_42
295,popular_1_exp_Experiment_1_seed_42
478,popular_1_exp_Experiment_1_seed_42
565,popular_1_exp_Experiment_1_seed_42
144,popular_1_exp_Experiment_1_seed_42
581,popular_1_exp_Experiment_1_seed_42
39,popular_1_exp_Experiment_1_seed_42
510,popular_1_exp_Experiment_1_seed_42
431,popular_1_exp_Experiment_1_seed_42
71,popular_1_exp_Experiment_1_seed_42
99,popular_1_exp_Experiment_1_seed_42
584,popular_1_exp_Experiment_1_seed_42
42,popular_1_exp_Experiment_1_seed_42
538,popular_1_exp_Experiment_1_seed_42
592,popular_1_exp_Experiment_1_seed_42
117,popular_1_exp_Experiment_1_seed_42
151,popular_1_exp_Experiment_1_seed_42
3,popular_1_exp_Experiment_1_seed_42
433,popular_1_exp_Experiment_1_seed_42
237,popular_1_exp_Experiment_1_seed_42
580,popular_1_exp_Experiment_1_seed_42
555,popular_1_exp_Experiment_1_seed_42
511,popular_1_exp_Experiment_1_seed_42
171,popular_1_exp_Experiment_1_seed_42
30,popular_1_exp_Experiment_1_seed_42
46,popular_1_exp_Experiment_1_seed_42
227,popular_1_exp_Experiment_1_seed_42
459,popular_1_exp_Experiment_1_seed_42
534,popular_1_exp_Experiment_1_seed_42
293,popular_1_exp_Experiment_1_seed_42
520,popular_1_exp_Experiment_1_seed_42
494,popular_1_exp_Experiment_1_seed_42
379,popular_1_exp_Experiment_1_seed_42
282,popular_1_exp_Experiment_1_seed_42
240,popular_1_exp_Experiment_1_seed_42
323,popular_1_exp_Experiment_1_seed_42
120,popular_1_exp_Experiment_1_seed_42
51,popular_1_exp_Experiment_1_seed_42
298,popular_1_exp_Experiment_1_seed_42
59,popular_1_exp_Experiment_1_seed_42
442,popular_1_exp_Experiment_1_seed_42
281,popular_1_exp_Experiment_1_seed_42
597,popular_1_exp_Experiment_1_seed_42
244,popular_1_exp_Experiment_1_seed_42
179,popular_1_exp_Experiment_1_seed_42
81,popular_1_exp_Experiment_1_seed_42
219,popular_1_exp_Experiment_1_seed_42
204,popular_1_exp_Experiment_1_seed_42
556,popular_1_exp_Experiment_1_seed_42
126,popular_1_exp_Experiment_1_seed_42
576,popular_1_exp_Experiment_1_seed_42
416,popular_1_exp_Experiment_1_seed_42
132,popular_1_exp_Experiment_1_seed_42
32,popular_1_exp_Experiment_1_seed_42
594,popular_1_exp_Experiment_1_seed_42
79,popular_1_exp_Experiment_1_seed_42
1,popular_1_exp_Experiment_1_seed_42
484,popular_1_exp_Experiment_1_seed_42
585,popular_1_exp_Experiment_1_seed_42
143,popular_1_exp_Experiment_1_seed_42
473,popular_1_exp_Experiment_1_seed_42
141,popular_1_exp_Experiment_1_seed_42
326,popular_1_exp_Experiment_1_seed_42
61,popular_1_exp_Experiment_1_seed_42
432,popular_1_exp_Experiment_1_seed_42
199,popular_1_exp_Experiment_1_seed_42
452,popular_1_exp_Experiment_1_seed_42
471,popular_1_exp_Experiment_1_seed_42
105,popular_1_exp_Experiment_1_seed_42
146,popular_1_exp_Experiment_1_seed_42
578,popular_1_exp_Experiment_1_seed_42
410,popular_1_exp_Experiment_1_seed_42
221,popular_1_exp_Experiment_1_seed_42
297,popular_1_exp_Experiment_1_seed_42
210,popular_1_exp_Experiment_1_seed_42
15,popular_1_exp_Experiment_1_seed_42
254,popular_1_exp_Experiment_1_seed_42
402,popular_1_exp_Experiment_1_seed_42
457,popular_1_exp_Experiment_1_seed_42
334,popular_1_exp_Experiment_1_seed_42
524,popular_1_exp_Experiment_1_seed_42
472,popular_1_exp_Experiment_1_seed_42
336,popular_1_exp_Experiment_1_seed_42
527,popular_1_exp_Experiment_1_seed_42
283,popular_1_exp_Experiment_1_seed_42
52,popular_1_exp_Experiment_1_seed_42
461,popular_1_exp_Experiment_1_seed_42
12,popular_1_exp_Experiment_1_seed_42
514,popular_1_exp_Experiment_1_seed_42
54,popular_1_exp_Experiment_1_seed_42
393,popular_1_exp_Experiment_1_seed_42
437,popular_1_exp_Experiment_1_seed_42
216,popular_1_exp_Experiment_1_seed_42
488,popular_1_exp_Experiment_1_seed_42
309,popular_1_exp_Experiment_1_seed_42
547,popular_1_exp_Experiment_1_seed_42
552,popular_1_exp_Experiment_1_seed_42
21,popular_1_exp_Experiment_1_seed_42
278,popular_1_exp_Experiment_1_seed_42
375,popular_1_exp_Experiment_1_seed_42
455,popular_1_exp_Experiment_1_seed_42
34,popular_1_exp_Experiment_1_seed_42
11,popular_1_exp_Experiment_1_seed_42
136,popular_1_exp_Experiment_1_seed_42
147,popular_1_exp_Experiment_1_seed_42
49,popular_1_exp_Experiment_1_seed_42
508,popular_1_exp_Experiment_1_seed_42
595,popular_1_exp_Experiment_1_seed_42
296,popular_1_exp_Experiment_1_seed_42
4,popular_1_exp_Experiment_1_seed_42
165,popular_1_exp_Experiment_1_seed_42
397,popular_1_exp_Experiment_1_seed_42
169,popular_1_exp_Experiment_1_seed_42
446,popular_1_exp_Experiment_1_seed_42
518,popular_1_exp_Experiment_1_seed_42
499,popular_1_exp_Experiment_1_seed_42
509,popular_1_exp_Experiment_1_seed_42
44,popular_1_exp_Experiment_1_seed_42
248,popular_1_exp_Experiment_1_seed_42
376,popular_1_exp_Experiment_1_seed_42
133,popular_1_exp_Experiment_1_seed_42
569,popular_1_exp_Experiment_1_seed_42
560,popular_1_exp_Experiment_1_seed_42
466,popular_1_exp_Experiment_1_seed_42
348,popular_1_exp_Experiment_1_seed_42
101,popular_1_exp_Experiment_1_seed_42
64,popular_1_exp_Experiment_1_seed_42
360,popular_1_exp_Experiment_1_seed_42
189,popular_1_exp_Experiment_1_seed_42
78,popular_1_exp_Experiment_1_seed_42
118,popular_1_exp_Experiment_1_seed_42
380,popular_1_exp_Experiment_1_seed_42
131,popular_1_exp_Experiment_1_seed_42
188,popular_1_exp_Experiment_1_seed_42
186,popular_1_exp_Experiment_1_seed_42
441,popular_1_exp_Experiment_1_seed_42
422,popular_1_exp_Experiment_1_seed_42
233,popular_1_exp_Experiment_1_seed_42
445,popular_1_exp_Experiment_1_seed_42
400,popular_1_exp_Experiment_1_seed_42
154,popular_1_exp_Experiment_1_seed_42
50,popular_1_exp_Experiment_1_seed_42
73,popular_1_exp_Experiment_1_seed_42
156,popular_1_exp_Experiment_1_seed_42
425,popular_1_exp_Experiment_1_seed_42
308,popular_1_exp_Experiment_1_seed_42
447,popular_1_exp_Experiment_1_seed_42
423,popular_1_exp_Experiment_1_seed_42
263,popular_1_exp_Experiment_1_seed_42
324,popular_1_exp_Experiment_1_seed_42
92,popular_1_exp_Experiment_1_seed_42
413,popular_1_exp_Experiment_1_seed_42
543,popular_1_exp_Experiment_1_seed_42
38,popular_1_exp_Experiment_1_seed_42
535,popular_1_exp_Experiment_1_seed_42
411,popular_1_exp_Experiment_1_seed_42
275,popular_1_exp_Experiment_1_seed_42
501,popular_1_exp_Experiment_1_seed_42
271,popular_1_exp_Experiment_1_seed_42
368,popular_1_exp_Experiment_1_seed_42
89,popular_1_exp_Experiment_1_seed_42
358,popular_1_exp_Experiment_1_seed_42
273,popular_1_exp_Experiment_1_seed_42
346,popular_1_exp_Experiment_1_seed_42
339,popular_1_exp_Experiment_1_seed_42
106,popular_1_exp_Experiment_1_seed_42
529,popular_1_exp_Experiment_1_seed_42
100,popular_1_exp_Experiment_1_seed_42
497,popular_1_exp_Experiment_1_seed_42
67,popular_1_exp_Experiment_1_seed_42
2,popular_1_exp_Experiment_1_seed_42
185,popular_1_exp_Experiment_1_seed_42
315,popular_1_exp_Experiment_1_seed_42
377,popular_1_exp_Experiment_1_seed_42
503,popular_1_exp_Experiment_1_seed_42
247,popular_1_exp_Experiment_1_seed_42
448,popular_1_exp_Experiment_1_seed_42
313,popular_1_exp_Experiment_1_seed_42
279,popular_1_exp_Experiment_1_seed_42
202,popular_1_exp_Experiment_1_seed_42
337,popular_1_exp_Experiment_1_seed_42
280,popular_1_exp_Experiment_1_seed_42
426,popular_1_exp_Experiment_1_seed_42
228,popular_1_exp_Experiment_1_seed_42
474,popular_1_exp_Experiment_1_seed_42
209,popular_1_exp_Experiment_1_seed_42
523,popular_1_exp_Experiment_1_seed_42
138,popular_1_exp_Experiment_1_seed_42
421,popular_1_exp_Experiment_1_seed_42
536,popular_1_exp_Experiment_1_seed_42
68,popular_1_exp_Experiment_1_seed_42
381,popular_1_exp_Experiment_1_seed_42
163,popular_1_exp_Experiment_1_seed_42
245,popular_1_exp_Experiment_1_seed_42
359,popular_1_exp_Experiment_1_seed_42
566,popular_1_exp_Experiment_1_seed_42
289,popular_1_exp_Experiment_1_seed_42
327,popular_1_exp_Experiment_1_seed_42
351,popular_1_exp_Experiment_1_seed_42
493,popular_1_exp_Experiment_1_seed_42
546,popular_1_exp_Experiment_1_seed_42
388,popular_1_exp_Experiment_1_seed_42
583,popular_1_exp_Experiment_1_seed_42
130,popular_1_exp_Experiment_1_seed_42
161,popular_1_exp_Experiment_1_seed_42
564,popular_1_exp_Experiment_1_seed_42
389,popular_1_exp_Experiment_1_seed_42
153,popular_1_exp_Experiment_1_seed_42
95,popular_1_exp_Experiment_1_seed_42
540,popular_1_exp_Experiment_1_seed_42
255,popular_1_exp_Experiment_1_seed_42
82,popular_1_exp_Experiment_1_seed_42
481,popular_1_exp_Experiment_1_seed_42
125,popular_1_exp_Experiment_1_seed_42
37,popular_1_exp_Experiment_1_seed_42
17,popular_1_exp_Experiment_1_seed_42
335,popular_1_exp_Experiment_1_seed_42
545,popular_1_exp_Experiment_1_seed_42
18,popular_1_exp_Experiment_1_seed_42
214,popular_1_exp_Experiment_1_seed_42
443,popular_1_exp_Experiment_1_seed_42
332,popular_1_exp_Experiment_1_seed_42
558,popular_1_exp_Experiment_1_seed_42
35,popular_1_exp_Experiment_1_seed_42
246,popular_1_exp_Experiment_1_seed_42
390,popular_1_exp_Experiment_1_seed_42
33,popular_1_exp_Experiment_1_seed_42
516,popular_1_exp_Experiment_1_seed_42
568,popular_1_exp_Experiment_1_seed_42
424,popular_1_exp_Experiment_1_seed_42
198,popular_1_exp_Experiment_1_seed_42
599,popular_1_exp_Experiment_1_seed_42
491,popular_1_exp_Experiment_1_seed_42
270,popular_1_exp_Experiment_1_seed_42
294,popular_1_exp_Experiment_1_seed_42
241,popular_1_exp_Experiment_1_seed_42
412,popular_1_exp_Experiment_1_seed_42
331,popular_1_exp_Experiment_1_seed_42
340,popular_1_exp_Experiment_1_seed_42
212,popular_1_exp_Experiment_1_seed_42
134,popular_1_exp_Experiment_1_seed_42
97,popular_1_exp_Experiment_1_seed_42
258,popular_1_exp_Experiment_1_seed_42
490,popular_1_exp_Experiment_1_seed_42
90,popular_1_exp_Experiment_1_seed_42
129,popular_1_exp_Experiment_1_seed_42
301,popular_1_exp_Experiment_1_seed_42
127,popular_1_exp_Experiment_1_seed_42
475,popular_1_exp_Experiment_1_seed_42
155,popular_1_exp_Experiment_1_seed_42
72,popular_1_exp_Experiment_1_seed_42
140,popular_1_exp_Experiment_1_seed_42
450,popular_1_exp_Experiment_1_seed_42
440,popular_1_exp_Experiment_1_seed_42
537,popular_1_exp_Experiment_1_seed_42
113,popular_1_exp_Experiment_1_seed_42
235,popular_1_exp_Experiment_1_seed_42
476,popular_1_exp_Experiment_1_seed_42
406,popular_1_exp_Experiment_1_seed_42
111,popular_1_exp_Experiment_1_seed_42
80,popular_1_exp_Experiment_1_seed_42
318,popular_1_exp_Experiment_1_seed_42
391,popular_1_exp_Experiment_1_seed_42
344,popular_1_exp_Experiment_1_seed_42
121,popular_1_exp_Experiment_1_seed_42
591,popular_1_exp_Experiment_1_seed_42
551,popular_1_exp_Experiment_1_seed_42
226,popular_1_exp_Experiment_1_seed_42
467,popular_1_exp_Experiment_1_seed_42
10,popular_1_exp_Experiment_1_seed_42
532,popular_1_exp_Experiment_1_seed_42
75,popular_1_exp_Experiment_1_seed_42
211,popular_1_exp_Experiment_1_seed_42
250,popular_1_exp_Experiment_1_seed_42
403,popular_1_exp_Experiment_1_seed_42
562,popular_1_exp_Experiment_1_seed_42
525,popular_1_exp_Experiment_1_seed_42
86,popular_1_exp_Experiment_1_seed_42
365,popular_1_exp_Experiment_1_seed_42
571,popular_1_exp_Experiment_1_seed_42
266,popular_1_exp_Experiment_1_seed_42
542,popular_1_exp_Experiment_1_seed_42
396,popular_1_exp_Experiment_1_seed_42
225,popular_1_exp_Experiment_1_seed_42
230,popular_1_exp_Experiment_1_seed_42
434,popular_1_exp_Experiment_1_seed_42
174,popular_1_exp_Experiment_1_seed_42
322,popular_1_exp_Experiment_1_seed_42
311,popular_1_exp_Experiment_1_seed_42
36,popular_1_exp_Experiment_1_seed_42
307,popular_1_exp_Experiment_1_seed_42
261,popular_1_exp_Experiment_1_seed_42
184,popular_1_exp_Experiment_1_seed_42
329,popular_1_exp_Experiment_1_seed_42
477,popular_1_exp_Experiment_1_seed_42
342,popular_1_exp_Experiment_1_seed_42
596,popular_1_exp_Experiment_1_seed_42
372,popular_1_exp_Experiment_1_seed_42
325,popular_1_exp_Experiment_1_seed_42
6,popular_1_exp_Experiment_1_seed_42
170,popular_1_exp_Experiment_1_seed_42
194,popular_1_exp_Experiment_1_seed_42
567,popular_1_exp_Experiment_1_seed_42
417,popular_1_exp_Experiment_1_seed_42
160,popular_1_exp_Experiment_1_seed_42
158,popular_1_exp_Experiment_1_seed_42
541,popular_1_exp_Experiment_1_seed_42
137,popular_1_exp_Experiment_1_seed_42
528,popular_1_exp_Experiment_1_seed_42
84,popular_1_exp_Experiment_1_seed_42
13,popular_1_exp_Experiment_1_seed_42
361,popular_1_exp_Experiment_1_seed_42
418,popular_1_exp_Experiment_1_seed_42
58,popular_1_exp_Experiment_1_seed_42
124,popular_1_exp_Experiment_1_seed_42
115,popular_1_exp_Experiment_1_seed_42
349,popular_1_exp_Experiment_1_seed_42
8,popular_1_exp_Experiment_1_seed_42
487,popular_1_exp_Experiment_1_seed_42
102,popular_1_exp_Experiment_1_seed_42
483,popular_1_exp_Experiment_1_seed_42
352,popular_1_exp_Experiment_1_seed_42
500,popular_1_exp_Experiment_1_seed_42
20,popular_1_exp_Experiment_1_seed_42
19,popular_1_exp_Experiment_1_seed_42
242,popular_1_exp_Experiment_1_seed_42
267,popular_1_exp_Experiment_1_seed_42
128,popular_1_exp_Experiment_1_seed_42
208,popular_1_exp_Experiment_1_seed_42
109,popular_1_exp_Experiment_1_seed_42
27,popular_1_exp_Experiment_1_seed_42
70,popular_1_exp_Experiment_1_seed_42
45,popular_1_exp_Experiment_1_seed_42
173,popular_1_exp_Experiment_1_seed_42
43,popular_1_exp_Experiment_1_seed_42
48,popular_1_exp_Experiment_1_seed_42
85,popular_1_exp_Experiment_1_seed_42
164,popular_1_exp_Experiment_1_seed_42
251,popular_1_exp_Experiment_1_seed_42
310,popular_1_exp_Experiment_1_seed_42
504,popular_1_exp_Experiment_1_seed_42
66,popular_1_exp_Experiment_1_seed_42
192,popular_1_exp_Experiment_1_seed_42
557,popular_1_exp_Experiment_1_seed_42
29,popular_1_exp_Experiment_1_seed_42
122,popular_1_exp_Experiment_1_seed_42
88,popular_1_exp_Experiment_1_seed_42
55,popular_1_exp_Experiment_1_seed_42
312,popular_1_exp_Experiment_1_seed_42
399,popular_1_exp_Experiment_1_seed_42
531,popular_1_exp_Experiment_1_seed_42
213,popular_1_exp_Experiment_1_seed_42
243,popular_1_exp_Experiment_1_seed_42
544,popular_1_exp_Experiment_1_seed_42
252,popular_1_exp_Experiment_1_seed_42
265,popular_1_exp_Experiment_1_seed_42
374,popular_1_exp_Experiment_1_seed_42
190,popular_1_exp_Experiment_1_seed_42
573,popular_1_exp_Experiment_1_seed_42
367,popular_1_exp_Experiment_1_seed_42
253,popular_1_exp_Experiment_1_seed_42
217,popular_1_exp_Experiment_1_seed_42
515,popular_1_exp_Experiment_1_seed_42
24,popular_1_exp_Experiment_1_seed_42
149,popular_1_exp_Experiment_1_seed_42
28,popular_1_exp_Experiment_1_seed_42
260,popular_1_exp_Experiment_1_seed_42
444,popular_1_exp_Experiment_1_seed_42
559,popular_1_exp_Experiment_1_seed_42
350,popular_1_exp_Experiment_1_seed_42
409,popular_1_exp_Experiment_1_seed_42
378,popular_1_exp_Experiment_1_seed_42
570,popular_1_exp_Experiment_1_seed_42
489,popular_1_exp_Experiment_1_seed_42
363,popular_1_exp_Experiment_1_seed_42
200,popular_1_exp_Experiment_1_seed_42
119,popular_1_exp_Experiment_1_seed_42
495,popular_1_exp_Experiment_1_seed_42
498,popular_1_exp_Experiment_1_seed_42
135,popular_1_exp_Experiment_1_seed_42
104,popular_1_exp_Experiment_1_seed_42
449,popular_1_exp_Experiment_1_seed_42
355,popular_1_exp_Experiment_1_seed_42
264,popular_1_exp_Experiment_1_seed_42
69,popular_1_exp_Experiment_1_seed_42
74,popular_1_exp_Experiment_1_seed_42
469,popular_1_exp_Experiment_1_seed_42
438,popular_1_exp_Experiment_1_seed_42
277,popular_1_exp_Experiment_1_seed_42
429,popular_1_exp_Experiment_1_seed_42
589,popular_1_exp_Experiment_1_seed_42
215,popular_1_exp_Experiment_1_seed_42
598,popular_1_exp_Experiment_1_seed_42
107,popular_1_exp_Experiment_1_seed_42
256,popular_1_exp_Experiment_1_seed_42
197,popular_1_exp_Experiment_1_seed_42
465,popular_1_exp_Experiment_1_seed_42
593,popular_1_exp_Experiment_1_seed_42
304,popular_1_exp_Experiment_1_seed_42
428,popular_1_exp_Experiment_1_seed_42
287,popular_1_exp_Experiment_1_seed_42
354,popular_1_exp_Experiment_1_seed_42
519,popular_1_exp_Experiment_1_seed_42
23,popular_1_exp_Experiment_1_seed_42
303,popular_1_exp_Experiment_1_seed_42
460,popular_1_exp_Experiment_1_seed_42
392,popular_1_exp_Experiment_1_seed_42
427,popular_1_exp_Experiment_1_seed_42
319,popular_1_exp_Experiment_1_seed_42
420,popular_1_exp_Experiment_1_seed_42
408,popular_1_exp_Experiment_1_seed_42
76,popular_1_exp_Experiment_1_seed_42
398,popular_1_exp_Experiment_1_seed_42
343,popular_1_exp_Experiment_1_seed_42
62,popular_1_exp_Experiment_1_seed_42
259,popular_1_exp_Experiment_1_seed_42
177,popular_1_exp_Experiment_1_seed_42
31,popular_1_exp_Experiment_1_seed_42
435,popular_1_exp_Experiment_1_seed_42
224,popular_1_exp_Experiment_1_seed_42
314,popular_1_exp_Experiment_1_seed_42
384,popular_1_exp_Experiment_1_seed_42
575,popular_1_exp_Experiment_1_seed_42
507,popular_1_exp_Experiment_1_seed_42
116,popular_1_exp_Experiment_1_seed_42
453,popular_1_exp_Experiment_1_seed_42
338,popular_1_exp_Experiment_1_seed_42
231,popular_1_exp_Experiment_1_seed_42
505,popular_1_exp_Experiment_1_seed_42
196,popular_1_exp_Experiment_1_seed_42
201,popular_1_exp_Experiment_1_seed_42
60,popular_1_exp_Experiment_1_seed_42
181,popular_1_exp_Experiment_1_seed_42
0,popular_1_exp_Experiment_1_seed_42
496,popular_1_exp_Experiment_1_seed_42
236,popular_1_exp_Experiment_1_seed_42
276,popular_1_exp_Experiment_1_seed_42
291,popular_1_exp_Experiment_1_seed_42
191,popular_1_exp_Experiment_1_seed_42
5,popular_1_exp_Experiment_1_seed_42
561,popular_1_exp_Experiment_1_seed_42
371,popular_1_exp_Experiment_1_seed_42
269,popular_1_exp_Experiment_1_seed_42
373,popular_1_exp_Experiment_1_seed_42
480,popular_1_exp_Experiment_1_seed_42
485,popular_1_exp_Experiment_1_seed_42
586,popular_1_exp_Experiment_1_seed_42
9,popular_1_exp_Experiment_1_seed_42
587,popular_1_exp_Experiment_1_seed_42
207,popular_1_exp_Experiment_1_seed_42
159,popular_1_exp_Experiment_1_seed_42
286,popular_1_exp_Experiment_1_seed_42
175,popular_1_exp_Experiment_1_seed_42
290,popular_1_exp_Experiment_1_seed_42
25,popular_1_exp_Experiment_1_seed_42
486,popular_1_exp_Experiment_1_seed_42
262,popular_1_exp_Experiment_1_seed_42
526,popular_1_exp_Experiment_1_seed_42
341,popular_1_exp_Experiment_1_seed_42
302,popular_1_exp_Experiment_1_seed_42
229,popular_1_exp_Experiment_1_seed_42
91,popular_1_exp_Experiment_1_seed_42
182,popular_1_exp_Experiment_1_seed_42
316,popular_1_exp_Experiment_1_seed_42
87,popular_1_exp_Experiment_1_seed_42
464,popular_1_exp_Experiment_1_seed_42
574,popular_1_exp_Experiment_1_seed_42
321,popular_1_exp_Experiment_1_seed_42
521,popular_1_exp_Experiment_1_seed_42
362,popular_1_exp_Experiment_1_seed_42
456,popular_1_exp_Experiment_1_seed_42
56,popular_1_exp_Experiment_1_seed_42
288,popular_1_exp_Experiment_1_seed_42
414,popular_1_exp_Experiment_1_seed_42
7,popular_1_exp_Experiment_1_seed_42
157,popular_1_exp_Experiment_1_seed_42
539,popular_1_exp_Experiment_1_seed_42
94,popular_1_exp_Experiment_1_seed_42
16,popular_1_exp_Experiment_1_seed_42
405,popular_1_exp_Experiment_1_seed_42
430,popular_1_exp_Experiment_1_seed_42
482,popular_1_exp_Experiment_1_seed_42
451,popular_1_exp_Experiment_1_seed_42
401,popular_1_exp_Experiment_1_seed_42
579,popular_1_exp_Experiment_1_seed_42
205,popular_1_exp_Experiment_1_seed_42
513,popular_1_exp_Experiment_1_seed_42
166,popular_1_exp_Experiment_1_seed_42
512,popular_1_exp_Experiment_1_seed_42
582,popular_1_exp_Experiment_1_seed_42
257,popular_1_exp_Experiment_1_seed_42
187,popular_1_exp_Experiment_1_seed_42
93,popular_1_exp_Experiment_1_seed_42
357,popular_1_exp_Experiment_1_seed_42
65,popular_1_exp_Experiment_1_seed_42
383,popular_1_exp_Experiment_1_seed_42
572,popular_1_exp_Experiment_1_seed_42
306,popular_1_exp_Experiment_1_seed_42
238,popular_1_exp_Experiment_1_seed_42
387,popular_1_exp_Experiment_1_seed_42
548,popular_1_exp_Experiment_1_seed_42
206,popular_1_exp_Experiment_1_seed_42
517,popular_1_exp_Experiment_1_seed_42
40,popular_1_exp_Experiment_1_seed_42
436,popular_1_exp_Experiment_1_seed_42
272,popular_1_exp_Experiment_1_seed_42
195,popular_1_exp_Experiment_1_seed_42
554,popular_1_exp_Experiment_1_seed_42
152,popular_1_exp_Experiment_1_seed_42
577,popular_1_exp_Experiment_1_seed_42
439,popular_1_exp_Experiment_1_seed_42
145,popular_1_exp_Experiment_1_seed_42
57,popular_1_exp_Experiment_1_seed_42
369,popular_1_exp_Experiment_1_seed_42
142,popular_1_exp_Experiment_1_seed_42
96,popular_1_exp_Experiment_1_seed_42
353,popular_1_exp_Experiment_1_seed_42
292,popular_1_exp_Experiment_1_seed_42
168,popular_1_exp_Experiment_1_seed_42
218,popular_1_exp_Experiment_1_seed_42
419,popular_1_exp_Experiment_1_seed_42
317,popular_1_exp_Experiment_1_seed_42
150,popular_1_exp_Experiment_1_seed_42
123,popular_1_exp_Experiment_1_seed_42
364,popular_1_exp_Experiment_1_seed_42
382,popular_1_exp_Experiment_1_seed_42
114,popular_1_exp_Experiment_1_seed_42
549,popular_1_exp_Experiment_1_seed_42
148,popular_1_exp_Experiment_1_seed_42
305,popular_1_exp_Experiment_1_seed_42
370,popular_1_exp_Experiment_1_seed_42
550,popular_1_exp_Experiment_1_seed_42
110,popular_1_exp_Experiment_1_seed_42
63,popular_1_exp_Experiment_1_seed_42
492,popular_1_exp_Experiment_1_seed_42
553,popular_1_exp_Experiment_1_seed_42
47,popular_1_exp_Experiment_1_seed_42
330,popular_1_exp_Experiment_1_seed_42
176,popular_1_exp_Experiment_1_seed_42
356,popular_1_exp_Experiment_1_seed_42
407,popular_1_exp_Experiment_1_seed_42
394,popular_1_exp_Experiment_1_seed_42
458,popular_1_exp_Experiment_1_seed_42
22,popular_1_exp_Experiment_1_seed_42
395,popular_1_exp_Experiment_1_seed_42
239,popular_1_exp_Experiment_1_seed_42
234,popular_1_exp_Experiment_1_seed_42
53,popular_1_exp_Experiment_1_seed_42
98,popular_1_exp_Experiment_1_seed_42
232,popular_1_exp_Experiment_1_seed_42
178,popular_1_exp_Experiment_1_seed_42
162,popular_1_exp_Experiment_1_seed_42
479,popular_1_exp_Experiment_1_seed_42
385,popular_1_exp_Experiment_1_seed_42
462,popular_1_exp_Experiment_1_seed_42
328,popular_1_exp_Experiment_1_seed_42
506,popular_1_exp_Experiment_1_seed_42
299,popular_1_exp_Experiment_1_seed_42
167,popular_1_exp_Experiment_1_seed_42
386,popular_1_exp_Experiment_1_seed_42
522,popular_1_exp_Experiment_1_seed_42
26,popular_1_exp_Experiment_1_seed_42
183,popular_1_exp_Experiment_1_seed_42
320,popular_1_exp_Experiment_1_seed_42
172,popular_1_exp_Experiment_1_seed_42
103,popular_1_exp_Experiment_1_seed_42
203,popular_1_exp_Experiment_1_seed_42
333,popular_1_exp_Experiment_1_seed_42
347,popular_1_exp_Experiment_1_seed_42
249,popular_1_exp_Experiment_1_seed_42
274,popular_1_exp_Experiment_1_seed_42
14,popular_1_exp_Experiment_1_seed_42
300,popular_1_exp_Experiment_1_seed_42
223,popular_1_exp_Experiment_1_seed_42
502,popular_1_exp_Experiment_1_seed_42
193,popular_1_exp_Experiment_1_seed_42
285,popular_1_exp_Experiment_1_seed_42
404,popular_1_exp_Experiment_1_seed_42
533,popular_1_exp_Experiment_1_seed_42
112,popular_1_exp_Experiment_1_seed_42
284,popular_1_exp_Experiment_1_seed_42
108,popular_1_exp_Experiment_1_seed_42
345,popular_1_exp_Experiment_1_seed_42
415,popular_1_exp_Experiment_1_seed_42
220,popular_1_exp_Experiment_1_seed_42
366,popular_1_exp_Experiment_1_seed_42
222,popular_1_exp_Experiment_1_seed_42
139,popular_1_exp_Experiment_1_seed_42
463,popular_1_exp_Experiment_1_seed_42
41,popular_1_exp_Experiment_1_seed_42
83,popular_1_exp_Experiment_1_seed_42
590,popular_1_exp_Experiment_1_seed_42
470,popular_1_exp_Experiment_1_seed_42
268,popular_1_exp_Experiment_1_seed_42
530,popular_1_exp_Experiment_1_seed_42
180,popular_1_exp_Experiment_1_seed_42
468,popular_1_exp_Experiment_1_seed_42
77,popular_1_exp_Experiment_1_seed_42
563,popular_1_exp_Experiment_1_seed_42
588,popular_1_exp_Experiment_1_seed_42
454,popular_1_exp_Experiment_1_seed_42
295,popular_1_exp_Experiment_1_seed_42
478,popular_1_exp_Experiment_1_seed_42
565,popular_1_exp_Experiment_1_seed_42
144,popular_1_exp_Experiment_1_seed_42
581,popular_1_exp_Experiment_1_seed_42
39,popular_1_exp_Experiment_1_seed_42
510,popular_1_exp_Experiment_1_seed_42
431,popular_1_exp_Experiment_1_seed_42
71,popular_1_exp_Experiment_1_seed_42
99,popular_1_exp_Experiment_1_seed_42
584,popular_1_exp_Experiment_1_seed_42
42,popular_1_exp_Experiment_1_seed_42
538,popular_1_exp_Experiment_1_seed_42
592,popular_1_exp_Experiment_1_seed_42
117,popular_1_exp_Experiment_1_seed_42
151,popular_1_exp_Experiment_1_seed_42
3,popular_1_exp_Experiment_1_seed_42
433,popular_1_exp_Experiment_1_seed_42
237,popular_1_exp_Experiment_1_seed_42
580,popular_1_exp_Experiment_1_seed_42
555,popular_1_exp_Experiment_1_seed_42
511,popular_1_exp_Experiment_1_seed_42
171,popular_1_exp_Experiment_1_seed_42
30,popular_1_exp_Experiment_1_seed_42
46,popular_1_exp_Experiment_1_seed_42
227,popular_1_exp_Experiment_1_seed_42
459,popular_1_exp_Experiment_1_seed_42
534,popular_1_exp_Experiment_1_seed_42
293,popular_1_exp_Experiment_1_seed_42
520,popular_1_exp_Experiment_1_seed_42
494,popular_1_exp_Experiment_1_seed_42
379,popular_1_exp_Experiment_1_seed_42
282,popular_1_exp_Experiment_1_seed_42
240,popular_1_exp_Experiment_1_seed_42
323,popular_1_exp_Experiment_1_seed_42
120,popular_1_exp_Experiment_1_seed_42
51,popular_1_exp_Experiment_1_seed_42
298,popular_1_exp_Experiment_1_seed_42
59,popular_1_exp_Experiment_1_seed_42
442,popular_1_exp_Experiment_1_seed_42
281,popular_1_exp_Experiment_1_seed_42
597,popular_1_exp_Experiment_1_seed_42
244,popular_1_exp_Experiment_1_seed_42
179,popular_1_exp_Experiment_1_seed_42
81,popular_1_exp_Experiment_1_seed_42
219,popular_1_exp_Experiment_1_seed_42
204,popular_1_exp_Experiment_1_seed_42
556,popular_1_exp_Experiment_1_seed_42
126,popular_1_exp_Experiment_1_seed_42
576,popular_1_exp_Experiment_1_seed_42
416,popular_1_exp_Experiment_1_seed_42
132,popular_1_exp_Experiment_1_seed_42
32,popular_1_exp_Experiment_1_seed_42
594,popular_1_exp_Experiment_1_seed_42
79,popular_1_exp_Experiment_1_seed_42
1,popular_1_exp_Experiment_1_seed_42
484,popular_1_exp_Experiment_1_seed_42
585,popular_1_exp_Experiment_1_seed_42
143,popular_1_exp_Experiment_1_seed_42
473,popular_1_exp_Experiment_1_seed_42
141,popular_1_exp_Experiment_1_seed_42
326,popular_1_exp_Experiment_1_seed_42
61,popular_1_exp_Experiment_1_seed_42
432,popular_1_exp_Experiment_1_seed_42
199,popular_1_exp_Experiment_1_seed_42
452,popular_1_exp_Experiment_1_seed_42
471,popular_1_exp_Experiment_1_seed_42
105,popular_1_exp_Experiment_1_seed_42
146,popular_1_exp_Experiment_1_seed_42
578,popular_1_exp_Experiment_1_seed_42
410,popular_1_exp_Experiment_1_seed_42
221,popular_1_exp_Experiment_1_seed_42
297,popular_1_exp_Experiment_1_seed_42
210,popular_1_exp_Experiment_1_seed_42
15,popular_1_exp_Experiment_1_seed_42
254,popular_1_exp_Experiment_1_seed_42
402,popular_1_exp_Experiment_1_seed_42
457,popular_1_exp_Experiment_1_seed_42
334,popular_1_exp_Experiment_1_seed_42
524,popular_1_exp_Experiment_1_seed_42
472,popular_1_exp_Experiment_1_seed_42
336,popular_1_exp_Experiment_1_seed_42
527,popular_1_exp_Experiment_1_seed_42
283,popular_1_exp_Experiment_1_seed_42
52,popular_1_exp_Experiment_1_seed_42
461,popular_1_exp_Experiment_1_seed_42
12,popular_1_exp_Experiment_1_seed_42
514,popular_1_exp_Experiment_1_seed_42
54,popular_1_exp_Experiment_1_seed_42
393,popular_1_exp_Experiment_1_seed_42
437,popular_1_exp_Experiment_1_seed_42
216,popular_1_exp_Experiment_1_seed_42
488,popular_1_exp_Experiment_1_seed_42
309,popular_1_exp_Experiment_1_seed_42
547,popular_1_exp_Experiment_1_seed_42
552,popular_1_exp_Experiment_1_seed_42
21,popular_1_exp_Experiment_1_seed_42
278,popular_1_exp_Experiment_1_seed_42
375,popular_1_exp_Experiment_1_seed_42
455,popular_1_exp_Experiment_1_seed_42
34,popular_1_exp_Experiment_1_seed_42
11,popular_1_exp_Experiment_1_seed_42
136,popular_1_exp_Experiment_1_seed_42
147,popular_1_exp_Experiment_1_seed_42
49,popular_1_exp_Experiment_1_seed_42
508,popular_1_exp_Experiment_1_seed_42
595,popular_1_exp_Experiment_1_seed_42
296,popular_1_exp_Experiment_1_seed_42
4,popular_1_exp_Experiment_1_seed_42
165,popular_1_exp_Experiment_1_seed_42
397,popular_1_exp_Experiment_1_seed_42
169,popular_1_exp_Experiment_1_seed_42
446,popular_1_exp_Experiment_1_seed_42
518,popular_1_exp_Experiment_1_seed_42
499,popular_1_exp_Experiment_1_seed_42
509,popular_1_exp_Experiment_1_seed_42
44,popular_1_exp_Experiment_1_seed_42
248,popular_1_exp_Experiment_1_seed_42
376,popular_1_exp_Experiment_1_seed_42
133,popular_1_exp_Experiment_1_seed_42
569,popular_1_exp_Experiment_1_seed_42
560,popular_1_exp_Experiment_1_seed_42
466,popular_1_exp_Experiment_1_seed_42
348,popular_1_exp_Experiment_1_seed_42
101,popular_1_exp_Experiment_1_seed_42
64,popular_1_exp_Experiment_1_seed_42
360,popular_1_exp_Experiment_1_seed_42
189,popular_1_exp_Experiment_1_seed_42
78,popular_1_exp_Experiment_1_seed_42
118,popular_1_exp_Experiment_1_seed_42
380,popular_1_exp_Experiment_1_seed_42
131,popular_1_exp_Experiment_1_seed_42
188,popular_1_exp_Experiment_1_seed_42
186,popular_1_exp_Experiment_1_seed_42
441,popular_1_exp_Experiment_1_seed_42
422,popular_1_exp_Experiment_1_seed_42
233,popular_1_exp_Experiment_1_seed_42
445,popular_1_exp_Experiment_1_seed_42
400,popular_1_exp_Experiment_1_seed_42
154,popular_1_exp_Experiment_1_seed_42
50,popular_1_exp_Experiment_1_seed_42
73,popular_1_exp_Experiment_1_seed_42
156,popular_1_exp_Experiment_1_seed_42
425,popular_1_exp_Experiment_1_seed_42
308,popular_1_exp_Experiment_1_seed_42
447,popular_1_exp_Experiment_1_seed_42
423,popular_1_exp_Experiment_1_seed_42
263,popular_1_exp_Experiment_1_seed_42
324,popular_1_exp_Experiment_1_seed_42
92,popular_1_exp_Experiment_1_seed_42
413,popular_1_exp_Experiment_1_seed_42
543,popular_1_exp_Experiment_1_seed_42
38,popular_1_exp_Experiment_1_seed_42
535,popular_1_exp_Experiment_1_seed_42
411,popular_1_exp_Experiment_1_seed_42
275,popular_1_exp_Experiment_1_seed_42
501,popular_1_exp_Experiment_1_seed_42
271,popular_1_exp_Experiment_1_seed_42
368,popular_1_exp_Experiment_1_seed_42
89,popular_1_exp_Experiment_1_seed_42
358,popular_1_exp_Experiment_1_seed_42
273,popular_1_exp_Experiment_1_seed_42
346,popular_1_exp_Experiment_1_seed_42
339,popular_1_exp_Experiment_1_seed_42
106,popular_1_exp_Experiment_1_seed_42
529,popular_1_exp_Experiment_1_seed_42
100,popular_1_exp_Experiment_1_seed_42
497,popular_1_exp_Experiment_1_seed_42
67,popular_1_exp_Experiment_1_seed_42
2,popular_1_exp_Experiment_1_seed_42
185,popular_1_exp_Experiment_1_seed_42
315,popular_1_exp_Experiment_1_seed_42
377,popular_1_exp_Experiment_1_seed_42
503,popular_1_exp_Experiment_1_seed_42
247,popular_1_exp_Experiment_1_seed_42
448,popular_1_exp_Experiment_1_seed_42
313,popular_1_exp_Experiment_1_seed_42
279,popular_1_exp_Experiment_1_seed_42
202,popular_1_exp_Experiment_1_seed_42
337,popular_1_exp_Experiment_1_seed_42
280,popular_1_exp_Experiment_1_seed_42
426,popular_1_exp_Experiment_1_seed_42
228,popular_1_exp_Experiment_1_seed_42
474,popular_1_exp_Experiment_1_seed_42
209,popular_1_exp_Experiment_1_seed_42
523,popular_1_exp_Experiment_1_seed_42
138,popular_1_exp_Experiment_1_seed_42
421,popular_1_exp_Experiment_1_seed_42
536,popular_1_exp_Experiment_1_seed_42
68,popular_1_exp_Experiment_1_seed_42
381,popular_1_exp_Experiment_1_seed_42
163,popular_1_exp_Experiment_1_seed_42
245,popular_1_exp_Experiment_1_seed_42
359,popular_1_exp_Experiment_1_seed_42
566,popular_1_exp_Experiment_1_seed_42
289,popular_1_exp_Experiment_1_seed_42
327,popular_1_exp_Experiment_1_seed_42
351,popular_1_exp_Experiment_1_seed_42
493,popular_1_exp_Experiment_1_seed_42
546,popular_1_exp_Experiment_1_seed_42
388,popular_1_exp_Experiment_1_seed_42
583,popular_1_exp_Experiment_1_seed_42
130,popular_1_exp_Experiment_1_seed_42
161,popular_1_exp_Experiment_1_seed_42
564,popular_1_exp_Experiment_1_seed_42
389,popular_1_exp_Experiment_1_seed_42
153,popular_1_exp_Experiment_1_seed_42
95,popular_1_exp_Experiment_1_seed_42
540,popular_1_exp_Experiment_1_seed_42
255,popular_1_exp_Experiment_1_seed_42
82,popular_1_exp_Experiment_1_seed_42
481,popular_1_exp_Experiment_1_seed_42
125,popular_1_exp_Experiment_1_seed_42
37,popular_1_exp_Experiment_1_seed_42
17,popular_1_exp_Experiment_1_seed_42
335,popular_1_exp_Experiment_1_seed_42
545,popular_1_exp_Experiment_1_seed_42
18,popular_1_exp_Experiment_1_seed_42
214,popular_1_exp_Experiment_1_seed_42
443,popular_1_exp_Experiment_1_seed_42
332,popular_1_exp_Experiment_1_seed_42
558,popular_1_exp_Experiment_1_seed_42
35,popular_1_exp_Experiment_1_seed_42
246,popular_1_exp_Experiment_1_seed_42
390,popular_1_exp_Experiment_1_seed_42
33,popular_1_exp_Experiment_1_seed_42
516,popular_1_exp_Experiment_1_seed_42
568,popular_1_exp_Experiment_1_seed_42
424,popular_1_exp_Experiment_1_seed_42
198,popular_1_exp_Experiment_1_seed_42
599,popular_1_exp_Experiment_1_seed_42
491,popular_1_exp_Experiment_1_seed_42
270,popular_1_exp_Experiment_1_seed_42
294,popular_1_exp_Experiment_1_seed_42
241,popular_1_exp_Experiment_1_seed_42
412,popular_1_exp_Experiment_1_seed_42
331,popular_1_exp_Experiment_1_seed_42
340,popular_1_exp_Experiment_1_seed_42
212,popular_1_exp_Experiment_1_seed_42
134,popular_1_exp_Experiment_1_seed_42
97,popular_1_exp_Experiment_1_seed_42
258,popular_1_exp_Experiment_1_seed_42
490,popular_1_exp_Experiment_1_seed_42
90,popular_1_exp_Experiment_1_seed_42
129,popular_1_exp_Experiment_1_seed_42
301,popular_1_exp_Experiment_1_seed_42
127,popular_1_exp_Experiment_1_seed_42
475,popular_1_exp_Experiment_1_seed_42
155,popular_1_exp_Experiment_1_seed_42
72,popular_1_exp_Experiment_1_seed_42
140,popular_1_exp_Experiment_1_seed_42
450,popular_1_exp_Experiment_1_seed_42
440,popular_1_exp_Experiment_1_seed_42
537,popular_1_exp_Experiment_1_seed_42
113,popular_1_exp_Experiment_1_seed_42
235,popular_1_exp_Experiment_1_seed_42
476,popular_1_exp_Experiment_1_seed_42
406,popular_1_exp_Experiment_1_seed_42
111,popular_1_exp_Experiment_1_seed_42
80,popular_1_exp_Experiment_1_seed_42
318,popular_1_exp_Experiment_1_seed_42
391,popular_1_exp_Experiment_1_seed_42
344,popular_1_exp_Experiment_1_seed_42
121,popular_1_exp_Experiment_1_seed_42
591,popular_1_exp_Experiment_1_seed_42
551,popular_1_exp_Experiment_1_seed_42
226,popular_1_exp_Experiment_1_seed_42
467,popular_1_exp_Experiment_1_seed_42
10,popular_1_exp_Experiment_1_seed_42
532,popular_1_exp_Experiment_1_seed_42
75,popular_1_exp_Experiment_1_seed_42
211,popular_1_exp_Experiment_1_seed_42
250,popular_1_exp_Experiment_1_seed_42
403,popular_1_exp_Experiment_1_seed_42
562,popular_1_exp_Experiment_1_seed_42
525,popular_1_exp_Experiment_1_seed_42
86,popular_1_exp_Experiment_1_seed_42
365,popular_1_exp_Experiment_1_seed_42
571,popular_1_exp_Experiment_1_seed_42
266,popular_1_exp_Experiment_1_seed_42
542,popular_1_exp_Experiment_1_seed_42
396,popular_1_exp_Experiment_1_seed_42
225,popular_1_exp_Experiment_1_seed_42
230,popular_1_exp_Experiment_1_seed_42
434,popular_1_exp_Experiment_1_seed_42
174,popular_1_exp_Experiment_1_seed_42
322,popular_1_exp_Experiment_1_seed_42
311,popular_1_exp_Experiment_1_seed_42
36,popular_1_exp_Experiment_1_seed_42
307,popular_1_exp_Experiment_1_seed_42
261,popular_1_exp_Experiment_1_seed_42
184,popular_1_exp_Experiment_1_seed_42
329,popular_1_exp_Experiment_1_seed_42
477,popular_1_exp_Experiment_1_seed_42
342,popular_1_exp_Experiment_1_seed_42
596,popular_1_exp_Experiment_1_seed_42
372,popular_1_exp_Experiment_1_seed_42
325,popular_1_exp_Experiment_1_seed_42
6,popular_1_exp_Experiment_1_seed_42
170,popular_1_exp_Experiment_1_seed_42
194,popular_1_exp_Experiment_1_seed_42
567,popular_1_exp_Experiment_1_seed_42
417,popular_1_exp_Experiment_1_seed_42
160,popular_1_exp_Experiment_1_seed_42
158,popular_1_exp_Experiment_1_seed_42
541,popular_1_exp_Experiment_1_seed_42
137,popular_1_exp_Experiment_1_seed_42
528,popular_1_exp_Experiment_1_seed_42
84,popular_1_exp_Experiment_1_seed_42
13,popular_1_exp_Experiment_1_seed_42
361,popular_1_exp_Experiment_1_seed_42
418,popular_1_exp_Experiment_1_seed_42
58,popular_1_exp_Experiment_1_seed_42
124,popular_1_exp_Experiment_1_seed_42
115,popular_1_exp_Experiment_1_seed_42
349,popular_1_exp_Experiment_1_seed_42
8,popular_1_exp_Experiment_1_seed_42
487,popular_1_exp_Experiment_1_seed_42
102,popular_1_exp_Experiment_1_seed_42
483,popular_1_exp_Experiment_1_seed_42
352,popular_1_exp_Experiment_1_seed_42
500,popular_1_exp_Experiment_1_seed_42
20,popular_1_exp_Experiment_1_seed_42
19,popular_1_exp_Experiment_1_seed_42
242,popular_1_exp_Experiment_1_seed_42
267,popular_1_exp_Experiment_1_seed_42
128,popular_1_exp_Experiment_1_seed_42
208,popular_1_exp_Experiment_1_seed_42
109,popular_1_exp_Experiment_1_seed_42
27,popular_1_exp_Experiment_1_seed_42
70,popular_1_exp_Experiment_1_seed_42
45,popular_1_exp_Experiment_1_seed_42
173,popular_1_exp_Experiment_1_seed_42
43,popular_1_exp_Experiment_1_seed_42
48,popular_1_exp_Experiment_1_seed_42
85,popular_1_exp_Experiment_1_seed_42
164,popular_1_exp_Experiment_1_seed_42
251,popular_1_exp_Experiment_1_seed_42
310,popular_1_exp_Experiment_1_seed_42
504,popular_1_exp_Experiment_1_seed_42
66,popular_1_exp_Experiment_1_seed_42
192,popular_1_exp_Experiment_1_seed_42
557,popular_1_exp_Experiment_1_seed_42
29,popular_1_exp_Experiment_1_seed_42
122,popular_1_exp_Experiment_1_seed_42
88,popular_1_exp_Experiment_1_seed_42
55,popular_1_exp_Experiment_1_seed_42
312,popular_1_exp_Experiment_1_seed_42
399,popular_1_exp_Experiment_1_seed_42
531,popular_1_exp_Experiment_1_seed_42
213,popular_1_exp_Experiment_1_seed_42
243,popular_1_exp_Experiment_1_seed_42
544,popular_1_exp_Experiment_1_seed_42
252,popular_1_exp_Experiment_1_seed_42
265,popular_1_exp_Experiment_1_seed_42
374,popular_1_exp_Experiment_1_seed_42
190,popular_1_exp_Experiment_1_seed_42
573,popular_1_exp_Experiment_1_seed_42
367,popular_1_exp_Experiment_1_seed_42
253,popular_1_exp_Experiment_1_seed_42
217,popular_1_exp_Experiment_1_seed_42
515,popular_1_exp_Experiment_1_seed_42
24,popular_1_exp_Experiment_1_seed_42
149,popular_1_exp_Experiment_1_seed_42
28,popular_1_exp_Experiment_1_seed_42
260,popular_1_exp_Experiment_1_seed_42
444,popular_1_exp_Experiment_1_seed_42
559,popular_1_exp_Experiment_1_seed_42
350,popular_1_exp_Experiment_1_seed_42
409,popular_1_exp_Experiment_1_seed_42
378,popular_1_exp_Experiment_1_seed_42
570,popular_1_exp_Experiment_1_seed_42
489,popular_1_exp_Experiment_1_seed_42
363,popular_1_exp_Experiment_1_seed_42
200,popular_1_exp_Experiment_1_seed_42
119,popular_1_exp_Experiment_1_seed_42
495,popular_1_exp_Experiment_1_seed_42
498,popular_1_exp_Experiment_1_seed_42
135,popular_1_exp_Experiment_1_seed_42
104,popular_1_exp_Experiment_1_seed_42
449,popular_1_exp_Experiment_1_seed_42
355,popular_1_exp_Experiment_1_seed_42
264,popular_1_exp_Experiment_1_seed_42
69,popular_1_exp_Experiment_1_seed_42
74,popular_1_exp_Experiment_1_seed_42
469,popular_1_exp_Experiment_1_seed_42
438,popular_1_exp_Experiment_1_seed_42
277,popular_1_exp_Experiment_1_seed_42
429,popular_1_exp_Experiment_1_seed_42
589,popular_1_exp_Experiment_1_seed_42
215,popular_1_exp_Experiment_1_seed_42
598,popular_1_exp_Experiment_1_seed_42
107,popular_1_exp_Experiment_1_seed_42
256,popular_1_exp_Experiment_1_seed_42
197,popular_1_exp_Experiment_1_seed_42
465,popular_1_exp_Experiment_1_seed_42
593,popular_1_exp_Experiment_1_seed_42
304,popular_1_exp_Experiment_1_seed_42
428,popular_1_exp_Experiment_1_seed_42
287,popular_1_exp_Experiment_1_seed_42
354,popular_1_exp_Experiment_1_seed_42
519,popular_1_exp_Experiment_1_seed_42
23,popular_1_exp_Experiment_1_seed_42
303,popular_1_exp_Experiment_1_seed_42
460,popular_1_exp_Experiment_1_seed_42
392,popular_1_exp_Experiment_1_seed_42
427,popular_1_exp_Experiment_1_seed_42
319,popular_1_exp_Experiment_1_seed_42
420,popular_1_exp_Experiment_1_seed_42
408,popular_1_exp_Experiment_1_seed_42
76,popular_1_exp_Experiment_1_seed_42
398,popular_1_exp_Experiment_1_seed_42
343,popular_1_exp_Experiment_1_seed_42
62,popular_1_exp_Experiment_1_seed_42
259,popular_1_exp_Experiment_1_seed_42
177,popular_1_exp_Experiment_1_seed_42
31,popular_1_exp_Experiment_1_seed_42
435,popular_1_exp_Experiment_1_seed_42
224,popular_1_exp_Experiment_1_seed_42
314,popular_1_exp_Experiment_1_seed_42
384,popular_1_exp_Experiment_1_seed_42
575,popular_1_exp_Experiment_1_seed_42
507,popular_1_exp_Experiment_1_seed_42
116,popular_1_exp_Experiment_1_seed_42
453,popular_1_exp_Experiment_1_seed_42
338,popular_1_exp_Experiment_1_seed_42
231,popular_1_exp_Experiment_1_seed_42
505,popular_1_exp_Experiment_1_seed_42
196,popular_1_exp_Experiment_1_seed_42
201,popular_1_exp_Experiment_1_seed_42
60,popular_1_exp_Experiment_1_seed_42
181,popular_1_exp_Experiment_1_seed_42
0,popular_1_exp_Experiment_1_seed_42
496,popular_1_exp_Experiment_1_seed_42
236,popular_1_exp_Experiment_1_seed_42
276,popular_1_exp_Experiment_1_seed_42
291,popular_1_exp_Experiment_1_seed_42
191,popular_1_exp_Experiment_1_seed_42
5,popular_1_exp_Experiment_1_seed_42
561,popular_1_exp_Experiment_1_seed_42
371,popular_1_exp_Experiment_1_seed_42
269,popular_1_exp_Experiment_1_seed_42
373,popular_1_exp_Experiment_1_seed_42
480,popular_1_exp_Experiment_1_seed_42
485,popular_1_exp_Experiment_1_seed_42
586,popular_1_exp_Experiment_1_seed_42
9,popular_1_exp_Experiment_1_seed_42
587,popular_1_exp_Experiment_1_seed_42
207,popular_1_exp_Experiment_1_seed_42
159,popular_1_exp_Experiment_1_seed_42
286,popular_1_exp_Experiment_1_seed_42
175,popular_1_exp_Experiment_1_seed_42
290,popular_1_exp_Experiment_1_seed_42
25,popular_1_exp_Experiment_1_seed_42
486,popular_1_exp_Experiment_1_seed_42
262,popular_1_exp_Experiment_1_seed_42
526,popular_1_exp_Experiment_1_seed_42
341,popular_1_exp_Experiment_1_seed_42
302,popular_1_exp_Experiment_1_seed_42
229,popular_1_exp_Experiment_1_seed_42
91,popular_1_exp_Experiment_1_seed_42
182,popular_1_exp_Experiment_1_seed_42
316,popular_1_exp_Experiment_1_seed_42
87,popular_1_exp_Experiment_1_seed_42
464,popular_1_exp_Experiment_1_seed_42
574,popular_1_exp_Experiment_1_seed_42
321,popular_1_exp_Experiment_1_seed_42
521,popular_1_exp_Experiment_1_seed_42
362,popular_1_exp_Experiment_1_seed_42
456,popular_1_exp_Experiment_1_seed_42
56,popular_1_exp_Experiment_1_seed_42
288,popular_1_exp_Experiment_1_seed_42
414,popular_1_exp_Experiment_1_seed_42
7,popular_1_exp_Experiment_1_seed_42
157,popular_1_exp_Experiment_1_seed_42
539,popular_1_exp_Experiment_1_seed_42
94,popular_1_exp_Experiment_1_seed_42
16,popular_1_exp_Experiment_1_seed_42
405,popular_1_exp_Experiment_1_seed_42
430,popular_1_exp_Experiment_1_seed_42
482,popular_1_exp_Experiment_1_seed_42
451,popular_1_exp_Experiment_1_seed_42
401,popular_1_exp_Experiment_1_seed_42
579,popular_1_exp_Experiment_1_seed_42
205,popular_1_exp_Experiment_1_seed_42
513,popular_1_exp_Experiment_1_seed_42
166,popular_1_exp_Experiment_1_seed_42
512,popular_1_exp_Experiment_1_seed_42
582,popular_1_exp_Experiment_1_seed_42
257,popular_1_exp_Experiment_1_seed_42
187,popular_1_exp_Experiment_1_seed_42
93,popular_1_exp_Experiment_1_seed_42
357,popular_1_exp_Experiment_1_seed_42
65,popular_1_exp_Experiment_1_seed_42
383,popular_1_exp_Experiment_1_seed_42
572,popular_1_exp_Experiment_1_seed_42
306,popular_1_exp_Experiment_1_seed_42
238,popular_1_exp_Experiment_1_seed_42
387,popular_1_exp_Experiment_1_seed_42
548,popular_1_exp_Experiment_1_seed_42
206,popular_1_exp_Experiment_1_seed_42
517,popular_1_exp_Experiment_1_seed_42
40,popular_1_exp_Experiment_1_seed_42
436,popular_1_exp_Experiment_1_seed_42
272,popular_1_exp_Experiment_1_seed_42
195,popular_1_exp_Experiment_1_seed_42
554,popular_1_exp_Experiment_1_seed_42
152,popular_1_exp_Experiment_1_seed_42
577,popular_1_exp_Experiment_1_seed_42
439,popular_1_exp_Experiment_1_seed_42
145,popular_1_exp_Experiment_1_seed_42
57,popular_1_exp_Experiment_1_seed_42
369,popular_1_exp_Experiment_1_seed_42
142,popular_1_exp_Experiment_1_seed_42
96,popular_1_exp_Experiment_1_seed_42
353,popular_1_exp_Experiment_1_seed_42
292,popular_1_exp_Experiment_1_seed_42
168,popular_1_exp_Experiment_1_seed_42
218,popular_1_exp_Experiment_1_seed_42
419,popular_1_exp_Experiment_1_seed_42
317,popular_1_exp_Experiment_1_seed_42
150,popular_1_exp_Experiment_1_seed_42
123,popular_1_exp_Experiment_1_seed_42
364,popular_1_exp_Experiment_1_seed_42
382,popular_1_exp_Experiment_1_seed_42
114,popular_1_exp_Experiment_1_seed_42
549,popular_1_exp_Experiment_1_seed_42
148,popular_1_exp_Experiment_1_seed_42
305,popular_1_exp_Experiment_1_seed_42
370,popular_1_exp_Experiment_1_seed_42
550,popular_1_exp_Experiment_1_seed_42
110,popular_1_exp_Experiment_1_seed_42
63,popular_1_exp_Experiment_1_seed_42
492,popular_1_exp_Experiment_1_seed_42
553,popular_1_exp_Experiment_1_seed_42
47,popular_1_exp_Experiment_1_seed_42
330,popular_1_exp_Experiment_1_seed_42
176,popular_1_exp_Experiment_1_seed_42
356,popular_1_exp_Experiment_1_seed_42
407,popular_1_exp_Experiment_1_seed_42
394,popular_1_exp_Experiment_1_seed_42
458,popular_1_exp_Experiment_1_seed_42
22,popular_1_exp_Experiment_1_seed_42
395,popular_1_exp_Experiment_1_seed_42
239,popular_1_exp_Experiment_1_seed_42
234,popular_1_exp_Experiment_1_seed_42
53,popular_1_exp_Experiment_1_seed_42
98,popular_1_exp_Experiment_1_seed_42
232,popular_1_exp_Experiment_1_seed_42
178,popular_1_exp_Experiment_1_seed_42
162,popular_1_exp_Experiment_1_seed_42
479,popular_1_exp_Experiment_1_seed_42
385,popular_1_exp_Experiment_1_seed_42
462,popular_1_exp_Experiment_1_seed_42
328,popular_1_exp_Experiment_1_seed_42
506,popular_1_exp_Experiment_1_seed_42
299,popular_1_exp_Experiment_1_seed_42
167,popular_1_exp_Experiment_1_seed_42
386,popular_1_exp_Experiment_1_seed_42
522,popular_1_exp_Experiment_1_seed_42
26,popular_1_exp_Experiment_1_seed_42
183,popular_1_exp_Experiment_1_seed_42
320,popular_1_exp_Experiment_1_seed_42
172,popular_1_exp_Experiment_1_seed_42
103,popular_1_exp_Experiment_1_seed_42
203,popular_1_exp_Experiment_1_seed_42
333,popular_1_exp_Experiment_1_seed_42
347,popular_1_exp_Experiment_1_seed_42
249,popular_1_exp_Experiment_1_seed_42
274,popular_1_exp_Experiment_1_seed_42
14,popular_1_exp_Experiment_1_seed_42
300,popular_1_exp_Experiment_1_seed_42
223,popular_1_exp_Experiment_1_seed_42
502,popular_1_exp_Experiment_1_seed_42
193,popular_1_exp_Experiment_1_seed_42
285,popular_1_exp_Experiment_1_seed_42
404,popular_1_exp_Experiment_1_seed_42
533,popular_1_exp_Experiment_1_seed_42
112,popular_1_exp_Experiment_1_seed_42
284,popular_1_exp_Experiment_1_seed_42
108,popular_1_exp_Experiment_1_seed_42
345,popular_1_exp_Experiment_1_seed_42
415,popular_1_exp_Experiment_1_seed_42
220,popular_1_exp_Experiment_1_seed_42
366,popular_1_exp_Experiment_1_seed_42
222,popular_1_exp_Experiment_1_seed_42
139,popular_1_exp_Experiment_1_seed_42
463,popular_1_exp_Experiment_1_seed_42
41,popular_1_exp_Experiment_1_seed_42
83,popular_1_exp_Experiment_1_seed_42
590,popular_1_exp_Experiment_1_seed_42
470,popular_1_exp_Experiment_1_seed_42
268,popular_1_exp_Experiment_1_seed_42
530,popular_1_exp_Experiment_1_seed_42
180,popular_1_exp_Experiment_1_seed_42
468,popular_1_exp_Experiment_1_seed_42
77,popular_1_exp_Experiment_1_seed_42
563,popular_1_exp_Experiment_1_seed_42
588,popular_1_exp_Experiment_1_seed_42
454,popular_1_exp_Experiment_1_seed_42
295,popular_1_exp_Experiment_1_seed_42
478,popular_1_exp_Experiment_1_seed_42
565,popular_1_exp_Experiment_1_seed_42
144,popular_1_exp_Experiment_1_seed_42
581,popular_1_exp_Experiment_1_seed_42
39,popular_1_exp_Experiment_1_seed_42
510,popular_1_exp_Experiment_1_seed_42
431,popular_1_exp_Experiment_1_seed_42
71,popular_1_exp_Experiment_1_seed_42
99,popular_1_exp_Experiment_1_seed_42
584,popular_1_exp_Experiment_1_seed_42
42,popular_1_exp_Experiment_1_seed_42
538,popular_1_exp_Experiment_1_seed_42
592,popular_1_exp_Experiment_1_seed_42
117,popular_1_exp_Experiment_1_seed_42
151,popular_1_exp_Experiment_1_seed_42
3,popular_1_exp_Experiment_1_seed_42
433,popular_1_exp_Experiment_1_seed_42
237,popular_1_exp_Experiment_1_seed_42
580,popular_1_exp_Experiment_1_seed_42
555,popular_1_exp_Experiment_1_seed_42
511,popular_1_exp_Experiment_1_seed_42
171,popular_1_exp_Experiment_1_seed_42
30,popular_1_exp_Experiment_1_seed_42
46,popular_1_exp_Experiment_1_seed_42
227,popular_1_exp_Experiment_1_seed_42
459,popular_1_exp_Experiment_1_seed_42
534,popular_1_exp_Experiment_1_seed_42
293,popular_1_exp_Experiment_1_seed_42
520,popular_1_exp_Experiment_1_seed_42
494,popular_1_exp_Experiment_1_seed_42
379,popular_1_exp_Experiment_1_seed_42
282,popular_1_exp_Experiment_1_seed_42
240,popular_1_exp_Experiment_1_seed_42
323,popular_1_exp_Experiment_1_seed_42
120,popular_1_exp_Experiment_1_seed_42
51,popular_1_exp_Experiment_1_seed_42
298,popular_1_exp_Experiment_1_seed_42
59,popular_1_exp_Experiment_1_seed_42
442,popular_1_exp_Experiment_1_seed_42
281,popular_1_exp_Experiment_1_seed_42
597,popular_1_exp_Experiment_1_seed_42
244,popular_1_exp_Experiment_1_seed_42
179,popular_1_exp_Experiment_1_seed_42
81,popular_1_exp_Experiment_1_seed_42
219,popular_1_exp_Experiment_1_seed_42
204,popular_1_exp_Experiment_1_seed_42
556,popular_1_exp_Experiment_1_seed_42
126,popular_1_exp_Experiment_1_seed_42
576,popular_1_exp_Experiment_1_seed_42
416,popular_1_exp_Experiment_1_seed_42
132,popular_1_exp_Experiment_1_seed_42
32,popular_1_exp_Experiment_1_seed_42
594,popular_1_exp_Experiment_1_seed_42
79,popular_1_exp_Experiment_1_seed_42
1,popular_1_exp_Experiment_1_seed_42
484,popular_1_exp_Experiment_1_seed_42
585,popular_1_exp_Experiment_1_seed_42
143,popular_1_exp_Experiment_1_seed_42
473,popular_1_exp_Experiment_1_seed_42
141,popular_1_exp_Experiment_1_seed_42
326,popular_1_exp_Experiment_1_seed_42
61,popular_1_exp_Experiment_1_seed_42
432,popular_1_exp_Experiment_1_seed_42
199,popular_1_exp_Experiment_1_seed_42
452,popular_1_exp_Experiment_1_seed_42
471,popular_1_exp_Experiment_1_seed_42
105,popular_1_exp_Experiment_1_seed_42
146,popular_1_exp_Experiment_1_seed_42
578,popular_1_exp_Experiment_1_seed_42
410,popular_1_exp_Experiment_1_seed_42
221,popular_1_exp_Experiment_1_seed_42
297,popular_1_exp_Experiment_1_seed_42
210,popular_1_exp_Experiment_1_seed_42
15,popular_1_exp_Experiment_1_seed_42
254,popular_1_exp_Experiment_1_seed_42
402,popular_1_exp_Experiment_1_seed_42
457,popular_1_exp_Experiment_1_seed_42
334,popular_1_exp_Experiment_1_seed_42
524,popular_1_exp_Experiment_1_seed_42
472,popular_1_exp_Experiment_1_seed_42
336,popular_1_exp_Experiment_1_seed_42
527,popular_1_exp_Experiment_1_seed_42
283,popular_1_exp_Experiment_1_seed_42
52,popular_1_exp_Experiment_1_seed_42
461,popular_1_exp_Experiment_1_seed_42
12,popular_1_exp_Experiment_1_seed_42
514,popular_1_exp_Experiment_1_seed_42
54,popular_1_exp_Experiment_1_seed_42
393,popular_1_exp_Experiment_1_seed_42
437,popular_1_exp_Experiment_1_seed_42
216,popular_1_exp_Experiment_1_seed_42
488,popular_1_exp_Experiment_1_seed_42
309,popular_1_exp_Experiment_1_seed_42
547,popular_1_exp_Experiment_1_seed_42
552,popular_1_exp_Experiment_1_seed_42
21,popular_1_exp_Experiment_1_seed_42
278,popular_1_exp_Experiment_1_seed_42
375,popular_1_exp_Experiment_1_seed_42
455,popular_1_exp_Experiment_1_seed_42
34,popular_1_exp_Experiment_1_seed_42
11,popular_1_exp_Experiment_1_seed_42
136,popular_1_exp_Experiment_1_seed_42
147,popular_1_exp_Experiment_1_seed_42
49,popular_1_exp_Experiment_1_seed_42
508,popular_1_exp_Experiment_1_seed_42
595,popular_1_exp_Experiment_1_seed_42
296,popular_1_exp_Experiment_1_seed_42
4,popular_1_exp_Experiment_1_seed_42
165,popular_1_exp_Experiment_1_seed_42
397,popular_1_exp_Experiment_1_seed_42
169,popular_1_exp_Experiment_1_seed_42
446,popular_1_exp_Experiment_1_seed_42
518,popular_1_exp_Experiment_1_seed_42
499,popular_1_exp_Experiment_1_seed_42
509,popular_1_exp_Experiment_1_seed_42
44,popular_1_exp_Experiment_1_seed_42
248,popular_1_exp_Experiment_1_seed_42
376,popular_1_exp_Experiment_1_seed_42
133,popular_1_exp_Experiment_1_seed_42
569,popular_1_exp_Experiment_1_seed_42
560,popular_1_exp_Experiment_1_seed_42
466,popular_1_exp_Experiment_1_seed_42
348,popular_1_exp_Experiment_1_seed_42
101,popular_1_exp_Experiment_1_seed_42
64,popular_1_exp_Experiment_1_seed_42
360,popular_1_exp_Experiment_1_seed_42
189,popular_1_exp_Experiment_1_seed_42
78,popular_1_exp_Experiment_1_seed_42
118,popular_1_exp_Experiment_1_seed_42
380,popular_1_exp_Experiment_1_seed_42
131,popular_1_exp_Experiment_1_seed_42
188,popular_1_exp_Experiment_1_seed_42
186,popular_1_exp_Experiment_1_seed_42
441,popular_1_exp_Experiment_1_seed_42
422,popular_1_exp_Experiment_1_seed_42
233,popular_1_exp_Experiment_1_seed_42
445,popular_1_exp_Experiment_1_seed_42
400,popular_1_exp_Experiment_1_seed_42
154,popular_1_exp_Experiment_1_seed_42
50,popular_1_exp_Experiment_1_seed_42
73,popular_1_exp_Experiment_1_seed_42
156,popular_1_exp_Experiment_1_seed_42
425,popular_1_exp_Experiment_1_seed_42
308,popular_1_exp_Experiment_1_seed_42
447,popular_1_exp_Experiment_1_seed_42
423,popular_1_exp_Experiment_1_seed_42
263,popular_1_exp_Experiment_1_seed_42
324,popular_1_exp_Experiment_1_seed_42
92,popular_1_exp_Experiment_1_seed_42
413,popular_1_exp_Experiment_1_seed_42
543,popular_1_exp_Experiment_1_seed_42
38,popular_1_exp_Experiment_1_seed_42
535,popular_1_exp_Experiment_1_seed_42
411,popular_1_exp_Experiment_1_seed_42
275,popular_1_exp_Experiment_1_seed_42
501,popular_1_exp_Experiment_1_seed_42
271,popular_1_exp_Experiment_1_seed_42
368,popular_1_exp_Experiment_1_seed_42
89,popular_1_exp_Experiment_1_seed_42
358,popular_1_exp_Experiment_1_seed_42
273,popular_1_exp_Experiment_1_seed_42
346,popular_1_exp_Experiment_1_seed_42
339,popular_1_exp_Experiment_1_seed_42
106,popular_1_exp_Experiment_1_seed_42
529,popular_1_exp_Experiment_1_seed_42
100,popular_1_exp_Experiment_1_seed_42
497,popular_1_exp_Experiment_1_seed_42
67,popular_1_exp_Experiment_1_seed_42
2,popular_1_exp_Experiment_1_seed_42
185,popular_1_exp_Experiment_1_seed_42
315,popular_1_exp_Experiment_1_seed_42
377,popular_1_exp_Experiment_1_seed_42
503,popular_1_exp_Experiment_1_seed_42
247,popular_1_exp_Experiment_1_seed_42
448,popular_1_exp_Experiment_1_seed_42
313,popular_1_exp_Experiment_1_seed_42
279,popular_1_exp_Experiment_1_seed_42
202,popular_1_exp_Experiment_1_seed_42
337,popular_1_exp_Experiment_1_seed_42
280,popular_1_exp_Experiment_1_seed_42
426,popular_1_exp_Experiment_1_seed_42
228,popular_1_exp_Experiment_1_seed_42
474,popular_1_exp_Experiment_1_seed_42
209,popular_1_exp_Experiment_1_seed_42
523,popular_1_exp_Experiment_1_seed_42
138,popular_1_exp_Experiment_1_seed_42
421,popular_1_exp_Experiment_1_seed_42
536,popular_1_exp_Experiment_1_seed_42
68,popular_1_exp_Experiment_1_seed_42
381,popular_1_exp_Experiment_1_seed_42
163,popular_1_exp_Experiment_1_seed_42
245,popular_1_exp_Experiment_1_seed_42
359,popular_1_exp_Experiment_1_seed_42
566,popular_1_exp_Experiment_1_seed_42
289,popular_1_exp_Experiment_1_seed_42
327,popular_1_exp_Experiment_1_seed_42
351,popular_1_exp_Experiment_1_seed_42
493,popular_1_exp_Experiment_1_seed_42
546,popular_1_exp_Experiment_1_seed_42
388,popular_1_exp_Experiment_1_seed_42
583,popular_1_exp_Experiment_1_seed_42
130,popular_1_exp_Experiment_1_seed_42
161,popular_1_exp_Experiment_1_seed_42
564,popular_1_exp_Experiment_1_seed_42
389,popular_1_exp_Experiment_1_seed_42
153,popular_1_exp_Experiment_1_seed_42
95,popular_1_exp_Experiment_1_seed_42
540,popular_1_exp_Experiment_1_seed_42
255,popular_1_exp_Experiment_1_seed_42
82,popular_1_exp_Experiment_1_seed_42
481,popular_1_exp_Experiment_1_seed_42
125,popular_1_exp_Experiment_1_seed_42
37,popular_1_exp_Experiment_1_seed_42
17,popular_1_exp_Experiment_1_seed_42
335,popular_1_exp_Experiment_1_seed_42
545,popular_1_exp_Experiment_1_seed_42
18,popular_1_exp_Experiment_1_seed_42
214,popular_1_exp_Experiment_1_seed_42
443,popular_1_exp_Experiment_1_seed_42
332,popular_1_exp_Experiment_1_seed_42
558,popular_1_exp_Experiment_1_seed_42
35,popular_1_exp_Experiment_1_seed_42
246,popular_1_exp_Experiment_1_seed_42
390,popular_1_exp_Experiment_1_seed_42
33,popular_1_exp_Experiment_1_seed_42
516,popular_1_exp_Experiment_1_seed_42
568,popular_1_exp_Experiment_1_seed_42
424,popular_1_exp_Experiment_1_seed_42
198,popular_1_exp_Experiment_1_seed_42
599,popular_1_exp_Experiment_1_seed_42
491,popular_1_exp_Experiment_1_seed_42
270,popular_1_exp_Experiment_1_seed_42
294,popular_1_exp_Experiment_1_seed_42
241,popular_1_exp_Experiment_1_seed_42
412,popular_1_exp_Experiment_1_seed_42
331,popular_1_exp_Experiment_1_seed_42
340,popular_1_exp_Experiment_1_seed_42
212,popular_1_exp_Experiment_1_seed_42
134,popular_1_exp_Experiment_1_seed_42
97,popular_1_exp_Experiment_1_seed_42
258,popular_1_exp_Experiment_1_seed_42
490,popular_1_exp_Experiment_1_seed_42
90,popular_1_exp_Experiment_1_seed_42
129,popular_1_exp_Experiment_1_seed_42
301,popular_1_exp_Experiment_1_seed_42
127,popular_1_exp_Experiment_1_seed_42
475,popular_1_exp_Experiment_1_seed_42
155,popular_1_exp_Experiment_1_seed_42
72,popular_1_exp_Experiment_1_seed_42
140,popular_1_exp_Experiment_1_seed_42
450,popular_1_exp_Experiment_1_seed_42
440,popular_1_exp_Experiment_1_seed_42
537,popular_1_exp_Experiment_1_seed_42
113,popular_1_exp_Experiment_1_seed_42
235,popular_1_exp_Experiment_1_seed_42
476,popular_1_exp_Experiment_1_seed_42
406,popular_1_exp_Experiment_1_seed_42
111,popular_1_exp_Experiment_1_seed_42
80,popular_1_exp_Experiment_1_seed_42
318,popular_1_exp_Experiment_1_seed_42
391,popular_1_exp_Experiment_1_seed_42
344,popular_1_exp_Experiment_1_seed_42
121,popular_1_exp_Experiment_1_seed_42
591,popular_1_exp_Experiment_1_seed_42
551,popular_1_exp_Experiment_1_seed_42
226,popular_1_exp_Experiment_1_seed_42
467,popular_1_exp_Experiment_1_seed_42
10,popular_1_exp_Experiment_1_seed_42
532,popular_1_exp_Experiment_1_seed_42
75,popular_1_exp_Experiment_1_seed_42
211,popular_1_exp_Experiment_1_seed_42
250,popular_1_exp_Experiment_1_seed_42
403,popular_1_exp_Experiment_1_seed_42
562,popular_1_exp_Experiment_1_seed_42
525,popular_1_exp_Experiment_1_seed_42
86,popular_1_exp_Experiment_1_seed_42
365,popular_1_exp_Experiment_1_seed_42
571,popular_1_exp_Experiment_1_seed_42
266,popular_1_exp_Experiment_1_seed_42
542,popular_1_exp_Experiment_1_seed_42
396,popular_1_exp_Experiment_1_seed_42
225,popular_1_exp_Experiment_1_seed_42
230,popular_1_exp_Experiment_1_seed_42
434,popular_1_exp_Experiment_1_seed_42
174,popular_1_exp_Experiment_1_seed_42
322,popular_1_exp_Experiment_1_seed_42
311,popular_1_exp_Experiment_1_seed_42
36,popular_1_exp_Experiment_1_seed_42
307,popular_1_exp_Experiment_1_seed_42
261,popular_1_exp_Experiment_1_seed_42
184,popular_1_exp_Experiment_1_seed_42
329,popular_1_exp_Experiment_1_seed_42
477,popular_1_exp_Experiment_1_seed_42
342,popular_1_exp_Experiment_1_seed_42
596,popular_1_exp_Experiment_1_seed_42
372,popular_1_exp_Experiment_1_seed_42
325,popular_1_exp_Experiment_1_seed_42
6,popular_1_exp_Experiment_1_seed_42
170,popular_1_exp_Experiment_1_seed_42
194,popular_1_exp_Experiment_1_seed_42
567,popular_1_exp_Experiment_1_seed_42
417,popular_1_exp_Experiment_1_seed_42
160,popular_1_exp_Experiment_1_seed_42
158,popular_1_exp_Experiment_1_seed_42
541,popular_1_exp_Experiment_1_seed_42
137,popular_1_exp_Experiment_1_seed_42
528,popular_1_exp_Experiment_1_seed_42
84,popular_1_exp_Experiment_1_seed_42
13,popular_1_exp_Experiment_1_seed_42
361,popular_1_exp_Experiment_1_seed_42
418,popular_1_exp_Experiment_1_seed_42
58,popular_1_exp_Experiment_1_seed_42
124,popular_1_exp_Experiment_1_seed_42
115,popular_1_exp_Experiment_1_seed_42
349,popular_1_exp_Experiment_1_seed_42
8,popular_1_exp_Experiment_1_seed_42
487,popular_1_exp_Experiment_1_seed_42
102,popular_1_exp_Experiment_1_seed_42
483,popular_1_exp_Experiment_1_seed_42
352,popular_1_exp_Experiment_1_seed_42
500,popular_1_exp_Experiment_1_seed_42
20,popular_1_exp_Experiment_1_seed_42
19,popular_1_exp_Experiment_1_seed_42
242,popular_1_exp_Experiment_1_seed_42
267,popular_1_exp_Experiment_1_seed_42
128,popular_1_exp_Experiment_1_seed_42
208,popular_1_exp_Experiment_1_seed_42
109,popular_1_exp_Experiment_1_seed_42
27,popular_1_exp_Experiment_1_seed_42
70,popular_1_exp_Experiment_1_seed_42
45,popular_1_exp_Experiment_1_seed_42
173,popular_1_exp_Experiment_1_seed_42
43,popular_1_exp_Experiment_1_seed_42
48,popular_1_exp_Experiment_1_seed_42
85,popular_1_exp_Experiment_1_seed_42
164,popular_1_exp_Experiment_1_seed_42
251,popular_1_exp_Experiment_1_seed_42
310,popular_1_exp_Experiment_1_seed_42
504,popular_1_exp_Experiment_1_seed_42
66,popular_1_exp_Experiment_1_seed_42
192,popular_1_exp_Experiment_1_seed_42
557,popular_1_exp_Experiment_1_seed_42
29,popular_1_exp_Experiment_1_seed_42
122,popular_1_exp_Experiment_1_seed_42
88,popular_1_exp_Experiment_1_seed_42
55,popular_1_exp_Experiment_1_seed_42
312,popular_1_exp_Experiment_1_seed_42
399,popular_1_exp_Experiment_1_seed_42
531,popular_1_exp_Experiment_1_seed_42
213,popular_1_exp_Experiment_1_seed_42
243,popular_1_exp_Experiment_1_seed_42
544,popular_1_exp_Experiment_1_seed_42
252,popular_1_exp_Experiment_1_seed_42
265,popular_1_exp_Experiment_1_seed_42
374,popular_1_exp_Experiment_1_seed_42
190,popular_1_exp_Experiment_1_seed_42
573,popular_1_exp_Experiment_1_seed_42
367,popular_1_exp_Experiment_1_seed_42
253,popular_1_exp_Experiment_1_seed_42
217,popular_1_exp_Experiment_1_seed_42
515,popular_1_exp_Experiment_1_seed_42
24,popular_1_exp_Experiment_1_seed_42
149,popular_1_exp_Experiment_1_seed_42
28,popular_1_exp_Experiment_1_seed_42
260,popular_1_exp_Experiment_1_seed_42
444,popular_1_exp_Experiment_1_seed_42
559,popular_1_exp_Experiment_1_seed_42
350,popular_1_exp_Experiment_1_seed_42
409,popular_1_exp_Experiment_1_seed_42
378,popular_1_exp_Experiment_1_seed_42
570,popular_1_exp_Experiment_1_seed_42
489,popular_1_exp_Experiment_1_seed_42
363,popular_1_exp_Experiment_1_seed_42
200,popular_1_exp_Experiment_1_seed_42
119,popular_1_exp_Experiment_1_seed_42
495,popular_1_exp_Experiment_1_seed_42
498,popular_1_exp_Experiment_1_seed_42
135,popular_1_exp_Experiment_1_seed_42
104,popular_1_exp_Experiment_1_seed_42
449,popular_1_exp_Experiment_1_seed_42
355,popular_1_exp_Experiment_1_seed_42
264,popular_1_exp_Experiment_1_seed_42
69,popular_1_exp_Experiment_1_seed_42
74,popular_1_exp_Experiment_1_seed_42
469,popular_1_exp_Experiment_1_seed_42
438,popular_1_exp_Experiment_1_seed_42
277,popular_1_exp_Experiment_1_seed_42
429,popular_1_exp_Experiment_1_seed_42
589,popular_1_exp_Experiment_1_seed_42
215,popular_1_exp_Experiment_1_seed_42
598,popular_1_exp_Experiment_1_seed_42
107,popular_1_exp_Experiment_1_seed_42
256,popular_1_exp_Experiment_1_seed_42
197,popular_1_exp_Experiment_1_seed_42
465,popular_1_exp_Experiment_1_seed_42
593,popular_1_exp_Experiment_1_seed_42
304,popular_1_exp_Experiment_1_seed_42
428,popular_1_exp_Experiment_1_seed_42
287,popular_1_exp_Experiment_1_seed_42
354,popular_1_exp_Experiment_1_seed_42
519,popular_1_exp_Experiment_1_seed_42
23,popular_1_exp_Experiment_1_seed_42
303,popular_1_exp_Experiment_1_seed_42
460,popular_1_exp_Experiment_1_seed_42
392,popular_1_exp_Experiment_1_seed_42
427,popular_1_exp_Experiment_1_seed_42
319,popular_1_exp_Experiment_1_seed_42
420,popular_1_exp_Experiment_1_seed_42
408,popular_1_exp_Experiment_1_seed_42
76,popular_1_exp_Experiment_1_seed_42
398,popular_1_exp_Experiment_1_seed_42
343,popular_1_exp_Experiment_1_seed_42
62,popular_1_exp_Experiment_1_seed_42
259,popular_1_exp_Experiment_1_seed_42
177,popular_1_exp_Experiment_1_seed_42
31,popular_1_exp_Experiment_1_seed_42
435,popular_1_exp_Experiment_1_seed_42
224,popular_1_exp_Experiment_1_seed_42
314,popular_1_exp_Experiment_1_seed_42
384,popular_1_exp_Experiment_1_seed_42
575,popular_1_exp_Experiment_1_seed_42
507,popular_1_exp_Experiment_1_seed_42
116,popular_1_exp_Experiment_1_seed_42
453,popular_1_exp_Experiment_1_seed_42
338,popular_1_exp_Experiment_1_seed_42
231,popular_1_exp_Experiment_1_seed_42
505,popular_1_exp_Experiment_1_seed_42
196,popular_1_exp_Experiment_1_seed_42
201,popular_1_exp_Experiment_1_seed_42
60,popular_1_exp_Experiment_1_seed_42
181,popular_1_exp_Experiment_1_seed_42
0,popular_1_exp_Experiment_1_seed_42
496,popular_1_exp_Experiment_1_seed_42
236,popular_1_exp_Experiment_1_seed_42
276,popular_1_exp_Experiment_1_seed_42
291,popular_1_exp_Experiment_1_seed_42
191,popular_1_exp_Experiment_1_seed_42
5,popular_1_exp_Experiment_1_seed_42
561,popular_1_exp_Experiment_1_seed_42
371,popular_1_exp_Experiment_1_seed_42
269,popular_1_exp_Experiment_1_seed_42
373,popular_1_exp_Experiment_1_seed_42
480,popular_1_exp_Experiment_1_seed_42
485,popular_1_exp_Experiment_1_seed_42
586,popular_1_exp_Experiment_1_seed_42
9,popular_1_exp_Experiment_1_seed_42
587,popular_1_exp_Experiment_1_seed_42
207,popular_1_exp_Experiment_1_seed_42
159,popular_1_exp_Experiment_1_seed_42
286,popular_1_exp_Experiment_1_seed_42
175,popular_1_exp_Experiment_1_seed_42
290,popular_1_exp_Experiment_1_seed_42
25,popular_1_exp_Experiment_1_seed_42
486,popular_1_exp_Experiment_1_seed_42
262,popular_1_exp_Experiment_1_seed_42
526,popular_1_exp_Experiment_1_seed_42
341,popular_1_exp_Experiment_1_seed_42
302,popular_1_exp_Experiment_1_seed_42
229,popular_1_exp_Experiment_1_seed_42
91,popular_1_exp_Experiment_1_seed_42
182,popular_1_exp_Experiment_1_seed_42
316,popular_1_exp_Experiment_1_seed_42
87,popular_1_exp_Experiment_1_seed_42
464,popular_1_exp_Experiment_1_seed_42
574,popular_1_exp_Experiment_1_seed_42
321,popular_1_exp_Experiment_1_seed_42
521,popular_1_exp_Experiment_1_seed_42
362,popular_1_exp_Experiment_1_seed_42
456,popular_1_exp_Experiment_1_seed_42
56,popular_1_exp_Experiment_1_seed_42
288,popular_1_exp_Experiment_1_seed_42
414,popular_1_exp_Experiment_1_seed_42
7,popular_1_exp_Experiment_1_seed_42
157,popular_1_exp_Experiment_1_seed_42
539,popular_1_exp_Experiment_1_seed_42
94,popular_1_exp_Experiment_1_seed_42
16,popular_1_exp_Experiment_1_seed_42
405,popular_1_exp_Experiment_1_seed_42
430,popular_1_exp_Experiment_1_seed_42
482,popular_1_exp_Experiment_1_seed_42
451,popular_1_exp_Experiment_1_seed_42
401,popular_1_exp_Experiment_1_seed_42
579,popular_1_exp_Experiment_1_seed_42
205,popular_1_exp_Experiment_1_seed_42
513,popular_1_exp_Experiment_1_seed_42
166,popular_1_exp_Experiment_1_seed_42
512,popular_1_exp_Experiment_1_seed_42
582,popular_1_exp_Experiment_1_seed_42
257,popular_1_exp_Experiment_1_seed_42
187,popular_1_exp_Experiment_1_seed_42
93,popular_1_exp_Experiment_1_seed_42
357,popular_1_exp_Experiment_1_seed_42
65,popular_1_exp_Experiment_1_seed_42
383,popular_1_exp_Experiment_1_seed_42
572,popular_1_exp_Experiment_1_seed_42
306,popular_1_exp_Experiment_1_seed_42
238,popular_1_exp_Experiment_1_seed_42
387,popular_1_exp_Experiment_1_seed_42
548,popular_1_exp_Experiment_1_seed_42
206,popular_1_exp_Experiment_1_seed_42
517,popular_1_exp_Experiment_1_seed_42
40,popular_1_exp_Experiment_1_seed_42
436,popular_1_exp_Experiment_1_seed_42
272,popular_1_exp_Experiment_1_seed_42
195,popular_1_exp_Experiment_1_seed_42
554,popular_1_exp_Experiment_1_seed_42
152,popular_1_exp_Experiment_1_seed_42
577,popular_1_exp_Experiment_1_seed_42
439,popular_1_exp_Experiment_1_seed_42
145,popular_1_exp_Experiment_1_seed_42
57,popular_1_exp_Experiment_1_seed_42
369,popular_1_exp_Experiment_1_seed_42
142,popular_1_exp_Experiment_1_seed_42
96,popular_1_exp_Experiment_1_seed_42
353,popular_1_exp_Experiment_1_seed_42
292,popular_1_exp_Experiment_1_seed_42
168,popular_1_exp_Experiment_1_seed_42
218,popular_1_exp_Experiment_1_seed_42
419,popular_1_exp_Experiment_1_seed_42
317,popular_1_exp_Experiment_1_seed_42
150,popular_1_exp_Experiment_1_seed_42
123,popular_1_exp_Experiment_1_seed_42
364,popular_1_exp_Experiment_1_seed_42
382,popular_1_exp_Experiment_1_seed_42
114,popular_1_exp_Experiment_1_seed_42
549,popular_1_exp_Experiment_1_seed_42
148,popular_1_exp_Experiment_1_seed_42
305,popular_1_exp_Experiment_1_seed_42
370,popular_1_exp_Experiment_1_seed_42
550,popular_1_exp_Experiment_1_seed_42
110,popular_1_exp_Experiment_1_seed_42
63,popular_1_exp_Experiment_1_seed_42
492,popular_1_exp_Experiment_1_seed_42
553,popular_1_exp_Experiment_1_seed_42
47,popular_1_exp_Experiment_1_seed_42
330,popular_1_exp_Experiment_1_seed_42
176,popular_1_exp_Experiment_1_seed_42
356,popular_1_exp_Experiment_1_seed_42
407,popular_1_exp_Experiment_1_seed_42
394,popular_1_exp_Experiment_1_seed_42
458,popular_1_exp_Experiment_1_seed_42
22,popular_1_exp_Experiment_1_seed_42
395,popular_1_exp_Experiment_1_seed_42
239,popular_1_exp_Experiment_1_seed_42
234,popular_1_exp_Experiment_1_seed_42
53,popular_1_exp_Experiment_1_seed_42
98,popular_1_exp_Experiment_1_seed_42
232,popular_1_exp_Experiment_1_seed_42
178,popular_1_exp_Experiment_1_seed_42
162,popular_1_exp_Experiment_1_seed_42
479,popular_1_exp_Experiment_1_seed_42
385,popular_1_exp_Experiment_1_seed_42
462,popular_1_exp_Experiment_1_seed_42
328,popular_1_exp_Experiment_1_seed_42
506,popular_1_exp_Experiment_1_seed_42
299,popular_1_exp_Experiment_1_seed_42
167,popular_1_exp_Experiment_1_seed_42
386,popular_1_exp_Experiment_1_seed_42
522,popular_1_exp_Experiment_1_seed_42
26,popular_1_exp_Experiment_1_seed_42
183,popular_1_exp_Experiment_1_seed_42
320,popular_1_exp_Experiment_1_seed_42
172,popular_1_exp_Experiment_1_seed_42
103,popular_1_exp_Experiment_1_seed_42
203,popular_1_exp_Experiment_1_seed_42
333,popular_1_exp_Experiment_1_seed_42
347,popular_1_exp_Experiment_1_seed_42
249,popular_1_exp_Experiment_1_seed_42
274,popular_1_exp_Experiment_1_seed_42
14,popular_1_exp_Experiment_1_seed_42
300,popular_1_exp_Experiment_1_seed_42
223,popular_1_exp_Experiment_1_seed_42
502,popular_1_exp_Experiment_1_seed_42
193,popular_1_exp_Experiment_1_seed_42
285,popular_1_exp_Experiment_1_seed_42
404,popular_1_exp_Experiment_1_seed_42
533,popular_1_exp_Experiment_1_seed_42
112,popular_1_exp_Experiment_1_seed_42
284,popular_1_exp_Experiment_1_seed_42
108,popular_1_exp_Experiment_1_seed_42
345,popular_1_exp_Experiment_1_seed_42
415,popular_1_exp_Experiment_1_seed_42
220,popular_1_exp_Experiment_1_seed_42
366,popular_1_exp_Experiment_1_seed_42
222,popular_1_exp_Experiment_1_seed_42
139,popular_1_exp_Experiment_1_seed_42
463,popular_1_exp_Experiment_1_seed_42
41,popular_1_exp_Experiment_1_seed_42
83,popular_1_exp_Experiment_1_seed_42
590,popular_1_exp_Experiment_1_seed_42
470,popular_1_exp_Experiment_1_seed_42
268,popular_1_exp_Experiment_1_seed_42
530,popular_1_exp_Experiment_1_seed_42
180,popular_1_exp_Experiment_1_seed_42
468,popular_1_exp_Experiment_1_seed_42
77,popular_1_exp_Experiment_1_seed_42
563,popular_1_exp_Experiment_1_seed_42
588,popular_1_exp_Experiment_1_seed_42
454,popular_1_exp_Experiment_1_seed_42
295,popular_1_exp_Experiment_1_seed_42
478,popular_1_exp_Experiment_1_seed_42
565,popular_1_exp_Experiment_1_seed_42
144,popular_1_exp_Experiment_1_seed_42
581,popular_1_exp_Experiment_1_seed_42
39,popular_1_exp_Experiment_1_seed_42
510,popular_1_exp_Experiment_1_seed_42
431,popular_1_exp_Experiment_1_seed_42
71,popular_1_exp_Experiment_1_seed_42
99,popular_1_exp_Experiment_1_seed_42
584,popular_1_exp_Experiment_1_seed_42
42,popular_1_exp_Experiment_1_seed_42
538,popular_1_exp_Experiment_1_seed_42
592,popular_1_exp_Experiment_1_seed_42
117,popular_1_exp_Experiment_1_seed_42
151,popular_1_exp_Experiment_1_seed_42
3,popular_1_exp_Experiment_1_seed_42
433,popular_1_exp_Experiment_1_seed_42
237,popular_1_exp_Experiment_1_seed_42
580,popular_1_exp_Experiment_1_seed_42
555,popular_1_exp_Experiment_1_seed_42
511,popular_1_exp_Experiment_1_seed_42
171,popular_1_exp_Experiment_1_seed_42
30,popular_1_exp_Experiment_1_seed_42
46,popular_1_exp_Experiment_1_seed_42
227,popular_1_exp_Experiment_1_seed_42
459,popular_1_exp_Experiment_1_seed_42
534,popular_1_exp_Experiment_1_seed_42
293,popular_1_exp_Experiment_1_seed_42
520,popular_1_exp_Experiment_1_seed_42
494,popular_1_exp_Experiment_1_seed_42
379,popular_1_exp_Experiment_1_seed_42
282,popular_1_exp_Experiment_1_seed_42
240,popular_1_exp_Experiment_1_seed_42
323,popular_1_exp_Experiment_1_seed_42
120,popular_1_exp_Experiment_1_seed_42
51,popular_1_exp_Experiment_1_seed_42
298,popular_1_exp_Experiment_1_seed_42
59,popular_1_exp_Experiment_1_seed_42
442,popular_1_exp_Experiment_1_seed_42
281,popular_1_exp_Experiment_1_seed_42
597,popular_1_exp_Experiment_1_seed_42
244,popular_1_exp_Experiment_1_seed_42
179,popular_1_exp_Experiment_1_seed_42
81,popular_1_exp_Experiment_1_seed_42
219,popular_1_exp_Experiment_1_seed_42
204,popular_1_exp_Experiment_1_seed_42
556,popular_1_exp_Experiment_1_seed_42
126,popular_1_exp_Experiment_1_seed_42
576,popular_1_exp_Experiment_1_seed_42
416,popular_1_exp_Experiment_1_seed_42
132,popular_1_exp_Experiment_1_seed_42
32,popular_1_exp_Experiment_1_seed_42
594,popular_1_exp_Experiment_1_seed_42
79,popular_1_exp_Experiment_1_seed_42
1,popular_1_exp_Experiment_1_seed_42
484,popular_1_exp_Experiment_1_seed_42
585,popular_1_exp_Experiment_1_seed_42
143,popular_1_exp_Experiment_1_seed_42
473,popular_1_exp_Experiment_1_seed_42
141,popular_1_exp_Experiment_1_seed_42
326,popular_1_exp_Experiment_1_seed_42
61,popular_1_exp_Experiment_1_seed_42
432,popular_1_exp_Experiment_1_seed_42
199,popular_1_exp_Experiment_1_seed_42
452,popular_1_exp_Experiment_1_seed_42
471,popular_1_exp_Experiment_1_seed_42
105,popular_1_exp_Experiment_1_seed_42
146,popular_1_exp_Experiment_1_seed_42
578,popular_1_exp_Experiment_1_seed_42
410,popular_1_exp_Experiment_1_seed_42
221,popular_1_exp_Experiment_1_seed_42
297,popular_1_exp_Experiment_1_seed_42
210,popular_1_exp_Experiment_1_seed_42
15,popular_1_exp_Experiment_1_seed_42
254,popular_1_exp_Experiment_1_seed_42
402,popular_1_exp_Experiment_1_seed_42
457,popular_1_exp_Experiment_1_seed_42
334,popular_1_exp_Experiment_1_seed_42
524,popular_1_exp_Experiment_1_seed_42
472,popular_1_exp_Experiment_1_seed_42
336,popular_1_exp_Experiment_1_seed_42
527,popular_1_exp_Experiment_1_seed_42
283,popular_1_exp_Experiment_1_seed_42
52,popular_1_exp_Experiment_1_seed_42
461,popular_1_exp_Experiment_1_seed_42
12,popular_1_exp_Experiment_1_seed_42
514,popular_1_exp_Experiment_1_seed_42
54,popular_1_exp_Experiment_1_seed_42
393,popular_1_exp_Experiment_1_seed_42
437,popular_1_exp_Experiment_1_seed_42
216,popular_1_exp_Experiment_1_seed_42
488,popular_1_exp_Experiment_1_seed_42
309,popular_1_exp_Experiment_1_seed_42
547,popular_1_exp_Experiment_1_seed_42
552,popular_1_exp_Experiment_1_seed_42
21,popular_1_exp_Experiment_1_seed_42
278,popular_1_exp_Experiment_1_seed_42
375,popular_1_exp_Experiment_1_seed_42
455,popular_1_exp_Experiment_1_seed_42
34,popular_1_exp_Experiment_1_seed_42
11,popular_1_exp_Experiment_1_seed_42
136,popular_1_exp_Experiment_1_seed_42
147,popular_1_exp_Experiment_1_seed_42
49,popular_1_exp_Experiment_1_seed_42
508,popular_1_exp_Experiment_1_seed_42
595,popular_1_exp_Experiment_1_seed_42
296,popular_1_exp_Experiment_1_seed_42
4,popular_1_exp_Experiment_1_seed_42
165,popular_1_exp_Experiment_1_seed_42
397,popular_1_exp_Experiment_1_seed_42
169,popular_1_exp_Experiment_1_seed_42
446,popular_1_exp_Experiment_1_seed_42
518,popular_1_exp_Experiment_1_seed_42
499,popular_1_exp_Experiment_1_seed_42
509,popular_1_exp_Experiment_1_seed_42
44,popular_1_exp_Experiment_1_seed_42
248,popular_1_exp_Experiment_1_seed_42
376,popular_1_exp_Experiment_1_seed_42
133,popular_1_exp_Experiment_1_seed_42
569,popular_1_exp_Experiment_1_seed_42
560,popular_1_exp_Experiment_1_seed_42
466,popular_1_exp_Experiment_1_seed_42
348,popular_1_exp_Experiment_1_seed_42
101,popular_1_exp_Experiment_1_seed_42
64,popular_1_exp_Experiment_1_seed_42
360,popular_1_exp_Experiment_1_seed_42
189,popular_1_exp_Experiment_1_seed_42
78,popular_1_exp_Experiment_1_seed_42
118,popular_1_exp_Experiment_1_seed_42
380,popular_1_exp_Experiment_1_seed_42
131,popular_1_exp_Experiment_1_seed_42
188,popular_1_exp_Experiment_1_seed_42
186,popular_1_exp_Experiment_1_seed_42
441,popular_1_exp_Experiment_1_seed_42
422,popular_1_exp_Experiment_1_seed_42
233,popular_1_exp_Experiment_1_seed_42
445,popular_1_exp_Experiment_1_seed_42
400,popular_1_exp_Experiment_1_seed_42
154,popular_1_exp_Experiment_1_seed_42
50,popular_1_exp_Experiment_1_seed_42
73,popular_1_exp_Experiment_1_seed_42
156,popular_1_exp_Experiment_1_seed_42
425,popular_1_exp_Experiment_1_seed_42
308,popular_1_exp_Experiment_1_seed_42
447,popular_1_exp_Experiment_1_seed_42
423,popular_1_exp_Experiment_1_seed_42
263,popular_1_exp_Experiment_1_seed_42
324,popular_1_exp_Experiment_1_seed_42
92,popular_1_exp_Experiment_1_seed_42
413,popular_1_exp_Experiment_1_seed_42
543,popular_1_exp_Experiment_1_seed_42
38,popular_1_exp_Experiment_1_seed_42
535,popular_1_exp_Experiment_1_seed_42
411,popular_1_exp_Experiment_1_seed_42
275,popular_1_exp_Experiment_1_seed_42
501,popular_1_exp_Experiment_1_seed_42
271,popular_1_exp_Experiment_1_seed_42
368,popular_1_exp_Experiment_1_seed_42
89,popular_1_exp_Experiment_1_seed_42
358,popular_1_exp_Experiment_1_seed_42
273,popular_1_exp_Experiment_1_seed_42
346,popular_1_exp_Experiment_1_seed_42
339,popular_1_exp_Experiment_1_seed_42
106,popular_1_exp_Experiment_1_seed_42
529,popular_1_exp_Experiment_1_seed_42
100,popular_1_exp_Experiment_1_seed_42
497,popular_1_exp_Experiment_1_seed_42
67,popular_1_exp_Experiment_1_seed_42
2,popular_1_exp_Experiment_1_seed_42
185,popular_1_exp_Experiment_1_seed_42
315,popular_1_exp_Experiment_1_seed_42
377,popular_1_exp_Experiment_1_seed_42
503,popular_1_exp_Experiment_1_seed_42
247,popular_1_exp_Experiment_1_seed_42
448,popular_1_exp_Experiment_1_seed_42
313,popular_1_exp_Experiment_1_seed_42
279,popular_1_exp_Experiment_1_seed_42
202,popular_1_exp_Experiment_1_seed_42
337,popular_1_exp_Experiment_1_seed_42
280,popular_1_exp_Experiment_1_seed_42
426,popular_1_exp_Experiment_1_seed_42
228,popular_1_exp_Experiment_1_seed_42
474,popular_1_exp_Experiment_1_seed_42
209,popular_1_exp_Experiment_1_seed_42
523,popular_1_exp_Experiment_1_seed_42
138,popular_1_exp_Experiment_1_seed_42
421,popular_1_exp_Experiment_1_seed_42
536,popular_1_exp_Experiment_1_seed_42
68,popular_1_exp_Experiment_1_seed_42
381,popular_1_exp_Experiment_1_seed_42
163,popular_1_exp_Experiment_1_seed_42
245,popular_1_exp_Experiment_1_seed_42
359,popular_1_exp_Experiment_1_seed_42
566,popular_1_exp_Experiment_1_seed_42
289,popular_1_exp_Experiment_1_seed_42
327,popular_1_exp_Experiment_1_seed_42
351,popular_1_exp_Experiment_1_seed_42
493,popular_1_exp_Experiment_1_seed_42
546,popular_1_exp_Experiment_1_seed_42
388,popular_1_exp_Experiment_1_seed_42
583,popular_1_exp_Experiment_1_seed_42
130,popular_1_exp_Experiment_1_seed_42
161,popular_1_exp_Experiment_1_seed_42
564,popular_1_exp_Experiment_1_seed_42
389,popular_1_exp_Experiment_1_seed_42
153,popular_1_exp_Experiment_1_seed_42
95,popular_1_exp_Experiment_1_seed_42
540,popular_1_exp_Experiment_1_seed_42
255,popular_1_exp_Experiment_1_seed_42
82,popular_1_exp_Experiment_1_seed_42
481,popular_1_exp_Experiment_1_seed_42
125,popular_1_exp_Experiment_1_seed_42
37,popular_1_exp_Experiment_1_seed_42
17,popular_1_exp_Experiment_1_seed_42
335,popular_1_exp_Experiment_1_seed_42
545,popular_1_exp_Experiment_1_seed_42
18,popular_1_exp_Experiment_1_seed_42
214,popular_1_exp_Experiment_1_seed_42
443,popular_1_exp_Experiment_1_seed_42
332,popular_1_exp_Experiment_1_seed_42
558,popular_1_exp_Experiment_1_seed_42
35,popular_1_exp_Experiment_1_seed_42
246,popular_1_exp_Experiment_1_seed_42
390,popular_1_exp_Experiment_1_seed_42
33,popular_1_exp_Experiment_1_seed_42
516,popular_1_exp_Experiment_1_seed_42
568,popular_1_exp_Experiment_1_seed_42
424,popular_1_exp_Experiment_1_seed_42
198,popular_1_exp_Experiment_1_seed_42
599,popular_1_exp_Experiment_1_seed_42
491,popular_1_exp_Experiment_1_seed_42
270,popular_1_exp_Experiment_1_seed_42
294,popular_1_exp_Experiment_1_seed_42
241,popular_1_exp_Experiment_1_seed_42
412,popular_1_exp_Experiment_1_seed_42
331,popular_1_exp_Experiment_1_seed_42
340,popular_1_exp_Experiment_1_seed_42
212,popular_1_exp_Experiment_1_seed_42
134,popular_1_exp_Experiment_1_seed_42
97,popular_1_exp_Experiment_1_seed_42
258,popular_1_exp_Experiment_1_seed_42
490,popular_1_exp_Experiment_1_seed_42
90,popular_1_exp_Experiment_1_seed_42
129,popular_1_exp_Experiment_1_seed_42
301,popular_1_exp_Experiment_1_seed_42
127,popular_1_exp_Experiment_1_seed_42
475,popular_1_exp_Experiment_1_seed_42
155,popular_1_exp_Experiment_1_seed_42
72,popular_1_exp_Experiment_1_seed_42
140,popular_1_exp_Experiment_1_seed_42
450,popular_1_exp_Experiment_1_seed_42
440,popular_1_exp_Experiment_1_seed_42
537,popular_1_exp_Experiment_1_seed_42
113,popular_1_exp_Experiment_1_seed_42
235,popular_1_exp_Experiment_1_seed_42
476,popular_1_exp_Experiment_1_seed_42
406,popular_1_exp_Experiment_1_seed_42
111,popular_1_exp_Experiment_1_seed_42
80,popular_1_exp_Experiment_1_seed_42
318,popular_1_exp_Experiment_1_seed_42
391,popular_1_exp_Experiment_1_seed_42
344,popular_1_exp_Experiment_1_seed_42
121,popular_1_exp_Experiment_1_seed_42
591,popular_1_exp_Experiment_1_seed_42
551,popular_1_exp_Experiment_1_seed_42
226,popular_1_exp_Experiment_1_seed_42
467,popular_1_exp_Experiment_1_seed_42
10,popular_1_exp_Experiment_1_seed_42
532,popular_1_exp_Experiment_1_seed_42
75,popular_1_exp_Experiment_1_seed_42
211,popular_1_exp_Experiment_1_seed_42
250,popular_1_exp_Experiment_1_seed_42
403,popular_1_exp_Experiment_1_seed_42
562,popular_1_exp_Experiment_1_seed_42
525,popular_1_exp_Experiment_1_seed_42
86,popular_1_exp_Experiment_1_seed_42
365,popular_1_exp_Experiment_1_seed_42
571,popular_1_exp_Experiment_1_seed_42
266,popular_1_exp_Experiment_1_seed_42
542,popular_1_exp_Experiment_1_seed_42
396,popular_1_exp_Experiment_1_seed_42
225,popular_1_exp_Experiment_1_seed_42
230,popular_1_exp_Experiment_1_seed_42
434,popular_1_exp_Experiment_1_seed_42
174,popular_1_exp_Experiment_1_seed_42
322,popular_1_exp_Experiment_1_seed_42
311,popular_1_exp_Experiment_1_seed_42
36,popular_1_exp_Experiment_1_seed_42
307,popular_1_exp_Experiment_1_seed_42
261,popular_1_exp_Experiment_1_seed_42
184,popular_1_exp_Experiment_1_seed_42
329,popular_1_exp_Experiment_1_seed_42
477,popular_1_exp_Experiment_1_seed_42
342,popular_1_exp_Experiment_1_seed_42
596,popular_1_exp_Experiment_1_seed_42
372,popular_1_exp_Experiment_1_seed_42
325,popular_1_exp_Experiment_1_seed_42
6,popular_1_exp_Experiment_1_seed_42
170,popular_1_exp_Experiment_1_seed_42
194,popular_1_exp_Experiment_1_seed_42
567,popular_1_exp_Experiment_1_seed_42
417,popular_1_exp_Experiment_1_seed_42
160,popular_1_exp_Experiment_1_seed_42
158,popular_1_exp_Experiment_1_seed_42
541,popular_1_exp_Experiment_1_seed_42
137,popular_1_exp_Experiment_1_seed_42
528,popular_1_exp_Experiment_1_seed_42
84,popular_1_exp_Experiment_1_seed_42
13,popular_1_exp_Experiment_1_seed_42
361,popular_1_exp_Experiment_1_seed_42
418,popular_1_exp_Experiment_1_seed_42
58,popular_1_exp_Experiment_1_seed_42
124,popular_1_exp_Experiment_1_seed_42
115,popular_1_exp_Experiment_1_seed_42
349,popular_1_exp_Experiment_1_seed_42
8,popular_1_exp_Experiment_1_seed_42
487,popular_1_exp_Experiment_1_seed_42
102,popular_1_exp_Experiment_1_seed_42
483,popular_1_exp_Experiment_1_seed_42
352,popular_1_exp_Experiment_1_seed_42
500,popular_1_exp_Experiment_1_seed_42
20,popular_1_exp_Experiment_1_seed_42
19,popular_1_exp_Experiment_1_seed_42
242,popular_1_exp_Experiment_1_seed_42
267,popular_1_exp_Experiment_1_seed_42
128,popular_1_exp_Experiment_1_seed_42
208,popular_1_exp_Experiment_1_seed_42
109,popular_1_exp_Experiment_1_seed_42
27,popular_1_exp_Experiment_1_seed_42
70,popular_1_exp_Experiment_1_seed_42
45,popular_1_exp_Experiment_1_seed_42
173,popular_1_exp_Experiment_1_seed_42
43,popular_1_exp_Experiment_1_seed_42
48,popular_1_exp_Experiment_1_seed_42
85,popular_1_exp_Experiment_1_seed_42
164,popular_1_exp_Experiment_1_seed_42
251,popular_1_exp_Experiment_1_seed_42
310,popular_1_exp_Experiment_1_seed_42
504,popular_1_exp_Experiment_1_seed_42
66,popular_1_exp_Experiment_1_seed_42
192,popular_1_exp_Experiment_1_seed_42
557,popular_1_exp_Experiment_1_seed_42
29,popular_1_exp_Experiment_1_seed_42
122,popular_1_exp_Experiment_1_seed_42
88,popular_1_exp_Experiment_1_seed_42
55,popular_1_exp_Experiment_1_seed_42
312,popular_1_exp_Experiment_1_seed_42
399,popular_1_exp_Experiment_1_seed_42
531,popular_1_exp_Experiment_1_seed_42
213,popular_1_exp_Experiment_1_seed_42
243,popular_1_exp_Experiment_1_seed_42
544,popular_1_exp_Experiment_1_seed_42
252,popular_1_exp_Experiment_1_seed_42
265,popular_1_exp_Experiment_1_seed_42
374,popular_1_exp_Experiment_1_seed_42
190,popular_1_exp_Experiment_1_seed_42
573,popular_1_exp_Experiment_1_seed_42
367,popular_1_exp_Experiment_1_seed_42
253,popular_1_exp_Experiment_1_seed_42
217,popular_1_exp_Experiment_1_seed_42
515,popular_1_exp_Experiment_1_seed_42
24,popular_1_exp_Experiment_1_seed_42
149,popular_1_exp_Experiment_1_seed_42
28,popular_1_exp_Experiment_1_seed_42
260,popular_1_exp_Experiment_1_seed_42
444,popular_1_exp_Experiment_1_seed_42
559,popular_1_exp_Experiment_1_seed_42
350,popular_1_exp_Experiment_1_seed_42
409,popular_1_exp_Experiment_1_seed_42
378,popular_1_exp_Experiment_1_seed_42
570,popular_1_exp_Experiment_1_seed_42
489,popular_1_exp_Experiment_1_seed_42
363,popular_1_exp_Experiment_1_seed_42
200,popular_1_exp_Experiment_1_seed_42
119,popular_1_exp_Experiment_1_seed_42
495,popular_1_exp_Experiment_1_seed_42
498,popular_1_exp_Experiment_1_seed_42
135,popular_1_exp_Experiment_1_seed_42
104,popular_1_exp_Experiment_1_seed_42
449,popular_1_exp_Experiment_1_seed_42
355,popular_1_exp_Experiment_1_seed_42
264,popular_1_exp_Experiment_1_seed_42
69,popular_1_exp_Experiment_1_seed_42
74,popular_1_exp_Experiment_1_seed_42
469,popular_1_exp_Experiment_1_seed_42
438,popular_1_exp_Experiment_1_seed_42
277,popular_1_exp_Experiment_1_seed_42
429,popular_1_exp_Experiment_1_seed_42
589,popular_1_exp_Experiment_1_seed_42
215,popular_1_exp_Experiment_1_seed_42
598,popular_1_exp_Experiment_1_seed_42
107,popular_1_exp_Experiment_1_seed_42
256,popular_1_exp_Experiment_1_seed_42
197,popular_1_exp_Experiment_1_seed_42
465,popular_1_exp_Experiment_1_seed_42
593,popular_1_exp_Experiment_1_seed_42
304,popular_1_exp_Experiment_1_seed_42
428,popular_1_exp_Experiment_1_seed_42
287,popular_1_exp_Experiment_1_seed_42
354,popular_1_exp_Experiment_1_seed_42
519,popular_1_exp_Experiment_1_seed_42
23,popular_1_exp_Experiment_1_seed_42
303,popular_1_exp_Experiment_1_seed_42
460,popular_1_exp_Experiment_1_seed_42
392,popular_1_exp_Experiment_1_seed_42
427,popular_1_exp_Experiment_1_seed_42
319,popular_1_exp_Experiment_1_seed_42
420,popular_1_exp_Experiment_1_seed_42
408,popular_1_exp_Experiment_1_seed_42
76,popular_1_exp_Experiment_1_seed_42
398,popular_1_exp_Experiment_1_seed_42
343,popular_1_exp_Experiment_1_seed_42
62,popular_1_exp_Experiment_1_seed_42
259,popular_1_exp_Experiment_1_seed_42
177,popular_1_exp_Experiment_1_seed_42
31,popular_1_exp_Experiment_1_seed_42
435,popular_1_exp_Experiment_1_seed_42
224,popular_1_exp_Experiment_1_seed_42
314,popular_1_exp_Experiment_1_seed_42
384,popular_1_exp_Experiment_1_seed_42
575,popular_1_exp_Experiment_1_seed_42
507,popular_1_exp_Experiment_1_seed_42
116,popular_1_exp_Experiment_1_seed_42
453,popular_1_exp_Experiment_1_seed_42
338,popular_1_exp_Experiment_1_seed_42
231,popular_1_exp_Experiment_1_seed_42
505,popular_1_exp_Experiment_1_seed_42
196,popular_1_exp_Experiment_1_seed_42
201,popular_1_exp_Experiment_1_seed_42
60,popular_1_exp_Experiment_1_seed_42
181,popular_1_exp_Experiment_1_seed_42
0,popular_1_exp_Experiment_1_seed_42
496,popular_1_exp_Experiment_1_seed_42
236,popular_1_exp_Experiment_1_seed_42
276,popular_1_exp_Experiment_1_seed_42
291,popular_1_exp_Experiment_1_seed_42
191,popular_1_exp_Experiment_1_seed_42
5,popular_1_exp_Experiment_1_seed_42
561,popular_1_exp_Experiment_1_seed_42
371,popular_1_exp_Experiment_1_seed_42
269,popular_1_exp_Experiment_1_seed_42
373,popular_1_exp_Experiment_1_seed_42
480,popular_1_exp_Experiment_1_seed_42
485,popular_1_exp_Experiment_1_seed_42
586,popular_1_exp_Experiment_1_seed_42
9,popular_1_exp_Experiment_1_seed_42
587,popular_1_exp_Experiment_1_seed_42
207,popular_1_exp_Experiment_1_seed_42
159,popular_1_exp_Experiment_1_seed_42
286,popular_1_exp_Experiment_1_seed_42
175,popular_1_exp_Experiment_1_seed_42
290,popular_1_exp_Experiment_1_seed_42
25,popular_1_exp_Experiment_1_seed_42
486,popular_1_exp_Experiment_1_seed_42
262,popular_1_exp_Experiment_1_seed_42
526,popular_1_exp_Experiment_1_seed_42
341,popular_1_exp_Experiment_1_seed_42
302,popular_1_exp_Experiment_1_seed_42
229,popular_1_exp_Experiment_1_seed_42
91,popular_1_exp_Experiment_1_seed_42
182,popular_1_exp_Experiment_1_seed_42
316,popular_1_exp_Experiment_1_seed_42
87,popular_1_exp_Experiment_1_seed_42
464,popular_1_exp_Experiment_1_seed_42
574,popular_1_exp_Experiment_1_seed_42
321,popular_1_exp_Experiment_1_seed_42
521,popular_1_exp_Experiment_1_seed_42
362,popular_1_exp_Experiment_1_seed_42
456,popular_1_exp_Experiment_1_seed_42
56,popular_1_exp_Experiment_1_seed_42
288,popular_1_exp_Experiment_1_seed_42
414,popular_1_exp_Experiment_1_seed_42
7,popular_1_exp_Experiment_1_seed_42
157,popular_1_exp_Experiment_1_seed_42
539,popular_1_exp_Experiment_1_seed_42
94,popular_1_exp_Experiment_1_seed_42
16,popular_1_exp_Experiment_1_seed_42
405,popular_1_exp_Experiment_1_seed_42
430,popular_1_exp_Experiment_1_seed_42
482,popular_1_exp_Experiment_1_seed_42
451,popular_1_exp_Experiment_1_seed_42
401,popular_1_exp_Experiment_1_seed_42
579,popular_1_exp_Experiment_1_seed_42
205,popular_1_exp_Experiment_1_seed_42
513,popular_1_exp_Experiment_1_seed_42
166,popular_1_exp_Experiment_1_seed_42
512,popular_1_exp_Experiment_1_seed_42
582,popular_1_exp_Experiment_1_seed_42
257,popular_1_exp_Experiment_1_seed_42
187,popular_1_exp_Experiment_1_seed_42
93,popular_1_exp_Experiment_1_seed_42
357,popular_1_exp_Experiment_1_seed_42
65,popular_1_exp_Experiment_1_seed_42
383,popular_1_exp_Experiment_1_seed_42
572,popular_1_exp_Experiment_1_seed_42
306,popular_1_exp_Experiment_1_seed_42
238,popular_1_exp_Experiment_1_seed_42
387,popular_1_exp_Experiment_1_seed_42
548,popular_1_exp_Experiment_1_seed_42
206,popular_1_exp_Experiment_1_seed_42
517,popular_1_exp_Experiment_1_seed_42
40,popular_1_exp_Experiment_1_seed_42
436,popular_1_exp_Experiment_1_seed_42
272,popular_1_exp_Experiment_1_seed_42
195,popular_1_exp_Experiment_1_seed_42
554,popular_1_exp_Experiment_1_seed_42
152,popular_1_exp_Experiment_1_seed_42
577,popular_1_exp_Experiment_1_seed_42
439,popular_1_exp_Experiment_1_seed_42
145,popular_1_exp_Experiment_1_seed_42
57,popular_1_exp_Experiment_1_seed_42
369,popular_1_exp_Experiment_1_seed_42
142,popular_1_exp_Experiment_1_seed_42
96,popular_1_exp_Experiment_1_seed_42
353,popular_1_exp_Experiment_1_seed_42
292,popular_1_exp_Experiment_1_seed_42
168,popular_1_exp_Experiment_1_seed_42
218,popular_1_exp_Experiment_1_seed_42
419,popular_1_exp_Experiment_1_seed_42
317,popular_1_exp_Experiment_1_seed_42
150,popular_1_exp_Experiment_1_seed_42
123,popular_1_exp_Experiment_1_seed_42
364,popular_1_exp_Experiment_1_seed_42
382,popular_1_exp_Experiment_1_seed_42
114,popular_1_exp_Experiment_1_seed_42
549,popular_1_exp_Experiment_1_seed_42
148,popular_1_exp_Experiment_1_seed_42
305,popular_1_exp_Experiment_1_seed_42
370,popular_1_exp_Experiment_1_seed_42
550,popular_1_exp_Experiment_1_seed_42
110,popular_1_exp_Experiment_1_seed_42
63,popular_1_exp_Experiment_1_seed_42
492,popular_1_exp_Experiment_1_seed_42
553,popular_1_exp_Experiment_1_seed_42
47,popular_1_exp_Experiment_1_seed_42
330,popular_1_exp_Experiment_1_seed_42
176,popular_1_exp_Experiment_1_seed_42
356,popular_1_exp_Experiment_1_seed_42
407,popular_1_exp_Experiment_1_seed_42
394,popular_1_exp_Experiment_1_seed_42
458,popular_1_exp_Experiment_1_seed_42
22,popular_1_exp_Experiment_1_seed_42
395,popular_1_exp_Experiment_1_seed_42
239,popular_1_exp_Experiment_1_seed_42
234,popular_1_exp_Experiment_1_seed_42
53,popular_1_exp_Experiment_1_seed_42
98,popular_1_exp_Experiment_1_seed_42
232,popular_1_exp_Experiment_1_seed_42
178,popular_1_exp_Experiment_1_seed_42
162,popular_1_exp_Experiment_1_seed_42
479,popular_1_exp_Experiment_1_seed_42
385,popular_1_exp_Experiment_1_seed_42
462,popular_1_exp_Experiment_1_seed_42
328,popular_1_exp_Experiment_1_seed_42
506,popular_1_exp_Experiment_1_seed_42
299,popular_1_exp_Experiment_1_seed_42
167,popular_1_exp_Experiment_1_seed_42
386,popular_1_exp_Experiment_1_seed_42
522,popular_1_exp_Experiment_1_seed_42
26,popular_1_exp_Experiment_1_seed_42
183,popular_1_exp_Experiment_1_seed_42
320,popular_1_exp_Experiment_1_seed_42
172,popular_1_exp_Experiment_1_seed_42
103,popular_1_exp_Experiment_1_seed_42
203,popular_1_exp_Experiment_1_seed_42
333,popular_1_exp_Experiment_1_seed_42
347,popular_1_exp_Experiment_1_seed_42
249,popular_1_exp_Experiment_1_seed_42
274,popular_1_exp_Experiment_1_seed_42
14,popular_1_exp_Experiment_1_seed_42
300,popular_1_exp_Experiment_1_seed_42
223,popular_1_exp_Experiment_1_seed_42
502,popular_1_exp_Experiment_1_seed_42
193,popular_1_exp_Experiment_1_seed_42
285,popular_1_exp_Experiment_1_seed_42
404,popular_1_exp_Experiment_1_seed_42
533,popular_1_exp_Experiment_1_seed_42
112,popular_1_exp_Experiment_1_seed_42
284,popular_1_exp_Experiment_1_seed_42
108,popular_1_exp_Experiment_1_seed_42
345,popular_1_exp_Experiment_1_seed_42
415,popular_1_exp_Experiment_1_seed_42
220,popular_1_exp_Experiment_1_seed_42
366,popular_1_exp_Experiment_1_seed_42
222,popular_1_exp_Experiment_1_seed_42
139,popular_1_exp_Experiment_1_seed_42
463,popular_1_exp_Experiment_1_seed_42
41,popular_1_exp_Experiment_1_seed_42
83,popular_1_exp_Experiment_1_seed_42
590,popular_1_exp_Experiment_1_seed_42
470,popular_1_exp_Experiment_1_seed_42
268,popular_1_exp_Experiment_1_seed_42
530,popular_1_exp_Experiment_1_seed_42
180,popular_1_exp_Experiment_1_seed_42
468,popular_1_exp_Experiment_1_seed_42
77,popular_1_exp_Experiment_1_seed_42
563,popular_1_exp_Experiment_1_seed_42
588,popular_1_exp_Experiment_1_seed_42
454,popular_1_exp_Experiment_1_seed_42
295,popular_1_exp_Experiment_1_seed_42
478,popular_1_exp_Experiment_1_seed_42
565,popular_1_exp_Experiment_1_seed_42
144,popular_1_exp_Experiment_1_seed_42
581,popular_1_exp_Experiment_1_seed_42
39,popular_1_exp_Experiment_1_seed_42
510,popular_1_exp_Experiment_1_seed_42
431,popular_1_exp_Experiment_1_seed_42
71,popular_1_exp_Experiment_1_seed_42
99,popular_1_exp_Experiment_1_seed_42
584,popular_1_exp_Experiment_1_seed_42
42,popular_1_exp_Experiment_1_seed_42
538,popular_1_exp_Experiment_1_seed_42
592,popular_1_exp_Experiment_1_seed_42
117,popular_1_exp_Experiment_1_seed_42
151,popular_1_exp_Experiment_1_seed_42
3,popular_1_exp_Experiment_1_seed_42
433,popular_1_exp_Experiment_1_seed_42
237,popular_1_exp_Experiment_1_seed_42
580,popular_1_exp_Experiment_1_seed_42
555,popular_1_exp_Experiment_1_seed_42
511,popular_1_exp_Experiment_1_seed_42
171,popular_1_exp_Experiment_1_seed_42
30,popular_1_exp_Experiment_1_seed_42
46,popular_1_exp_Experiment_1_seed_42
227,popular_1_exp_Experiment_1_seed_42
459,popular_1_exp_Experiment_1_seed_42
534,popular_1_exp_Experiment_1_seed_42
293,popular_1_exp_Experiment_1_seed_42
520,popular_1_exp_Experiment_1_seed_42
494,popular_1_exp_Experiment_1_seed_42
379,popular_1_exp_Experiment_1_seed_42
282,popular_1_exp_Experiment_1_seed_42
240,popular_1_exp_Experiment_1_seed_42
323,popular_1_exp_Experiment_1_seed_42
120,popular_1_exp_Experiment_1_seed_42
51,popular_1_exp_Experiment_1_seed_42
298,popular_1_exp_Experiment_1_seed_42
59,popular_1_exp_Experiment_1_seed_42
442,popular_1_exp_Experiment_1_seed_42
281,popular_1_exp_Experiment_1_seed_42
597,popular_1_exp_Experiment_1_seed_42
244,popular_1_exp_Experiment_1_seed_42
179,popular_1_exp_Experiment_1_seed_42
81,popular_1_exp_Experiment_1_seed_42
219,popular_1_exp_Experiment_1_seed_42
204,popular_1_exp_Experiment_1_seed_42
556,popular_1_exp_Experiment_1_seed_42
126,popular_1_exp_Experiment_1_seed_42
576,popular_1_exp_Experiment_1_seed_42
416,popular_1_exp_Experiment_1_seed_42
132,popular_1_exp_Experiment_1_seed_42
32,popular_1_exp_Experiment_1_seed_42
594,popular_1_exp_Experiment_1_seed_42
79,popular_1_exp_Experiment_1_seed_42
1,popular_1_exp_Experiment_1_seed_42
484,popular_1_exp_Experiment_1_seed_42
585,popular_1_exp_Experiment_1_seed_42
143,popular_1_exp_Experiment_1_seed_42
473,popular_1_exp_Experiment_1_seed_42
141,popular_1_exp_Experiment_1_seed_42
326,popular_1_exp_Experiment_1_seed_42
61,popular_1_exp_Experiment_1_seed_42
432,popular_1_exp_Experiment_1_seed_42
199,popular_1_exp_Experiment_1_seed_42
452,popular_1_exp_Experiment_1_seed_42
471,popular_1_exp_Experiment_1_seed_42
105,popular_1_exp_Experiment_1_seed_42
146,popular_1_exp_Experiment_1_seed_42
578,popular_1_exp_Experiment_1_seed_42
410,popular_1_exp_Experiment_1_seed_42
221,popular_1_exp_Experiment_1_seed_42
297,popular_1_exp_Experiment_1_seed_42
210,popular_1_exp_Experiment_1_seed_42
15,popular_1_exp_Experiment_1_seed_42
254,popular_1_exp_Experiment_1_seed_42
402,popular_1_exp_Experiment_1_seed_42
457,popular_1_exp_Experiment_1_seed_42
334,popular_1_exp_Experiment_1_seed_42
524,popular_1_exp_Experiment_1_seed_42
472,popular_1_exp_Experiment_1_seed_42
336,popular_1_exp_Experiment_1_seed_42
527,popular_1_exp_Experiment_1_seed_42
283,popular_1_exp_Experiment_1_seed_42
52,popular_1_exp_Experiment_1_seed_42
461,popular_1_exp_Experiment_1_seed_42
12,popular_1_exp_Experiment_1_seed_42
514,popular_1_exp_Experiment_1_seed_42
54,popular_1_exp_Experiment_1_seed_42
393,popular_1_exp_Experiment_1_seed_42
437,popular_1_exp_Experiment_1_seed_42
216,popular_1_exp_Experiment_1_seed_42
488,popular_1_exp_Experiment_1_seed_42
309,popular_1_exp_Experiment_1_seed_42
547,popular_1_exp_Experiment_1_seed_42
552,popular_1_exp_Experiment_1_seed_42
21,popular_1_exp_Experiment_1_seed_42
278,popular_1_exp_Experiment_1_seed_42
375,popular_1_exp_Experiment_1_seed_42
455,popular_1_exp_Experiment_1_seed_42
34,popular_1_exp_Experiment_1_seed_42
11,popular_1_exp_Experiment_1_seed_42
136,popular_1_exp_Experiment_1_seed_42
147,popular_1_exp_Experiment_1_seed_42
49,popular_1_exp_Experiment_1_seed_42
508,popular_1_exp_Experiment_1_seed_42
595,popular_1_exp_Experiment_1_seed_42
296,popular_1_exp_Experiment_1_seed_42
4,popular_1_exp_Experiment_1_seed_42
165,popular_1_exp_Experiment_1_seed_42
397,popular_1_exp_Experiment_1_seed_42
169,popular_1_exp_Experiment_1_seed_42
446,popular_1_exp_Experiment_1_seed_42
518,popular_1_exp_Experiment_1_seed_42
499,popular_1_exp_Experiment_1_seed_42
509,popular_1_exp_Experiment_1_seed_42
44,popular_1_exp_Experiment_1_seed_42
248,popular_1_exp_Experiment_1_seed_42
376,popular_1_exp_Experiment_1_seed_42
133,popular_1_exp_Experiment_1_seed_42
569,popular_1_exp_Experiment_1_seed_42
560,popular_1_exp_Experiment_1_seed_42
466,popular_1_exp_Experiment_1_seed_42
348,popular_1_exp_Experiment_1_seed_42
101,popular_1_exp_Experiment_1_seed_42
64,popular_1_exp_Experiment_1_seed_42
360,popular_1_exp_Experiment_1_seed_42
189,popular_1_exp_Experiment_1_seed_42
78,popular_1_exp_Experiment_1_seed_42
118,popular_1_exp_Experiment_1_seed_42
380,popular_1_exp_Experiment_1_seed_42
131,popular_1_exp_Experiment_1_seed_42
188,popular_1_exp_Experiment_1_seed_42
186,popular_1_exp_Experiment_1_seed_42
441,popular_1_exp_Experiment_1_seed_42
422,popular_1_exp_Experiment_1_seed_42
233,popular_1_exp_Experiment_1_seed_42
445,popular_1_exp_Experiment_1_seed_42
400,popular_1_exp_Experiment_1_seed_42
154,popular_1_exp_Experiment_1_seed_42
50,popular_1_exp_Experiment_1_seed_42
73,popular_1_exp_Experiment_1_seed_42
156,popular_1_exp_Experiment_1_seed_42
425,popular_1_exp_Experiment_1_seed_42
308,popular_1_exp_Experiment_1_seed_42
447,popular_1_exp_Experiment_1_seed_42
423,popular_1_exp_Experiment_1_seed_42
263,popular_1_exp_Experiment_1_seed_42
324,popular_1_exp_Experiment_1_seed_42
92,popular_1_exp_Experiment_1_seed_42
413,popular_1_exp_Experiment_1_seed_42
543,popular_1_exp_Experiment_1_seed_42
38,popular_1_exp_Experiment_1_seed_42
535,popular_1_exp_Experiment_1_seed_42
411,popular_1_exp_Experiment_1_seed_42
275,popular_1_exp_Experiment_1_seed_42
501,popular_1_exp_Experiment_1_seed_42
271,popular_1_exp_Experiment_1_seed_42
368,popular_1_exp_Experiment_1_seed_42
89,popular_1_exp_Experiment_1_seed_42
358,popular_1_exp_Experiment_1_seed_42
273,popular_1_exp_Experiment_1_seed_42
346,popular_1_exp_Experiment_1_seed_42
339,popular_1_exp_Experiment_1_seed_42
106,popular_1_exp_Experiment_1_seed_42
529,popular_1_exp_Experiment_1_seed_42
100,popular_1_exp_Experiment_1_seed_42
497,popular_1_exp_Experiment_1_seed_42
67,popular_1_exp_Experiment_1_seed_42
2,popular_1_exp_Experiment_1_seed_42
185,popular_1_exp_Experiment_1_seed_42
315,popular_1_exp_Experiment_1_seed_42
377,popular_1_exp_Experiment_1_seed_42
503,popular_1_exp_Experiment_1_seed_42
247,popular_1_exp_Experiment_1_seed_42
448,popular_1_exp_Experiment_1_seed_42
313,popular_1_exp_Experiment_1_seed_42
279,popular_1_exp_Experiment_1_seed_42
202,popular_1_exp_Experiment_1_seed_42
337,popular_1_exp_Experiment_1_seed_42
280,popular_1_exp_Experiment_1_seed_42
426,popular_1_exp_Experiment_1_seed_42
228,popular_1_exp_Experiment_1_seed_42
474,popular_1_exp_Experiment_1_seed_42
209,popular_1_exp_Experiment_1_seed_42
523,popular_1_exp_Experiment_1_seed_42
138,popular_1_exp_Experiment_1_seed_42
421,popular_1_exp_Experiment_1_seed_42
536,popular_1_exp_Experiment_1_seed_42
68,popular_1_exp_Experiment_1_seed_42
381,popular_1_exp_Experiment_1_seed_42
163,popular_1_exp_Experiment_1_seed_42
245,popular_1_exp_Experiment_1_seed_42
359,popular_1_exp_Experiment_1_seed_42
566,popular_1_exp_Experiment_1_seed_42
289,popular_1_exp_Experiment_1_seed_42
327,popular_1_exp_Experiment_1_seed_42
351,popular_1_exp_Experiment_1_seed_42
493,popular_1_exp_Experiment_1_seed_42
546,popular_1_exp_Experiment_1_seed_42
388,popular_1_exp_Experiment_1_seed_42
583,popular_1_exp_Experiment_1_seed_42
130,popular_1_exp_Experiment_1_seed_42
161,popular_1_exp_Experiment_1_seed_42
564,popular_1_exp_Experiment_1_seed_42
389,popular_1_exp_Experiment_1_seed_42
153,popular_1_exp_Experiment_1_seed_42
95,popular_1_exp_Experiment_1_seed_42
540,popular_1_exp_Experiment_1_seed_42
255,popular_1_exp_Experiment_1_seed_42
82,popular_1_exp_Experiment_1_seed_42
481,popular_1_exp_Experiment_1_seed_42
125,popular_1_exp_Experiment_1_seed_42
37,popular_1_exp_Experiment_1_seed_42
17,popular_1_exp_Experiment_1_seed_42
335,popular_1_exp_Experiment_1_seed_42
545,popular_1_exp_Experiment_1_seed_42
18,popular_1_exp_Experiment_1_seed_42
214,popular_1_exp_Experiment_1_seed_42
443,popular_1_exp_Experiment_1_seed_42
332,popular_1_exp_Experiment_1_seed_42
558,popular_1_exp_Experiment_1_seed_42
35,popular_1_exp_Experiment_1_seed_42
246,popular_1_exp_Experiment_1_seed_42
390,popular_1_exp_Experiment_1_seed_42
33,popular_1_exp_Experiment_1_seed_42
516,popular_1_exp_Experiment_1_seed_42
568,popular_1_exp_Experiment_1_seed_42
424,popular_1_exp_Experiment_1_seed_42
198,popular_1_exp_Experiment_1_seed_42
599,popular_1_exp_Experiment_1_seed_42
491,popular_1_exp_Experiment_1_seed_42
270,popular_1_exp_Experiment_1_seed_42
294,popular_1_exp_Experiment_1_seed_42
241,popular_1_exp_Experiment_1_seed_42
412,popular_1_exp_Experiment_1_seed_42
331,popular_1_exp_Experiment_1_seed_42
340,popular_1_exp_Experiment_1_seed_42
212,popular_1_exp_Experiment_1_seed_42
134,popular_1_exp_Experiment_1_seed_42
97,popular_1_exp_Experiment_1_seed_42
258,popular_1_exp_Experiment_1_seed_42
490,popular_1_exp_Experiment_1_seed_42
90,popular_1_exp_Experiment_1_seed_42
129,popular_1_exp_Experiment_1_seed_42
301,popular_1_exp_Experiment_1_seed_42
127,popular_1_exp_Experiment_1_seed_42
475,popular_1_exp_Experiment_1_seed_42
155,popular_1_exp_Experiment_1_seed_42
72,popular_1_exp_Experiment_1_seed_42
140,popular_1_exp_Experiment_1_seed_42
450,popular_1_exp_Experiment_1_seed_42
440,popular_1_exp_Experiment_1_seed_42
537,popular_1_exp_Experiment_1_seed_42
113,popular_1_exp_Experiment_1_seed_42
235,popular_1_exp_Experiment_1_seed_42
476,popular_1_exp_Experiment_1_seed_42
406,popular_1_exp_Experiment_1_seed_42
111,popular_1_exp_Experiment_1_seed_42
80,popular_1_exp_Experiment_1_seed_42
318,popular_1_exp_Experiment_1_seed_42
391,popular_1_exp_Experiment_1_seed_42
344,popular_1_exp_Experiment_1_seed_42
121,popular_1_exp_Experiment_1_seed_42
591,popular_1_exp_Experiment_1_seed_42
551,popular_1_exp_Experiment_1_seed_42
226,popular_1_exp_Experiment_1_seed_42
467,popular_1_exp_Experiment_1_seed_42
10,popular_1_exp_Experiment_1_seed_42
532,popular_1_exp_Experiment_1_seed_42
75,popular_1_exp_Experiment_1_seed_42
211,popular_1_exp_Experiment_1_seed_42
250,popular_1_exp_Experiment_1_seed_42
403,popular_1_exp_Experiment_1_seed_42
562,popular_1_exp_Experiment_1_seed_42
525,popular_1_exp_Experiment_1_seed_42
86,popular_1_exp_Experiment_1_seed_42
365,popular_1_exp_Experiment_1_seed_42
571,popular_1_exp_Experiment_1_seed_42
266,popular_1_exp_Experiment_1_seed_42
542,popular_1_exp_Experiment_1_seed_42
396,popular_1_exp_Experiment_1_seed_42
225,popular_1_exp_Experiment_1_seed_42
230,popular_1_exp_Experiment_1_seed_42
434,popular_1_exp_Experiment_1_seed_42
174,popular_1_exp_Experiment_1_seed_42
322,popular_1_exp_Experiment_1_seed_42
311,popular_1_exp_Experiment_1_seed_42
36,popular_1_exp_Experiment_1_seed_42
307,popular_1_exp_Experiment_1_seed_42
261,popular_1_exp_Experiment_1_seed_42
184,popular_1_exp_Experiment_1_seed_42
329,popular_1_exp_Experiment_1_seed_42
477,popular_1_exp_Experiment_1_seed_42
342,popular_1_exp_Experiment_1_seed_42
596,popular_1_exp_Experiment_1_seed_42
372,popular_1_exp_Experiment_1_seed_42
325,popular_1_exp_Experiment_1_seed_42
6,popular_1_exp_Experiment_1_seed_42
170,popular_1_exp_Experiment_1_seed_42
194,popular_1_exp_Experiment_1_seed_42
567,popular_1_exp_Experiment_1_seed_42
417,popular_1_exp_Experiment_1_seed_42
160,popular_1_exp_Experiment_1_seed_42
158,popular_1_exp_Experiment_1_seed_42
541,popular_1_exp_Experiment_1_seed_42
137,popular_1_exp_Experiment_1_seed_42
528,popular_1_exp_Experiment_1_seed_42
84,popular_1_exp_Experiment_1_seed_42
13,popular_1_exp_Experiment_1_seed_42
361,popular_1_exp_Experiment_1_seed_42
418,popular_1_exp_Experiment_1_seed_42
58,popular_1_exp_Experiment_1_seed_42
124,popular_1_exp_Experiment_1_seed_42
115,popular_1_exp_Experiment_1_seed_42
349,popular_1_exp_Experiment_1_seed_42
8,popular_1_exp_Experiment_1_seed_42
487,popular_1_exp_Experiment_1_seed_42
102,popular_1_exp_Experiment_1_seed_42
483,popular_1_exp_Experiment_1_seed_42
352,popular_1_exp_Experiment_1_seed_42
500,popular_1_exp_Experiment_1_seed_42
20,popular_1_exp_Experiment_1_seed_42
19,popular_1_exp_Experiment_1_seed_42
242,popular_1_exp_Experiment_1_seed_42
267,popular_1_exp_Experiment_1_seed_42
128,popular_1_exp_Experiment_1_seed_42
208,popular_1_exp_Experiment_1_seed_42
109,popular_1_exp_Experiment_1_seed_42
27,popular_1_exp_Experiment_1_seed_42
70,popular_1_exp_Experiment_1_seed_42
45,popular_1_exp_Experiment_1_seed_42
173,popular_1_exp_Experiment_1_seed_42
43,popular_1_exp_Experiment_1_seed_42
48,popular_1_exp_Experiment_1_seed_42
85,popular_1_exp_Experiment_1_seed_42
164,popular_1_exp_Experiment_1_seed_42
251,popular_1_exp_Experiment_1_seed_42
310,popular_1_exp_Experiment_1_seed_42
504,popular_1_exp_Experiment_1_seed_42
66,popular_1_exp_Experiment_1_seed_42
192,popular_1_exp_Experiment_1_seed_42
557,popular_1_exp_Experiment_1_seed_42
29,popular_1_exp_Experiment_1_seed_42
122,popular_1_exp_Experiment_1_seed_42
88,popular_1_exp_Experiment_1_seed_42
55,popular_1_exp_Experiment_1_seed_42
312,popular_1_exp_Experiment_1_seed_42
399,popular_1_exp_Experiment_1_seed_42
531,popular_1_exp_Experiment_1_seed_42
213,popular_1_exp_Experiment_1_seed_42
243,popular_1_exp_Experiment_1_seed_42
544,popular_1_exp_Experiment_1_seed_42
252,popular_1_exp_Experiment_1_seed_42
265,popular_1_exp_Experiment_1_seed_42
374,popular_1_exp_Experiment_1_seed_42
190,popular_1_exp_Experiment_1_seed_42
573,popular_1_exp_Experiment_1_seed_42
367,popular_1_exp_Experiment_1_seed_42
253,popular_1_exp_Experiment_1_seed_42
217,popular_1_exp_Experiment_1_seed_42
515,popular_1_exp_Experiment_1_seed_42
24,popular_1_exp_Experiment_1_seed_42
149,popular_1_exp_Experiment_1_seed_42
28,popular_1_exp_Experiment_1_seed_42
260,popular_1_exp_Experiment_1_seed_42
444,popular_1_exp_Experiment_1_seed_42
559,popular_1_exp_Experiment_1_seed_42
350,popular_1_exp_Experiment_1_seed_42
409,popular_1_exp_Experiment_1_seed_42
378,popular_1_exp_Experiment_1_seed_42
570,popular_1_exp_Experiment_1_seed_42
489,popular_1_exp_Experiment_1_seed_42
363,popular_1_exp_Experiment_1_seed_42
200,popular_1_exp_Experiment_1_seed_42
119,popular_1_exp_Experiment_1_seed_42
495,popular_1_exp_Experiment_1_seed_42
498,popular_1_exp_Experiment_1_seed_42
135,popular_1_exp_Experiment_1_seed_42
104,popular_1_exp_Experiment_1_seed_42
449,popular_1_exp_Experiment_1_seed_42
355,popular_1_exp_Experiment_1_seed_42
264,popular_1_exp_Experiment_1_seed_42
69,popular_1_exp_Experiment_1_seed_42
74,popular_1_exp_Experiment_1_seed_42
469,popular_1_exp_Experiment_1_seed_42
438,popular_1_exp_Experiment_1_seed_42
277,popular_1_exp_Experiment_1_seed_42
429,popular_1_exp_Experiment_1_seed_42
589,popular_1_exp_Experiment_1_seed_42
215,popular_1_exp_Experiment_1_seed_42
598,popular_1_exp_Experiment_1_seed_42
107,popular_1_exp_Experiment_1_seed_42
256,popular_1_exp_Experiment_1_seed_42
197,popular_1_exp_Experiment_1_seed_42
465,popular_1_exp_Experiment_1_seed_42
593,popular_1_exp_Experiment_1_seed_42
304,popular_1_exp_Experiment_1_seed_42
428,popular_1_exp_Experiment_1_seed_42
287,popular_1_exp_Experiment_1_seed_42
354,popular_1_exp_Experiment_1_seed_42
519,popular_1_exp_Experiment_1_seed_42
23,popular_1_exp_Experiment_1_seed_42
303,popular_1_exp_Experiment_1_seed_42
460,popular_1_exp_Experiment_1_seed_42
392,popular_1_exp_Experiment_1_seed_42
427,popular_1_exp_Experiment_1_seed_42
319,popular_1_exp_Experiment_1_seed_42
420,popular_1_exp_Experiment_1_seed_42
408,popular_1_exp_Experiment_1_seed_42
76,popular_1_exp_Experiment_1_seed_42
398,popular_1_exp_Experiment_1_seed_42
343,popular_1_exp_Experiment_1_seed_42
62,popular_1_exp_Experiment_1_seed_42
259,popular_1_exp_Experiment_1_seed_42
177,popular_1_exp_Experiment_1_seed_42
31,popular_1_exp_Experiment_1_seed_42
435,popular_1_exp_Experiment_1_seed_42
224,popular_1_exp_Experiment_1_seed_42
314,popular_1_exp_Experiment_1_seed_42
384,popular_1_exp_Experiment_1_seed_42
575,popular_1_exp_Experiment_1_seed_42
507,popular_1_exp_Experiment_1_seed_42
116,popular_1_exp_Experiment_1_seed_42
453,popular_1_exp_Experiment_1_seed_42
338,popular_1_exp_Experiment_1_seed_42
231,popular_1_exp_Experiment_1_seed_42
505,popular_1_exp_Experiment_1_seed_42
196,popular_1_exp_Experiment_1_seed_42
201,popular_1_exp_Experiment_1_seed_42
60,popular_1_exp_Experiment_1_seed_42
181,popular_1_exp_Experiment_1_seed_42
0,popular_1_exp_Experiment_1_seed_42
496,popular_1_exp_Experiment_1_seed_42
236,popular_1_exp_Experiment_1_seed_42
276,popular_1_exp_Experiment_1_seed_42
291,popular_1_exp_Experiment_1_seed_42
191,popular_1_exp_Experiment_1_seed_42
5,popular_1_exp_Experiment_1_seed_42
561,popular_1_exp_Experiment_1_seed_42
371,popular_1_exp_Experiment_1_seed_42
269,popular_1_exp_Experiment_1_seed_42
373,popular_1_exp_Experiment_1_seed_42
480,popular_1_exp_Experiment_1_seed_42
485,popular_1_exp_Experiment_1_seed_42
586,popular_1_exp_Experiment_1_seed_42
9,popular_1_exp_Experiment_1_seed_42
587,popular_1_exp_Experiment_1_seed_42
207,popular_1_exp_Experiment_1_seed_42
159,popular_1_exp_Experiment_1_seed_42
286,popular_1_exp_Experiment_1_seed_42
175,popular_1_exp_Experiment_1_seed_42
290,popular_1_exp_Experiment_1_seed_42
25,popular_1_exp_Experiment_1_seed_42
486,popular_1_exp_Experiment_1_seed_42
262,popular_1_exp_Experiment_1_seed_42
526,popular_1_exp_Experiment_1_seed_42
341,popular_1_exp_Experiment_1_seed_42
302,popular_1_exp_Experiment_1_seed_42
229,popular_1_exp_Experiment_1_seed_42
91,popular_1_exp_Experiment_1_seed_42
182,popular_1_exp_Experiment_1_seed_42
316,popular_1_exp_Experiment_1_seed_42
87,popular_1_exp_Experiment_1_seed_42
464,popular_1_exp_Experiment_1_seed_42
574,popular_1_exp_Experiment_1_seed_42
321,popular_1_exp_Experiment_1_seed_42
521,popular_1_exp_Experiment_1_seed_42
362,popular_1_exp_Experiment_1_seed_42
456,popular_1_exp_Experiment_1_seed_42
56,popular_1_exp_Experiment_1_seed_42
288,popular_1_exp_Experiment_1_seed_42
414,popular_1_exp_Experiment_1_seed_42
7,popular_1_exp_Experiment_1_seed_42
157,popular_1_exp_Experiment_1_seed_42
539,popular_1_exp_Experiment_1_seed_42
94,popular_1_exp_Experiment_1_seed_42
16,popular_1_exp_Experiment_1_seed_42
405,popular_1_exp_Experiment_1_seed_42
430,popular_1_exp_Experiment_1_seed_42
482,popular_1_exp_Experiment_1_seed_42
451,popular_1_exp_Experiment_1_seed_42
401,popular_1_exp_Experiment_1_seed_42
579,popular_1_exp_Experiment_1_seed_42
205,popular_1_exp_Experiment_1_seed_42
513,popular_1_exp_Experiment_1_seed_42
166,popular_1_exp_Experiment_1_seed_42
512,popular_1_exp_Experiment_1_seed_42
582,popular_1_exp_Experiment_1_seed_42
257,popular_1_exp_Experiment_1_seed_42
187,popular_1_exp_Experiment_1_seed_42
93,popular_1_exp_Experiment_1_seed_42
357,popular_1_exp_Experiment_1_seed_42
65,popular_1_exp_Experiment_1_seed_42
383,popular_1_exp_Experiment_1_seed_42
572,popular_1_exp_Experiment_1_seed_42
306,popular_1_exp_Experiment_1_seed_42
238,popular_1_exp_Experiment_1_seed_42
387,popular_1_exp_Experiment_1_seed_42
548,popular_1_exp_Experiment_1_seed_42
206,popular_1_exp_Experiment_1_seed_42
517,popular_1_exp_Experiment_1_seed_42
40,popular_1_exp_Experiment_1_seed_42
436,popular_1_exp_Experiment_1_seed_42
272,popular_1_exp_Experiment_1_seed_42
195,popular_1_exp_Experiment_1_seed_42
554,popular_1_exp_Experiment_1_seed_42
152,popular_1_exp_Experiment_1_seed_42
577,popular_1_exp_Experiment_1_seed_42
439,popular_1_exp_Experiment_1_seed_42
145,popular_1_exp_Experiment_1_seed_42
57,popular_1_exp_Experiment_1_seed_42
369,popular_1_exp_Experiment_1_seed_42
142,popular_1_exp_Experiment_1_seed_42
96,popular_1_exp_Experiment_1_seed_42
353,popular_1_exp_Experiment_1_seed_42
292,popular_1_exp_Experiment_1_seed_42
168,popular_1_exp_Experiment_1_seed_42
218,popular_1_exp_Experiment_1_seed_42
419,popular_1_exp_Experiment_1_seed_42
317,popular_1_exp_Experiment_1_seed_42
150,popular_1_exp_Experiment_1_seed_42
123,popular_1_exp_Experiment_1_seed_42
364,popular_1_exp_Experiment_1_seed_42
382,popular_1_exp_Experiment_1_seed_42
114,popular_1_exp_Experiment_1_seed_42
549,popular_1_exp_Experiment_1_seed_42
148,popular_1_exp_Experiment_1_seed_42
305,popular_1_exp_Experiment_1_seed_42
370,popular_1_exp_Experiment_1_seed_42
550,popular_1_exp_Experiment_1_seed_42
110,popular_1_exp_Experiment_1_seed_42
63,popular_1_exp_Experiment_1_seed_42
492,popular_1_exp_Experiment_1_seed_42
553,popular_1_exp_Experiment_1_seed_42
47,popular_1_exp_Experiment_1_seed_42
330,popular_1_exp_Experiment_1_seed_42
176,popular_1_exp_Experiment_1_seed_42
356,popular_1_exp_Experiment_1_seed_42
407,popular_1_exp_Experiment_1_seed_42
394,popular_1_exp_Experiment_1_seed_42
458,popular_1_exp_Experiment_1_seed_42
22,popular_1_exp_Experiment_1_seed_42
395,popular_1_exp_Experiment_1_seed_42
239,popular_1_exp_Experiment_1_seed_42
234,popular_1_exp_Experiment_1_seed_42
53,popular_1_exp_Experiment_1_seed_42
98,popular_1_exp_Experiment_1_seed_42
232,popular_1_exp_Experiment_1_seed_42
178,popular_1_exp_Experiment_1_seed_42
162,popular_1_exp_Experiment_1_seed_42
479,popular_1_exp_Experiment_1_seed_42
385,popular_1_exp_Experiment_1_seed_42
462,popular_1_exp_Experiment_1_seed_42
328,popular_1_exp_Experiment_1_seed_42
506,popular_1_exp_Experiment_1_seed_42
299,popular_1_exp_Experiment_1_seed_42
167,popular_1_exp_Experiment_1_seed_42
386,popular_1_exp_Experiment_1_seed_42
522,popular_1_exp_Experiment_1_seed_42
26,popular_1_exp_Experiment_1_seed_42
183,popular_1_exp_Experiment_1_seed_42
320,popular_1_exp_Experiment_1_seed_42
172,popular_1_exp_Experiment_1_seed_42
103,popular_1_exp_Experiment_1_seed_42
203,popular_1_exp_Experiment_1_seed_42
333,popular_1_exp_Experiment_1_seed_42
347,popular_1_exp_Experiment_1_seed_42
249,popular_1_exp_Experiment_1_seed_42
274,popular_1_exp_Experiment_1_seed_42
14,popular_1_exp_Experiment_1_seed_42
300,popular_1_exp_Experiment_1_seed_42
223,popular_1_exp_Experiment_1_seed_42
502,popular_1_exp_Experiment_1_seed_42
193,popular_1_exp_Experiment_1_seed_42
285,popular_1_exp_Experiment_1_seed_42
404,popular_1_exp_Experiment_1_seed_42
533,popular_1_exp_Experiment_1_seed_42
112,popular_1_exp_Experiment_1_seed_42
284,popular_1_exp_Experiment_1_seed_42
108,popular_1_exp_Experiment_1_seed_42
345,popular_1_exp_Experiment_1_seed_42
415,popular_1_exp_Experiment_1_seed_42
220,popular_1_exp_Experiment_1_seed_42
366,popular_1_exp_Experiment_1_seed_42
222,popular_1_exp_Experiment_1_seed_42
139,popular_1_exp_Experiment_1_seed_42
463,popular_1_exp_Experiment_1_seed_42
41,popular_1_exp_Experiment_1_seed_42
83,popular_1_exp_Experiment_1_seed_42
590,popular_1_exp_Experiment_1_seed_42
470,popular_1_exp_Experiment_1_seed_42
268,popular_1_exp_Experiment_1_seed_42
530,popular_1_exp_Experiment_1_seed_42
180,popular_1_exp_Experiment_1_seed_42
468,popular_1_exp_Experiment_1_seed_42
77,popular_1_exp_Experiment_1_seed_42
563,popular_1_exp_Experiment_1_seed_42
588,popular_1_exp_Experiment_1_seed_42
454,popular_1_exp_Experiment_1_seed_42
295,popular_1_exp_Experiment_1_seed_42
478,popular_1_exp_Experiment_1_seed_42
565,popular_1_exp_Experiment_1_seed_42
144,popular_1_exp_Experiment_1_seed_42
581,popular_1_exp_Experiment_1_seed_42
39,popular_1_exp_Experiment_1_seed_42
510,popular_1_exp_Experiment_1_seed_42
431,popular_1_exp_Experiment_1_seed_42
71,popular_1_exp_Experiment_1_seed_42
99,popular_1_exp_Experiment_1_seed_42
584,popular_1_exp_Experiment_1_seed_42
42,popular_1_exp_Experiment_1_seed_42
538,popular_1_exp_Experiment_1_seed_42
592,popular_1_exp_Experiment_1_seed_42
117,popular_1_exp_Experiment_1_seed_42
151,popular_1_exp_Experiment_1_seed_42
3,popular_1_exp_Experiment_1_seed_42
433,popular_1_exp_Experiment_1_seed_42
237,popular_1_exp_Experiment_1_seed_42
580,popular_1_exp_Experiment_1_seed_42
555,popular_1_exp_Experiment_1_seed_42
511,popular_1_exp_Experiment_1_seed_42
171,popular_1_exp_Experiment_1_seed_42
30,popular_1_exp_Experiment_1_seed_42
46,popular_1_exp_Experiment_1_seed_42
227,popular_1_exp_Experiment_1_seed_42
459,popular_1_exp_Experiment_1_seed_42
534,popular_1_exp_Experiment_1_seed_42
293,popular_1_exp_Experiment_1_seed_42
520,popular_1_exp_Experiment_1_seed_42
494,popular_1_exp_Experiment_1_seed_42
379,popular_1_exp_Experiment_1_seed_42
282,popular_1_exp_Experiment_1_seed_42
240,popular_1_exp_Experiment_1_seed_42
323,popular_1_exp_Experiment_1_seed_42
120,popular_1_exp_Experiment_1_seed_42
51,popular_1_exp_Experiment_1_seed_42
298,popular_1_exp_Experiment_1_seed_42
59,popular_1_exp_Experiment_1_seed_42
442,popular_1_exp_Experiment_1_seed_42
281,popular_1_exp_Experiment_1_seed_42
597,popular_1_exp_Experiment_1_seed_42
244,popular_1_exp_Experiment_1_seed_42
179,popular_1_exp_Experiment_1_seed_42
81,popular_1_exp_Experiment_1_seed_42
219,popular_1_exp_Experiment_1_seed_42
204,popular_1_exp_Experiment_1_seed_42
556,popular_1_exp_Experiment_1_seed_42
126,popular_1_exp_Experiment_1_seed_42
576,popular_1_exp_Experiment_1_seed_42
416,popular_1_exp_Experiment_1_seed_42
132,popular_1_exp_Experiment_1_seed_42
32,popular_1_exp_Experiment_1_seed_42
594,popular_1_exp_Experiment_1_seed_42
79,popular_1_exp_Experiment_1_seed_42
1,popular_1_exp_Experiment_1_seed_42
484,popular_1_exp_Experiment_1_seed_42
585,popular_1_exp_Experiment_1_seed_42
143,popular_1_exp_Experiment_1_seed_42
473,popular_1_exp_Experiment_1_seed_42
141,popular_1_exp_Experiment_1_seed_42
326,popular_1_exp_Experiment_1_seed_42
61,popular_1_exp_Experiment_1_seed_42
432,popular_1_exp_Experiment_1_seed_42
199,popular_1_exp_Experiment_1_seed_42
452,popular_1_exp_Experiment_1_seed_42
471,popular_1_exp_Experiment_1_seed_42
105,popular_1_exp_Experiment_1_seed_42
146,popular_1_exp_Experiment_1_seed_42
578,popular_1_exp_Experiment_1_seed_42
410,popular_1_exp_Experiment_1_seed_42
221,popular_1_exp_Experiment_1_seed_42
297,popular_1_exp_Experiment_1_seed_42
210,popular_1_exp_Experiment_1_seed_42
15,popular_1_exp_Experiment_1_seed_42
254,popular_1_exp_Experiment_1_seed_42
402,popular_1_exp_Experiment_1_seed_42
457,popular_1_exp_Experiment_1_seed_42
334,popular_1_exp_Experiment_1_seed_42
524,popular_1_exp_Experiment_1_seed_42
472,popular_1_exp_Experiment_1_seed_42
336,popular_1_exp_Experiment_1_seed_42
527,popular_1_exp_Experiment_1_seed_42
283,popular_1_exp_Experiment_1_seed_42
52,popular_1_exp_Experiment_1_seed_42
461,popular_1_exp_Experiment_1_seed_42
12,popular_1_exp_Experiment_1_seed_42
514,popular_1_exp_Experiment_1_seed_42
54,popular_1_exp_Experiment_1_seed_42
393,popular_1_exp_Experiment_1_seed_42
437,popular_1_exp_Experiment_1_seed_42
216,popular_1_exp_Experiment_1_seed_42
488,popular_1_exp_Experiment_1_seed_42
309,popular_1_exp_Experiment_1_seed_42
547,popular_1_exp_Experiment_1_seed_42
552,popular_1_exp_Experiment_1_seed_42
21,popular_1_exp_Experiment_1_seed_42
278,popular_1_exp_Experiment_1_seed_42
375,popular_1_exp_Experiment_1_seed_42
455,popular_1_exp_Experiment_1_seed_42
34,popular_1_exp_Experiment_1_seed_42
11,popular_1_exp_Experiment_1_seed_42
136,popular_1_exp_Experiment_1_seed_42
147,popular_1_exp_Experiment_1_seed_42
49,popular_1_exp_Experiment_1_seed_42
508,popular_1_exp_Experiment_1_seed_42
595,popular_1_exp_Experiment_1_seed_42
296,popular_1_exp_Experiment_1_seed_42
4,popular_1_exp_Experiment_1_seed_42
165,popular_1_exp_Experiment_1_seed_42
397,popular_1_exp_Experiment_1_seed_42
169,popular_1_exp_Experiment_1_seed_42
446,popular_1_exp_Experiment_1_seed_42
518,popular_1_exp_Experiment_1_seed_42
499,popular_1_exp_Experiment_1_seed_42
509,popular_1_exp_Experiment_1_seed_42
44,popular_1_exp_Experiment_1_seed_42
248,popular_1_exp_Experiment_1_seed_42
376,popular_1_exp_Experiment_1_seed_42
133,popular_1_exp_Experiment_1_seed_42
569,popular_1_exp_Experiment_1_seed_42
560,popular_1_exp_Experiment_1_seed_42
466,popular_1_exp_Experiment_1_seed_42
348,popular_1_exp_Experiment_1_seed_42
101,popular_1_exp_Experiment_1_seed_42
64,popular_1_exp_Experiment_1_seed_42
360,popular_1_exp_Experiment_1_seed_42
189,popular_1_exp_Experiment_1_seed_42
78,popular_1_exp_Experiment_1_seed_42
118,popular_1_exp_Experiment_1_seed_42
380,popular_1_exp_Experiment_1_seed_42
131,popular_1_exp_Experiment_1_seed_42
188,popular_1_exp_Experiment_1_seed_42
186,popular_1_exp_Experiment_1_seed_42
441,popular_1_exp_Experiment_1_seed_42
422,popular_1_exp_Experiment_1_seed_42
233,popular_1_exp_Experiment_1_seed_42
445,popular_1_exp_Experiment_1_seed_42
400,popular_1_exp_Experiment_1_seed_42
154,popular_1_exp_Experiment_1_seed_42
50,popular_1_exp_Experiment_1_seed_42
73,popular_1_exp_Experiment_1_seed_42
156,popular_1_exp_Experiment_1_seed_42
425,popular_1_exp_Experiment_1_seed_42
308,popular_1_exp_Experiment_1_seed_42
447,popular_1_exp_Experiment_1_seed_42
423,popular_1_exp_Experiment_1_seed_42
263,popular_1_exp_Experiment_1_seed_42
324,popular_1_exp_Experiment_1_seed_42
92,popular_1_exp_Experiment_1_seed_42
413,popular_1_exp_Experiment_1_seed_42
543,popular_1_exp_Experiment_1_seed_42
38,popular_1_exp_Experiment_1_seed_42
535,popular_1_exp_Experiment_1_seed_42
411,popular_1_exp_Experiment_1_seed_42
275,popular_1_exp_Experiment_1_seed_42
501,popular_1_exp_Experiment_1_seed_42
271,popular_1_exp_Experiment_1_seed_42
368,popular_1_exp_Experiment_1_seed_42
89,popular_1_exp_Experiment_1_seed_42
358,popular_1_exp_Experiment_1_seed_42
273,popular_1_exp_Experiment_1_seed_42
346,popular_1_exp_Experiment_1_seed_42
339,popular_1_exp_Experiment_1_seed_42
106,popular_1_exp_Experiment_1_seed_42
529,popular_1_exp_Experiment_1_seed_42
100,popular_1_exp_Experiment_1_seed_42
497,popular_1_exp_Experiment_1_seed_42
67,popular_1_exp_Experiment_1_seed_42
2,popular_1_exp_Experiment_1_seed_42
185,popular_1_exp_Experiment_1_seed_42
315,popular_1_exp_Experiment_1_seed_42
377,popular_1_exp_Experiment_1_seed_42
503,popular_1_exp_Experiment_1_seed_42
247,popular_1_exp_Experiment_1_seed_42
448,popular_1_exp_Experiment_1_seed_42
313,popular_1_exp_Experiment_1_seed_42
279,popular_1_exp_Experiment_1_seed_42
202,popular_1_exp_Experiment_1_seed_42
337,popular_1_exp_Experiment_1_seed_42
280,popular_1_exp_Experiment_1_seed_42
426,popular_1_exp_Experiment_1_seed_42
228,popular_1_exp_Experiment_1_seed_42
474,popular_1_exp_Experiment_1_seed_42
209,popular_1_exp_Experiment_1_seed_42
523,popular_1_exp_Experiment_1_seed_42
138,popular_1_exp_Experiment_1_seed_42
421,popular_1_exp_Experiment_1_seed_42
536,popular_1_exp_Experiment_1_seed_42
68,popular_1_exp_Experiment_1_seed_42
381,popular_1_exp_Experiment_1_seed_42
163,popular_1_exp_Experiment_1_seed_42
245,popular_1_exp_Experiment_1_seed_42
359,popular_1_exp_Experiment_1_seed_42
566,popular_1_exp_Experiment_1_seed_42
289,popular_1_exp_Experiment_1_seed_42
327,popular_1_exp_Experiment_1_seed_42
351,popular_1_exp_Experiment_1_seed_42
493,popular_1_exp_Experiment_1_seed_42
546,popular_1_exp_Experiment_1_seed_42
388,popular_1_exp_Experiment_1_seed_42
583,popular_1_exp_Experiment_1_seed_42
130,popular_1_exp_Experiment_1_seed_42
161,popular_1_exp_Experiment_1_seed_42
564,popular_1_exp_Experiment_1_seed_42
389,popular_1_exp_Experiment_1_seed_42
153,popular_1_exp_Experiment_1_seed_42
95,popular_1_exp_Experiment_1_seed_42
540,popular_1_exp_Experiment_1_seed_42
255,popular_1_exp_Experiment_1_seed_42
82,popular_1_exp_Experiment_1_seed_42
481,popular_1_exp_Experiment_1_seed_42
125,popular_1_exp_Experiment_1_seed_42
37,popular_1_exp_Experiment_1_seed_42
17,popular_1_exp_Experiment_1_seed_42
335,popular_1_exp_Experiment_1_seed_42
545,popular_1_exp_Experiment_1_seed_42
18,popular_1_exp_Experiment_1_seed_42
214,popular_1_exp_Experiment_1_seed_42
443,popular_1_exp_Experiment_1_seed_42
332,popular_1_exp_Experiment_1_seed_42
558,popular_1_exp_Experiment_1_seed_42
35,popular_1_exp_Experiment_1_seed_42
246,popular_1_exp_Experiment_1_seed_42
390,popular_1_exp_Experiment_1_seed_42
33,popular_1_exp_Experiment_1_seed_42
516,popular_1_exp_Experiment_1_seed_42
568,popular_1_exp_Experiment_1_seed_42
424,popular_1_exp_Experiment_1_seed_42
198,popular_1_exp_Experiment_1_seed_42
599,popular_1_exp_Experiment_1_seed_42
491,popular_1_exp_Experiment_1_seed_42
270,popular_1_exp_Experiment_1_seed_42
294,popular_1_exp_Experiment_1_seed_42
241,popular_1_exp_Experiment_1_seed_42
412,popular_1_exp_Experiment_1_seed_42
331,popular_1_exp_Experiment_1_seed_42
340,popular_1_exp_Experiment_1_seed_42
212,popular_1_exp_Experiment_1_seed_42
134,popular_1_exp_Experiment_1_seed_42
97,popular_1_exp_Experiment_1_seed_42
258,popular_1_exp_Experiment_1_seed_42
490,popular_1_exp_Experiment_1_seed_42
90,popular_1_exp_Experiment_1_seed_42
129,popular_1_exp_Experiment_1_seed_42
301,popular_1_exp_Experiment_1_seed_42
127,popular_1_exp_Experiment_1_seed_42
475,popular_1_exp_Experiment_1_seed_42
155,popular_1_exp_Experiment_1_seed_42
72,popular_1_exp_Experiment_1_seed_42
140,popular_1_exp_Experiment_1_seed_42
450,popular_1_exp_Experiment_1_seed_42
440,popular_1_exp_Experiment_1_seed_42
537,popular_1_exp_Experiment_1_seed_42
113,popular_1_exp_Experiment_1_seed_42
235,popular_1_exp_Experiment_1_seed_42
476,popular_1_exp_Experiment_1_seed_42
406,popular_1_exp_Experiment_1_seed_42
111,popular_1_exp_Experiment_1_seed_42
80,popular_1_exp_Experiment_1_seed_42
318,popular_1_exp_Experiment_1_seed_42
391,popular_1_exp_Experiment_1_seed_42
344,popular_1_exp_Experiment_1_seed_42
121,popular_1_exp_Experiment_1_seed_42
591,popular_1_exp_Experiment_1_seed_42
551,popular_1_exp_Experiment_1_seed_42
226,popular_1_exp_Experiment_1_seed_42
467,popular_1_exp_Experiment_1_seed_42
10,popular_1_exp_Experiment_1_seed_42
532,popular_1_exp_Experiment_1_seed_42
75,popular_1_exp_Experiment_1_seed_42
211,popular_1_exp_Experiment_1_seed_42
250,popular_1_exp_Experiment_1_seed_42
403,popular_1_exp_Experiment_1_seed_42
562,popular_1_exp_Experiment_1_seed_42
525,popular_1_exp_Experiment_1_seed_42
86,popular_1_exp_Experiment_1_seed_42
365,popular_1_exp_Experiment_1_seed_42
571,popular_1_exp_Experiment_1_seed_42
266,popular_1_exp_Experiment_1_seed_42
542,popular_1_exp_Experiment_1_seed_42
396,popular_1_exp_Experiment_1_seed_42
225,popular_1_exp_Experiment_1_seed_42
230,popular_1_exp_Experiment_1_seed_42
434,popular_1_exp_Experiment_1_seed_42
174,popular_1_exp_Experiment_1_seed_42
322,popular_1_exp_Experiment_1_seed_42
311,popular_1_exp_Experiment_1_seed_42
36,popular_1_exp_Experiment_1_seed_42
307,popular_1_exp_Experiment_1_seed_42
261,popular_1_exp_Experiment_1_seed_42
184,popular_1_exp_Experiment_1_seed_42
329,popular_1_exp_Experiment_1_seed_42
477,popular_1_exp_Experiment_1_seed_42
342,popular_1_exp_Experiment_1_seed_42
596,popular_1_exp_Experiment_1_seed_42
372,popular_1_exp_Experiment_1_seed_42
325,popular_1_exp_Experiment_1_seed_42
6,popular_1_exp_Experiment_1_seed_42
170,popular_1_exp_Experiment_1_seed_42
194,popular_1_exp_Experiment_1_seed_42
567,popular_1_exp_Experiment_1_seed_42
417,popular_1_exp_Experiment_1_seed_42
160,popular_1_exp_Experiment_1_seed_42
158,popular_1_exp_Experiment_1_seed_42
541,popular_1_exp_Experiment_1_seed_42
137,popular_1_exp_Experiment_1_seed_42
528,popular_1_exp_Experiment_1_seed_42
84,popular_1_exp_Experiment_1_seed_42
13,popular_1_exp_Experiment_1_seed_42
361,popular_1_exp_Experiment_1_seed_42
418,popular_1_exp_Experiment_1_seed_42
58,popular_1_exp_Experiment_1_seed_42
124,popular_1_exp_Experiment_1_seed_42
115,popular_1_exp_Experiment_1_seed_42
349,popular_1_exp_Experiment_1_seed_42
8,popular_1_exp_Experiment_1_seed_42
487,popular_1_exp_Experiment_1_seed_42
102,popular_1_exp_Experiment_1_seed_42
483,popular_1_exp_Experiment_1_seed_42
352,popular_1_exp_Experiment_1_seed_42
500,popular_1_exp_Experiment_1_seed_42
20,popular_1_exp_Experiment_1_seed_42
19,popular_1_exp_Experiment_1_seed_42
242,popular_1_exp_Experiment_1_seed_42
267,popular_1_exp_Experiment_1_seed_42
128,popular_1_exp_Experiment_1_seed_42
208,popular_1_exp_Experiment_1_seed_42
109,popular_1_exp_Experiment_1_seed_42
27,popular_1_exp_Experiment_1_seed_42
70,popular_1_exp_Experiment_1_seed_42
45,popular_1_exp_Experiment_1_seed_42
173,popular_1_exp_Experiment_1_seed_42
43,popular_1_exp_Experiment_1_seed_42
48,popular_1_exp_Experiment_1_seed_42
85,popular_1_exp_Experiment_1_seed_42
164,popular_1_exp_Experiment_1_seed_42
251,popular_1_exp_Experiment_1_seed_42
310,popular_1_exp_Experiment_1_seed_42
504,popular_1_exp_Experiment_1_seed_42
66,popular_1_exp_Experiment_1_seed_42
192,popular_1_exp_Experiment_1_seed_42
557,popular_1_exp_Experiment_1_seed_42
29,popular_1_exp_Experiment_1_seed_42
122,popular_1_exp_Experiment_1_seed_42
88,popular_1_exp_Experiment_1_seed_42
55,popular_1_exp_Experiment_1_seed_42
312,popular_1_exp_Experiment_1_seed_42
399,popular_1_exp_Experiment_1_seed_42
531,popular_1_exp_Experiment_1_seed_42
213,popular_1_exp_Experiment_1_seed_42
243,popular_1_exp_Experiment_1_seed_42
544,popular_1_exp_Experiment_1_seed_42
252,popular_1_exp_Experiment_1_seed_42
265,popular_1_exp_Experiment_1_seed_42
374,popular_1_exp_Experiment_1_seed_42
190,popular_1_exp_Experiment_1_seed_42
573,popular_1_exp_Experiment_1_seed_42
367,popular_1_exp_Experiment_1_seed_42
253,popular_1_exp_Experiment_1_seed_42
217,popular_1_exp_Experiment_1_seed_42
515,popular_1_exp_Experiment_1_seed_42
24,popular_1_exp_Experiment_1_seed_42
149,popular_1_exp_Experiment_1_seed_42
28,popular_1_exp_Experiment_1_seed_42
260,popular_1_exp_Experiment_1_seed_42
444,popular_1_exp_Experiment_1_seed_42
559,popular_1_exp_Experiment_1_seed_42
350,popular_1_exp_Experiment_1_seed_42
409,popular_1_exp_Experiment_1_seed_42
378,popular_1_exp_Experiment_1_seed_42
570,popular_1_exp_Experiment_1_seed_42
489,popular_1_exp_Experiment_1_seed_42
363,popular_1_exp_Experiment_1_seed_42
200,popular_1_exp_Experiment_1_seed_42
119,popular_1_exp_Experiment_1_seed_42
495,popular_1_exp_Experiment_1_seed_42
498,popular_1_exp_Experiment_1_seed_42
135,popular_1_exp_Experiment_1_seed_42
104,popular_1_exp_Experiment_1_seed_42
449,popular_1_exp_Experiment_1_seed_42
355,popular_1_exp_Experiment_1_seed_42
264,popular_1_exp_Experiment_1_seed_42
69,popular_1_exp_Experiment_1_seed_42
74,popular_1_exp_Experiment_1_seed_42
469,popular_1_exp_Experiment_1_seed_42
438,popular_1_exp_Experiment_1_seed_42
277,popular_1_exp_Experiment_1_seed_42
429,popular_1_exp_Experiment_1_seed_42
589,popular_1_exp_Experiment_1_seed_42
215,popular_1_exp_Experiment_1_seed_42
598,popular_1_exp_Experiment_1_seed_42
107,popular_1_exp_Experiment_1_seed_42
256,popular_1_exp_Experiment_1_seed_42
197,popular_1_exp_Experiment_1_seed_42
465,popular_1_exp_Experiment_1_seed_42
593,popular_1_exp_Experiment_1_seed_42
304,popular_1_exp_Experiment_1_seed_42
428,popular_1_exp_Experiment_1_seed_42
287,popular_1_exp_Experiment_1_seed_42
354,popular_1_exp_Experiment_1_seed_42
519,popular_1_exp_Experiment_1_seed_42
23,popular_1_exp_Experiment_1_seed_42
303,popular_1_exp_Experiment_1_seed_42
460,popular_1_exp_Experiment_1_seed_42
392,popular_1_exp_Experiment_1_seed_42
427,popular_1_exp_Experiment_1_seed_42
319,popular_1_exp_Experiment_1_seed_42
420,popular_1_exp_Experiment_1_seed_42
408,popular_1_exp_Experiment_1_seed_42
76,popular_1_exp_Experiment_1_seed_42
398,popular_1_exp_Experiment_1_seed_42
343,popular_1_exp_Experiment_1_seed_42
62,popular_1_exp_Experiment_1_seed_42
259,popular_1_exp_Experiment_1_seed_42
177,popular_1_exp_Experiment_1_seed_42
31,popular_1_exp_Experiment_1_seed_42
435,popular_1_exp_Experiment_1_seed_42
224,popular_1_exp_Experiment_1_seed_42
314,popular_1_exp_Experiment_1_seed_42
384,popular_1_exp_Experiment_1_seed_42
575,popular_1_exp_Experiment_1_seed_42
507,popular_1_exp_Experiment_1_seed_42
116,popular_1_exp_Experiment_1_seed_42
453,popular_1_exp_Experiment_1_seed_42
338,popular_1_exp_Experiment_1_seed_42
231,popular_1_exp_Experiment_1_seed_42
505,popular_1_exp_Experiment_1_seed_42
196,popular_1_exp_Experiment_1_seed_42
201,popular_1_exp_Experiment_1_seed_42
60,popular_1_exp_Experiment_1_seed_42
181,popular_1_exp_Experiment_1_seed_42
0,popular_1_exp_Experiment_1_seed_42
496,popular_1_exp_Experiment_1_seed_42
236,popular_1_exp_Experiment_1_seed_42
276,popular_1_exp_Experiment_1_seed_42
291,popular_1_exp_Experiment_1_seed_42
191,popular_1_exp_Experiment_1_seed_42
5,popular_1_exp_Experiment_1_seed_42
561,popular_1_exp_Experiment_1_seed_42
371,popular_1_exp_Experiment_1_seed_42
269,popular_1_exp_Experiment_1_seed_42
373,popular_1_exp_Experiment_1_seed_42
480,popular_1_exp_Experiment_1_seed_42
485,popular_1_exp_Experiment_1_seed_42
586,popular_1_exp_Experiment_1_seed_42
9,popular_1_exp_Experiment_1_seed_42
587,popular_1_exp_Experiment_1_seed_42
207,popular_1_exp_Experiment_1_seed_42
159,popular_1_exp_Experiment_1_seed_42
286,popular_1_exp_Experiment_1_seed_42
175,popular_1_exp_Experiment_1_seed_42
290,popular_1_exp_Experiment_1_seed_42
25,popular_1_exp_Experiment_1_seed_42
486,popular_1_exp_Experiment_1_seed_42
262,popular_1_exp_Experiment_1_seed_42
526,popular_1_exp_Experiment_1_seed_42
341,popular_1_exp_Experiment_1_seed_42
302,popular_1_exp_Experiment_1_seed_42
229,popular_1_exp_Experiment_1_seed_42
91,popular_1_exp_Experiment_1_seed_42
182,popular_1_exp_Experiment_1_seed_42
316,popular_1_exp_Experiment_1_seed_42
87,popular_1_exp_Experiment_1_seed_42
464,popular_1_exp_Experiment_1_seed_42
574,popular_1_exp_Experiment_1_seed_42
321,popular_1_exp_Experiment_1_seed_42
521,popular_1_exp_Experiment_1_seed_42
362,popular_1_exp_Experiment_1_seed_42
456,popular_1_exp_Experiment_1_seed_42
56,popular_1_exp_Experiment_1_seed_42
288,popular_1_exp_Experiment_1_seed_42
414,popular_1_exp_Experiment_1_seed_42
7,popular_1_exp_Experiment_1_seed_42
157,popular_1_exp_Experiment_1_seed_42
539,popular_1_exp_Experiment_1_seed_42
94,popular_1_exp_Experiment_1_seed_42
16,popular_1_exp_Experiment_1_seed_42
405,popular_1_exp_Experiment_1_seed_42
430,popular_1_exp_Experiment_1_seed_42
482,popular_1_exp_Experiment_1_seed_42
451,popular_1_exp_Experiment_1_seed_42
401,popular_1_exp_Experiment_1_seed_42
579,popular_1_exp_Experiment_1_seed_42
205,popular_1_exp_Experiment_1_seed_42
513,popular_1_exp_Experiment_1_seed_42
166,popular_1_exp_Experiment_1_seed_42
512,popular_1_exp_Experiment_1_seed_42
582,popular_1_exp_Experiment_1_seed_42
257,popular_1_exp_Experiment_1_seed_42
187,popular_1_exp_Experiment_1_seed_42
93,popular_1_exp_Experiment_1_seed_42
357,popular_1_exp_Experiment_1_seed_42
65,popular_1_exp_Experiment_1_seed_42
383,popular_1_exp_Experiment_1_seed_42
572,popular_1_exp_Experiment_1_seed_42
306,popular_1_exp_Experiment_1_seed_42
238,popular_1_exp_Experiment_1_seed_42
387,popular_1_exp_Experiment_1_seed_42
548,popular_1_exp_Experiment_1_seed_42
206,popular_1_exp_Experiment_1_seed_42
517,popular_1_exp_Experiment_1_seed_42
40,popular_1_exp_Experiment_1_seed_42
436,popular_1_exp_Experiment_1_seed_42
272,popular_1_exp_Experiment_1_seed_42
195,popular_1_exp_Experiment_1_seed_42
554,popular_1_exp_Experiment_1_seed_42
152,popular_1_exp_Experiment_1_seed_42
577,popular_1_exp_Experiment_1_seed_42
439,popular_1_exp_Experiment_1_seed_42
145,popular_1_exp_Experiment_1_seed_42
57,popular_1_exp_Experiment_1_seed_42
369,popular_1_exp_Experiment_1_seed_42
142,popular_1_exp_Experiment_1_seed_42
96,popular_1_exp_Experiment_1_seed_42
353,popular_1_exp_Experiment_1_seed_42
292,popular_1_exp_Experiment_1_seed_42
168,popular_1_exp_Experiment_1_seed_42
218,popular_1_exp_Experiment_1_seed_42
419,popular_1_exp_Experiment_1_seed_42
317,popular_1_exp_Experiment_1_seed_42
150,popular_1_exp_Experiment_1_seed_42
123,popular_1_exp_Experiment_1_seed_42
364,popular_1_exp_Experiment_1_seed_42
382,popular_1_exp_Experiment_1_seed_42
114,popular_1_exp_Experiment_1_seed_42
549,popular_1_exp_Experiment_1_seed_42
148,popular_1_exp_Experiment_1_seed_42
305,popular_1_exp_Experiment_1_seed_42
370,popular_1_exp_Experiment_1_seed_42
550,popular_1_exp_Experiment_1_seed_42
110,popular_1_exp_Experiment_1_seed_42
63,popular_1_exp_Experiment_1_seed_42
492,popular_1_exp_Experiment_1_seed_42
553,popular_1_exp_Experiment_1_seed_42
47,popular_1_exp_Experiment_1_seed_42
330,popular_1_exp_Experiment_1_seed_42
176,popular_1_exp_Experiment_1_seed_42
356,popular_1_exp_Experiment_1_seed_42
407,popular_1_exp_Experiment_1_seed_42
394,popular_1_exp_Experiment_1_seed_42
458,popular_1_exp_Experiment_1_seed_42
22,popular_1_exp_Experiment_1_seed_42
395,popular_1_exp_Experiment_1_seed_42
239,popular_1_exp_Experiment_1_seed_42
234,popular_1_exp_Experiment_1_seed_42
53,popular_1_exp_Experiment_1_seed_42
98,popular_1_exp_Experiment_1_seed_42
232,popular_1_exp_Experiment_1_seed_42
178,popular_1_exp_Experiment_1_seed_42
162,popular_1_exp_Experiment_1_seed_42
479,popular_1_exp_Experiment_1_seed_42
385,popular_1_exp_Experiment_1_seed_42
462,popular_1_exp_Experiment_1_seed_42
328,popular_1_exp_Experiment_1_seed_42
506,popular_1_exp_Experiment_1_seed_42
299,popular_1_exp_Experiment_1_seed_42
167,popular_1_exp_Experiment_1_seed_42
386,popular_1_exp_Experiment_1_seed_42
522,popular_1_exp_Experiment_1_seed_42
26,popular_1_exp_Experiment_1_seed_42
183,popular_1_exp_Experiment_1_seed_42
320,popular_1_exp_Experiment_1_seed_42
172,popular_1_exp_Experiment_1_seed_42
103,popular_1_exp_Experiment_1_seed_42
203,popular_1_exp_Experiment_1_seed_42
333,popular_1_exp_Experiment_1_seed_42
347,popular_1_exp_Experiment_1_seed_42
249,popular_1_exp_Experiment_1_seed_42
274,popular_1_exp_Experiment_1_seed_42
14,popular_1_exp_Experiment_1_seed_42
300,popular_1_exp_Experiment_1_seed_42
223,popular_1_exp_Experiment_1_seed_42
502,popular_1_exp_Experiment_1_seed_42
193,popular_1_exp_Experiment_1_seed_42
285,popular_1_exp_Experiment_1_seed_42
404,popular_1_exp_Experiment_1_seed_42
533,popular_1_exp_Experiment_1_seed_42
112,popular_1_exp_Experiment_1_seed_42
284,popular_1_exp_Experiment_1_seed_42
108,popular_1_exp_Experiment_1_seed_42
345,popular_1_exp_Experiment_1_seed_42
415,popular_1_exp_Experiment_1_seed_42
220,popular_1_exp_Experiment_1_seed_42
366,popular_1_exp_Experiment_1_seed_42
222,popular_1_exp_Experiment_1_seed_42
139,popular_1_exp_Experiment_1_seed_42
463,popular_1_exp_Experiment_1_seed_42
41,popular_1_exp_Experiment_1_seed_42
83,popular_1_exp_Experiment_1_seed_42
590,popular_1_exp_Experiment_1_seed_42
470,popular_1_exp_Experiment_1_seed_42
268,popular_1_exp_Experiment_1_seed_42
530,popular_1_exp_Experiment_1_seed_42
180,popular_1_exp_Experiment_1_seed_42
468,popular_1_exp_Experiment_1_seed_42
77,popular_1_exp_Experiment_1_seed_42
563,popular_1_exp_Experiment_1_seed_42
588,popular_1_exp_Experiment_1_seed_42
454,popular_1_exp_Experiment_1_seed_42
295,popular_1_exp_Experiment_1_seed_42
478,popular_1_exp_Experiment_1_seed_42
565,popular_1_exp_Experiment_1_seed_42
144,popular_1_exp_Experiment_1_seed_42
581,popular_1_exp_Experiment_1_seed_42
39,popular_1_exp_Experiment_1_seed_42
510,popular_1_exp_Experiment_1_seed_42
431,popular_1_exp_Experiment_1_seed_42
71,popular_1_exp_Experiment_1_seed_42
99,popular_1_exp_Experiment_1_seed_42
584,popular_1_exp_Experiment_1_seed_42
42,popular_1_exp_Experiment_1_seed_42
538,popular_1_exp_Experiment_1_seed_42
592,popular_1_exp_Experiment_1_seed_42
117,popular_1_exp_Experiment_1_seed_42
151,popular_1_exp_Experiment_1_seed_42
3,popular_1_exp_Experiment_1_seed_42
433,popular_1_exp_Experiment_1_seed_42
237,popular_1_exp_Experiment_1_seed_42
580,popular_1_exp_Experiment_1_seed_42
555,popular_1_exp_Experiment_1_seed_42
511,popular_1_exp_Experiment_1_seed_42
171,popular_1_exp_Experiment_1_seed_42
30,popular_1_exp_Experiment_1_seed_42
46,popular_1_exp_Experiment_1_seed_42
227,popular_1_exp_Experiment_1_seed_42
459,popular_1_exp_Experiment_1_seed_42
534,popular_1_exp_Experiment_1_seed_42
293,popular_1_exp_Experiment_1_seed_42
520,popular_1_exp_Experiment_1_seed_42
494,popular_1_exp_Experiment_1_seed_42
379,popular_1_exp_Experiment_1_seed_42
282,popular_1_exp_Experiment_1_seed_42
240,popular_1_exp_Experiment_1_seed_42
323,popular_1_exp_Experiment_1_seed_42
120,popular_1_exp_Experiment_1_seed_42
51,popular_1_exp_Experiment_1_seed_42
298,popular_1_exp_Experiment_1_seed_42
59,popular_1_exp_Experiment_1_seed_42
442,popular_1_exp_Experiment_1_seed_42
281,popular_1_exp_Experiment_1_seed_42
597,popular_1_exp_Experiment_1_seed_42
244,popular_1_exp_Experiment_1_seed_42
179,popular_1_exp_Experiment_1_seed_42
81,popular_1_exp_Experiment_1_seed_42
219,popular_1_exp_Experiment_1_seed_42
204,popular_1_exp_Experiment_1_seed_42
556,popular_1_exp_Experiment_1_seed_42
126,popular_1_exp_Experiment_1_seed_42
576,popular_1_exp_Experiment_1_seed_42
416,popular_1_exp_Experiment_1_seed_42
132,popular_1_exp_Experiment_1_seed_42
32,popular_1_exp_Experiment_1_seed_42
594,popular_1_exp_Experiment_1_seed_42
79,popular_1_exp_Experiment_1_seed_42
1,popular_1_exp_Experiment_1_seed_42
484,popular_1_exp_Experiment_1_seed_42
585,popular_1_exp_Experiment_1_seed_42
143,popular_1_exp_Experiment_1_seed_42
473,popular_1_exp_Experiment_1_seed_42
141,popular_1_exp_Experiment_1_seed_42
326,popular_1_exp_Experiment_1_seed_42
61,popular_1_exp_Experiment_1_seed_42
432,popular_1_exp_Experiment_1_seed_42
199,popular_1_exp_Experiment_1_seed_42
452,popular_1_exp_Experiment_1_seed_42
471,popular_1_exp_Experiment_1_seed_42
105,popular_1_exp_Experiment_1_seed_42
146,popular_1_exp_Experiment_1_seed_42
578,popular_1_exp_Experiment_1_seed_42
410,popular_1_exp_Experiment_1_seed_42
221,popular_1_exp_Experiment_1_seed_42
297,popular_1_exp_Experiment_1_seed_42
210,popular_1_exp_Experiment_1_seed_42
15,popular_1_exp_Experiment_1_seed_42
254,popular_1_exp_Experiment_1_seed_42
402,popular_1_exp_Experiment_1_seed_42
457,popular_1_exp_Experiment_1_seed_42
334,popular_1_exp_Experiment_1_seed_42
524,popular_1_exp_Experiment_1_seed_42
472,popular_1_exp_Experiment_1_seed_42
336,popular_1_exp_Experiment_1_seed_42
527,popular_1_exp_Experiment_1_seed_42
283,popular_1_exp_Experiment_1_seed_42
52,popular_1_exp_Experiment_1_seed_42
461,popular_1_exp_Experiment_1_seed_42
12,popular_1_exp_Experiment_1_seed_42
514,popular_1_exp_Experiment_1_seed_42
54,popular_1_exp_Experiment_1_seed_42
393,popular_1_exp_Experiment_1_seed_42
437,popular_1_exp_Experiment_1_seed_42
216,popular_1_exp_Experiment_1_seed_42
488,popular_1_exp_Experiment_1_seed_42
309,popular_1_exp_Experiment_1_seed_42
547,popular_1_exp_Experiment_1_seed_42
552,popular_1_exp_Experiment_1_seed_42
21,popular_1_exp_Experiment_1_seed_42
278,popular_1_exp_Experiment_1_seed_42
375,popular_1_exp_Experiment_1_seed_42
455,popular_1_exp_Experiment_1_seed_42
34,popular_1_exp_Experiment_1_seed_42
11,popular_1_exp_Experiment_1_seed_42
136,popular_1_exp_Experiment_1_seed_42
147,popular_1_exp_Experiment_1_seed_42
49,popular_1_exp_Experiment_1_seed_42
508,popular_1_exp_Experiment_1_seed_42
595,popular_1_exp_Experiment_1_seed_42
296,popular_1_exp_Experiment_1_seed_42
4,popular_1_exp_Experiment_1_seed_42
165,popular_1_exp_Experiment_1_seed_42
397,popular_1_exp_Experiment_1_seed_42
169,popular_1_exp_Experiment_1_seed_42
446,popular_1_exp_Experiment_1_seed_42
518,popular_1_exp_Experiment_1_seed_42
499,popular_1_exp_Experiment_1_seed_42
509,popular_1_exp_Experiment_1_seed_42
44,popular_1_exp_Experiment_1_seed_42
248,popular_1_exp_Experiment_1_seed_42
376,popular_1_exp_Experiment_1_seed_42
133,popular_1_exp_Experiment_1_seed_42
569,popular_1_exp_Experiment_1_seed_42
560,popular_1_exp_Experiment_1_seed_42
466,popular_1_exp_Experiment_1_seed_42
348,popular_1_exp_Experiment_1_seed_42
101,popular_1_exp_Experiment_1_seed_42
64,popular_1_exp_Experiment_1_seed_42
360,popular_1_exp_Experiment_1_seed_42
189,popular_1_exp_Experiment_1_seed_42
78,popular_1_exp_Experiment_1_seed_42
118,popular_1_exp_Experiment_1_seed_42
380,popular_1_exp_Experiment_1_seed_42
131,popular_1_exp_Experiment_1_seed_42
188,popular_1_exp_Experiment_1_seed_42
186,popular_1_exp_Experiment_1_seed_42
441,popular_1_exp_Experiment_1_seed_42
422,popular_1_exp_Experiment_1_seed_42
233,popular_1_exp_Experiment_1_seed_42
445,popular_1_exp_Experiment_1_seed_42
400,popular_1_exp_Experiment_1_seed_42
154,popular_1_exp_Experiment_1_seed_42
50,popular_1_exp_Experiment_1_seed_42
73,popular_1_exp_Experiment_1_seed_42
156,popular_1_exp_Experiment_1_seed_42
425,popular_1_exp_Experiment_1_seed_42
308,popular_1_exp_Experiment_1_seed_42
447,popular_1_exp_Experiment_1_seed_42
423,popular_1_exp_Experiment_1_seed_42
263,popular_1_exp_Experiment_1_seed_42
324,popular_1_exp_Experiment_1_seed_42
92,popular_1_exp_Experiment_1_seed_42
413,popular_1_exp_Experiment_1_seed_42
543,popular_1_exp_Experiment_1_seed_42
38,popular_1_exp_Experiment_1_seed_42
535,popular_1_exp_Experiment_1_seed_42
411,popular_1_exp_Experiment_1_seed_42
275,popular_1_exp_Experiment_1_seed_42
501,popular_1_exp_Experiment_1_seed_42
271,popular_1_exp_Experiment_1_seed_42
368,popular_1_exp_Experiment_1_seed_42
89,popular_1_exp_Experiment_1_seed_42
358,popular_1_exp_Experiment_1_seed_42
273,popular_1_exp_Experiment_1_seed_42
346,popular_1_exp_Experiment_1_seed_42
339,popular_1_exp_Experiment_1_seed_42
106,popular_1_exp_Experiment_1_seed_42
529,popular_1_exp_Experiment_1_seed_42
100,popular_1_exp_Experiment_1_seed_42
497,popular_1_exp_Experiment_1_seed_42
67,popular_1_exp_Experiment_1_seed_42
2,popular_1_exp_Experiment_1_seed_42
185,popular_1_exp_Experiment_1_seed_42
315,popular_1_exp_Experiment_1_seed_42
377,popular_1_exp_Experiment_1_seed_42
503,popular_1_exp_Experiment_1_seed_42
247,popular_1_exp_Experiment_1_seed_42
448,popular_1_exp_Experiment_1_seed_42
313,popular_1_exp_Experiment_1_seed_42
279,popular_1_exp_Experiment_1_seed_42
202,popular_1_exp_Experiment_1_seed_42
337,popular_1_exp_Experiment_1_seed_42
280,popular_1_exp_Experiment_1_seed_42
426,popular_1_exp_Experiment_1_seed_42
228,popular_1_exp_Experiment_1_seed_42
474,popular_1_exp_Experiment_1_seed_42
209,popular_1_exp_Experiment_1_seed_42
523,popular_1_exp_Experiment_1_seed_42
138,popular_1_exp_Experiment_1_seed_42
421,popular_1_exp_Experiment_1_seed_42
536,popular_1_exp_Experiment_1_seed_42
68,popular_1_exp_Experiment_1_seed_42
381,popular_1_exp_Experiment_1_seed_42
163,popular_1_exp_Experiment_1_seed_42
245,popular_1_exp_Experiment_1_seed_42
359,popular_1_exp_Experiment_1_seed_42
566,popular_1_exp_Experiment_1_seed_42
289,popular_1_exp_Experiment_1_seed_42
327,popular_1_exp_Experiment_1_seed_42
351,popular_1_exp_Experiment_1_seed_42
493,popular_1_exp_Experiment_1_seed_42
546,popular_1_exp_Experiment_1_seed_42
388,popular_1_exp_Experiment_1_seed_42
583,popular_1_exp_Experiment_1_seed_42
130,popular_1_exp_Experiment_1_seed_42
161,popular_1_exp_Experiment_1_seed_42
564,popular_1_exp_Experiment_1_seed_42
389,popular_1_exp_Experiment_1_seed_42
153,popular_1_exp_Experiment_1_seed_42
95,popular_1_exp_Experiment_1_seed_42
540,popular_1_exp_Experiment_1_seed_42
255,popular_1_exp_Experiment_1_seed_42
82,popular_1_exp_Experiment_1_seed_42
481,popular_1_exp_Experiment_1_seed_42
125,popular_1_exp_Experiment_1_seed_42
37,popular_1_exp_Experiment_1_seed_42
17,popular_1_exp_Experiment_1_seed_42
335,popular_1_exp_Experiment_1_seed_42
545,popular_1_exp_Experiment_1_seed_42
18,popular_1_exp_Experiment_1_seed_42
214,popular_1_exp_Experiment_1_seed_42
443,popular_1_exp_Experiment_1_seed_42
332,popular_1_exp_Experiment_1_seed_42
558,popular_1_exp_Experiment_1_seed_42
35,popular_1_exp_Experiment_1_seed_42
246,popular_1_exp_Experiment_1_seed_42
390,popular_1_exp_Experiment_1_seed_42
33,popular_1_exp_Experiment_1_seed_42
516,popular_1_exp_Experiment_1_seed_42
568,popular_1_exp_Experiment_1_seed_42
424,popular_1_exp_Experiment_1_seed_42
198,popular_1_exp_Experiment_1_seed_42
599,popular_1_exp_Experiment_1_seed_42
491,popular_1_exp_Experiment_1_seed_42
270,popular_1_exp_Experiment_1_seed_42
294,popular_1_exp_Experiment_1_seed_42
241,popular_1_exp_Experiment_1_seed_42
412,popular_1_exp_Experiment_1_seed_42
331,popular_1_exp_Experiment_1_seed_42
340,popular_1_exp_Experiment_1_seed_42
212,popular_1_exp_Experiment_1_seed_42
134,popular_1_exp_Experiment_1_seed_42
97,popular_1_exp_Experiment_1_seed_42
258,popular_1_exp_Experiment_1_seed_42
490,popular_1_exp_Experiment_1_seed_42
90,popular_1_exp_Experiment_1_seed_42
129,popular_1_exp_Experiment_1_seed_42
301,popular_1_exp_Experiment_1_seed_42
127,popular_1_exp_Experiment_1_seed_42
475,popular_1_exp_Experiment_1_seed_42
155,popular_1_exp_Experiment_1_seed_42
72,popular_1_exp_Experiment_1_seed_42
140,popular_1_exp_Experiment_1_seed_42
450,popular_1_exp_Experiment_1_seed_42
440,popular_1_exp_Experiment_1_seed_42
537,popular_1_exp_Experiment_1_seed_42
113,popular_1_exp_Experiment_1_seed_42
235,popular_1_exp_Experiment_1_seed_42
476,popular_1_exp_Experiment_1_seed_42
406,popular_1_exp_Experiment_1_seed_42
111,popular_1_exp_Experiment_1_seed_42
80,popular_1_exp_Experiment_1_seed_42
318,popular_1_exp_Experiment_1_seed_42
391,popular_1_exp_Experiment_1_seed_42
344,popular_1_exp_Experiment_1_seed_42
121,popular_1_exp_Experiment_1_seed_42
591,popular_1_exp_Experiment_1_seed_42
551,popular_1_exp_Experiment_1_seed_42
226,popular_1_exp_Experiment_1_seed_42
467,popular_1_exp_Experiment_1_seed_42
10,popular_1_exp_Experiment_1_seed_42
532,popular_1_exp_Experiment_1_seed_42
75,popular_1_exp_Experiment_1_seed_42
211,popular_1_exp_Experiment_1_seed_42
250,popular_1_exp_Experiment_1_seed_42
403,popular_1_exp_Experiment_1_seed_42
562,popular_1_exp_Experiment_1_seed_42
525,popular_1_exp_Experiment_1_seed_42
86,popular_1_exp_Experiment_1_seed_42
365,popular_1_exp_Experiment_1_seed_42
571,popular_1_exp_Experiment_1_seed_42
266,popular_1_exp_Experiment_1_seed_42
542,popular_1_exp_Experiment_1_seed_42
396,popular_1_exp_Experiment_1_seed_42
225,popular_1_exp_Experiment_1_seed_42
230,popular_1_exp_Experiment_1_seed_42
434,popular_1_exp_Experiment_1_seed_42
174,popular_1_exp_Experiment_1_seed_42
322,popular_1_exp_Experiment_1_seed_42
311,popular_1_exp_Experiment_1_seed_42
36,popular_1_exp_Experiment_1_seed_42
307,popular_1_exp_Experiment_1_seed_42
261,popular_1_exp_Experiment_1_seed_42
184,popular_1_exp_Experiment_1_seed_42
329,popular_1_exp_Experiment_1_seed_42
477,popular_1_exp_Experiment_1_seed_42
342,popular_1_exp_Experiment_1_seed_42
596,popular_1_exp_Experiment_1_seed_42
372,popular_1_exp_Experiment_1_seed_42
325,popular_1_exp_Experiment_1_seed_42
6,popular_1_exp_Experiment_1_seed_42
170,popular_1_exp_Experiment_1_seed_42
194,popular_1_exp_Experiment_1_seed_42
567,popular_1_exp_Experiment_1_seed_42
417,popular_1_exp_Experiment_1_seed_42
160,popular_1_exp_Experiment_1_seed_42
158,popular_1_exp_Experiment_1_seed_42
541,popular_1_exp_Experiment_1_seed_42
137,popular_1_exp_Experiment_1_seed_42
528,popular_1_exp_Experiment_1_seed_42
84,popular_1_exp_Experiment_1_seed_42
13,popular_1_exp_Experiment_1_seed_42
361,popular_1_exp_Experiment_1_seed_42
418,popular_1_exp_Experiment_1_seed_42
58,popular_1_exp_Experiment_1_seed_42
124,popular_1_exp_Experiment_1_seed_42
115,popular_1_exp_Experiment_1_seed_42
349,popular_1_exp_Experiment_1_seed_42
8,popular_1_exp_Experiment_1_seed_42
487,popular_1_exp_Experiment_1_seed_42
102,popular_1_exp_Experiment_1_seed_42
483,popular_1_exp_Experiment_1_seed_42
352,popular_1_exp_Experiment_1_seed_42
500,popular_1_exp_Experiment_1_seed_42
20,popular_1_exp_Experiment_1_seed_42
19,popular_1_exp_Experiment_1_seed_42
242,popular_1_exp_Experiment_1_seed_42
267,popular_1_exp_Experiment_1_seed_42
128,popular_1_exp_Experiment_1_seed_42
208,popular_1_exp_Experiment_1_seed_42
109,popular_1_exp_Experiment_1_seed_42
27,popular_1_exp_Experiment_1_seed_42
70,popular_1_exp_Experiment_1_seed_42
45,popular_1_exp_Experiment_1_seed_42
173,popular_1_exp_Experiment_1_seed_42
43,popular_1_exp_Experiment_1_seed_42
48,popular_1_exp_Experiment_1_seed_42
85,popular_1_exp_Experiment_1_seed_42
164,popular_1_exp_Experiment_1_seed_42
251,popular_1_exp_Experiment_1_seed_42
310,popular_1_exp_Experiment_1_seed_42
504,popular_1_exp_Experiment_1_seed_42
66,popular_1_exp_Experiment_1_seed_42
192,popular_1_exp_Experiment_1_seed_42
557,popular_1_exp_Experiment_1_seed_42
29,popular_1_exp_Experiment_1_seed_42
122,popular_1_exp_Experiment_1_seed_42
88,popular_1_exp_Experiment_1_seed_42
55,popular_1_exp_Experiment_1_seed_42
312,popular_1_exp_Experiment_1_seed_42
399,popular_1_exp_Experiment_1_seed_42
531,popular_1_exp_Experiment_1_seed_42
213,popular_1_exp_Experiment_1_seed_42
243,popular_1_exp_Experiment_1_seed_42
544,popular_1_exp_Experiment_1_seed_42
252,popular_1_exp_Experiment_1_seed_42
265,popular_1_exp_Experiment_1_seed_42
374,popular_1_exp_Experiment_1_seed_42
190,popular_1_exp_Experiment_1_seed_42
573,popular_1_exp_Experiment_1_seed_42
367,popular_1_exp_Experiment_1_seed_42
253,popular_1_exp_Experiment_1_seed_42
217,popular_1_exp_Experiment_1_seed_42
515,popular_1_exp_Experiment_1_seed_42
24,popular_1_exp_Experiment_1_seed_42
149,popular_1_exp_Experiment_1_seed_42
28,popular_1_exp_Experiment_1_seed_42
260,popular_1_exp_Experiment_1_seed_42
444,popular_1_exp_Experiment_1_seed_42
559,popular_1_exp_Experiment_1_seed_42
350,popular_1_exp_Experiment_1_seed_42
409,popular_1_exp_Experiment_1_seed_42
378,popular_1_exp_Experiment_1_seed_42
570,popular_1_exp_Experiment_1_seed_42
489,popular_1_exp_Experiment_1_seed_42
363,popular_1_exp_Experiment_1_seed_42
200,popular_1_exp_Experiment_1_seed_42
119,popular_1_exp_Experiment_1_seed_42
495,popular_1_exp_Experiment_1_seed_42
498,popular_1_exp_Experiment_1_seed_42
135,popular_1_exp_Experiment_1_seed_42
104,popular_1_exp_Experiment_1_seed_42
449,popular_1_exp_Experiment_1_seed_42
355,popular_1_exp_Experiment_1_seed_42
264,popular_1_exp_Experiment_1_seed_42
69,popular_1_exp_Experiment_1_seed_42
74,popular_1_exp_Experiment_1_seed_42
469,popular_1_exp_Experiment_1_seed_42
438,popular_1_exp_Experiment_1_seed_42
277,popular_1_exp_Experiment_1_seed_42
429,popular_1_exp_Experiment_1_seed_42
589,popular_1_exp_Experiment_1_seed_42
215,popular_1_exp_Experiment_1_seed_42
598,popular_1_exp_Experiment_1_seed_42
107,popular_1_exp_Experiment_1_seed_42
256,popular_1_exp_Experiment_1_seed_42
197,popular_1_exp_Experiment_1_seed_42
465,popular_1_exp_Experiment_1_seed_42
593,popular_1_exp_Experiment_1_seed_42
304,popular_1_exp_Experiment_1_seed_42
428,popular_1_exp_Experiment_1_seed_42
287,popular_1_exp_Experiment_1_seed_42
354,popular_1_exp_Experiment_1_seed_42
519,popular_1_exp_Experiment_1_seed_42
23,popular_1_exp_Experiment_1_seed_42
303,popular_1_exp_Experiment_1_seed_42
460,popular_1_exp_Experiment_1_seed_42
392,popular_1_exp_Experiment_1_seed_42
427,popular_1_exp_Experiment_1_seed_42
319,popular_1_exp_Experiment_1_seed_42
420,popular_1_exp_Experiment_1_seed_42
408,popular_1_exp_Experiment_1_seed_42
76,popular_1_exp_Experiment_1_seed_42
398,popular_1_exp_Experiment_1_seed_42
343,popular_1_exp_Experiment_1_seed_42
62,popular_1_exp_Experiment_1_seed_42
259,popular_1_exp_Experiment_1_seed_42
177,popular_1_exp_Experiment_1_seed_42
31,popular_1_exp_Experiment_1_seed_42
435,popular_1_exp_Experiment_1_seed_42
224,popular_1_exp_Experiment_1_seed_42
314,popular_1_exp_Experiment_1_seed_42
384,popular_1_exp_Experiment_1_seed_42
575,popular_1_exp_Experiment_1_seed_42
507,popular_1_exp_Experiment_1_seed_42
116,popular_1_exp_Experiment_1_seed_42
453,popular_1_exp_Experiment_1_seed_42
338,popular_1_exp_Experiment_1_seed_42
231,popular_1_exp_Experiment_1_seed_42
505,popular_1_exp_Experiment_1_seed_42
196,popular_1_exp_Experiment_1_seed_42
201,popular_1_exp_Experiment_1_seed_42
60,popular_1_exp_Experiment_1_seed_42
181,popular_1_exp_Experiment_1_seed_42
0,popular_1_exp_Experiment_1_seed_42
496,popular_1_exp_Experiment_1_seed_42
236,popular_1_exp_Experiment_1_seed_42
276,popular_1_exp_Experiment_1_seed_42
291,popular_1_exp_Experiment_1_seed_42
191,popular_1_exp_Experiment_1_seed_42
5,popular_1_exp_Experiment_1_seed_42
561,popular_1_exp_Experiment_1_seed_42
371,popular_1_exp_Experiment_1_seed_42
269,popular_1_exp_Experiment_1_seed_42
373,popular_1_exp_Experiment_1_seed_42
480,popular_1_exp_Experiment_1_seed_42
485,popular_1_exp_Experiment_1_seed_42
586,popular_1_exp_Experiment_1_seed_42
9,popular_1_exp_Experiment_1_seed_42
587,popular_1_exp_Experiment_1_seed_42
207,popular_1_exp_Experiment_1_seed_42
159,popular_1_exp_Experiment_1_seed_42
286,popular_1_exp_Experiment_1_seed_42
175,popular_1_exp_Experiment_1_seed_42
290,popular_1_exp_Experiment_1_seed_42
25,popular_1_exp_Experiment_1_seed_42
486,popular_1_exp_Experiment_1_seed_42
262,popular_1_exp_Experiment_1_seed_42
526,popular_1_exp_Experiment_1_seed_42
341,popular_1_exp_Experiment_1_seed_42
302,popular_1_exp_Experiment_1_seed_42
229,popular_1_exp_Experiment_1_seed_42
91,popular_1_exp_Experiment_1_seed_42
182,popular_1_exp_Experiment_1_seed_42
316,popular_1_exp_Experiment_1_seed_42
87,popular_1_exp_Experiment_1_seed_42
464,popular_1_exp_Experiment_1_seed_42
574,popular_1_exp_Experiment_1_seed_42
321,popular_1_exp_Experiment_1_seed_42
521,popular_1_exp_Experiment_1_seed_42
362,popular_1_exp_Experiment_1_seed_42
456,popular_1_exp_Experiment_1_seed_42
56,popular_1_exp_Experiment_1_seed_42
288,popular_1_exp_Experiment_1_seed_42
414,popular_1_exp_Experiment_1_seed_42
7,popular_1_exp_Experiment_1_seed_42
157,popular_1_exp_Experiment_1_seed_42
539,popular_1_exp_Experiment_1_seed_42
94,popular_1_exp_Experiment_1_seed_42
16,popular_1_exp_Experiment_1_seed_42
405,popular_1_exp_Experiment_1_seed_42
430,popular_1_exp_Experiment_1_seed_42
482,popular_1_exp_Experiment_1_seed_42
451,popular_1_exp_Experiment_1_seed_42
401,popular_1_exp_Experiment_1_seed_42
579,popular_1_exp_Experiment_1_seed_42
205,popular_1_exp_Experiment_1_seed_42
513,popular_1_exp_Experiment_1_seed_42
166,popular_1_exp_Experiment_1_seed_42
512,popular_1_exp_Experiment_1_seed_42
582,popular_1_exp_Experiment_1_seed_42
257,popular_1_exp_Experiment_1_seed_42
187,popular_1_exp_Experiment_1_seed_42
93,popular_1_exp_Experiment_1_seed_42
357,popular_1_exp_Experiment_1_seed_42
65,popular_1_exp_Experiment_1_seed_42
383,popular_1_exp_Experiment_1_seed_42
572,popular_1_exp_Experiment_1_seed_42
306,popular_1_exp_Experiment_1_seed_42
238,popular_1_exp_Experiment_1_seed_42
387,popular_1_exp_Experiment_1_seed_42
548,popular_1_exp_Experiment_1_seed_42
206,popular_1_exp_Experiment_1_seed_42
517,popular_1_exp_Experiment_1_seed_42
40,popular_1_exp_Experiment_1_seed_42
436,popular_1_exp_Experiment_1_seed_42
272,popular_1_exp_Experiment_1_seed_42
195,popular_1_exp_Experiment_1_seed_42
554,popular_1_exp_Experiment_1_seed_42
152,popular_1_exp_Experiment_1_seed_42
577,popular_1_exp_Experiment_1_seed_42
439,popular_1_exp_Experiment_1_seed_42
145,popular_1_exp_Experiment_1_seed_42
57,popular_1_exp_Experiment_1_seed_42
369,popular_1_exp_Experiment_1_seed_42
142,popular_1_exp_Experiment_1_seed_42
96,popular_1_exp_Experiment_1_seed_42
353,popular_1_exp_Experiment_1_seed_42
292,popular_1_exp_Experiment_1_seed_42
168,popular_1_exp_Experiment_1_seed_42
218,popular_1_exp_Experiment_1_seed_42
419,popular_1_exp_Experiment_1_seed_42
317,popular_1_exp_Experiment_1_seed_42
150,popular_1_exp_Experiment_1_seed_42
123,popular_1_exp_Experiment_1_seed_42
364,popular_1_exp_Experiment_1_seed_42
382,popular_1_exp_Experiment_1_seed_42
114,popular_1_exp_Experiment_1_seed_42
549,popular_1_exp_Experiment_1_seed_42
148,popular_1_exp_Experiment_1_seed_42
305,popular_1_exp_Experiment_1_seed_42
370,popular_1_exp_Experiment_1_seed_42
550,popular_1_exp_Experiment_1_seed_42
110,popular_1_exp_Experiment_1_seed_42
63,popular_1_exp_Experiment_1_seed_42
492,popular_1_exp_Experiment_1_seed_42
553,popular_1_exp_Experiment_1_seed_42
47,popular_1_exp_Experiment_1_seed_42
330,popular_1_exp_Experiment_1_seed_42
176,popular_1_exp_Experiment_1_seed_42
356,popular_1_exp_Experiment_1_seed_42
407,popular_1_exp_Experiment_1_seed_42
394,popular_1_exp_Experiment_1_seed_42
458,popular_1_exp_Experiment_1_seed_42
22,popular_1_exp_Experiment_1_seed_42
395,popular_1_exp_Experiment_1_seed_42
239,popular_1_exp_Experiment_1_seed_42
234,popular_1_exp_Experiment_1_seed_42
53,popular_1_exp_Experiment_1_seed_42
98,popular_1_exp_Experiment_1_seed_42
232,popular_1_exp_Experiment_1_seed_42
178,popular_1_exp_Experiment_1_seed_42
162,popular_1_exp_Experiment_1_seed_42
479,popular_1_exp_Experiment_1_seed_42
385,popular_1_exp_Experiment_1_seed_42
462,popular_1_exp_Experiment_1_seed_42
328,popular_1_exp_Experiment_1_seed_42
506,popular_1_exp_Experiment_1_seed_42
299,popular_1_exp_Experiment_1_seed_42
167,popular_1_exp_Experiment_1_seed_42
386,popular_1_exp_Experiment_1_seed_42
522,popular_1_exp_Experiment_1_seed_42
26,popular_1_exp_Experiment_1_seed_42
183,popular_1_exp_Experiment_1_seed_42
320,popular_1_exp_Experiment_1_seed_42
172,popular_1_exp_Experiment_1_seed_42
103,popular_1_exp_Experiment_1_seed_42
203,popular_1_exp_Experiment_1_seed_42
333,popular_1_exp_Experiment_1_seed_42
347,popular_1_exp_Experiment_1_seed_42
249,popular_1_exp_Experiment_1_seed_42
274,popular_1_exp_Experiment_1_seed_42
14,popular_1_exp_Experiment_1_seed_42
300,popular_1_exp_Experiment_1_seed_42
223,popular_1_exp_Experiment_1_seed_42
502,popular_1_exp_Experiment_1_seed_42
193,popular_1_exp_Experiment_1_seed_42
285,popular_1_exp_Experiment_1_seed_42
404,popular_1_exp_Experiment_1_seed_42
533,popular_1_exp_Experiment_1_seed_42
112,popular_1_exp_Experiment_1_seed_42
284,popular_1_exp_Experiment_1_seed_42
108,popular_1_exp_Experiment_1_seed_42
345,popular_1_exp_Experiment_1_seed_42
415,popular_1_exp_Experiment_1_seed_42
220,popular_1_exp_Experiment_1_seed_42
366,popular_1_exp_Experiment_1_seed_42
222,popular_1_exp_Experiment_1_seed_42
139,popular_1_exp_Experiment_1_seed_42
463,popular_1_exp_Experiment_1_seed_42
41,popular_1_exp_Experiment_1_seed_42
83,popular_1_exp_Experiment_1_seed_42
590,popular_1_exp_Experiment_1_seed_42
470,popular_1_exp_Experiment_1_seed_42
268,popular_1_exp_Experiment_1_seed_42
530,popular_1_exp_Experiment_1_seed_42
180,popular_1_exp_Experiment_1_seed_42
468,popular_1_exp_Experiment_1_seed_42
77,popular_1_exp_Experiment_1_seed_42
563,popular_1_exp_Experiment_1_seed_42
588,popular_1_exp_Experiment_1_seed_42
454,popular_1_exp_Experiment_1_seed_42
295,popular_1_exp_Experiment_1_seed_42
478,popular_1_exp_Experiment_1_seed_42
565,popular_1_exp_Experiment_1_seed_42
144,popular_1_exp_Experiment_1_seed_42
581,popular_1_exp_Experiment_1_seed_42
39,popular_1_exp_Experiment_1_seed_42
510,popular_1_exp_Experiment_1_seed_42
431,popular_1_exp_Experiment_1_seed_42
71,popular_1_exp_Experiment_1_seed_42
99,popular_1_exp_Experiment_1_seed_42
584,popular_1_exp_Experiment_1_seed_42
42,popular_1_exp_Experiment_1_seed_42
538,popular_1_exp_Experiment_1_seed_42
592,popular_1_exp_Experiment_1_seed_42
117,popular_1_exp_Experiment_1_seed_42
151,popular_1_exp_Experiment_1_seed_42
3,popular_1_exp_Experiment_1_seed_42
433,popular_1_exp_Experiment_1_seed_42
237,popular_1_exp_Experiment_1_seed_42
580,popular_1_exp_Experiment_1_seed_42
555,popular_1_exp_Experiment_1_seed_42
511,popular_1_exp_Experiment_1_seed_42
171,popular_1_exp_Experiment_1_seed_42
30,popular_1_exp_Experiment_1_seed_42
46,popular_1_exp_Experiment_1_seed_42
227,popular_1_exp_Experiment_1_seed_42
459,popular_1_exp_Experiment_1_seed_42
534,popular_1_exp_Experiment_1_seed_42
293,popular_1_exp_Experiment_1_seed_42
520,popular_1_exp_Experiment_1_seed_42
494,popular_1_exp_Experiment_1_seed_42
379,popular_1_exp_Experiment_1_seed_42
282,popular_1_exp_Experiment_1_seed_42
240,popular_1_exp_Experiment_1_seed_42
323,popular_1_exp_Experiment_1_seed_42
120,popular_1_exp_Experiment_1_seed_42
51,popular_1_exp_Experiment_1_seed_42
298,popular_1_exp_Experiment_1_seed_42
59,popular_1_exp_Experiment_1_seed_42
442,popular_1_exp_Experiment_1_seed_42
281,popular_1_exp_Experiment_1_seed_42
597,popular_1_exp_Experiment_1_seed_42
244,popular_1_exp_Experiment_1_seed_42
179,popular_1_exp_Experiment_1_seed_42
81,popular_1_exp_Experiment_1_seed_42
219,popular_1_exp_Experiment_1_seed_42
204,popular_1_exp_Experiment_1_seed_42
556,popular_1_exp_Experiment_1_seed_42
126,popular_1_exp_Experiment_1_seed_42
576,popular_1_exp_Experiment_1_seed_42
416,popular_1_exp_Experiment_1_seed_42
132,popular_1_exp_Experiment_1_seed_42
32,popular_1_exp_Experiment_1_seed_42
594,popular_1_exp_Experiment_1_seed_42
79,popular_1_exp_Experiment_1_seed_42
1,popular_1_exp_Experiment_1_seed_42
484,popular_1_exp_Experiment_1_seed_42
585,popular_1_exp_Experiment_1_seed_42
143,popular_1_exp_Experiment_1_seed_42
473,popular_1_exp_Experiment_1_seed_42
141,popular_1_exp_Experiment_1_seed_42
326,popular_1_exp_Experiment_1_seed_42
61,popular_1_exp_Experiment_1_seed_42
432,popular_1_exp_Experiment_1_seed_42
199,popular_1_exp_Experiment_1_seed_42
452,popular_1_exp_Experiment_1_seed_42
471,popular_1_exp_Experiment_1_seed_42
105,popular_1_exp_Experiment_1_seed_42
146,popular_1_exp_Experiment_1_seed_42
578,popular_1_exp_Experiment_1_seed_42
410,popular_1_exp_Experiment_1_seed_42
221,popular_1_exp_Experiment_1_seed_42
297,popular_1_exp_Experiment_1_seed_42
210,popular_1_exp_Experiment_1_seed_42
15,popular_1_exp_Experiment_1_seed_42
254,popular_1_exp_Experiment_1_seed_42
402,popular_1_exp_Experiment_1_seed_42
457,popular_1_exp_Experiment_1_seed_42
334,popular_1_exp_Experiment_1_seed_42
524,popular_1_exp_Experiment_1_seed_42
472,popular_1_exp_Experiment_1_seed_42
336,popular_1_exp_Experiment_1_seed_42
527,popular_1_exp_Experiment_1_seed_42
283,popular_1_exp_Experiment_1_seed_42
52,popular_1_exp_Experiment_1_seed_42
461,popular_1_exp_Experiment_1_seed_42
12,popular_1_exp_Experiment_1_seed_42
514,popular_1_exp_Experiment_1_seed_42
54,popular_1_exp_Experiment_1_seed_42
393,popular_1_exp_Experiment_1_seed_42
437,popular_1_exp_Experiment_1_seed_42
216,popular_1_exp_Experiment_1_seed_42
488,popular_1_exp_Experiment_1_seed_42
309,popular_1_exp_Experiment_1_seed_42
547,popular_1_exp_Experiment_1_seed_42
552,popular_1_exp_Experiment_1_seed_42
21,popular_1_exp_Experiment_1_seed_42
278,popular_1_exp_Experiment_1_seed_42
375,popular_1_exp_Experiment_1_seed_42
455,popular_1_exp_Experiment_1_seed_42
34,popular_1_exp_Experiment_1_seed_42
11,popular_1_exp_Experiment_1_seed_42
136,popular_1_exp_Experiment_1_seed_42
147,popular_1_exp_Experiment_1_seed_42
49,popular_1_exp_Experiment_1_seed_42
508,popular_1_exp_Experiment_1_seed_42
595,popular_1_exp_Experiment_1_seed_42
296,popular_1_exp_Experiment_1_seed_42
4,popular_1_exp_Experiment_1_seed_42
165,popular_1_exp_Experiment_1_seed_42
397,popular_1_exp_Experiment_1_seed_42
169,popular_1_exp_Experiment_1_seed_42
446,popular_1_exp_Experiment_1_seed_42
518,popular_1_exp_Experiment_1_seed_42
499,popular_1_exp_Experiment_1_seed_42
509,popular_1_exp_Experiment_1_seed_42
44,popular_1_exp_Experiment_1_seed_42
248,popular_1_exp_Experiment_1_seed_42
376,popular_1_exp_Experiment_1_seed_42
133,popular_1_exp_Experiment_1_seed_42
569,popular_1_exp_Experiment_1_seed_42
560,popular_1_exp_Experiment_1_seed_42
466,popular_1_exp_Experiment_1_seed_42
348,popular_1_exp_Experiment_1_seed_42
101,popular_1_exp_Experiment_1_seed_42
64,popular_1_exp_Experiment_1_seed_42
360,popular_1_exp_Experiment_1_seed_42
189,popular_1_exp_Experiment_1_seed_42
78,popular_1_exp_Experiment_1_seed_42
118,popular_1_exp_Experiment_1_seed_42
380,popular_1_exp_Experiment_1_seed_42
131,popular_1_exp_Experiment_1_seed_42
188,popular_1_exp_Experiment_1_seed_42
186,popular_1_exp_Experiment_1_seed_42
441,popular_1_exp_Experiment_1_seed_42
422,popular_1_exp_Experiment_1_seed_42
233,popular_1_exp_Experiment_1_seed_42
445,popular_1_exp_Experiment_1_seed_42
400,popular_1_exp_Experiment_1_seed_42
154,popular_1_exp_Experiment_1_seed_42
50,popular_1_exp_Experiment_1_seed_42
73,popular_1_exp_Experiment_1_seed_42
156,popular_1_exp_Experiment_1_seed_42
425,popular_1_exp_Experiment_1_seed_42
308,popular_1_exp_Experiment_1_seed_42
447,popular_1_exp_Experiment_1_seed_42
423,popular_1_exp_Experiment_1_seed_42
263,popular_1_exp_Experiment_1_seed_42
324,popular_1_exp_Experiment_1_seed_42
92,popular_1_exp_Experiment_1_seed_42
413,popular_1_exp_Experiment_1_seed_42
543,popular_1_exp_Experiment_1_seed_42
38,popular_1_exp_Experiment_1_seed_42
535,popular_1_exp_Experiment_1_seed_42
411,popular_1_exp_Experiment_1_seed_42
275,popular_1_exp_Experiment_1_seed_42
501,popular_1_exp_Experiment_1_seed_42
271,popular_1_exp_Experiment_1_seed_42
368,popular_1_exp_Experiment_1_seed_42
89,popular_1_exp_Experiment_1_seed_42
358,popular_1_exp_Experiment_1_seed_42
273,popular_1_exp_Experiment_1_seed_42
346,popular_1_exp_Experiment_1_seed_42
339,popular_1_exp_Experiment_1_seed_42
106,popular_1_exp_Experiment_1_seed_42
529,popular_1_exp_Experiment_1_seed_42
100,popular_1_exp_Experiment_1_seed_42
497,popular_1_exp_Experiment_1_seed_42
67,popular_1_exp_Experiment_1_seed_42
2,popular_1_exp_Experiment_1_seed_42
185,popular_1_exp_Experiment_1_seed_42
315,popular_1_exp_Experiment_1_seed_42
377,popular_1_exp_Experiment_1_seed_42
503,popular_1_exp_Experiment_1_seed_42
247,popular_1_exp_Experiment_1_seed_42
448,popular_1_exp_Experiment_1_seed_42
313,popular_1_exp_Experiment_1_seed_42
279,popular_1_exp_Experiment_1_seed_42
202,popular_1_exp_Experiment_1_seed_42
337,popular_1_exp_Experiment_1_seed_42
280,popular_1_exp_Experiment_1_seed_42
426,popular_1_exp_Experiment_1_seed_42
228,popular_1_exp_Experiment_1_seed_42
474,popular_1_exp_Experiment_1_seed_42
209,popular_1_exp_Experiment_1_seed_42
523,popular_1_exp_Experiment_1_seed_42
138,popular_1_exp_Experiment_1_seed_42
421,popular_1_exp_Experiment_1_seed_42
536,popular_1_exp_Experiment_1_seed_42
68,popular_1_exp_Experiment_1_seed_42
381,popular_1_exp_Experiment_1_seed_42
163,popular_1_exp_Experiment_1_seed_42
245,popular_1_exp_Experiment_1_seed_42
359,popular_1_exp_Experiment_1_seed_42
566,popular_1_exp_Experiment_1_seed_42
289,popular_1_exp_Experiment_1_seed_42
327,popular_1_exp_Experiment_1_seed_42
351,popular_1_exp_Experiment_1_seed_42
493,popular_1_exp_Experiment_1_seed_42
546,popular_1_exp_Experiment_1_seed_42
388,popular_1_exp_Experiment_1_seed_42
583,popular_1_exp_Experiment_1_seed_42
130,popular_1_exp_Experiment_1_seed_42
161,popular_1_exp_Experiment_1_seed_42
564,popular_1_exp_Experiment_1_seed_42
389,popular_1_exp_Experiment_1_seed_42
153,popular_1_exp_Experiment_1_seed_42
95,popular_1_exp_Experiment_1_seed_42
540,popular_1_exp_Experiment_1_seed_42
255,popular_1_exp_Experiment_1_seed_42
82,popular_1_exp_Experiment_1_seed_42
481,popular_1_exp_Experiment_1_seed_42
125,popular_1_exp_Experiment_1_seed_42
37,popular_1_exp_Experiment_1_seed_42
17,popular_1_exp_Experiment_1_seed_42
335,popular_1_exp_Experiment_1_seed_42
545,popular_1_exp_Experiment_1_seed_42
18,popular_1_exp_Experiment_1_seed_42
214,popular_1_exp_Experiment_1_seed_42
443,popular_1_exp_Experiment_1_seed_42
332,popular_1_exp_Experiment_1_seed_42
558,popular_1_exp_Experiment_1_seed_42
35,popular_1_exp_Experiment_1_seed_42
246,popular_1_exp_Experiment_1_seed_42
390,popular_1_exp_Experiment_1_seed_42
33,popular_1_exp_Experiment_1_seed_42
516,popular_1_exp_Experiment_1_seed_42
568,popular_1_exp_Experiment_1_seed_42
424,popular_1_exp_Experiment_1_seed_42
198,popular_1_exp_Experiment_1_seed_42
599,popular_1_exp_Experiment_1_seed_42
491,popular_1_exp_Experiment_1_seed_42
270,popular_1_exp_Experiment_1_seed_42
294,popular_1_exp_Experiment_1_seed_42
241,popular_1_exp_Experiment_1_seed_42
412,popular_1_exp_Experiment_1_seed_42
331,popular_1_exp_Experiment_1_seed_42
340,popular_1_exp_Experiment_1_seed_42
212,popular_1_exp_Experiment_1_seed_42
134,popular_1_exp_Experiment_1_seed_42
97,popular_1_exp_Experiment_1_seed_42
258,popular_1_exp_Experiment_1_seed_42
490,popular_1_exp_Experiment_1_seed_42
90,popular_1_exp_Experiment_1_seed_42
129,popular_1_exp_Experiment_1_seed_42
301,popular_1_exp_Experiment_1_seed_42
127,popular_1_exp_Experiment_1_seed_42
475,popular_1_exp_Experiment_1_seed_42
155,popular_1_exp_Experiment_1_seed_42
72,popular_1_exp_Experiment_1_seed_42
140,popular_1_exp_Experiment_1_seed_42
450,popular_1_exp_Experiment_1_seed_42
440,popular_1_exp_Experiment_1_seed_42
537,popular_1_exp_Experiment_1_seed_42
113,popular_1_exp_Experiment_1_seed_42
235,popular_1_exp_Experiment_1_seed_42
476,popular_1_exp_Experiment_1_seed_42
406,popular_1_exp_Experiment_1_seed_42
111,popular_1_exp_Experiment_1_seed_42
80,popular_1_exp_Experiment_1_seed_42
318,popular_1_exp_Experiment_1_seed_42
391,popular_1_exp_Experiment_1_seed_42
344,popular_1_exp_Experiment_1_seed_42
121,popular_1_exp_Experiment_1_seed_42
591,popular_1_exp_Experiment_1_seed_42
551,popular_1_exp_Experiment_1_seed_42
226,popular_1_exp_Experiment_1_seed_42
467,popular_1_exp_Experiment_1_seed_42
10,popular_1_exp_Experiment_1_seed_42
532,popular_1_exp_Experiment_1_seed_42
75,popular_1_exp_Experiment_1_seed_42
211,popular_1_exp_Experiment_1_seed_42
250,popular_1_exp_Experiment_1_seed_42
403,popular_1_exp_Experiment_1_seed_42
562,popular_1_exp_Experiment_1_seed_42
525,popular_1_exp_Experiment_1_seed_42
86,popular_1_exp_Experiment_1_seed_42
365,popular_1_exp_Experiment_1_seed_42
571,popular_1_exp_Experiment_1_seed_42
266,popular_1_exp_Experiment_1_seed_42
542,popular_1_exp_Experiment_1_seed_42
396,popular_1_exp_Experiment_1_seed_42
225,popular_1_exp_Experiment_1_seed_42
230,popular_1_exp_Experiment_1_seed_42
434,popular_1_exp_Experiment_1_seed_42
174,popular_1_exp_Experiment_1_seed_42
322,popular_1_exp_Experiment_1_seed_42
311,popular_1_exp_Experiment_1_seed_42
36,popular_1_exp_Experiment_1_seed_42
307,popular_1_exp_Experiment_1_seed_42
261,popular_1_exp_Experiment_1_seed_42
184,popular_1_exp_Experiment_1_seed_42
329,popular_1_exp_Experiment_1_seed_42
477,popular_1_exp_Experiment_1_seed_42
342,popular_1_exp_Experiment_1_seed_42
596,popular_1_exp_Experiment_1_seed_42
372,popular_1_exp_Experiment_1_seed_42
325,popular_1_exp_Experiment_1_seed_42
6,popular_1_exp_Experiment_1_seed_42
170,popular_1_exp_Experiment_1_seed_42
194,popular_1_exp_Experiment_1_seed_42
567,popular_1_exp_Experiment_1_seed_42
417,popular_1_exp_Experiment_1_seed_42
160,popular_1_exp_Experiment_1_seed_42
158,popular_1_exp_Experiment_1_seed_42
541,popular_1_exp_Experiment_1_seed_42
137,popular_1_exp_Experiment_1_seed_42
528,popular_1_exp_Experiment_1_seed_42
84,popular_1_exp_Experiment_1_seed_42
13,popular_1_exp_Experiment_1_seed_42
361,popular_1_exp_Experiment_1_seed_42
418,popular_1_exp_Experiment_1_seed_42
58,popular_1_exp_Experiment_1_seed_42
124,popular_1_exp_Experiment_1_seed_42
115,popular_1_exp_Experiment_1_seed_42
349,popular_1_exp_Experiment_1_seed_42
8,popular_1_exp_Experiment_1_seed_42
487,popular_1_exp_Experiment_1_seed_42
102,popular_1_exp_Experiment_1_seed_42
483,popular_1_exp_Experiment_1_seed_42
352,popular_1_exp_Experiment_1_seed_42
500,popular_1_exp_Experiment_1_seed_42
20,popular_1_exp_Experiment_1_seed_42
19,popular_1_exp_Experiment_1_seed_42
242,popular_1_exp_Experiment_1_seed_42
267,popular_1_exp_Experiment_1_seed_42
128,popular_1_exp_Experiment_1_seed_42
208,popular_1_exp_Experiment_1_seed_42
109,popular_1_exp_Experiment_1_seed_42
27,popular_1_exp_Experiment_1_seed_42
70,popular_1_exp_Experiment_1_seed_42
45,popular_1_exp_Experiment_1_seed_42
173,popular_1_exp_Experiment_1_seed_42
43,popular_1_exp_Experiment_1_seed_42
48,popular_1_exp_Experiment_1_seed_42
85,popular_1_exp_Experiment_1_seed_42
164,popular_1_exp_Experiment_1_seed_42
251,popular_1_exp_Experiment_1_seed_42
310,popular_1_exp_Experiment_1_seed_42
504,popular_1_exp_Experiment_1_seed_42
66,popular_1_exp_Experiment_1_seed_42
192,popular_1_exp_Experiment_1_seed_42
557,popular_1_exp_Experiment_1_seed_42
29,popular_1_exp_Experiment_1_seed_42
122,popular_1_exp_Experiment_1_seed_42
88,popular_1_exp_Experiment_1_seed_42
55,popular_1_exp_Experiment_1_seed_42
312,popular_1_exp_Experiment_1_seed_42
399,popular_1_exp_Experiment_1_seed_42
531,popular_1_exp_Experiment_1_seed_42
213,popular_1_exp_Experiment_1_seed_42
243,popular_1_exp_Experiment_1_seed_42
544,popular_1_exp_Experiment_1_seed_42
252,popular_1_exp_Experiment_1_seed_42
265,popular_1_exp_Experiment_1_seed_42
374,popular_1_exp_Experiment_1_seed_42
190,popular_1_exp_Experiment_1_seed_42
573,popular_1_exp_Experiment_1_seed_42
367,popular_1_exp_Experiment_1_seed_42
253,popular_1_exp_Experiment_1_seed_42
217,popular_1_exp_Experiment_1_seed_42
515,popular_1_exp_Experiment_1_seed_42
24,popular_1_exp_Experiment_1_seed_42
149,popular_1_exp_Experiment_1_seed_42
28,popular_1_exp_Experiment_1_seed_42
260,popular_1_exp_Experiment_1_seed_42
444,popular_1_exp_Experiment_1_seed_42
559,popular_1_exp_Experiment_1_seed_42
350,popular_1_exp_Experiment_1_seed_42
409,popular_1_exp_Experiment_1_seed_42
378,popular_1_exp_Experiment_1_seed_42
570,popular_1_exp_Experiment_1_seed_42
489,popular_1_exp_Experiment_1_seed_42
363,popular_1_exp_Experiment_1_seed_42
200,popular_1_exp_Experiment_1_seed_42
119,popular_1_exp_Experiment_1_seed_42
495,popular_1_exp_Experiment_1_seed_42
498,popular_1_exp_Experiment_1_seed_42
135,popular_1_exp_Experiment_1_seed_42
104,popular_1_exp_Experiment_1_seed_42
449,popular_1_exp_Experiment_1_seed_42
355,popular_1_exp_Experiment_1_seed_42
264,popular_1_exp_Experiment_1_seed_42
69,popular_1_exp_Experiment_1_seed_42
74,popular_1_exp_Experiment_1_seed_42
469,popular_1_exp_Experiment_1_seed_42
438,popular_1_exp_Experiment_1_seed_42
277,popular_1_exp_Experiment_1_seed_42
429,popular_1_exp_Experiment_1_seed_42
589,popular_1_exp_Experiment_1_seed_42
215,popular_1_exp_Experiment_1_seed_42
598,popular_1_exp_Experiment_1_seed_42
107,popular_1_exp_Experiment_1_seed_42
256,popular_1_exp_Experiment_1_seed_42
197,popular_1_exp_Experiment_1_seed_42
465,popular_1_exp_Experiment_1_seed_42
593,popular_1_exp_Experiment_1_seed_42
304,popular_1_exp_Experiment_1_seed_42
428,popular_1_exp_Experiment_1_seed_42
287,popular_1_exp_Experiment_1_seed_42
354,popular_1_exp_Experiment_1_seed_42
519,popular_1_exp_Experiment_1_seed_42
23,popular_1_exp_Experiment_1_seed_42
303,popular_1_exp_Experiment_1_seed_42
460,popular_1_exp_Experiment_1_seed_42
392,popular_1_exp_Experiment_1_seed_42
427,popular_1_exp_Experiment_1_seed_42
319,popular_1_exp_Experiment_1_seed_42
420,popular_1_exp_Experiment_1_seed_42
408,popular_1_exp_Experiment_1_seed_42
76,popular_1_exp_Experiment_1_seed_42
398,popular_1_exp_Experiment_1_seed_42
343,popular_1_exp_Experiment_1_seed_42
62,popular_1_exp_Experiment_1_seed_42
259,popular_1_exp_Experiment_1_seed_42
177,popular_1_exp_Experiment_1_seed_42
31,popular_1_exp_Experiment_1_seed_42
435,popular_1_exp_Experiment_1_seed_42
224,popular_1_exp_Experiment_1_seed_42
314,popular_1_exp_Experiment_1_seed_42
384,popular_1_exp_Experiment_1_seed_42
575,popular_1_exp_Experiment_1_seed_42
507,popular_1_exp_Experiment_1_seed_42
116,popular_1_exp_Experiment_1_seed_42
453,popular_1_exp_Experiment_1_seed_42
338,popular_1_exp_Experiment_1_seed_42
231,popular_1_exp_Experiment_1_seed_42
505,popular_1_exp_Experiment_1_seed_42
196,popular_1_exp_Experiment_1_seed_42
201,popular_1_exp_Experiment_1_seed_42
60,popular_1_exp_Experiment_1_seed_42
181,popular_1_exp_Experiment_1_seed_42
0,popular_1_exp_Experiment_1_seed_42
496,popular_1_exp_Experiment_1_seed_42
236,popular_1_exp_Experiment_1_seed_42
276,popular_1_exp_Experiment_1_seed_42
291,popular_1_exp_Experiment_1_seed_42
191,popular_1_exp_Experiment_1_seed_42
5,popular_1_exp_Experiment_1_seed_42
561,popular_1_exp_Experiment_1_seed_42
371,popular_1_exp_Experiment_1_seed_42
269,popular_1_exp_Experiment_1_seed_42
373,popular_1_exp_Experiment_1_seed_42
480,popular_1_exp_Experiment_1_seed_42
485,popular_1_exp_Experiment_1_seed_42
586,popular_1_exp_Experiment_1_seed_42
9,popular_1_exp_Experiment_1_seed_42
587,popular_1_exp_Experiment_1_seed_42
207,popular_1_exp_Experiment_1_seed_42
159,popular_1_exp_Experiment_1_seed_42
286,popular_1_exp_Experiment_1_seed_42
175,popular_1_exp_Experiment_1_seed_42
290,popular_1_exp_Experiment_1_seed_42
25,popular_1_exp_Experiment_1_seed_42
486,popular_1_exp_Experiment_1_seed_42
262,popular_1_exp_Experiment_1_seed_42
526,popular_1_exp_Experiment_1_seed_42
341,popular_1_exp_Experiment_1_seed_42
302,popular_1_exp_Experiment_1_seed_42
229,popular_1_exp_Experiment_1_seed_42
91,popular_1_exp_Experiment_1_seed_42
182,popular_1_exp_Experiment_1_seed_42
316,popular_1_exp_Experiment_1_seed_42
87,popular_1_exp_Experiment_1_seed_42
464,popular_1_exp_Experiment_1_seed_42
574,popular_1_exp_Experiment_1_seed_42
321,popular_1_exp_Experiment_1_seed_42
521,popular_1_exp_Experiment_1_seed_42
362,popular_1_exp_Experiment_1_seed_42
456,popular_1_exp_Experiment_1_seed_42
56,popular_1_exp_Experiment_1_seed_42
288,popular_1_exp_Experiment_1_seed_42
414,popular_1_exp_Experiment_1_seed_42
7,popular_1_exp_Experiment_1_seed_42
157,popular_1_exp_Experiment_1_seed_42
539,popular_1_exp_Experiment_1_seed_42
94,popular_1_exp_Experiment_1_seed_42
16,popular_1_exp_Experiment_1_seed_42
405,popular_1_exp_Experiment_1_seed_42
430,popular_1_exp_Experiment_1_seed_42
482,popular_1_exp_Experiment_1_seed_42
451,popular_1_exp_Experiment_1_seed_42
401,popular_1_exp_Experiment_1_seed_42
579,popular_1_exp_Experiment_1_seed_42
205,popular_1_exp_Experiment_1_seed_42
513,popular_1_exp_Experiment_1_seed_42
166,popular_1_exp_Experiment_1_seed_42
512,popular_1_exp_Experiment_1_seed_42
582,popular_1_exp_Experiment_1_seed_42
257,popular_1_exp_Experiment_1_seed_42
187,popular_1_exp_Experiment_1_seed_42
93,popular_1_exp_Experiment_1_seed_42
357,popular_1_exp_Experiment_1_seed_42
65,popular_1_exp_Experiment_1_seed_42
383,popular_1_exp_Experiment_1_seed_42
572,popular_1_exp_Experiment_1_seed_42
306,popular_1_exp_Experiment_1_seed_42
238,popular_1_exp_Experiment_1_seed_42
387,popular_1_exp_Experiment_1_seed_42
548,popular_1_exp_Experiment_1_seed_42
206,popular_1_exp_Experiment_1_seed_42
517,popular_1_exp_Experiment_1_seed_42
40,popular_1_exp_Experiment_1_seed_42
436,popular_1_exp_Experiment_1_seed_42
272,popular_1_exp_Experiment_1_seed_42
195,popular_1_exp_Experiment_1_seed_42
554,popular_1_exp_Experiment_1_seed_42
152,popular_1_exp_Experiment_1_seed_42
577,popular_1_exp_Experiment_1_seed_42
439,popular_1_exp_Experiment_1_seed_42
145,popular_1_exp_Experiment_1_seed_42
57,popular_1_exp_Experiment_1_seed_42
369,popular_1_exp_Experiment_1_seed_42
142,popular_1_exp_Experiment_1_seed_42
96,popular_1_exp_Experiment_1_seed_42
353,popular_1_exp_Experiment_1_seed_42
292,popular_1_exp_Experiment_1_seed_42
168,popular_1_exp_Experiment_1_seed_42
218,popular_1_exp_Experiment_1_seed_42
419,popular_1_exp_Experiment_1_seed_42
317,popular_1_exp_Experiment_1_seed_42
150,popular_1_exp_Experiment_1_seed_42
123,popular_1_exp_Experiment_1_seed_42
364,popular_1_exp_Experiment_1_seed_42
382,popular_1_exp_Experiment_1_seed_42
114,popular_1_exp_Experiment_1_seed_42
549,popular_1_exp_Experiment_1_seed_42
148,popular_1_exp_Experiment_1_seed_42
305,popular_1_exp_Experiment_1_seed_42
370,popular_1_exp_Experiment_1_seed_42
550,popular_1_exp_Experiment_1_seed_42
110,popular_1_exp_Experiment_1_seed_42
63,popular_1_exp_Experiment_1_seed_42
492,popular_1_exp_Experiment_1_seed_42
553,popular_1_exp_Experiment_1_seed_42
47,popular_1_exp_Experiment_1_seed_42
330,popular_1_exp_Experiment_1_seed_42
176,popular_1_exp_Experiment_1_seed_42
356,popular_1_exp_Experiment_1_seed_42
407,popular_1_exp_Experiment_1_seed_42
394,popular_1_exp_Experiment_1_seed_42
458,popular_1_exp_Experiment_1_seed_42
22,popular_1_exp_Experiment_1_seed_42
395,popular_1_exp_Experiment_1_seed_42
239,popular_1_exp_Experiment_1_seed_42
234,popular_1_exp_Experiment_1_seed_42
53,popular_1_exp_Experiment_1_seed_42
98,popular_1_exp_Experiment_1_seed_42
232,popular_1_exp_Experiment_1_seed_42
178,popular_1_exp_Experiment_1_seed_42
162,popular_1_exp_Experiment_1_seed_42
479,popular_1_exp_Experiment_1_seed_42
385,popular_1_exp_Experiment_1_seed_42
462,popular_1_exp_Experiment_1_seed_42
328,popular_1_exp_Experiment_1_seed_42
506,popular_1_exp_Experiment_1_seed_42
299,popular_1_exp_Experiment_1_seed_42
167,popular_1_exp_Experiment_1_seed_42
386,popular_1_exp_Experiment_1_seed_42
522,popular_1_exp_Experiment_1_seed_42
26,popular_1_exp_Experiment_1_seed_42
183,popular_1_exp_Experiment_1_seed_42
320,popular_1_exp_Experiment_1_seed_42
172,popular_1_exp_Experiment_1_seed_42
103,popular_1_exp_Experiment_1_seed_42
203,popular_1_exp_Experiment_1_seed_42
333,popular_1_exp_Experiment_1_seed_42
347,popular_1_exp_Experiment_1_seed_42
249,popular_1_exp_Experiment_1_seed_42
274,popular_1_exp_Experiment_1_seed_42
14,popular_1_exp_Experiment_1_seed_42
300,popular_1_exp_Experiment_1_seed_42
223,popular_1_exp_Experiment_1_seed_42
502,popular_1_exp_Experiment_1_seed_42
193,popular_1_exp_Experiment_1_seed_42
285,popular_1_exp_Experiment_1_seed_42
404,popular_1_exp_Experiment_1_seed_42
533,popular_1_exp_Experiment_1_seed_42
112,popular_1_exp_Experiment_1_seed_42
284,popular_1_exp_Experiment_1_seed_42
108,popular_1_exp_Experiment_1_seed_42
345,popular_1_exp_Experiment_1_seed_42
415,popular_1_exp_Experiment_1_seed_42
220,popular_1_exp_Experiment_1_seed_42
366,popular_1_exp_Experiment_1_seed_42
222,popular_1_exp_Experiment_1_seed_42
139,popular_1_exp_Experiment_1_seed_42
463,popular_1_exp_Experiment_1_seed_42
41,popular_1_exp_Experiment_1_seed_42
83,popular_1_exp_Experiment_1_seed_42
590,popular_1_exp_Experiment_1_seed_42
470,popular_1_exp_Experiment_1_seed_42
268,popular_1_exp_Experiment_1_seed_42
530,popular_1_exp_Experiment_1_seed_42
180,popular_1_exp_Experiment_1_seed_42
468,popular_1_exp_Experiment_1_seed_42
77,popular_1_exp_Experiment_1_seed_42
563,popular_1_exp_Experiment_1_seed_42
588,popular_1_exp_Experiment_1_seed_42
454,popular_1_exp_Experiment_1_seed_42
295,popular_1_exp_Experiment_1_seed_42
478,popular_1_exp_Experiment_1_seed_42
565,popular_1_exp_Experiment_1_seed_42
144,popular_1_exp_Experiment_1_seed_42
581,popular_1_exp_Experiment_1_seed_42
39,popular_1_exp_Experiment_1_seed_42
510,popular_1_exp_Experiment_1_seed_42
431,popular_1_exp_Experiment_1_seed_42
71,popular_1_exp_Experiment_1_seed_42
99,popular_1_exp_Experiment_1_seed_42
584,popular_1_exp_Experiment_1_seed_42
42,popular_1_exp_Experiment_1_seed_42
538,popular_1_exp_Experiment_1_seed_42
592,popular_1_exp_Experiment_1_seed_42
117,popular_1_exp_Experiment_1_seed_42
151,popular_1_exp_Experiment_1_seed_42
3,popular_1_exp_Experiment_1_seed_42
433,popular_1_exp_Experiment_1_seed_42
237,popular_1_exp_Experiment_1_seed_42
580,popular_1_exp_Experiment_1_seed_42
555,popular_1_exp_Experiment_1_seed_42
511,popular_1_exp_Experiment_1_seed_42
171,popular_1_exp_Experiment_1_seed_42
30,popular_1_exp_Experiment_1_seed_42
46,popular_1_exp_Experiment_1_seed_42
227,popular_1_exp_Experiment_1_seed_42
459,popular_1_exp_Experiment_1_seed_42
534,popular_1_exp_Experiment_1_seed_42
293,popular_1_exp_Experiment_1_seed_42
520,popular_1_exp_Experiment_1_seed_42
494,popular_1_exp_Experiment_1_seed_42
379,popular_1_exp_Experiment_1_seed_42
282,popular_1_exp_Experiment_1_seed_42
240,popular_1_exp_Experiment_1_seed_42
323,popular_1_exp_Experiment_1_seed_42
120,popular_1_exp_Experiment_1_seed_42
51,popular_1_exp_Experiment_1_seed_42
298,popular_1_exp_Experiment_1_seed_42
59,popular_1_exp_Experiment_1_seed_42
442,popular_1_exp_Experiment_1_seed_42
281,popular_1_exp_Experiment_1_seed_42
597,popular_1_exp_Experiment_1_seed_42
244,popular_1_exp_Experiment_1_seed_42
179,popular_1_exp_Experiment_1_seed_42
81,popular_1_exp_Experiment_1_seed_42
219,popular_1_exp_Experiment_1_seed_42
204,popular_1_exp_Experiment_1_seed_42
556,popular_1_exp_Experiment_1_seed_42
126,popular_1_exp_Experiment_1_seed_42
576,popular_1_exp_Experiment_1_seed_42
416,popular_1_exp_Experiment_1_seed_42
132,popular_1_exp_Experiment_1_seed_42
32,popular_1_exp_Experiment_1_seed_42
594,popular_1_exp_Experiment_1_seed_42
79,popular_1_exp_Experiment_1_seed_42
1,popular_1_exp_Experiment_1_seed_42
484,popular_1_exp_Experiment_1_seed_42
585,popular_1_exp_Experiment_1_seed_42
143,popular_1_exp_Experiment_1_seed_42
473,popular_1_exp_Experiment_1_seed_42
141,popular_1_exp_Experiment_1_seed_42
326,popular_1_exp_Experiment_1_seed_42
61,popular_1_exp_Experiment_1_seed_42
432,popular_1_exp_Experiment_1_seed_42
199,popular_1_exp_Experiment_1_seed_42
452,popular_1_exp_Experiment_1_seed_42
471,popular_1_exp_Experiment_1_seed_42
105,popular_1_exp_Experiment_1_seed_42
146,popular_1_exp_Experiment_1_seed_42
578,popular_1_exp_Experiment_1_seed_42
410,popular_1_exp_Experiment_1_seed_42
221,popular_1_exp_Experiment_1_seed_42
297,popular_1_exp_Experiment_1_seed_42
210,popular_1_exp_Experiment_1_seed_42
15,popular_1_exp_Experiment_1_seed_42
254,popular_1_exp_Experiment_1_seed_42
402,popular_1_exp_Experiment_1_seed_42
457,popular_1_exp_Experiment_1_seed_42
334,popular_1_exp_Experiment_1_seed_42
524,popular_1_exp_Experiment_1_seed_42
472,popular_1_exp_Experiment_1_seed_42
336,popular_1_exp_Experiment_1_seed_42
527,popular_1_exp_Experiment_1_seed_42
283,popular_1_exp_Experiment_1_seed_42
52,popular_1_exp_Experiment_1_seed_42
461,popular_1_exp_Experiment_1_seed_42
12,popular_1_exp_Experiment_1_seed_42
514,popular_1_exp_Experiment_1_seed_42
54,popular_1_exp_Experiment_1_seed_42
393,popular_1_exp_Experiment_1_seed_42
437,popular_1_exp_Experiment_1_seed_42
216,popular_1_exp_Experiment_1_seed_42
488,popular_1_exp_Experiment_1_seed_42
309,popular_1_exp_Experiment_1_seed_42
547,popular_1_exp_Experiment_1_seed_42
552,popular_1_exp_Experiment_1_seed_42
21,popular_1_exp_Experiment_1_seed_42
278,popular_1_exp_Experiment_1_seed_42
375,popular_1_exp_Experiment_1_seed_42
455,popular_1_exp_Experiment_1_seed_42
34,popular_1_exp_Experiment_1_seed_42
11,popular_1_exp_Experiment_1_seed_42
136,popular_1_exp_Experiment_1_seed_42
147,popular_1_exp_Experiment_1_seed_42
49,popular_1_exp_Experiment_1_seed_42
508,popular_1_exp_Experiment_1_seed_42
595,popular_1_exp_Experiment_1_seed_42
296,popular_1_exp_Experiment_1_seed_42
4,popular_1_exp_Experiment_1_seed_42
165,popular_1_exp_Experiment_1_seed_42
397,popular_1_exp_Experiment_1_seed_42
169,popular_1_exp_Experiment_1_seed_42
446,popular_1_exp_Experiment_1_seed_42
518,popular_1_exp_Experiment_1_seed_42
499,popular_1_exp_Experiment_1_seed_42
509,popular_1_exp_Experiment_1_seed_42
44,popular_1_exp_Experiment_1_seed_42
248,popular_1_exp_Experiment_1_seed_42
376,popular_1_exp_Experiment_1_seed_42
133,popular_1_exp_Experiment_1_seed_42
569,popular_1_exp_Experiment_1_seed_42
560,popular_1_exp_Experiment_1_seed_42
466,popular_1_exp_Experiment_1_seed_42
348,popular_1_exp_Experiment_1_seed_42
101,popular_1_exp_Experiment_1_seed_42
64,popular_1_exp_Experiment_1_seed_42
360,popular_1_exp_Experiment_1_seed_42
189,popular_1_exp_Experiment_1_seed_42
78,popular_1_exp_Experiment_1_seed_42
118,popular_1_exp_Experiment_1_seed_42
380,popular_1_exp_Experiment_1_seed_42
131,popular_1_exp_Experiment_1_seed_42
188,popular_1_exp_Experiment_1_seed_42
186,popular_1_exp_Experiment_1_seed_42
441,popular_1_exp_Experiment_1_seed_42
422,popular_1_exp_Experiment_1_seed_42
233,popular_1_exp_Experiment_1_seed_42
445,popular_1_exp_Experiment_1_seed_42
400,popular_1_exp_Experiment_1_seed_42
154,popular_1_exp_Experiment_1_seed_42
50,popular_1_exp_Experiment_1_seed_42
73,popular_1_exp_Experiment_1_seed_42
156,popular_1_exp_Experiment_1_seed_42
425,popular_1_exp_Experiment_1_seed_42
308,popular_1_exp_Experiment_1_seed_42
447,popular_1_exp_Experiment_1_seed_42
423,popular_1_exp_Experiment_1_seed_42
263,popular_1_exp_Experiment_1_seed_42
324,popular_1_exp_Experiment_1_seed_42
92,popular_1_exp_Experiment_1_seed_42
413,popular_1_exp_Experiment_1_seed_42
543,popular_1_exp_Experiment_1_seed_42
38,popular_1_exp_Experiment_1_seed_42
535,popular_1_exp_Experiment_1_seed_42
411,popular_1_exp_Experiment_1_seed_42
275,popular_1_exp_Experiment_1_seed_42
501,popular_1_exp_Experiment_1_seed_42
271,popular_1_exp_Experiment_1_seed_42
368,popular_1_exp_Experiment_1_seed_42
89,popular_1_exp_Experiment_1_seed_42
358,popular_1_exp_Experiment_1_seed_42
273,popular_1_exp_Experiment_1_seed_42
346,popular_1_exp_Experiment_1_seed_42
339,popular_1_exp_Experiment_1_seed_42
106,popular_1_exp_Experiment_1_seed_42
529,popular_1_exp_Experiment_1_seed_42
100,popular_1_exp_Experiment_1_seed_42
497,popular_1_exp_Experiment_1_seed_42
67,popular_1_exp_Experiment_1_seed_42
2,popular_1_exp_Experiment_1_seed_42
185,popular_1_exp_Experiment_1_seed_42
315,popular_1_exp_Experiment_1_seed_42
377,popular_1_exp_Experiment_1_seed_42
503,popular_1_exp_Experiment_1_seed_42
247,popular_1_exp_Experiment_1_seed_42
448,popular_1_exp_Experiment_1_seed_42
313,popular_1_exp_Experiment_1_seed_42
279,popular_1_exp_Experiment_1_seed_42
202,popular_1_exp_Experiment_1_seed_42
337,popular_1_exp_Experiment_1_seed_42
280,popular_1_exp_Experiment_1_seed_42
426,popular_1_exp_Experiment_1_seed_42
228,popular_1_exp_Experiment_1_seed_42
474,popular_1_exp_Experiment_1_seed_42
209,popular_1_exp_Experiment_1_seed_42
523,popular_1_exp_Experiment_1_seed_42
138,popular_1_exp_Experiment_1_seed_42
421,popular_1_exp_Experiment_1_seed_42
536,popular_1_exp_Experiment_1_seed_42
68,popular_1_exp_Experiment_1_seed_42
381,popular_1_exp_Experiment_1_seed_42
163,popular_1_exp_Experiment_1_seed_42
245,popular_1_exp_Experiment_1_seed_42
359,popular_1_exp_Experiment_1_seed_42
566,popular_1_exp_Experiment_1_seed_42
289,popular_1_exp_Experiment_1_seed_42
327,popular_1_exp_Experiment_1_seed_42
351,popular_1_exp_Experiment_1_seed_42
493,popular_1_exp_Experiment_1_seed_42
546,popular_1_exp_Experiment_1_seed_42
388,popular_1_exp_Experiment_1_seed_42
583,popular_1_exp_Experiment_1_seed_42
130,popular_1_exp_Experiment_1_seed_42
161,popular_1_exp_Experiment_1_seed_42
564,popular_1_exp_Experiment_1_seed_42
389,popular_1_exp_Experiment_1_seed_42
153,popular_1_exp_Experiment_1_seed_42
95,popular_1_exp_Experiment_1_seed_42
540,popular_1_exp_Experiment_1_seed_42
255,popular_1_exp_Experiment_1_seed_42
82,popular_1_exp_Experiment_1_seed_42
481,popular_1_exp_Experiment_1_seed_42
125,popular_1_exp_Experiment_1_seed_42
37,popular_1_exp_Experiment_1_seed_42
17,popular_1_exp_Experiment_1_seed_42
335,popular_1_exp_Experiment_1_seed_42
545,popular_1_exp_Experiment_1_seed_42
18,popular_1_exp_Experiment_1_seed_42
214,popular_1_exp_Experiment_1_seed_42
443,popular_1_exp_Experiment_1_seed_42
332,popular_1_exp_Experiment_1_seed_42
558,popular_1_exp_Experiment_1_seed_42
35,popular_1_exp_Experiment_1_seed_42
246,popular_1_exp_Experiment_1_seed_42
390,popular_1_exp_Experiment_1_seed_42
33,popular_1_exp_Experiment_1_seed_42
516,popular_1_exp_Experiment_1_seed_42
568,popular_1_exp_Experiment_1_seed_42
424,popular_1_exp_Experiment_1_seed_42
198,popular_1_exp_Experiment_1_seed_42
599,popular_1_exp_Experiment_1_seed_42
491,popular_1_exp_Experiment_1_seed_42
270,popular_1_exp_Experiment_1_seed_42
294,popular_1_exp_Experiment_1_seed_42
241,popular_1_exp_Experiment_1_seed_42
412,popular_1_exp_Experiment_1_seed_42
331,popular_1_exp_Experiment_1_seed_42
340,popular_1_exp_Experiment_1_seed_42
212,popular_1_exp_Experiment_1_seed_42
134,popular_1_exp_Experiment_1_seed_42
97,popular_1_exp_Experiment_1_seed_42
258,popular_1_exp_Experiment_1_seed_42
490,popular_1_exp_Experiment_1_seed_42
90,popular_1_exp_Experiment_1_seed_42
129,popular_1_exp_Experiment_1_seed_42
301,popular_1_exp_Experiment_1_seed_42
127,popular_1_exp_Experiment_1_seed_42
475,popular_1_exp_Experiment_1_seed_42
155,popular_1_exp_Experiment_1_seed_42
72,popular_1_exp_Experiment_1_seed_42
140,popular_1_exp_Experiment_1_seed_42
450,popular_1_exp_Experiment_1_seed_42
440,popular_1_exp_Experiment_1_seed_42
537,popular_1_exp_Experiment_1_seed_42
113,popular_1_exp_Experiment_1_seed_42
235,popular_1_exp_Experiment_1_seed_42
476,popular_1_exp_Experiment_1_seed_42
406,popular_1_exp_Experiment_1_seed_42
111,popular_1_exp_Experiment_1_seed_42
80,popular_1_exp_Experiment_1_seed_42
318,popular_1_exp_Experiment_1_seed_42
391,popular_1_exp_Experiment_1_seed_42
344,popular_1_exp_Experiment_1_seed_42
121,popular_1_exp_Experiment_1_seed_42
591,popular_1_exp_Experiment_1_seed_42
551,popular_1_exp_Experiment_1_seed_42
226,popular_1_exp_Experiment_1_seed_42
467,popular_1_exp_Experiment_1_seed_42
10,popular_1_exp_Experiment_1_seed_42
532,popular_1_exp_Experiment_1_seed_42
75,popular_1_exp_Experiment_1_seed_42
211,popular_1_exp_Experiment_1_seed_42
250,popular_1_exp_Experiment_1_seed_42
403,popular_1_exp_Experiment_1_seed_42
562,popular_1_exp_Experiment_1_seed_42
525,popular_1_exp_Experiment_1_seed_42
86,popular_1_exp_Experiment_1_seed_42
365,popular_1_exp_Experiment_1_seed_42
571,popular_1_exp_Experiment_1_seed_42
266,popular_1_exp_Experiment_1_seed_42
542,popular_1_exp_Experiment_1_seed_42
396,popular_1_exp_Experiment_1_seed_42
225,popular_1_exp_Experiment_1_seed_42
230,popular_1_exp_Experiment_1_seed_42
434,popular_1_exp_Experiment_1_seed_42
174,popular_1_exp_Experiment_1_seed_42
322,popular_1_exp_Experiment_1_seed_42
311,popular_1_exp_Experiment_1_seed_42
36,popular_1_exp_Experiment_1_seed_42
307,popular_1_exp_Experiment_1_seed_42
261,popular_1_exp_Experiment_1_seed_42
184,popular_1_exp_Experiment_1_seed_42
329,popular_1_exp_Experiment_1_seed_42
477,popular_1_exp_Experiment_1_seed_42
342,popular_1_exp_Experiment_1_seed_42
596,popular_1_exp_Experiment_1_seed_42
372,popular_1_exp_Experiment_1_seed_42
325,popular_1_exp_Experiment_1_seed_42
6,popular_1_exp_Experiment_1_seed_42
170,popular_1_exp_Experiment_1_seed_42
194,popular_1_exp_Experiment_1_seed_42
567,popular_1_exp_Experiment_1_seed_42
417,popular_1_exp_Experiment_1_seed_42
160,popular_1_exp_Experiment_1_seed_42
158,popular_1_exp_Experiment_1_seed_42
541,popular_1_exp_Experiment_1_seed_42
137,popular_1_exp_Experiment_1_seed_42
528,popular_1_exp_Experiment_1_seed_42
84,popular_1_exp_Experiment_1_seed_42
13,popular_1_exp_Experiment_1_seed_42
361,popular_1_exp_Experiment_1_seed_42
418,popular_1_exp_Experiment_1_seed_42
58,popular_1_exp_Experiment_1_seed_42
124,popular_1_exp_Experiment_1_seed_42
115,popular_1_exp_Experiment_1_seed_42
349,popular_1_exp_Experiment_1_seed_42
8,popular_1_exp_Experiment_1_seed_42
487,popular_1_exp_Experiment_1_seed_42
102,popular_1_exp_Experiment_1_seed_42
483,popular_1_exp_Experiment_1_seed_42
352,popular_1_exp_Experiment_1_seed_42
500,popular_1_exp_Experiment_1_seed_42
20,popular_1_exp_Experiment_1_seed_42
19,popular_1_exp_Experiment_1_seed_42
242,popular_1_exp_Experiment_1_seed_42
267,popular_1_exp_Experiment_1_seed_42
128,popular_1_exp_Experiment_1_seed_42
208,popular_1_exp_Experiment_1_seed_42
109,popular_1_exp_Experiment_1_seed_42
27,popular_1_exp_Experiment_1_seed_42
70,popular_1_exp_Experiment_1_seed_42
45,popular_1_exp_Experiment_1_seed_42
173,popular_1_exp_Experiment_1_seed_42
43,popular_1_exp_Experiment_1_seed_42
48,popular_1_exp_Experiment_1_seed_42
85,popular_1_exp_Experiment_1_seed_42
164,popular_1_exp_Experiment_1_seed_42
251,popular_1_exp_Experiment_1_seed_42
310,popular_1_exp_Experiment_1_seed_42
504,popular_1_exp_Experiment_1_seed_42
66,popular_1_exp_Experiment_1_seed_42
192,popular_1_exp_Experiment_1_seed_42
557,popular_1_exp_Experiment_1_seed_42
29,popular_1_exp_Experiment_1_seed_42
122,popular_1_exp_Experiment_1_seed_42
88,popular_1_exp_Experiment_1_seed_42
55,popular_1_exp_Experiment_1_seed_42
312,popular_1_exp_Experiment_1_seed_42
399,popular_1_exp_Experiment_1_seed_42
531,popular_1_exp_Experiment_1_seed_42
213,popular_1_exp_Experiment_1_seed_42
243,popular_1_exp_Experiment_1_seed_42
544,popular_1_exp_Experiment_1_seed_42
252,popular_1_exp_Experiment_1_seed_42
265,popular_1_exp_Experiment_1_seed_42
374,popular_1_exp_Experiment_1_seed_42
190,popular_1_exp_Experiment_1_seed_42
573,popular_1_exp_Experiment_1_seed_42
367,popular_1_exp_Experiment_1_seed_42
253,popular_1_exp_Experiment_1_seed_42
217,popular_1_exp_Experiment_1_seed_42
515,popular_1_exp_Experiment_1_seed_42
24,popular_1_exp_Experiment_1_seed_42
149,popular_1_exp_Experiment_1_seed_42
28,popular_1_exp_Experiment_1_seed_42
260,popular_1_exp_Experiment_1_seed_42
444,popular_1_exp_Experiment_1_seed_42
559,popular_1_exp_Experiment_1_seed_42
350,popular_1_exp_Experiment_1_seed_42
409,popular_1_exp_Experiment_1_seed_42
378,popular_1_exp_Experiment_1_seed_42
570,popular_1_exp_Experiment_1_seed_42
489,popular_1_exp_Experiment_1_seed_42
363,popular_1_exp_Experiment_1_seed_42
200,popular_1_exp_Experiment_1_seed_42
119,popular_1_exp_Experiment_1_seed_42
495,popular_1_exp_Experiment_1_seed_42
498,popular_1_exp_Experiment_1_seed_42
135,popular_1_exp_Experiment_1_seed_42
104,popular_1_exp_Experiment_1_seed_42
449,popular_1_exp_Experiment_1_seed_42
355,popular_1_exp_Experiment_1_seed_42
264,popular_1_exp_Experiment_1_seed_42
69,popular_1_exp_Experiment_1_seed_42
74,popular_1_exp_Experiment_1_seed_42
469,popular_1_exp_Experiment_1_seed_42
438,popular_1_exp_Experiment_1_seed_42
277,popular_1_exp_Experiment_1_seed_42
429,popular_1_exp_Experiment_1_seed_42
589,popular_1_exp_Experiment_1_seed_42
215,popular_1_exp_Experiment_1_seed_42
598,popular_1_exp_Experiment_1_seed_42
107,popular_1_exp_Experiment_1_seed_42
256,popular_1_exp_Experiment_1_seed_42
197,popular_1_exp_Experiment_1_seed_42
465,popular_1_exp_Experiment_1_seed_42
593,popular_1_exp_Experiment_1_seed_42
304,popular_1_exp_Experiment_1_seed_42
428,popular_1_exp_Experiment_1_seed_42
287,popular_1_exp_Experiment_1_seed_42
354,popular_1_exp_Experiment_1_seed_42
519,popular_1_exp_Experiment_1_seed_42
23,popular_1_exp_Experiment_1_seed_42
303,popular_1_exp_Experiment_1_seed_42
460,popular_1_exp_Experiment_1_seed_42
392,popular_1_exp_Experiment_1_seed_42
427,popular_1_exp_Experiment_1_seed_42
319,popular_1_exp_Experiment_1_seed_42
420,popular_1_exp_Experiment_1_seed_42
408,popular_1_exp_Experiment_1_seed_42
76,popular_1_exp_Experiment_1_seed_42
398,popular_1_exp_Experiment_1_seed_42
343,popular_1_exp_Experiment_1_seed_42
62,popular_1_exp_Experiment_1_seed_42
259,popular_1_exp_Experiment_1_seed_42
177,popular_1_exp_Experiment_1_seed_42
31,popular_1_exp_Experiment_1_seed_42
435,popular_1_exp_Experiment_1_seed_42
224,popular_1_exp_Experiment_1_seed_42
314,popular_1_exp_Experiment_1_seed_42
384,popular_1_exp_Experiment_1_seed_42
575,popular_1_exp_Experiment_1_seed_42
507,popular_1_exp_Experiment_1_seed_42
116,popular_1_exp_Experiment_1_seed_42
453,popular_1_exp_Experiment_1_seed_42
338,popular_1_exp_Experiment_1_seed_42
231,popular_1_exp_Experiment_1_seed_42
505,popular_1_exp_Experiment_1_seed_42
196,popular_1_exp_Experiment_1_seed_42
201,popular_1_exp_Experiment_1_seed_42
60,popular_1_exp_Experiment_1_seed_42
181,popular_1_exp_Experiment_1_seed_42
0,popular_1_exp_Experiment_1_seed_42
496,popular_1_exp_Experiment_1_seed_42
236,popular_1_exp_Experiment_1_seed_42
276,popular_1_exp_Experiment_1_seed_42
291,popular_1_exp_Experiment_1_seed_42
191,popular_1_exp_Experiment_1_seed_42
5,popular_1_exp_Experiment_1_seed_42
561,popular_1_exp_Experiment_1_seed_42
371,popular_1_exp_Experiment_1_seed_42
269,popular_1_exp_Experiment_1_seed_42
373,popular_1_exp_Experiment_1_seed_42
480,popular_1_exp_Experiment_1_seed_42
485,popular_1_exp_Experiment_1_seed_42
586,popular_1_exp_Experiment_1_seed_42
9,popular_1_exp_Experiment_1_seed_42
587,popular_1_exp_Experiment_1_seed_42
207,popular_1_exp_Experiment_1_seed_42
159,popular_1_exp_Experiment_1_seed_42
286,popular_1_exp_Experiment_1_seed_42
175,popular_1_exp_Experiment_1_seed_42
290,popular_1_exp_Experiment_1_seed_42
25,popular_1_exp_Experiment_1_seed_42
486,popular_1_exp_Experiment_1_seed_42
262,popular_1_exp_Experiment_1_seed_42
526,popular_1_exp_Experiment_1_seed_42
341,popular_1_exp_Experiment_1_seed_42
302,popular_1_exp_Experiment_1_seed_42
229,popular_1_exp_Experiment_1_seed_42
91,popular_1_exp_Experiment_1_seed_42
182,popular_1_exp_Experiment_1_seed_42
316,popular_1_exp_Experiment_1_seed_42
87,popular_1_exp_Experiment_1_seed_42
464,popular_1_exp_Experiment_1_seed_42
574,popular_1_exp_Experiment_1_seed_42
321,popular_1_exp_Experiment_1_seed_42
521,popular_1_exp_Experiment_1_seed_42
362,popular_1_exp_Experiment_1_seed_42
456,popular_1_exp_Experiment_1_seed_42
56,popular_1_exp_Experiment_1_seed_42
288,popular_1_exp_Experiment_1_seed_42
414,popular_1_exp_Experiment_1_seed_42
7,popular_1_exp_Experiment_1_seed_42
157,popular_1_exp_Experiment_1_seed_42
539,popular_1_exp_Experiment_1_seed_42
94,popular_1_exp_Experiment_1_seed_42
16,popular_1_exp_Experiment_1_seed_42
405,popular_1_exp_Experiment_1_seed_42
430,popular_1_exp_Experiment_1_seed_42
482,popular_1_exp_Experiment_1_seed_42
451,popular_1_exp_Experiment_1_seed_42
401,popular_1_exp_Experiment_1_seed_42
579,popular_1_exp_Experiment_1_seed_42
205,popular_1_exp_Experiment_1_seed_42
513,popular_1_exp_Experiment_1_seed_42
166,popular_1_exp_Experiment_1_seed_42
512,popular_1_exp_Experiment_1_seed_42
582,popular_1_exp_Experiment_1_seed_42
257,popular_1_exp_Experiment_1_seed_42
187,popular_1_exp_Experiment_1_seed_42
93,popular_1_exp_Experiment_1_seed_42
357,popular_1_exp_Experiment_1_seed_42
65,popular_1_exp_Experiment_1_seed_42
383,popular_1_exp_Experiment_1_seed_42
572,popular_1_exp_Experiment_1_seed_42
306,popular_1_exp_Experiment_1_seed_42
238,popular_1_exp_Experiment_1_seed_42
387,popular_1_exp_Experiment_1_seed_42
548,popular_1_exp_Experiment_1_seed_42
206,popular_1_exp_Experiment_1_seed_42
517,popular_1_exp_Experiment_1_seed_42
40,popular_1_exp_Experiment_1_seed_42
436,popular_1_exp_Experiment_1_seed_42
272,popular_1_exp_Experiment_1_seed_42
195,popular_1_exp_Experiment_1_seed_42
554,popular_1_exp_Experiment_1_seed_42
152,popular_1_exp_Experiment_1_seed_42
577,popular_1_exp_Experiment_1_seed_42
439,popular_1_exp_Experiment_1_seed_42
145,popular_1_exp_Experiment_1_seed_42
57,popular_1_exp_Experiment_1_seed_42
369,popular_1_exp_Experiment_1_seed_42
142,popular_1_exp_Experiment_1_seed_42
96,popular_1_exp_Experiment_1_seed_42
353,popular_1_exp_Experiment_1_seed_42
292,popular_1_exp_Experiment_1_seed_42
168,popular_1_exp_Experiment_1_seed_42
218,popular_1_exp_Experiment_1_seed_42
419,popular_1_exp_Experiment_1_seed_42
317,popular_1_exp_Experiment_1_seed_42
150,popular_1_exp_Experiment_1_seed_42
123,popular_1_exp_Experiment_1_seed_42
364,popular_1_exp_Experiment_1_seed_42
382,popular_1_exp_Experiment_1_seed_42
114,popular_1_exp_Experiment_1_seed_42
549,popular_1_exp_Experiment_1_seed_42
148,popular_1_exp_Experiment_1_seed_42
305,popular_1_exp_Experiment_1_seed_42
370,popular_1_exp_Experiment_1_seed_42
550,popular_1_exp_Experiment_1_seed_42
110,popular_1_exp_Experiment_1_seed_42
63,popular_1_exp_Experiment_1_seed_42
492,popular_1_exp_Experiment_1_seed_42
553,popular_1_exp_Experiment_1_seed_42
47,popular_1_exp_Experiment_1_seed_42
330,popular_1_exp_Experiment_1_seed_42
176,popular_1_exp_Experiment_1_seed_42
356,popular_1_exp_Experiment_1_seed_42
407,popular_1_exp_Experiment_1_seed_42
394,popular_1_exp_Experiment_1_seed_42
458,popular_1_exp_Experiment_1_seed_42
22,popular_1_exp_Experiment_1_seed_42
395,popular_1_exp_Experiment_1_seed_42
239,popular_1_exp_Experiment_1_seed_42
234,popular_1_exp_Experiment_1_seed_42
53,popular_1_exp_Experiment_1_seed_42
98,popular_1_exp_Experiment_1_seed_42
232,popular_1_exp_Experiment_1_seed_42
178,popular_1_exp_Experiment_1_seed_42
162,popular_1_exp_Experiment_1_seed_42
479,popular_1_exp_Experiment_1_seed_42
385,popular_1_exp_Experiment_1_seed_42
462,popular_1_exp_Experiment_1_seed_42
328,popular_1_exp_Experiment_1_seed_42
506,popular_1_exp_Experiment_1_seed_42
299,popular_1_exp_Experiment_1_seed_42
167,popular_1_exp_Experiment_1_seed_42
386,popular_1_exp_Experiment_1_seed_42
522,popular_1_exp_Experiment_1_seed_42
26,popular_1_exp_Experiment_1_seed_42
183,popular_1_exp_Experiment_1_seed_42
320,popular_1_exp_Experiment_1_seed_42
172,popular_1_exp_Experiment_1_seed_42
103,popular_1_exp_Experiment_1_seed_42
203,popular_1_exp_Experiment_1_seed_42
333,popular_1_exp_Experiment_1_seed_42
347,popular_1_exp_Experiment_1_seed_42
249,popular_1_exp_Experiment_1_seed_42
274,popular_1_exp_Experiment_1_seed_42
14,popular_1_exp_Experiment_1_seed_42
300,popular_1_exp_Experiment_1_seed_42
223,popular_1_exp_Experiment_1_seed_42
502,popular_1_exp_Experiment_1_seed_42
193,popular_1_exp_Experiment_1_seed_42
285,popular_1_exp_Experiment_1_seed_42
404,popular_1_exp_Experiment_1_seed_42
533,popular_1_exp_Experiment_1_seed_42
112,popular_1_exp_Experiment_1_seed_42
284,popular_1_exp_Experiment_1_seed_42
108,popular_1_exp_Experiment_1_seed_42
345,popular_1_exp_Experiment_1_seed_42
415,popular_1_exp_Experiment_1_seed_42
220,popular_1_exp_Experiment_1_seed_42
366,popular_1_exp_Experiment_1_seed_42
222,popular_1_exp_Experiment_1_seed_42
139,popular_1_exp_Experiment_1_seed_42
463,popular_1_exp_Experiment_1_seed_42
41,popular_1_exp_Experiment_1_seed_42
83,popular_1_exp_Experiment_1_seed_42
590,popular_1_exp_Experiment_1_seed_42
470,popular_1_exp_Experiment_1_seed_42
268,popular_1_exp_Experiment_1_seed_42
530,popular_1_exp_Experiment_1_seed_42
180,popular_1_exp_Experiment_1_seed_42
468,popular_1_exp_Experiment_1_seed_42
77,popular_1_exp_Experiment_1_seed_42
563,popular_1_exp_Experiment_1_seed_42
588,popular_1_exp_Experiment_1_seed_42
454,popular_1_exp_Experiment_1_seed_42
295,popular_1_exp_Experiment_1_seed_42
478,popular_1_exp_Experiment_1_seed_42
565,popular_1_exp_Experiment_1_seed_42
144,popular_1_exp_Experiment_1_seed_42
581,popular_1_exp_Experiment_1_seed_42
39,popular_1_exp_Experiment_1_seed_42
510,popular_1_exp_Experiment_1_seed_42
431,popular_1_exp_Experiment_1_seed_42
71,popular_1_exp_Experiment_1_seed_42
99,popular_1_exp_Experiment_1_seed_42
584,popular_1_exp_Experiment_1_seed_42
42,popular_1_exp_Experiment_1_seed_42
538,popular_1_exp_Experiment_1_seed_42
592,popular_1_exp_Experiment_1_seed_42
117,popular_1_exp_Experiment_1_seed_42
151,popular_1_exp_Experiment_1_seed_42
3,popular_1_exp_Experiment_1_seed_42
433,popular_1_exp_Experiment_1_seed_42
237,popular_1_exp_Experiment_1_seed_42
580,popular_1_exp_Experiment_1_seed_42
555,popular_1_exp_Experiment_1_seed_42
511,popular_1_exp_Experiment_1_seed_42
171,popular_1_exp_Experiment_1_seed_42
30,popular_1_exp_Experiment_1_seed_42
46,popular_1_exp_Experiment_1_seed_42
227,popular_1_exp_Experiment_1_seed_42
459,popular_1_exp_Experiment_1_seed_42
534,popular_1_exp_Experiment_1_seed_42
293,popular_1_exp_Experiment_1_seed_42
520,popular_1_exp_Experiment_1_seed_42
494,popular_1_exp_Experiment_1_seed_42
379,popular_1_exp_Experiment_1_seed_42
282,popular_1_exp_Experiment_1_seed_42
240,popular_1_exp_Experiment_1_seed_42
323,popular_1_exp_Experiment_1_seed_42
120,popular_1_exp_Experiment_1_seed_42
51,popular_1_exp_Experiment_1_seed_42
298,popular_1_exp_Experiment_1_seed_42
59,popular_1_exp_Experiment_1_seed_42
442,popular_1_exp_Experiment_1_seed_42
281,popular_1_exp_Experiment_1_seed_42
597,popular_1_exp_Experiment_1_seed_42
244,popular_1_exp_Experiment_1_seed_42
179,popular_1_exp_Experiment_1_seed_42
81,popular_1_exp_Experiment_1_seed_42
219,popular_1_exp_Experiment_1_seed_42
204,popular_1_exp_Experiment_1_seed_42
556,popular_1_exp_Experiment_1_seed_42
126,popular_1_exp_Experiment_1_seed_42
576,popular_1_exp_Experiment_1_seed_42
416,popular_1_exp_Experiment_1_seed_42
132,popular_1_exp_Experiment_1_seed_42
32,popular_1_exp_Experiment_1_seed_42
594,popular_1_exp_Experiment_1_seed_42
79,popular_1_exp_Experiment_1_seed_42
1,popular_1_exp_Experiment_1_seed_42
484,popular_1_exp_Experiment_1_seed_42
585,popular_1_exp_Experiment_1_seed_42
143,popular_1_exp_Experiment_1_seed_42
473,popular_1_exp_Experiment_1_seed_42
141,popular_1_exp_Experiment_1_seed_42
326,popular_1_exp_Experiment_1_seed_42
61,popular_1_exp_Experiment_1_seed_42
432,popular_1_exp_Experiment_1_seed_42
199,popular_1_exp_Experiment_1_seed_42
452,popular_1_exp_Experiment_1_seed_42
471,popular_1_exp_Experiment_1_seed_42
105,popular_1_exp_Experiment_1_seed_42
146,popular_1_exp_Experiment_1_seed_42
578,popular_1_exp_Experiment_1_seed_42
410,popular_1_exp_Experiment_1_seed_42
221,popular_1_exp_Experiment_1_seed_42
297,popular_1_exp_Experiment_1_seed_42
210,popular_1_exp_Experiment_1_seed_42
15,popular_1_exp_Experiment_1_seed_42
254,popular_1_exp_Experiment_1_seed_42
402,popular_1_exp_Experiment_1_seed_42
457,popular_1_exp_Experiment_1_seed_42
334,popular_1_exp_Experiment_1_seed_42
524,popular_1_exp_Experiment_1_seed_42
472,popular_1_exp_Experiment_1_seed_42
336,popular_1_exp_Experiment_1_seed_42
527,popular_1_exp_Experiment_1_seed_42
283,popular_1_exp_Experiment_1_seed_42
52,popular_1_exp_Experiment_1_seed_42
461,popular_1_exp_Experiment_1_seed_42
12,popular_1_exp_Experiment_1_seed_42
514,popular_1_exp_Experiment_1_seed_42
54,popular_1_exp_Experiment_1_seed_42
393,popular_1_exp_Experiment_1_seed_42
437,popular_1_exp_Experiment_1_seed_42
216,popular_1_exp_Experiment_1_seed_42
488,popular_1_exp_Experiment_1_seed_42
309,popular_1_exp_Experiment_1_seed_42
547,popular_1_exp_Experiment_1_seed_42
552,popular_1_exp_Experiment_1_seed_42
21,popular_1_exp_Experiment_1_seed_42
278,popular_1_exp_Experiment_1_seed_42
375,popular_1_exp_Experiment_1_seed_42
455,popular_1_exp_Experiment_1_seed_42
34,popular_1_exp_Experiment_1_seed_42
11,popular_1_exp_Experiment_1_seed_42
136,popular_1_exp_Experiment_1_seed_42
147,popular_1_exp_Experiment_1_seed_42
49,popular_1_exp_Experiment_1_seed_42
508,popular_1_exp_Experiment_1_seed_42
595,popular_1_exp_Experiment_1_seed_42
296,popular_1_exp_Experiment_1_seed_42
4,popular_1_exp_Experiment_1_seed_42
165,popular_1_exp_Experiment_1_seed_42
397,popular_1_exp_Experiment_1_seed_42
169,popular_1_exp_Experiment_1_seed_42
446,popular_1_exp_Experiment_1_seed_42
518,popular_1_exp_Experiment_1_seed_42
499,popular_1_exp_Experiment_1_seed_42
509,popular_1_exp_Experiment_1_seed_42
44,popular_1_exp_Experiment_1_seed_42
248,popular_1_exp_Experiment_1_seed_42
376,popular_1_exp_Experiment_1_seed_42
133,popular_1_exp_Experiment_1_seed_42
569,popular_1_exp_Experiment_1_seed_42
560,popular_1_exp_Experiment_1_seed_42
466,popular_1_exp_Experiment_1_seed_42
348,popular_1_exp_Experiment_1_seed_42
101,popular_1_exp_Experiment_1_seed_42
64,popular_1_exp_Experiment_1_seed_42
360,popular_1_exp_Experiment_1_seed_42
189,popular_1_exp_Experiment_1_seed_42
78,popular_1_exp_Experiment_1_seed_42
118,popular_1_exp_Experiment_1_seed_42
380,popular_1_exp_Experiment_1_seed_42
131,popular_1_exp_Experiment_1_seed_42
188,popular_1_exp_Experiment_1_seed_42
186,popular_1_exp_Experiment_1_seed_42
441,popular_1_exp_Experiment_1_seed_42
422,popular_1_exp_Experiment_1_seed_42
233,popular_1_exp_Experiment_1_seed_42
445,popular_1_exp_Experiment_1_seed_42
400,popular_1_exp_Experiment_1_seed_42
154,popular_1_exp_Experiment_1_seed_42
50,popular_1_exp_Experiment_1_seed_42
73,popular_1_exp_Experiment_1_seed_42
156,popular_1_exp_Experiment_1_seed_42
425,popular_1_exp_Experiment_1_seed_42
308,popular_1_exp_Experiment_1_seed_42
447,popular_1_exp_Experiment_1_seed_42
423,popular_1_exp_Experiment_1_seed_42
263,popular_1_exp_Experiment_1_seed_42
324,popular_1_exp_Experiment_1_seed_42
92,popular_1_exp_Experiment_1_seed_42
413,popular_1_exp_Experiment_1_seed_42
543,popular_1_exp_Experiment_1_seed_42
38,popular_1_exp_Experiment_1_seed_42
535,popular_1_exp_Experiment_1_seed_42
411,popular_1_exp_Experiment_1_seed_42
275,popular_1_exp_Experiment_1_seed_42
501,popular_1_exp_Experiment_1_seed_42
271,popular_1_exp_Experiment_1_seed_42
368,popular_1_exp_Experiment_1_seed_42
89,popular_1_exp_Experiment_1_seed_42
358,popular_1_exp_Experiment_1_seed_42
273,popular_1_exp_Experiment_1_seed_42
346,popular_1_exp_Experiment_1_seed_42
339,popular_1_exp_Experiment_1_seed_42
106,popular_1_exp_Experiment_1_seed_42
529,popular_1_exp_Experiment_1_seed_42
100,popular_1_exp_Experiment_1_seed_42
497,popular_1_exp_Experiment_1_seed_42
67,popular_1_exp_Experiment_1_seed_42
2,popular_1_exp_Experiment_1_seed_42
185,popular_1_exp_Experiment_1_seed_42
315,popular_1_exp_Experiment_1_seed_42
377,popular_1_exp_Experiment_1_seed_42
503,popular_1_exp_Experiment_1_seed_42
247,popular_1_exp_Experiment_1_seed_42
448,popular_1_exp_Experiment_1_seed_42
313,popular_1_exp_Experiment_1_seed_42
279,popular_1_exp_Experiment_1_seed_42
202,popular_1_exp_Experiment_1_seed_42
337,popular_1_exp_Experiment_1_seed_42
280,popular_1_exp_Experiment_1_seed_42
426,popular_1_exp_Experiment_1_seed_42
228,popular_1_exp_Experiment_1_seed_42
474,popular_1_exp_Experiment_1_seed_42
209,popular_1_exp_Experiment_1_seed_42
523,popular_1_exp_Experiment_1_seed_42
138,popular_1_exp_Experiment_1_seed_42
421,popular_1_exp_Experiment_1_seed_42
536,popular_1_exp_Experiment_1_seed_42
68,popular_1_exp_Experiment_1_seed_42
381,popular_1_exp_Experiment_1_seed_42
163,popular_1_exp_Experiment_1_seed_42
245,popular_1_exp_Experiment_1_seed_42
359,popular_1_exp_Experiment_1_seed_42
566,popular_1_exp_Experiment_1_seed_42
289,popular_1_exp_Experiment_1_seed_42
327,popular_1_exp_Experiment_1_seed_42
351,popular_1_exp_Experiment_1_seed_42
493,popular_1_exp_Experiment_1_seed_42
546,popular_1_exp_Experiment_1_seed_42
388,popular_1_exp_Experiment_1_seed_42
583,popular_1_exp_Experiment_1_seed_42
130,popular_1_exp_Experiment_1_seed_42
161,popular_1_exp_Experiment_1_seed_42
564,popular_1_exp_Experiment_1_seed_42
389,popular_1_exp_Experiment_1_seed_42
153,popular_1_exp_Experiment_1_seed_42
95,popular_1_exp_Experiment_1_seed_42
540,popular_1_exp_Experiment_1_seed_42
255,popular_1_exp_Experiment_1_seed_42
82,popular_1_exp_Experiment_1_seed_42
481,popular_1_exp_Experiment_1_seed_42
125,popular_1_exp_Experiment_1_seed_42
37,popular_1_exp_Experiment_1_seed_42
17,popular_1_exp_Experiment_1_seed_42
335,popular_1_exp_Experiment_1_seed_42
545,popular_1_exp_Experiment_1_seed_42
18,popular_1_exp_Experiment_1_seed_42
214,popular_1_exp_Experiment_1_seed_42
443,popular_1_exp_Experiment_1_seed_42
332,popular_1_exp_Experiment_1_seed_42
558,popular_1_exp_Experiment_1_seed_42
35,popular_1_exp_Experiment_1_seed_42
246,popular_1_exp_Experiment_1_seed_42
390,popular_1_exp_Experiment_1_seed_42
33,popular_1_exp_Experiment_1_seed_42
516,popular_1_exp_Experiment_1_seed_42
568,popular_1_exp_Experiment_1_seed_42
424,popular_1_exp_Experiment_1_seed_42
198,popular_1_exp_Experiment_1_seed_42
599,popular_1_exp_Experiment_1_seed_42
491,popular_1_exp_Experiment_1_seed_42
270,popular_1_exp_Experiment_1_seed_42
294,popular_1_exp_Experiment_1_seed_42
241,popular_1_exp_Experiment_1_seed_42
412,popular_1_exp_Experiment_1_seed_42
331,popular_1_exp_Experiment_1_seed_42
340,popular_1_exp_Experiment_1_seed_42
212,popular_1_exp_Experiment_1_seed_42
134,popular_1_exp_Experiment_1_seed_42
97,popular_1_exp_Experiment_1_seed_42
258,popular_1_exp_Experiment_1_seed_42
490,popular_1_exp_Experiment_1_seed_42
90,popular_1_exp_Experiment_1_seed_42
129,popular_1_exp_Experiment_1_seed_42
301,popular_1_exp_Experiment_1_seed_42
127,popular_1_exp_Experiment_1_seed_42
475,popular_1_exp_Experiment_1_seed_42
155,popular_1_exp_Experiment_1_seed_42
72,popular_1_exp_Experiment_1_seed_42
140,popular_1_exp_Experiment_1_seed_42
450,popular_1_exp_Experiment_1_seed_42
440,popular_1_exp_Experiment_1_seed_42
537,popular_1_exp_Experiment_1_seed_42
113,popular_1_exp_Experiment_1_seed_42
235,popular_1_exp_Experiment_1_seed_42
476,popular_1_exp_Experiment_1_seed_42
406,popular_1_exp_Experiment_1_seed_42
111,popular_1_exp_Experiment_1_seed_42
80,popular_1_exp_Experiment_1_seed_42
318,popular_1_exp_Experiment_1_seed_42
391,popular_1_exp_Experiment_1_seed_42
344,popular_1_exp_Experiment_1_seed_42
121,popular_1_exp_Experiment_1_seed_42
591,popular_1_exp_Experiment_1_seed_42
551,popular_1_exp_Experiment_1_seed_42
226,popular_1_exp_Experiment_1_seed_42
467,popular_1_exp_Experiment_1_seed_42
10,popular_1_exp_Experiment_1_seed_42
532,popular_1_exp_Experiment_1_seed_42
75,popular_1_exp_Experiment_1_seed_42
211,popular_1_exp_Experiment_1_seed_42
250,popular_1_exp_Experiment_1_seed_42
403,popular_1_exp_Experiment_1_seed_42
562,popular_1_exp_Experiment_1_seed_42
525,popular_1_exp_Experiment_1_seed_42
86,popular_1_exp_Experiment_1_seed_42
365,popular_1_exp_Experiment_1_seed_42
571,popular_1_exp_Experiment_1_seed_42
266,popular_1_exp_Experiment_1_seed_42
542,popular_1_exp_Experiment_1_seed_42
396,popular_1_exp_Experiment_1_seed_42
225,popular_1_exp_Experiment_1_seed_42
230,popular_1_exp_Experiment_1_seed_42
434,popular_1_exp_Experiment_1_seed_42
174,popular_1_exp_Experiment_1_seed_42
322,popular_1_exp_Experiment_1_seed_42
311,popular_1_exp_Experiment_1_seed_42
36,popular_1_exp_Experiment_1_seed_42
307,popular_1_exp_Experiment_1_seed_42
261,popular_1_exp_Experiment_1_seed_42
184,popular_1_exp_Experiment_1_seed_42
329,popular_1_exp_Experiment_1_seed_42
477,popular_1_exp_Experiment_1_seed_42
342,popular_1_exp_Experiment_1_seed_42
596,popular_1_exp_Experiment_1_seed_42
372,popular_1_exp_Experiment_1_seed_42
325,popular_1_exp_Experiment_1_seed_42
6,popular_1_exp_Experiment_1_seed_42
170,popular_1_exp_Experiment_1_seed_42
194,popular_1_exp_Experiment_1_seed_42
567,popular_1_exp_Experiment_1_seed_42
417,popular_1_exp_Experiment_1_seed_42
160,popular_1_exp_Experiment_1_seed_42
158,popular_1_exp_Experiment_1_seed_42
541,popular_1_exp_Experiment_1_seed_42
137,popular_1_exp_Experiment_1_seed_42
528,popular_1_exp_Experiment_1_seed_42
84,popular_1_exp_Experiment_1_seed_42
13,popular_1_exp_Experiment_1_seed_42
361,popular_1_exp_Experiment_1_seed_42
418,popular_1_exp_Experiment_1_seed_42
58,popular_1_exp_Experiment_1_seed_42
124,popular_1_exp_Experiment_1_seed_42
115,popular_1_exp_Experiment_1_seed_42
349,popular_1_exp_Experiment_1_seed_42
8,popular_1_exp_Experiment_1_seed_42
487,popular_1_exp_Experiment_1_seed_42
102,popular_1_exp_Experiment_1_seed_42
483,popular_1_exp_Experiment_1_seed_42
352,popular_1_exp_Experiment_1_seed_42
500,popular_1_exp_Experiment_1_seed_42
20,popular_1_exp_Experiment_1_seed_42
19,popular_1_exp_Experiment_1_seed_42
242,popular_1_exp_Experiment_1_seed_42
267,popular_1_exp_Experiment_1_seed_42
128,popular_1_exp_Experiment_1_seed_42
208,popular_1_exp_Experiment_1_seed_42
109,popular_1_exp_Experiment_1_seed_42
27,popular_1_exp_Experiment_1_seed_42
70,popular_1_exp_Experiment_1_seed_42
45,popular_1_exp_Experiment_1_seed_42
173,popular_1_exp_Experiment_1_seed_42
43,popular_1_exp_Experiment_1_seed_42
48,popular_1_exp_Experiment_1_seed_42
85,popular_1_exp_Experiment_1_seed_42
164,popular_1_exp_Experiment_1_seed_42
251,popular_1_exp_Experiment_1_seed_42
310,popular_1_exp_Experiment_1_seed_42
504,popular_1_exp_Experiment_1_seed_42
66,popular_1_exp_Experiment_1_seed_42
192,popular_1_exp_Experiment_1_seed_42
557,popular_1_exp_Experiment_1_seed_42
29,popular_1_exp_Experiment_1_seed_42
122,popular_1_exp_Experiment_1_seed_42
88,popular_1_exp_Experiment_1_seed_42
55,popular_1_exp_Experiment_1_seed_42
312,popular_1_exp_Experiment_1_seed_42
399,popular_1_exp_Experiment_1_seed_42
531,popular_1_exp_Experiment_1_seed_42
213,popular_1_exp_Experiment_1_seed_42
243,popular_1_exp_Experiment_1_seed_42
544,popular_1_exp_Experiment_1_seed_42
252,popular_1_exp_Experiment_1_seed_42
265,popular_1_exp_Experiment_1_seed_42
374,popular_1_exp_Experiment_1_seed_42
190,popular_1_exp_Experiment_1_seed_42
573,popular_1_exp_Experiment_1_seed_42
367,popular_1_exp_Experiment_1_seed_42
253,popular_1_exp_Experiment_1_seed_42
217,popular_1_exp_Experiment_1_seed_42
515,popular_1_exp_Experiment_1_seed_42
24,popular_1_exp_Experiment_1_seed_42
149,popular_1_exp_Experiment_1_seed_42
28,popular_1_exp_Experiment_1_seed_42
260,popular_1_exp_Experiment_1_seed_42
444,popular_1_exp_Experiment_1_seed_42
559,popular_1_exp_Experiment_1_seed_42
350,popular_1_exp_Experiment_1_seed_42
409,popular_1_exp_Experiment_1_seed_42
378,popular_1_exp_Experiment_1_seed_42
570,popular_1_exp_Experiment_1_seed_42
489,popular_1_exp_Experiment_1_seed_42
363,popular_1_exp_Experiment_1_seed_42
200,popular_1_exp_Experiment_1_seed_42
119,popular_1_exp_Experiment_1_seed_42
495,popular_1_exp_Experiment_1_seed_42
498,popular_1_exp_Experiment_1_seed_42
135,popular_1_exp_Experiment_1_seed_42
104,popular_1_exp_Experiment_1_seed_42
449,popular_1_exp_Experiment_1_seed_42
355,popular_1_exp_Experiment_1_seed_42
264,popular_1_exp_Experiment_1_seed_42
69,popular_1_exp_Experiment_1_seed_42
74,popular_1_exp_Experiment_1_seed_42
469,popular_1_exp_Experiment_1_seed_42
438,popular_1_exp_Experiment_1_seed_42
277,popular_1_exp_Experiment_1_seed_42
429,popular_1_exp_Experiment_1_seed_42
589,popular_1_exp_Experiment_1_seed_42
215,popular_1_exp_Experiment_1_seed_42
598,popular_1_exp_Experiment_1_seed_42
107,popular_1_exp_Experiment_1_seed_42
256,popular_1_exp_Experiment_1_seed_42
197,popular_1_exp_Experiment_1_seed_42
465,popular_1_exp_Experiment_1_seed_42
593,popular_1_exp_Experiment_1_seed_42
304,popular_1_exp_Experiment_1_seed_42
428,popular_1_exp_Experiment_1_seed_42
287,popular_1_exp_Experiment_1_seed_42
354,popular_1_exp_Experiment_1_seed_42
519,popular_1_exp_Experiment_1_seed_42
23,popular_1_exp_Experiment_1_seed_42
303,popular_1_exp_Experiment_1_seed_42
460,popular_1_exp_Experiment_1_seed_42
392,popular_1_exp_Experiment_1_seed_42
427,popular_1_exp_Experiment_1_seed_42
319,popular_1_exp_Experiment_1_seed_42
420,popular_1_exp_Experiment_1_seed_42
408,popular_1_exp_Experiment_1_seed_42
76,popular_1_exp_Experiment_1_seed_42
398,popular_1_exp_Experiment_1_seed_42
343,popular_1_exp_Experiment_1_seed_42
62,popular_1_exp_Experiment_1_seed_42
259,popular_1_exp_Experiment_1_seed_42
177,popular_1_exp_Experiment_1_seed_42
31,popular_1_exp_Experiment_1_seed_42
435,popular_1_exp_Experiment_1_seed_42
224,popular_1_exp_Experiment_1_seed_42
314,popular_1_exp_Experiment_1_seed_42
384,popular_1_exp_Experiment_1_seed_42
575,popular_1_exp_Experiment_1_seed_42
507,popular_1_exp_Experiment_1_seed_42
116,popular_1_exp_Experiment_1_seed_42
453,popular_1_exp_Experiment_1_seed_42
338,popular_1_exp_Experiment_1_seed_42
231,popular_1_exp_Experiment_1_seed_42
505,popular_1_exp_Experiment_1_seed_42
196,popular_1_exp_Experiment_1_seed_42
201,popular_1_exp_Experiment_1_seed_42
60,popular_1_exp_Experiment_1_seed_42
181,popular_1_exp_Experiment_1_seed_42
0,popular_1_exp_Experiment_1_seed_42
496,popular_1_exp_Experiment_1_seed_42
236,popular_1_exp_Experiment_1_seed_42
276,popular_1_exp_Experiment_1_seed_42
291,popular_1_exp_Experiment_1_seed_42
191,popular_1_exp_Experiment_1_seed_42
5,popular_1_exp_Experiment_1_seed_42
561,popular_1_exp_Experiment_1_seed_42
371,popular_1_exp_Experiment_1_seed_42
269,popular_1_exp_Experiment_1_seed_42
373,popular_1_exp_Experiment_1_seed_42
480,popular_1_exp_Experiment_1_seed_42
485,popular_1_exp_Experiment_1_seed_42
586,popular_1_exp_Experiment_1_seed_42
9,popular_1_exp_Experiment_1_seed_42
587,popular_1_exp_Experiment_1_seed_42
207,popular_1_exp_Experiment_1_seed_42
159,popular_1_exp_Experiment_1_seed_42
286,popular_1_exp_Experiment_1_seed_42
175,popular_1_exp_Experiment_1_seed_42
290,popular_1_exp_Experiment_1_seed_42
25,popular_1_exp_Experiment_1_seed_42
486,popular_1_exp_Experiment_1_seed_42
262,popular_1_exp_Experiment_1_seed_42
526,popular_1_exp_Experiment_1_seed_42
341,popular_1_exp_Experiment_1_seed_42
302,popular_1_exp_Experiment_1_seed_42
229,popular_1_exp_Experiment_1_seed_42
91,popular_1_exp_Experiment_1_seed_42
182,popular_1_exp_Experiment_1_seed_42
316,popular_1_exp_Experiment_1_seed_42
87,popular_1_exp_Experiment_1_seed_42
464,popular_1_exp_Experiment_1_seed_42
574,popular_1_exp_Experiment_1_seed_42
321,popular_1_exp_Experiment_1_seed_42
521,popular_1_exp_Experiment_1_seed_42
362,popular_1_exp_Experiment_1_seed_42
456,popular_1_exp_Experiment_1_seed_42
56,popular_1_exp_Experiment_1_seed_42
288,popular_1_exp_Experiment_1_seed_42
414,popular_1_exp_Experiment_1_seed_42
7,popular_1_exp_Experiment_1_seed_42
157,popular_1_exp_Experiment_1_seed_42
539,popular_1_exp_Experiment_1_seed_42
94,popular_1_exp_Experiment_1_seed_42
16,popular_1_exp_Experiment_1_seed_42
405,popular_1_exp_Experiment_1_seed_42
430,popular_1_exp_Experiment_1_seed_42
482,popular_1_exp_Experiment_1_seed_42
451,popular_1_exp_Experiment_1_seed_42
401,popular_1_exp_Experiment_1_seed_42
579,popular_1_exp_Experiment_1_seed_42
205,popular_1_exp_Experiment_1_seed_42
513,popular_1_exp_Experiment_1_seed_42
166,popular_1_exp_Experiment_1_seed_42
512,popular_1_exp_Experiment_1_seed_42
582,popular_1_exp_Experiment_1_seed_42
257,popular_1_exp_Experiment_1_seed_42
187,popular_1_exp_Experiment_1_seed_42
93,popular_1_exp_Experiment_1_seed_42
357,popular_1_exp_Experiment_1_seed_42
65,popular_1_exp_Experiment_1_seed_42
383,popular_1_exp_Experiment_1_seed_42
572,popular_1_exp_Experiment_1_seed_42
306,popular_1_exp_Experiment_1_seed_42
238,popular_1_exp_Experiment_1_seed_42
387,popular_1_exp_Experiment_1_seed_42
548,popular_1_exp_Experiment_1_seed_42
206,popular_1_exp_Experiment_1_seed_42
517,popular_1_exp_Experiment_1_seed_42
40,popular_1_exp_Experiment_1_seed_42
436,popular_1_exp_Experiment_1_seed_42
272,popular_1_exp_Experiment_1_seed_42
195,popular_1_exp_Experiment_1_seed_42
554,popular_1_exp_Experiment_1_seed_42
152,popular_1_exp_Experiment_1_seed_42
577,popular_1_exp_Experiment_1_seed_42
439,popular_1_exp_Experiment_1_seed_42
145,popular_1_exp_Experiment_1_seed_42
57,popular_1_exp_Experiment_1_seed_42
369,popular_1_exp_Experiment_1_seed_42
142,popular_1_exp_Experiment_1_seed_42
96,popular_1_exp_Experiment_1_seed_42
353,popular_1_exp_Experiment_1_seed_42
292,popular_1_exp_Experiment_1_seed_42
168,popular_1_exp_Experiment_1_seed_42
218,popular_1_exp_Experiment_1_seed_42
419,popular_1_exp_Experiment_1_seed_42
317,popular_1_exp_Experiment_1_seed_42
150,popular_1_exp_Experiment_1_seed_42
123,popular_1_exp_Experiment_1_seed_42
364,popular_1_exp_Experiment_1_seed_42
382,popular_1_exp_Experiment_1_seed_42
114,popular_1_exp_Experiment_1_seed_42
549,popular_1_exp_Experiment_1_seed_42
148,popular_1_exp_Experiment_1_seed_42
305,popular_1_exp_Experiment_1_seed_42
370,popular_1_exp_Experiment_1_seed_42
550,popular_1_exp_Experiment_1_seed_42
110,popular_1_exp_Experiment_1_seed_42
63,popular_1_exp_Experiment_1_seed_42
492,popular_1_exp_Experiment_1_seed_42
553,popular_1_exp_Experiment_1_seed_42
47,popular_1_exp_Experiment_1_seed_42
330,popular_1_exp_Experiment_1_seed_42
176,popular_1_exp_Experiment_1_seed_42
356,popular_1_exp_Experiment_1_seed_42
407,popular_1_exp_Experiment_1_seed_42
394,popular_1_exp_Experiment_1_seed_42
458,popular_1_exp_Experiment_1_seed_42
22,popular_1_exp_Experiment_1_seed_42
395,popular_1_exp_Experiment_1_seed_42
239,popular_1_exp_Experiment_1_seed_42
234,popular_1_exp_Experiment_1_seed_42
53,popular_1_exp_Experiment_1_seed_42
98,popular_1_exp_Experiment_1_seed_42
232,popular_1_exp_Experiment_1_seed_42
178,popular_1_exp_Experiment_1_seed_42
162,popular_1_exp_Experiment_1_seed_42
479,popular_1_exp_Experiment_1_seed_42
385,popular_1_exp_Experiment_1_seed_42
462,popular_1_exp_Experiment_1_seed_42
328,popular_1_exp_Experiment_1_seed_42
506,popular_1_exp_Experiment_1_seed_42
299,popular_1_exp_Experiment_1_seed_42
167,popular_1_exp_Experiment_1_seed_42
386,popular_1_exp_Experiment_1_seed_42
522,popular_1_exp_Experiment_1_seed_42
26,popular_1_exp_Experiment_1_seed_42
183,popular_1_exp_Experiment_1_seed_42
320,popular_1_exp_Experiment_1_seed_42
172,popular_1_exp_Experiment_1_seed_42
103,popular_1_exp_Experiment_1_seed_42
203,popular_1_exp_Experiment_1_seed_42
333,popular_1_exp_Experiment_1_seed_42
347,popular_1_exp_Experiment_1_seed_42
249,popular_1_exp_Experiment_1_seed_42
274,popular_1_exp_Experiment_1_seed_42
14,popular_1_exp_Experiment_1_seed_42
300,popular_1_exp_Experiment_1_seed_42
223,popular_1_exp_Experiment_1_seed_42
502,popular_1_exp_Experiment_1_seed_42
193,popular_1_exp_Experiment_1_seed_42
285,popular_1_exp_Experiment_1_seed_42
404,popular_1_exp_Experiment_1_seed_42
533,popular_1_exp_Experiment_1_seed_42
112,popular_1_exp_Experiment_1_seed_42
284,popular_1_exp_Experiment_1_seed_42
108,popular_1_exp_Experiment_1_seed_42
345,popular_1_exp_Experiment_1_seed_42
415,popular_1_exp_Experiment_1_seed_42
220,popular_1_exp_Experiment_1_seed_42
366,popular_1_exp_Experiment_1_seed_42
222,popular_1_exp_Experiment_1_seed_42
139,popular_1_exp_Experiment_1_seed_42
463,popular_1_exp_Experiment_1_seed_42
41,popular_1_exp_Experiment_1_seed_42
83,popular_1_exp_Experiment_1_seed_42
590,popular_1_exp_Experiment_1_seed_42
470,popular_1_exp_Experiment_1_seed_42
268,popular_1_exp_Experiment_1_seed_42
530,popular_1_exp_Experiment_1_seed_42
180,popular_1_exp_Experiment_1_seed_42
468,popular_1_exp_Experiment_1_seed_42
77,popular_1_exp_Experiment_1_seed_42
563,popular_1_exp_Experiment_1_seed_42
588,popular_1_exp_Experiment_1_seed_42
454,popular_1_exp_Experiment_1_seed_42
295,popular_1_exp_Experiment_1_seed_42
478,popular_1_exp_Experiment_1_seed_42
565,popular_1_exp_Experiment_1_seed_42
144,popular_1_exp_Experiment_1_seed_42
581,popular_1_exp_Experiment_1_seed_42
39,popular_1_exp_Experiment_1_seed_42
510,popular_1_exp_Experiment_1_seed_42
431,popular_1_exp_Experiment_1_seed_42
71,popular_1_exp_Experiment_1_seed_42
99,popular_1_exp_Experiment_1_seed_42
584,popular_1_exp_Experiment_1_seed_42
42,popular_1_exp_Experiment_1_seed_42
538,popular_1_exp_Experiment_1_seed_42
592,popular_1_exp_Experiment_1_seed_42
117,popular_1_exp_Experiment_1_seed_42
151,popular_1_exp_Experiment_1_seed_42
3,popular_1_exp_Experiment_1_seed_42
433,popular_1_exp_Experiment_1_seed_42
237,popular_1_exp_Experiment_1_seed_42
580,popular_1_exp_Experiment_1_seed_42
555,popular_1_exp_Experiment_1_seed_42
511,popular_1_exp_Experiment_1_seed_42
171,popular_1_exp_Experiment_1_seed_42
30,popular_1_exp_Experiment_1_seed_42
46,popular_1_exp_Experiment_1_seed_42
227,popular_1_exp_Experiment_1_seed_42
459,popular_1_exp_Experiment_1_seed_42
534,popular_1_exp_Experiment_1_seed_42
293,popular_1_exp_Experiment_1_seed_42
520,popular_1_exp_Experiment_1_seed_42
494,popular_1_exp_Experiment_1_seed_42
379,popular_1_exp_Experiment_1_seed_42
282,popular_1_exp_Experiment_1_seed_42
240,popular_1_exp_Experiment_1_seed_42
323,popular_1_exp_Experiment_1_seed_42
120,popular_1_exp_Experiment_1_seed_42
51,popular_1_exp_Experiment_1_seed_42
298,popular_1_exp_Experiment_1_seed_42
59,popular_1_exp_Experiment_1_seed_42
442,popular_1_exp_Experiment_1_seed_42
281,popular_1_exp_Experiment_1_seed_42
597,popular_1_exp_Experiment_1_seed_42
244,popular_1_exp_Experiment_1_seed_42
179,popular_1_exp_Experiment_1_seed_42
81,popular_1_exp_Experiment_1_seed_42
219,popular_1_exp_Experiment_1_seed_42
204,popular_1_exp_Experiment_1_seed_42
556,popular_1_exp_Experiment_1_seed_42
126,popular_1_exp_Experiment_1_seed_42
576,popular_1_exp_Experiment_1_seed_42
416,popular_1_exp_Experiment_1_seed_42
132,popular_1_exp_Experiment_1_seed_42
32,popular_1_exp_Experiment_1_seed_42
594,popular_1_exp_Experiment_1_seed_42
79,popular_1_exp_Experiment_1_seed_42
1,popular_1_exp_Experiment_1_seed_42
484,popular_1_exp_Experiment_1_seed_42
585,popular_1_exp_Experiment_1_seed_42
143,popular_1_exp_Experiment_1_seed_42
473,popular_1_exp_Experiment_1_seed_42
141,popular_1_exp_Experiment_1_seed_42
326,popular_1_exp_Experiment_1_seed_42
61,popular_1_exp_Experiment_1_seed_42
432,popular_1_exp_Experiment_1_seed_42
199,popular_1_exp_Experiment_1_seed_42
452,popular_1_exp_Experiment_1_seed_42
471,popular_1_exp_Experiment_1_seed_42
105,popular_1_exp_Experiment_1_seed_42
146,popular_1_exp_Experiment_1_seed_42
578,popular_1_exp_Experiment_1_seed_42
410,popular_1_exp_Experiment_1_seed_42
221,popular_1_exp_Experiment_1_seed_42
297,popular_1_exp_Experiment_1_seed_42
210,popular_1_exp_Experiment_1_seed_42
15,popular_1_exp_Experiment_1_seed_42
254,popular_1_exp_Experiment_1_seed_42
402,popular_1_exp_Experiment_1_seed_42
457,popular_1_exp_Experiment_1_seed_42
334,popular_1_exp_Experiment_1_seed_42
524,popular_1_exp_Experiment_1_seed_42
472,popular_1_exp_Experiment_1_seed_42
336,popular_1_exp_Experiment_1_seed_42
527,popular_1_exp_Experiment_1_seed_42
283,popular_1_exp_Experiment_1_seed_42
52,popular_1_exp_Experiment_1_seed_42
461,popular_1_exp_Experiment_1_seed_42
12,popular_1_exp_Experiment_1_seed_42
514,popular_1_exp_Experiment_1_seed_42
54,popular_1_exp_Experiment_1_seed_42
393,popular_1_exp_Experiment_1_seed_42
437,popular_1_exp_Experiment_1_seed_42
216,popular_1_exp_Experiment_1_seed_42
488,popular_1_exp_Experiment_1_seed_42
309,popular_1_exp_Experiment_1_seed_42
547,popular_1_exp_Experiment_1_seed_42
552,popular_1_exp_Experiment_1_seed_42
21,popular_1_exp_Experiment_1_seed_42
278,popular_1_exp_Experiment_1_seed_42
375,popular_1_exp_Experiment_1_seed_42
455,popular_1_exp_Experiment_1_seed_42
34,popular_1_exp_Experiment_1_seed_42
11,popular_1_exp_Experiment_1_seed_42
136,popular_1_exp_Experiment_1_seed_42
147,popular_1_exp_Experiment_1_seed_42
49,popular_1_exp_Experiment_1_seed_42
508,popular_1_exp_Experiment_1_seed_42
595,popular_1_exp_Experiment_1_seed_42
296,popular_1_exp_Experiment_1_seed_42
4,popular_1_exp_Experiment_1_seed_42
165,popular_1_exp_Experiment_1_seed_42
397,popular_1_exp_Experiment_1_seed_42
169,popular_1_exp_Experiment_1_seed_42
446,popular_1_exp_Experiment_1_seed_42
518,popular_1_exp_Experiment_1_seed_42
499,popular_1_exp_Experiment_1_seed_42
509,popular_1_exp_Experiment_1_seed_42
44,popular_1_exp_Experiment_1_seed_42
248,popular_1_exp_Experiment_1_seed_42
376,popular_1_exp_Experiment_1_seed_42
133,popular_1_exp_Experiment_1_seed_42
569,popular_1_exp_Experiment_1_seed_42
560,popular_1_exp_Experiment_1_seed_42
466,popular_1_exp_Experiment_1_seed_42
348,popular_1_exp_Experiment_1_seed_42
101,popular_1_exp_Experiment_1_seed_42
64,popular_1_exp_Experiment_1_seed_42
360,popular_1_exp_Experiment_1_seed_42
189,popular_1_exp_Experiment_1_seed_42
78,popular_1_exp_Experiment_1_seed_42
118,popular_1_exp_Experiment_1_seed_42
380,popular_1_exp_Experiment_1_seed_42
131,popular_1_exp_Experiment_1_seed_42
188,popular_1_exp_Experiment_1_seed_42
186,popular_1_exp_Experiment_1_seed_42
441,popular_1_exp_Experiment_1_seed_42
422,popular_1_exp_Experiment_1_seed_42
233,popular_1_exp_Experiment_1_seed_42
445,popular_1_exp_Experiment_1_seed_42
400,popular_1_exp_Experiment_1_seed_42
154,popular_1_exp_Experiment_1_seed_42
50,popular_1_exp_Experiment_1_seed_42
73,popular_1_exp_Experiment_1_seed_42
156,popular_1_exp_Experiment_1_seed_42
425,popular_1_exp_Experiment_1_seed_42
308,popular_1_exp_Experiment_1_seed_42
447,popular_1_exp_Experiment_1_seed_42
423,popular_1_exp_Experiment_1_seed_42
263,popular_1_exp_Experiment_1_seed_42
324,popular_1_exp_Experiment_1_seed_42
92,popular_1_exp_Experiment_1_seed_42
413,popular_1_exp_Experiment_1_seed_42
543,popular_1_exp_Experiment_1_seed_42
38,popular_1_exp_Experiment_1_seed_42
535,popular_1_exp_Experiment_1_seed_42
411,popular_1_exp_Experiment_1_seed_42
275,popular_1_exp_Experiment_1_seed_42
501,popular_1_exp_Experiment_1_seed_42
271,popular_1_exp_Experiment_1_seed_42
368,popular_1_exp_Experiment_1_seed_42
89,popular_1_exp_Experiment_1_seed_42
358,popular_1_exp_Experiment_1_seed_42
273,popular_1_exp_Experiment_1_seed_42
346,popular_1_exp_Experiment_1_seed_42
339,popular_1_exp_Experiment_1_seed_42
106,popular_1_exp_Experiment_1_seed_42
529,popular_1_exp_Experiment_1_seed_42
100,popular_1_exp_Experiment_1_seed_42
497,popular_1_exp_Experiment_1_seed_42
67,popular_1_exp_Experiment_1_seed_42
2,popular_1_exp_Experiment_1_seed_42
185,popular_1_exp_Experiment_1_seed_42
315,popular_1_exp_Experiment_1_seed_42
377,popular_1_exp_Experiment_1_seed_42
503,popular_1_exp_Experiment_1_seed_42
247,popular_1_exp_Experiment_1_seed_42
448,popular_1_exp_Experiment_1_seed_42
313,popular_1_exp_Experiment_1_seed_42
279,popular_1_exp_Experiment_1_seed_42
202,popular_1_exp_Experiment_1_seed_42
337,popular_1_exp_Experiment_1_seed_42
280,popular_1_exp_Experiment_1_seed_42
426,popular_1_exp_Experiment_1_seed_42
228,popular_1_exp_Experiment_1_seed_42
474,popular_1_exp_Experiment_1_seed_42
209,popular_1_exp_Experiment_1_seed_42
523,popular_1_exp_Experiment_1_seed_42
138,popular_1_exp_Experiment_1_seed_42
421,popular_1_exp_Experiment_1_seed_42
536,popular_1_exp_Experiment_1_seed_42
68,popular_1_exp_Experiment_1_seed_42
381,popular_1_exp_Experiment_1_seed_42
163,popular_1_exp_Experiment_1_seed_42
245,popular_1_exp_Experiment_1_seed_42
359,popular_1_exp_Experiment_1_seed_42
566,popular_1_exp_Experiment_1_seed_42
289,popular_1_exp_Experiment_1_seed_42
327,popular_1_exp_Experiment_1_seed_42
351,popular_1_exp_Experiment_1_seed_42
493,popular_1_exp_Experiment_1_seed_42
546,popular_1_exp_Experiment_1_seed_42
388,popular_1_exp_Experiment_1_seed_42
583,popular_1_exp_Experiment_1_seed_42
130,popular_1_exp_Experiment_1_seed_42
161,popular_1_exp_Experiment_1_seed_42
564,popular_1_exp_Experiment_1_seed_42
389,popular_1_exp_Experiment_1_seed_42
153,popular_1_exp_Experiment_1_seed_42
95,popular_1_exp_Experiment_1_seed_42
540,popular_1_exp_Experiment_1_seed_42
255,popular_1_exp_Experiment_1_seed_42
82,popular_1_exp_Experiment_1_seed_42
481,popular_1_exp_Experiment_1_seed_42
125,popular_1_exp_Experiment_1_seed_42
37,popular_1_exp_Experiment_1_seed_42
17,popular_1_exp_Experiment_1_seed_42
335,popular_1_exp_Experiment_1_seed_42
545,popular_1_exp_Experiment_1_seed_42
18,popular_1_exp_Experiment_1_seed_42
214,popular_1_exp_Experiment_1_seed_42
443,popular_1_exp_Experiment_1_seed_42
332,popular_1_exp_Experiment_1_seed_42
558,popular_1_exp_Experiment_1_seed_42
35,popular_1_exp_Experiment_1_seed_42
246,popular_1_exp_Experiment_1_seed_42
390,popular_1_exp_Experiment_1_seed_42
33,popular_1_exp_Experiment_1_seed_42
516,popular_1_exp_Experiment_1_seed_42
568,popular_1_exp_Experiment_1_seed_42
424,popular_1_exp_Experiment_1_seed_42
198,popular_1_exp_Experiment_1_seed_42
599,popular_1_exp_Experiment_1_seed_42
491,popular_1_exp_Experiment_1_seed_42
270,popular_1_exp_Experiment_1_seed_42
294,popular_1_exp_Experiment_1_seed_42
241,popular_1_exp_Experiment_1_seed_42
412,popular_1_exp_Experiment_1_seed_42
331,popular_1_exp_Experiment_1_seed_42
340,popular_1_exp_Experiment_1_seed_42
212,popular_1_exp_Experiment_1_seed_42
134,popular_1_exp_Experiment_1_seed_42
97,popular_1_exp_Experiment_1_seed_42
258,popular_1_exp_Experiment_1_seed_42
490,popular_1_exp_Experiment_1_seed_42
90,popular_1_exp_Experiment_1_seed_42
129,popular_1_exp_Experiment_1_seed_42
301,popular_1_exp_Experiment_1_seed_42
127,popular_1_exp_Experiment_1_seed_42
475,popular_1_exp_Experiment_1_seed_42
155,popular_1_exp_Experiment_1_seed_42
72,popular_1_exp_Experiment_1_seed_42
140,popular_1_exp_Experiment_1_seed_42
450,popular_1_exp_Experiment_1_seed_42
440,popular_1_exp_Experiment_1_seed_42
537,popular_1_exp_Experiment_1_seed_42
113,popular_1_exp_Experiment_1_seed_42
235,popular_1_exp_Experiment_1_seed_42
476,popular_1_exp_Experiment_1_seed_42
406,popular_1_exp_Experiment_1_seed_42
111,popular_1_exp_Experiment_1_seed_42
80,popular_1_exp_Experiment_1_seed_42
318,popular_1_exp_Experiment_1_seed_42
391,popular_1_exp_Experiment_1_seed_42
344,popular_1_exp_Experiment_1_seed_42
121,popular_1_exp_Experiment_1_seed_42
591,popular_1_exp_Experiment_1_seed_42
551,popular_1_exp_Experiment_1_seed_42
226,popular_1_exp_Experiment_1_seed_42
467,popular_1_exp_Experiment_1_seed_42
10,popular_1_exp_Experiment_1_seed_42
532,popular_1_exp_Experiment_1_seed_42
75,popular_1_exp_Experiment_1_seed_42
211,popular_1_exp_Experiment_1_seed_42
250,popular_1_exp_Experiment_1_seed_42
403,popular_1_exp_Experiment_1_seed_42
562,popular_1_exp_Experiment_1_seed_42
525,popular_1_exp_Experiment_1_seed_42
86,popular_1_exp_Experiment_1_seed_42
365,popular_1_exp_Experiment_1_seed_42
571,popular_1_exp_Experiment_1_seed_42
266,popular_1_exp_Experiment_1_seed_42
542,popular_1_exp_Experiment_1_seed_42
396,popular_1_exp_Experiment_1_seed_42
225,popular_1_exp_Experiment_1_seed_42
230,popular_1_exp_Experiment_1_seed_42
434,popular_1_exp_Experiment_1_seed_42
174,popular_1_exp_Experiment_1_seed_42
322,popular_1_exp_Experiment_1_seed_42
311,popular_1_exp_Experiment_1_seed_42
36,popular_1_exp_Experiment_1_seed_42
307,popular_1_exp_Experiment_1_seed_42
261,popular_1_exp_Experiment_1_seed_42
184,popular_1_exp_Experiment_1_seed_42
329,popular_1_exp_Experiment_1_seed_42
477,popular_1_exp_Experiment_1_seed_42
342,popular_1_exp_Experiment_1_seed_42
596,popular_1_exp_Experiment_1_seed_42
372,popular_1_exp_Experiment_1_seed_42
325,popular_1_exp_Experiment_1_seed_42
6,popular_1_exp_Experiment_1_seed_42
170,popular_1_exp_Experiment_1_seed_42
194,popular_1_exp_Experiment_1_seed_42
567,popular_1_exp_Experiment_1_seed_42
417,popular_1_exp_Experiment_1_seed_42
160,popular_1_exp_Experiment_1_seed_42
158,popular_1_exp_Experiment_1_seed_42
541,popular_1_exp_Experiment_1_seed_42
137,popular_1_exp_Experiment_1_seed_42
528,popular_1_exp_Experiment_1_seed_42
84,popular_1_exp_Experiment_1_seed_42
13,popular_1_exp_Experiment_1_seed_42
361,popular_1_exp_Experiment_1_seed_42
418,popular_1_exp_Experiment_1_seed_42
58,popular_1_exp_Experiment_1_seed_42
124,popular_1_exp_Experiment_1_seed_42
115,popular_1_exp_Experiment_1_seed_42
349,popular_1_exp_Experiment_1_seed_42
8,popular_1_exp_Experiment_1_seed_42
487,popular_1_exp_Experiment_1_seed_42
102,popular_1_exp_Experiment_1_seed_42
483,popular_1_exp_Experiment_1_seed_42
352,popular_1_exp_Experiment_1_seed_42
500,popular_1_exp_Experiment_1_seed_42
20,popular_1_exp_Experiment_1_seed_42
19,popular_1_exp_Experiment_1_seed_42
242,popular_1_exp_Experiment_1_seed_42
267,popular_1_exp_Experiment_1_seed_42
128,popular_1_exp_Experiment_1_seed_42
208,popular_1_exp_Experiment_1_seed_42
109,popular_1_exp_Experiment_1_seed_42
27,popular_1_exp_Experiment_1_seed_42
70,popular_1_exp_Experiment_1_seed_42
45,popular_1_exp_Experiment_1_seed_42
173,popular_1_exp_Experiment_1_seed_42
43,popular_1_exp_Experiment_1_seed_42
48,popular_1_exp_Experiment_1_seed_42
85,popular_1_exp_Experiment_1_seed_42
164,popular_1_exp_Experiment_1_seed_42
251,popular_1_exp_Experiment_1_seed_42
310,popular_1_exp_Experiment_1_seed_42
504,popular_1_exp_Experiment_1_seed_42
66,popular_1_exp_Experiment_1_seed_42
192,popular_1_exp_Experiment_1_seed_42
557,popular_1_exp_Experiment_1_seed_42
29,popular_1_exp_Experiment_1_seed_42
122,popular_1_exp_Experiment_1_seed_42
88,popular_1_exp_Experiment_1_seed_42
55,popular_1_exp_Experiment_1_seed_42
312,popular_1_exp_Experiment_1_seed_42
399,popular_1_exp_Experiment_1_seed_42
531,popular_1_exp_Experiment_1_seed_42
213,popular_1_exp_Experiment_1_seed_42
243,popular_1_exp_Experiment_1_seed_42
544,popular_1_exp_Experiment_1_seed_42
252,popular_1_exp_Experiment_1_seed_42
265,popular_1_exp_Experiment_1_seed_42
374,popular_1_exp_Experiment_1_seed_42
190,popular_1_exp_Experiment_1_seed_42
573,popular_1_exp_Experiment_1_seed_42
367,popular_1_exp_Experiment_1_seed_42
253,popular_1_exp_Experiment_1_seed_42
217,popular_1_exp_Experiment_1_seed_42
515,popular_1_exp_Experiment_1_seed_42
24,popular_1_exp_Experiment_1_seed_42
149,popular_1_exp_Experiment_1_seed_42
28,popular_1_exp_Experiment_1_seed_42
260,popular_1_exp_Experiment_1_seed_42
444,popular_1_exp_Experiment_1_seed_42
559,popular_1_exp_Experiment_1_seed_42
350,popular_1_exp_Experiment_1_seed_42
409,popular_1_exp_Experiment_1_seed_42
378,popular_1_exp_Experiment_1_seed_42
570,popular_1_exp_Experiment_1_seed_42
489,popular_1_exp_Experiment_1_seed_42
363,popular_1_exp_Experiment_1_seed_42
200,popular_1_exp_Experiment_1_seed_42
119,popular_1_exp_Experiment_1_seed_42
495,popular_1_exp_Experiment_1_seed_42
498,popular_1_exp_Experiment_1_seed_42
135,popular_1_exp_Experiment_1_seed_42
104,popular_1_exp_Experiment_1_seed_42
449,popular_1_exp_Experiment_1_seed_42
355,popular_1_exp_Experiment_1_seed_42
264,popular_1_exp_Experiment_1_seed_42
69,popular_1_exp_Experiment_1_seed_42
74,popular_1_exp_Experiment_1_seed_42
469,popular_1_exp_Experiment_1_seed_42
438,popular_1_exp_Experiment_1_seed_42
277,popular_1_exp_Experiment_1_seed_42
429,popular_1_exp_Experiment_1_seed_42
589,popular_1_exp_Experiment_1_seed_42
215,popular_1_exp_Experiment_1_seed_42
598,popular_1_exp_Experiment_1_seed_42
107,popular_1_exp_Experiment_1_seed_42
256,popular_1_exp_Experiment_1_seed_42
197,popular_1_exp_Experiment_1_seed_42
465,popular_1_exp_Experiment_1_seed_42
593,popular_1_exp_Experiment_1_seed_42
304,popular_1_exp_Experiment_1_seed_42
428,popular_1_exp_Experiment_1_seed_42
287,popular_1_exp_Experiment_1_seed_42
354,popular_1_exp_Experiment_1_seed_42
519,popular_1_exp_Experiment_1_seed_42
23,popular_1_exp_Experiment_1_seed_42
303,popular_1_exp_Experiment_1_seed_42
460,popular_1_exp_Experiment_1_seed_42
392,popular_1_exp_Experiment_1_seed_42
427,popular_1_exp_Experiment_1_seed_42
319,popular_1_exp_Experiment_1_seed_42
420,popular_1_exp_Experiment_1_seed_42
408,popular_1_exp_Experiment_1_seed_42
76,popular_1_exp_Experiment_1_seed_42
398,popular_1_exp_Experiment_1_seed_42
343,popular_1_exp_Experiment_1_seed_42
62,popular_1_exp_Experiment_1_seed_42
259,popular_1_exp_Experiment_1_seed_42
177,popular_1_exp_Experiment_1_seed_42
31,popular_1_exp_Experiment_1_seed_42
435,popular_1_exp_Experiment_1_seed_42
224,popular_1_exp_Experiment_1_seed_42
314,popular_1_exp_Experiment_1_seed_42
384,popular_1_exp_Experiment_1_seed_42
575,popular_1_exp_Experiment_1_seed_42
507,popular_1_exp_Experiment_1_seed_42
116,popular_1_exp_Experiment_1_seed_42
453,popular_1_exp_Experiment_1_seed_42
338,popular_1_exp_Experiment_1_seed_42
231,popular_1_exp_Experiment_1_seed_42
505,popular_1_exp_Experiment_1_seed_42
196,popular_1_exp_Experiment_1_seed_42
201,popular_1_exp_Experiment_1_seed_42
60,popular_1_exp_Experiment_1_seed_42
181,popular_1_exp_Experiment_1_seed_42
0,popular_1_exp_Experiment_1_seed_42
496,popular_1_exp_Experiment_1_seed_42
236,popular_1_exp_Experiment_1_seed_42
276,popular_1_exp_Experiment_1_seed_42
291,popular_1_exp_Experiment_1_seed_42
191,popular_1_exp_Experiment_1_seed_42
5,popular_1_exp_Experiment_1_seed_42
561,popular_1_exp_Experiment_1_seed_42
371,popular_1_exp_Experiment_1_seed_42
269,popular_1_exp_Experiment_1_seed_42
373,popular_1_exp_Experiment_1_seed_42
480,popular_1_exp_Experiment_1_seed_42
485,popular_1_exp_Experiment_1_seed_42
586,popular_1_exp_Experiment_1_seed_42
9,popular_1_exp_Experiment_1_seed_42
587,popular_1_exp_Experiment_1_seed_42
207,popular_1_exp_Experiment_1_seed_42
159,popular_1_exp_Experiment_1_seed_42
286,popular_1_exp_Experiment_1_seed_42
175,popular_1_exp_Experiment_1_seed_42
290,popular_1_exp_Experiment_1_seed_42
25,popular_1_exp_Experiment_1_seed_42
486,popular_1_exp_Experiment_1_seed_42
262,popular_1_exp_Experiment_1_seed_42
526,popular_1_exp_Experiment_1_seed_42
341,popular_1_exp_Experiment_1_seed_42
302,popular_1_exp_Experiment_1_seed_42
229,popular_1_exp_Experiment_1_seed_42
91,popular_1_exp_Experiment_1_seed_42
182,popular_1_exp_Experiment_1_seed_42
316,popular_1_exp_Experiment_1_seed_42
87,popular_1_exp_Experiment_1_seed_42
464,popular_1_exp_Experiment_1_seed_42
574,popular_1_exp_Experiment_1_seed_42
321,popular_1_exp_Experiment_1_seed_42
521,popular_1_exp_Experiment_1_seed_42
362,popular_1_exp_Experiment_1_seed_42
456,popular_1_exp_Experiment_1_seed_42
56,popular_1_exp_Experiment_1_seed_42
288,popular_1_exp_Experiment_1_seed_42
414,popular_1_exp_Experiment_1_seed_42
7,popular_1_exp_Experiment_1_seed_42
157,popular_1_exp_Experiment_1_seed_42
539,popular_1_exp_Experiment_1_seed_42
94,popular_1_exp_Experiment_1_seed_42
16,popular_1_exp_Experiment_1_seed_42
405,popular_1_exp_Experiment_1_seed_42
430,popular_1_exp_Experiment_1_seed_42
482,popular_1_exp_Experiment_1_seed_42
451,popular_1_exp_Experiment_1_seed_42
401,popular_1_exp_Experiment_1_seed_42
579,popular_1_exp_Experiment_1_seed_42
205,popular_1_exp_Experiment_1_seed_42
513,popular_1_exp_Experiment_1_seed_42
166,popular_1_exp_Experiment_1_seed_42
512,popular_1_exp_Experiment_1_seed_42
582,popular_1_exp_Experiment_1_seed_42
257,popular_1_exp_Experiment_1_seed_42
187,popular_1_exp_Experiment_1_seed_42
93,popular_1_exp_Experiment_1_seed_42
357,popular_1_exp_Experiment_1_seed_42
65,popular_1_exp_Experiment_1_seed_42
383,popular_1_exp_Experiment_1_seed_42
572,popular_1_exp_Experiment_1_seed_42
306,popular_1_exp_Experiment_1_seed_42
238,popular_1_exp_Experiment_1_seed_42
387,popular_1_exp_Experiment_1_seed_42
548,popular_1_exp_Experiment_1_seed_42
206,popular_1_exp_Experiment_1_seed_42
517,popular_1_exp_Experiment_1_seed_42
40,popular_1_exp_Experiment_1_seed_42
436,popular_1_exp_Experiment_1_seed_42
272,popular_1_exp_Experiment_1_seed_42
195,popular_1_exp_Experiment_1_seed_42
554,popular_1_exp_Experiment_1_seed_42
152,popular_1_exp_Experiment_1_seed_42
577,popular_1_exp_Experiment_1_seed_42
439,popular_1_exp_Experiment_1_seed_42
145,popular_1_exp_Experiment_1_seed_42
57,popular_1_exp_Experiment_1_seed_42
369,popular_1_exp_Experiment_1_seed_42
142,popular_1_exp_Experiment_1_seed_42
96,popular_1_exp_Experiment_1_seed_42
353,popular_1_exp_Experiment_1_seed_42
292,popular_1_exp_Experiment_1_seed_42
168,popular_1_exp_Experiment_1_seed_42
218,popular_1_exp_Experiment_1_seed_42
419,popular_1_exp_Experiment_1_seed_42
317,popular_1_exp_Experiment_1_seed_42
150,popular_1_exp_Experiment_1_seed_42
123,popular_1_exp_Experiment_1_seed_42
364,popular_1_exp_Experiment_1_seed_42
382,popular_1_exp_Experiment_1_seed_42
114,popular_1_exp_Experiment_1_seed_42
549,popular_1_exp_Experiment_1_seed_42
148,popular_1_exp_Experiment_1_seed_42
305,popular_1_exp_Experiment_1_seed_42
370,popular_1_exp_Experiment_1_seed_42
550,popular_1_exp_Experiment_1_seed_42
110,popular_1_exp_Experiment_1_seed_42
63,popular_1_exp_Experiment_1_seed_42
492,popular_1_exp_Experiment_1_seed_42
553,popular_1_exp_Experiment_1_seed_42
47,popular_1_exp_Experiment_1_seed_42
330,popular_1_exp_Experiment_1_seed_42
176,popular_1_exp_Experiment_1_seed_42
356,popular_1_exp_Experiment_1_seed_42
407,popular_1_exp_Experiment_1_seed_42
394,popular_1_exp_Experiment_1_seed_42
458,popular_1_exp_Experiment_1_seed_42
22,popular_1_exp_Experiment_1_seed_42
395,popular_1_exp_Experiment_1_seed_42
239,popular_1_exp_Experiment_1_seed_42
234,popular_1_exp_Experiment_1_seed_42
53,popular_1_exp_Experiment_1_seed_42
98,popular_1_exp_Experiment_1_seed_42
232,popular_1_exp_Experiment_1_seed_42
178,popular_1_exp_Experiment_1_seed_42
162,popular_1_exp_Experiment_1_seed_42
479,popular_1_exp_Experiment_1_seed_42
385,popular_1_exp_Experiment_1_seed_42
462,popular_1_exp_Experiment_1_seed_42
328,popular_1_exp_Experiment_1_seed_42
506,popular_1_exp_Experiment_1_seed_42
299,popular_1_exp_Experiment_1_seed_42
167,popular_1_exp_Experiment_1_seed_42
386,popular_1_exp_Experiment_1_seed_42
522,popular_1_exp_Experiment_1_seed_42
26,popular_1_exp_Experiment_1_seed_42
183,popular_1_exp_Experiment_1_seed_42
320,popular_1_exp_Experiment_1_seed_42
172,popular_1_exp_Experiment_1_seed_42
103,popular_1_exp_Experiment_1_seed_42
203,popular_1_exp_Experiment_1_seed_42
333,popular_1_exp_Experiment_1_seed_42
347,popular_1_exp_Experiment_1_seed_42
249,popular_1_exp_Experiment_1_seed_42
274,popular_1_exp_Experiment_1_seed_42
14,popular_1_exp_Experiment_1_seed_42
300,popular_1_exp_Experiment_1_seed_42
223,popular_1_exp_Experiment_1_seed_42
502,popular_1_exp_Experiment_1_seed_42
193,popular_1_exp_Experiment_1_seed_42
285,popular_1_exp_Experiment_1_seed_42
404,popular_1_exp_Experiment_1_seed_42
533,popular_1_exp_Experiment_1_seed_42
112,popular_1_exp_Experiment_1_seed_42
284,popular_1_exp_Experiment_1_seed_42
108,popular_1_exp_Experiment_1_seed_42
345,popular_1_exp_Experiment_1_seed_42
415,popular_1_exp_Experiment_1_seed_42
220,popular_1_exp_Experiment_1_seed_42
366,popular_1_exp_Experiment_1_seed_42
222,popular_1_exp_Experiment_1_seed_42
139,popular_1_exp_Experiment_1_seed_42
463,popular_1_exp_Experiment_1_seed_42
41,popular_1_exp_Experiment_1_seed_42
83,popular_1_exp_Experiment_1_seed_42
590,popular_1_exp_Experiment_1_seed_42
470,popular_1_exp_Experiment_1_seed_42
268,popular_1_exp_Experiment_1_seed_42
530,popular_1_exp_Experiment_1_seed_42
180,popular_1_exp_Experiment_1_seed_42
468,popular_1_exp_Experiment_1_seed_42
77,popular_1_exp_Experiment_1_seed_42
563,popular_1_exp_Experiment_1_seed_42
588,popular_1_exp_Experiment_1_seed_42
454,popular_1_exp_Experiment_1_seed_42
295,popular_1_exp_Experiment_1_seed_42
478,popular_1_exp_Experiment_1_seed_42
565,popular_1_exp_Experiment_1_seed_42
144,popular_1_exp_Experiment_1_seed_42
581,popular_1_exp_Experiment_1_seed_42
39,popular_1_exp_Experiment_1_seed_42
510,popular_1_exp_Experiment_1_seed_42
431,popular_1_exp_Experiment_1_seed_42
71,popular_1_exp_Experiment_1_seed_42
99,popular_1_exp_Experiment_1_seed_42
584,popular_1_exp_Experiment_1_seed_42
42,popular_1_exp_Experiment_1_seed_42
538,popular_1_exp_Experiment_1_seed_42
592,popular_1_exp_Experiment_1_seed_42
117,popular_1_exp_Experiment_1_seed_42
151,popular_1_exp_Experiment_1_seed_42
3,popular_1_exp_Experiment_1_seed_42
433,popular_1_exp_Experiment_1_seed_42
237,popular_1_exp_Experiment_1_seed_42
580,popular_1_exp_Experiment_1_seed_42
555,popular_1_exp_Experiment_1_seed_42
511,popular_1_exp_Experiment_1_seed_42
171,popular_1_exp_Experiment_1_seed_42
30,popular_1_exp_Experiment_1_seed_42
46,popular_1_exp_Experiment_1_seed_42
227,popular_1_exp_Experiment_1_seed_42
459,popular_1_exp_Experiment_1_seed_42
534,popular_1_exp_Experiment_1_seed_42
293,popular_1_exp_Experiment_1_seed_42
520,popular_1_exp_Experiment_1_seed_42
494,popular_1_exp_Experiment_1_seed_42
379,popular_1_exp_Experiment_1_seed_42
282,popular_1_exp_Experiment_1_seed_42
240,popular_1_exp_Experiment_1_seed_42
323,popular_1_exp_Experiment_1_seed_42
120,popular_1_exp_Experiment_1_seed_42
51,popular_1_exp_Experiment_1_seed_42
298,popular_1_exp_Experiment_1_seed_42
59,popular_1_exp_Experiment_1_seed_42
442,popular_1_exp_Experiment_1_seed_42
281,popular_1_exp_Experiment_1_seed_42
597,popular_1_exp_Experiment_1_seed_42
244,popular_1_exp_Experiment_1_seed_42
179,popular_1_exp_Experiment_1_seed_42
81,popular_1_exp_Experiment_1_seed_42
219,popular_1_exp_Experiment_1_seed_42
204,popular_1_exp_Experiment_1_seed_42
556,popular_1_exp_Experiment_1_seed_42
126,popular_1_exp_Experiment_1_seed_42
576,popular_1_exp_Experiment_1_seed_42
416,popular_1_exp_Experiment_1_seed_42
132,popular_1_exp_Experiment_1_seed_42
32,popular_1_exp_Experiment_1_seed_42
594,popular_1_exp_Experiment_1_seed_42
79,popular_1_exp_Experiment_1_seed_42
1,popular_1_exp_Experiment_1_seed_42
484,popular_1_exp_Experiment_1_seed_42
585,popular_1_exp_Experiment_1_seed_42
143,popular_1_exp_Experiment_1_seed_42
473,popular_1_exp_Experiment_1_seed_42
141,popular_1_exp_Experiment_1_seed_42
326,popular_1_exp_Experiment_1_seed_42
61,popular_1_exp_Experiment_1_seed_42
432,popular_1_exp_Experiment_1_seed_42
199,popular_1_exp_Experiment_1_seed_42
452,popular_1_exp_Experiment_1_seed_42
471,popular_1_exp_Experiment_1_seed_42
105,popular_1_exp_Experiment_1_seed_42
146,popular_1_exp_Experiment_1_seed_42
578,popular_1_exp_Experiment_1_seed_42
410,popular_1_exp_Experiment_1_seed_42
221,popular_1_exp_Experiment_1_seed_42
297,popular_1_exp_Experiment_1_seed_42
210,popular_1_exp_Experiment_1_seed_42
15,popular_1_exp_Experiment_1_seed_42
254,popular_1_exp_Experiment_1_seed_42
402,popular_1_exp_Experiment_1_seed_42
457,popular_1_exp_Experiment_1_seed_42
334,popular_1_exp_Experiment_1_seed_42
524,popular_1_exp_Experiment_1_seed_42
472,popular_1_exp_Experiment_1_seed_42
336,popular_1_exp_Experiment_1_seed_42
527,popular_1_exp_Experiment_1_seed_42
283,popular_1_exp_Experiment_1_seed_42
52,popular_1_exp_Experiment_1_seed_42
461,popular_1_exp_Experiment_1_seed_42
12,popular_1_exp_Experiment_1_seed_42
514,popular_1_exp_Experiment_1_seed_42
54,popular_1_exp_Experiment_1_seed_42
393,popular_1_exp_Experiment_1_seed_42
437,popular_1_exp_Experiment_1_seed_42
216,popular_1_exp_Experiment_1_seed_42
488,popular_1_exp_Experiment_1_seed_42
309,popular_1_exp_Experiment_1_seed_42
547,popular_1_exp_Experiment_1_seed_42
552,popular_1_exp_Experiment_1_seed_42
21,popular_1_exp_Experiment_1_seed_42
278,popular_1_exp_Experiment_1_seed_42
375,popular_1_exp_Experiment_1_seed_42
455,popular_1_exp_Experiment_1_seed_42
34,popular_1_exp_Experiment_1_seed_42
11,popular_1_exp_Experiment_1_seed_42
136,popular_1_exp_Experiment_1_seed_42
147,popular_1_exp_Experiment_1_seed_42
49,popular_1_exp_Experiment_1_seed_42
508,popular_1_exp_Experiment_1_seed_42
595,popular_1_exp_Experiment_1_seed_42
296,popular_1_exp_Experiment_1_seed_42
4,popular_1_exp_Experiment_1_seed_42
165,popular_1_exp_Experiment_1_seed_42
397,popular_1_exp_Experiment_1_seed_42
169,popular_1_exp_Experiment_1_seed_42
446,popular_1_exp_Experiment_1_seed_42
518,popular_1_exp_Experiment_1_seed_42
499,popular_1_exp_Experiment_1_seed_42
509,popular_1_exp_Experiment_1_seed_42
44,popular_1_exp_Experiment_1_seed_42
248,popular_1_exp_Experiment_1_seed_42
376,popular_1_exp_Experiment_1_seed_42
133,popular_1_exp_Experiment_1_seed_42
569,popular_1_exp_Experiment_1_seed_42
560,popular_1_exp_Experiment_1_seed_42
466,popular_1_exp_Experiment_1_seed_42
348,popular_1_exp_Experiment_1_seed_42
101,popular_1_exp_Experiment_1_seed_42
64,popular_1_exp_Experiment_1_seed_42
360,popular_1_exp_Experiment_1_seed_42
189,popular_1_exp_Experiment_1_seed_42
78,popular_1_exp_Experiment_1_seed_42
118,popular_1_exp_Experiment_1_seed_42
380,popular_1_exp_Experiment_1_seed_42
131,popular_1_exp_Experiment_1_seed_42
188,popular_1_exp_Experiment_1_seed_42
186,popular_1_exp_Experiment_1_seed_42
441,popular_1_exp_Experiment_1_seed_42
422,popular_1_exp_Experiment_1_seed_42
233,popular_1_exp_Experiment_1_seed_42
445,popular_1_exp_Experiment_1_seed_42
400,popular_1_exp_Experiment_1_seed_42
154,popular_1_exp_Experiment_1_seed_42
50,popular_1_exp_Experiment_1_seed_42
73,popular_1_exp_Experiment_1_seed_42
156,popular_1_exp_Experiment_1_seed_42
425,popular_1_exp_Experiment_1_seed_42
308,popular_1_exp_Experiment_1_seed_42
447,popular_1_exp_Experiment_1_seed_42
423,popular_1_exp_Experiment_1_seed_42
263,popular_1_exp_Experiment_1_seed_42
324,popular_1_exp_Experiment_1_seed_42
92,popular_1_exp_Experiment_1_seed_42
413,popular_1_exp_Experiment_1_seed_42
543,popular_1_exp_Experiment_1_seed_42
38,popular_1_exp_Experiment_1_seed_42
535,popular_1_exp_Experiment_1_seed_42
411,popular_1_exp_Experiment_1_seed_42
275,popular_1_exp_Experiment_1_seed_42
501,popular_1_exp_Experiment_1_seed_42
271,popular_1_exp_Experiment_1_seed_42
368,popular_1_exp_Experiment_1_seed_42
89,popular_1_exp_Experiment_1_seed_42
358,popular_1_exp_Experiment_1_seed_42
273,popular_1_exp_Experiment_1_seed_42
346,popular_1_exp_Experiment_1_seed_42
339,popular_1_exp_Experiment_1_seed_42
106,popular_1_exp_Experiment_1_seed_42
529,popular_1_exp_Experiment_1_seed_42
100,popular_1_exp_Experiment_1_seed_42
497,popular_1_exp_Experiment_1_seed_42
67,popular_1_exp_Experiment_1_seed_42
2,popular_1_exp_Experiment_1_seed_42
185,popular_1_exp_Experiment_1_seed_42
315,popular_1_exp_Experiment_1_seed_42
377,popular_1_exp_Experiment_1_seed_42
503,popular_1_exp_Experiment_1_seed_42
247,popular_1_exp_Experiment_1_seed_42
448,popular_1_exp_Experiment_1_seed_42
313,popular_1_exp_Experiment_1_seed_42
279,popular_1_exp_Experiment_1_seed_42
202,popular_1_exp_Experiment_1_seed_42
337,popular_1_exp_Experiment_1_seed_42
280,popular_1_exp_Experiment_1_seed_42
426,popular_1_exp_Experiment_1_seed_42
228,popular_1_exp_Experiment_1_seed_42
474,popular_1_exp_Experiment_1_seed_42
209,popular_1_exp_Experiment_1_seed_42
523,popular_1_exp_Experiment_1_seed_42
138,popular_1_exp_Experiment_1_seed_42
421,popular_1_exp_Experiment_1_seed_42
536,popular_1_exp_Experiment_1_seed_42
68,popular_1_exp_Experiment_1_seed_42
381,popular_1_exp_Experiment_1_seed_42
163,popular_1_exp_Experiment_1_seed_42
245,popular_1_exp_Experiment_1_seed_42
359,popular_1_exp_Experiment_1_seed_42
566,popular_1_exp_Experiment_1_seed_42
289,popular_1_exp_Experiment_1_seed_42
327,popular_1_exp_Experiment_1_seed_42
351,popular_1_exp_Experiment_1_seed_42
493,popular_1_exp_Experiment_1_seed_42
546,popular_1_exp_Experiment_1_seed_42
388,popular_1_exp_Experiment_1_seed_42
583,popular_1_exp_Experiment_1_seed_42
130,popular_1_exp_Experiment_1_seed_42
161,popular_1_exp_Experiment_1_seed_42
564,popular_1_exp_Experiment_1_seed_42
389,popular_1_exp_Experiment_1_seed_42
153,popular_1_exp_Experiment_1_seed_42
95,popular_1_exp_Experiment_1_seed_42
540,popular_1_exp_Experiment_1_seed_42
255,popular_1_exp_Experiment_1_seed_42
82,popular_1_exp_Experiment_1_seed_42
481,popular_1_exp_Experiment_1_seed_42
125,popular_1_exp_Experiment_1_seed_42
37,popular_1_exp_Experiment_1_seed_42
17,popular_1_exp_Experiment_1_seed_42
335,popular_1_exp_Experiment_1_seed_42
545,popular_1_exp_Experiment_1_seed_42
18,popular_1_exp_Experiment_1_seed_42
214,popular_1_exp_Experiment_1_seed_42
443,popular_1_exp_Experiment_1_seed_42
332,popular_1_exp_Experiment_1_seed_42
558,popular_1_exp_Experiment_1_seed_42
35,popular_1_exp_Experiment_1_seed_42
246,popular_1_exp_Experiment_1_seed_42
390,popular_1_exp_Experiment_1_seed_42
33,popular_1_exp_Experiment_1_seed_42
516,popular_1_exp_Experiment_1_seed_42
568,popular_1_exp_Experiment_1_seed_42
424,popular_1_exp_Experiment_1_seed_42
198,popular_1_exp_Experiment_1_seed_42
599,popular_1_exp_Experiment_1_seed_42
491,popular_1_exp_Experiment_1_seed_42
270,popular_1_exp_Experiment_1_seed_42
294,popular_1_exp_Experiment_1_seed_42
241,popular_1_exp_Experiment_1_seed_42
412,popular_1_exp_Experiment_1_seed_42
331,popular_1_exp_Experiment_1_seed_42
340,popular_1_exp_Experiment_1_seed_42
212,popular_1_exp_Experiment_1_seed_42
134,popular_1_exp_Experiment_1_seed_42
97,popular_1_exp_Experiment_1_seed_42
258,popular_1_exp_Experiment_1_seed_42
490,popular_1_exp_Experiment_1_seed_42
90,popular_1_exp_Experiment_1_seed_42
129,popular_1_exp_Experiment_1_seed_42
301,popular_1_exp_Experiment_1_seed_42
127,popular_1_exp_Experiment_1_seed_42
475,popular_1_exp_Experiment_1_seed_42
155,popular_1_exp_Experiment_1_seed_42
72,popular_1_exp_Experiment_1_seed_42
140,popular_1_exp_Experiment_1_seed_42
450,popular_1_exp_Experiment_1_seed_42
440,popular_1_exp_Experiment_1_seed_42
537,popular_1_exp_Experiment_1_seed_42
113,popular_1_exp_Experiment_1_seed_42
235,popular_1_exp_Experiment_1_seed_42
476,popular_1_exp_Experiment_1_seed_42
406,popular_1_exp_Experiment_1_seed_42
111,popular_1_exp_Experiment_1_seed_42
80,popular_1_exp_Experiment_1_seed_42
318,popular_1_exp_Experiment_1_seed_42
391,popular_1_exp_Experiment_1_seed_42
344,popular_1_exp_Experiment_1_seed_42
121,popular_1_exp_Experiment_1_seed_42
591,popular_1_exp_Experiment_1_seed_42
551,popular_1_exp_Experiment_1_seed_42
226,popular_1_exp_Experiment_1_seed_42
467,popular_1_exp_Experiment_1_seed_42
10,popular_1_exp_Experiment_1_seed_42
532,popular_1_exp_Experiment_1_seed_42
75,popular_1_exp_Experiment_1_seed_42
211,popular_1_exp_Experiment_1_seed_42
250,popular_1_exp_Experiment_1_seed_42
403,popular_1_exp_Experiment_1_seed_42
562,popular_1_exp_Experiment_1_seed_42
525,popular_1_exp_Experiment_1_seed_42
86,popular_1_exp_Experiment_1_seed_42
365,popular_1_exp_Experiment_1_seed_42
571,popular_1_exp_Experiment_1_seed_42
266,popular_1_exp_Experiment_1_seed_42
542,popular_1_exp_Experiment_1_seed_42
396,popular_1_exp_Experiment_1_seed_42
225,popular_1_exp_Experiment_1_seed_42
230,popular_1_exp_Experiment_1_seed_42
434,popular_1_exp_Experiment_1_seed_42
174,popular_1_exp_Experiment_1_seed_42
322,popular_1_exp_Experiment_1_seed_42
311,popular_1_exp_Experiment_1_seed_42
36,popular_1_exp_Experiment_1_seed_42
307,popular_1_exp_Experiment_1_seed_42
261,popular_1_exp_Experiment_1_seed_42
184,popular_1_exp_Experiment_1_seed_42
329,popular_1_exp_Experiment_1_seed_42
477,popular_1_exp_Experiment_1_seed_42
342,popular_1_exp_Experiment_1_seed_42
596,popular_1_exp_Experiment_1_seed_42
372,popular_1_exp_Experiment_1_seed_42
325,popular_1_exp_Experiment_1_seed_42
6,popular_1_exp_Experiment_1_seed_42
170,popular_1_exp_Experiment_1_seed_42
194,popular_1_exp_Experiment_1_seed_42
567,popular_1_exp_Experiment_1_seed_42
417,popular_1_exp_Experiment_1_seed_42
160,popular_1_exp_Experiment_1_seed_42
158,popular_1_exp_Experiment_1_seed_42
541,popular_1_exp_Experiment_1_seed_42
137,popular_1_exp_Experiment_1_seed_42
528,popular_1_exp_Experiment_1_seed_42
84,popular_1_exp_Experiment_1_seed_42
13,popular_1_exp_Experiment_1_seed_42
361,popular_1_exp_Experiment_1_seed_42
418,popular_1_exp_Experiment_1_seed_42
58,popular_1_exp_Experiment_1_seed_42
124,popular_1_exp_Experiment_1_seed_42
115,popular_1_exp_Experiment_1_seed_42
349,popular_1_exp_Experiment_1_seed_42
8,popular_1_exp_Experiment_1_seed_42
487,popular_1_exp_Experiment_1_seed_42
102,popular_1_exp_Experiment_1_seed_42
483,popular_1_exp_Experiment_1_seed_42
352,popular_1_exp_Experiment_1_seed_42
500,popular_1_exp_Experiment_1_seed_42
20,popular_1_exp_Experiment_1_seed_42
19,popular_1_exp_Experiment_1_seed_42
242,popular_1_exp_Experiment_1_seed_42
267,popular_1_exp_Experiment_1_seed_42
128,popular_1_exp_Experiment_1_seed_42
208,popular_1_exp_Experiment_1_seed_42
109,popular_1_exp_Experiment_1_seed_42
27,popular_1_exp_Experiment_1_seed_42
70,popular_1_exp_Experiment_1_seed_42
45,popular_1_exp_Experiment_1_seed_42
173,popular_1_exp_Experiment_1_seed_42
43,popular_1_exp_Experiment_1_seed_42
48,popular_1_exp_Experiment_1_seed_42
85,popular_1_exp_Experiment_1_seed_42
164,popular_1_exp_Experiment_1_seed_42
251,popular_1_exp_Experiment_1_seed_42
310,popular_1_exp_Experiment_1_seed_42
504,popular_1_exp_Experiment_1_seed_42
66,popular_1_exp_Experiment_1_seed_42
192,popular_1_exp_Experiment_1_seed_42
557,popular_1_exp_Experiment_1_seed_42
29,popular_1_exp_Experiment_1_seed_42
122,popular_1_exp_Experiment_1_seed_42
88,popular_1_exp_Experiment_1_seed_42
55,popular_1_exp_Experiment_1_seed_42
312,popular_1_exp_Experiment_1_seed_42
399,popular_1_exp_Experiment_1_seed_42
531,popular_1_exp_Experiment_1_seed_42
213,popular_1_exp_Experiment_1_seed_42
243,popular_1_exp_Experiment_1_seed_42
544,popular_1_exp_Experiment_1_seed_42
252,popular_1_exp_Experiment_1_seed_42
265,popular_1_exp_Experiment_1_seed_42
374,popular_1_exp_Experiment_1_seed_42
190,popular_1_exp_Experiment_1_seed_42
573,popular_1_exp_Experiment_1_seed_42
367,popular_1_exp_Experiment_1_seed_42
253,popular_1_exp_Experiment_1_seed_42
217,popular_1_exp_Experiment_1_seed_42
515,popular_1_exp_Experiment_1_seed_42
24,popular_1_exp_Experiment_1_seed_42
149,popular_1_exp_Experiment_1_seed_42
28,popular_1_exp_Experiment_1_seed_42
260,popular_1_exp_Experiment_1_seed_42
444,popular_1_exp_Experiment_1_seed_42
559,popular_1_exp_Experiment_1_seed_42
350,popular_1_exp_Experiment_1_seed_42
409,popular_1_exp_Experiment_1_seed_42
378,popular_1_exp_Experiment_1_seed_42
570,popular_1_exp_Experiment_1_seed_42
489,popular_1_exp_Experiment_1_seed_42
363,popular_1_exp_Experiment_1_seed_42
200,popular_1_exp_Experiment_1_seed_42
119,popular_1_exp_Experiment_1_seed_42
495,popular_1_exp_Experiment_1_seed_42
498,popular_1_exp_Experiment_1_seed_42
135,popular_1_exp_Experiment_1_seed_42
104,popular_1_exp_Experiment_1_seed_42
449,popular_1_exp_Experiment_1_seed_42
355,popular_1_exp_Experiment_1_seed_42
264,popular_1_exp_Experiment_1_seed_42
69,popular_1_exp_Experiment_1_seed_42
74,popular_1_exp_Experiment_1_seed_42
469,popular_1_exp_Experiment_1_seed_42
438,popular_1_exp_Experiment_1_seed_42
277,popular_1_exp_Experiment_1_seed_42
429,popular_1_exp_Experiment_1_seed_42
589,popular_1_exp_Experiment_1_seed_42
215,popular_1_exp_Experiment_1_seed_42
598,popular_1_exp_Experiment_1_seed_42
107,popular_1_exp_Experiment_1_seed_42
256,popular_1_exp_Experiment_1_seed_42
197,popular_1_exp_Experiment_1_seed_42
465,popular_1_exp_Experiment_1_seed_42
593,popular_1_exp_Experiment_1_seed_42
304,popular_1_exp_Experiment_1_seed_42
428,popular_1_exp_Experiment_1_seed_42
287,popular_1_exp_Experiment_1_seed_42
354,popular_1_exp_Experiment_1_seed_42
519,popular_1_exp_Experiment_1_seed_42
23,popular_1_exp_Experiment_1_seed_42
303,popular_1_exp_Experiment_1_seed_42
460,popular_1_exp_Experiment_1_seed_42
392,popular_1_exp_Experiment_1_seed_42
427,popular_1_exp_Experiment_1_seed_42
319,popular_1_exp_Experiment_1_seed_42
420,popular_1_exp_Experiment_1_seed_42
408,popular_1_exp_Experiment_1_seed_42
76,popular_1_exp_Experiment_1_seed_42
398,popular_1_exp_Experiment_1_seed_42
343,popular_1_exp_Experiment_1_seed_42
62,popular_1_exp_Experiment_1_seed_42
259,popular_1_exp_Experiment_1_seed_42
177,popular_1_exp_Experiment_1_seed_42
31,popular_1_exp_Experiment_1_seed_42
435,popular_1_exp_Experiment_1_seed_42
224,popular_1_exp_Experiment_1_seed_42
314,popular_1_exp_Experiment_1_seed_42
384,popular_1_exp_Experiment_1_seed_42
575,popular_1_exp_Experiment_1_seed_42
507,popular_1_exp_Experiment_1_seed_42
116,popular_1_exp_Experiment_1_seed_42
453,popular_1_exp_Experiment_1_seed_42
338,popular_1_exp_Experiment_1_seed_42
231,popular_1_exp_Experiment_1_seed_42
505,popular_1_exp_Experiment_1_seed_42
196,popular_1_exp_Experiment_1_seed_42
201,popular_1_exp_Experiment_1_seed_42
60,popular_1_exp_Experiment_1_seed_42
181,popular_1_exp_Experiment_1_seed_42
0,popular_1_exp_Experiment_1_seed_42
496,popular_1_exp_Experiment_1_seed_42
236,popular_1_exp_Experiment_1_seed_42
276,popular_1_exp_Experiment_1_seed_42
291,popular_1_exp_Experiment_1_seed_42
191,popular_1_exp_Experiment_1_seed_42
5,popular_1_exp_Experiment_1_seed_42
561,popular_1_exp_Experiment_1_seed_42
371,popular_1_exp_Experiment_1_seed_42
269,popular_1_exp_Experiment_1_seed_42
373,popular_1_exp_Experiment_1_seed_42
480,popular_1_exp_Experiment_1_seed_42
485,popular_1_exp_Experiment_1_seed_42
586,popular_1_exp_Experiment_1_seed_42
9,popular_1_exp_Experiment_1_seed_42
587,popular_1_exp_Experiment_1_seed_42
207,popular_1_exp_Experiment_1_seed_42
159,popular_1_exp_Experiment_1_seed_42
286,popular_1_exp_Experiment_1_seed_42
175,popular_1_exp_Experiment_1_seed_42
290,popular_1_exp_Experiment_1_seed_42
25,popular_1_exp_Experiment_1_seed_42
486,popular_1_exp_Experiment_1_seed_42
262,popular_1_exp_Experiment_1_seed_42
526,popular_1_exp_Experiment_1_seed_42
341,popular_1_exp_Experiment_1_seed_42
302,popular_1_exp_Experiment_1_seed_42
229,popular_1_exp_Experiment_1_seed_42
91,popular_1_exp_Experiment_1_seed_42
182,popular_1_exp_Experiment_1_seed_42
316,popular_1_exp_Experiment_1_seed_42
87,popular_1_exp_Experiment_1_seed_42
464,popular_1_exp_Experiment_1_seed_42
574,popular_1_exp_Experiment_1_seed_42
321,popular_1_exp_Experiment_1_seed_42
521,popular_1_exp_Experiment_1_seed_42
362,popular_1_exp_Experiment_1_seed_42
456,popular_1_exp_Experiment_1_seed_42
56,popular_1_exp_Experiment_1_seed_42
288,popular_1_exp_Experiment_1_seed_42
414,popular_1_exp_Experiment_1_seed_42
7,popular_1_exp_Experiment_1_seed_42
157,popular_1_exp_Experiment_1_seed_42
539,popular_1_exp_Experiment_1_seed_42
94,popular_1_exp_Experiment_1_seed_42
16,popular_1_exp_Experiment_1_seed_42
405,popular_1_exp_Experiment_1_seed_42
430,popular_1_exp_Experiment_1_seed_42
482,popular_1_exp_Experiment_1_seed_42
451,popular_1_exp_Experiment_1_seed_42
401,popular_1_exp_Experiment_1_seed_42
579,popular_1_exp_Experiment_1_seed_42
205,popular_1_exp_Experiment_1_seed_42
513,popular_1_exp_Experiment_1_seed_42
166,popular_1_exp_Experiment_1_seed_42
512,popular_1_exp_Experiment_1_seed_42
582,popular_1_exp_Experiment_1_seed_42
257,popular_1_exp_Experiment_1_seed_42
187,popular_1_exp_Experiment_1_seed_42
93,popular_1_exp_Experiment_1_seed_42
357,popular_1_exp_Experiment_1_seed_42
65,popular_1_exp_Experiment_1_seed_42
383,popular_1_exp_Experiment_1_seed_42
572,popular_1_exp_Experiment_1_seed_42
306,popular_1_exp_Experiment_1_seed_42
238,popular_1_exp_Experiment_1_seed_42
387,popular_1_exp_Experiment_1_seed_42
548,popular_1_exp_Experiment_1_seed_42
206,popular_1_exp_Experiment_1_seed_42
517,popular_1_exp_Experiment_1_seed_42
40,popular_1_exp_Experiment_1_seed_42
436,popular_1_exp_Experiment_1_seed_42
272,popular_1_exp_Experiment_1_seed_42
195,popular_1_exp_Experiment_1_seed_42
554,popular_1_exp_Experiment_1_seed_42
152,popular_1_exp_Experiment_1_seed_42
577,popular_1_exp_Experiment_1_seed_42
439,popular_1_exp_Experiment_1_seed_42
145,popular_1_exp_Experiment_1_seed_42
57,popular_1_exp_Experiment_1_seed_42
369,popular_1_exp_Experiment_1_seed_42
142,popular_1_exp_Experiment_1_seed_42
96,popular_1_exp_Experiment_1_seed_42
353,popular_1_exp_Experiment_1_seed_42
292,popular_1_exp_Experiment_1_seed_42
168,popular_1_exp_Experiment_1_seed_42
218,popular_1_exp_Experiment_1_seed_42
419,popular_1_exp_Experiment_1_seed_42
317,popular_1_exp_Experiment_1_seed_42
150,popular_1_exp_Experiment_1_seed_42
123,popular_1_exp_Experiment_1_seed_42
364,popular_1_exp_Experiment_1_seed_42
382,popular_1_exp_Experiment_1_seed_42
114,popular_1_exp_Experiment_1_seed_42
549,popular_1_exp_Experiment_1_seed_42
148,popular_1_exp_Experiment_1_seed_42
305,popular_1_exp_Experiment_1_seed_42
370,popular_1_exp_Experiment_1_seed_42
550,popular_1_exp_Experiment_1_seed_42
110,popular_1_exp_Experiment_1_seed_42
63,popular_1_exp_Experiment_1_seed_42
492,popular_1_exp_Experiment_1_seed_42
553,popular_1_exp_Experiment_1_seed_42
47,popular_1_exp_Experiment_1_seed_42
330,popular_1_exp_Experiment_1_seed_42
176,popular_1_exp_Experiment_1_seed_42
356,popular_1_exp_Experiment_1_seed_42
407,popular_1_exp_Experiment_1_seed_42
394,popular_1_exp_Experiment_1_seed_42
458,popular_1_exp_Experiment_1_seed_42
22,popular_1_exp_Experiment_1_seed_42
395,popular_1_exp_Experiment_1_seed_42
239,popular_1_exp_Experiment_1_seed_42
234,popular_1_exp_Experiment_1_seed_42
53,popular_1_exp_Experiment_1_seed_42
98,popular_1_exp_Experiment_1_seed_42
232,popular_1_exp_Experiment_1_seed_42
178,popular_1_exp_Experiment_1_seed_42
162,popular_1_exp_Experiment_1_seed_42
479,popular_1_exp_Experiment_1_seed_42
385,popular_1_exp_Experiment_1_seed_42
462,popular_1_exp_Experiment_1_seed_42
328,popular_1_exp_Experiment_1_seed_42
506,popular_1_exp_Experiment_1_seed_42
299,popular_1_exp_Experiment_1_seed_42
167,popular_1_exp_Experiment_1_seed_42
386,popular_1_exp_Experiment_1_seed_42
522,popular_1_exp_Experiment_1_seed_42
26,popular_1_exp_Experiment_1_seed_42
183,popular_1_exp_Experiment_1_seed_42
320,popular_1_exp_Experiment_1_seed_42
172,popular_1_exp_Experiment_1_seed_42
103,popular_1_exp_Experiment_1_seed_42
203,popular_1_exp_Experiment_1_seed_42
333,popular_1_exp_Experiment_1_seed_42
347,popular_1_exp_Experiment_1_seed_42
249,popular_1_exp_Experiment_1_seed_42
274,popular_1_exp_Experiment_1_seed_42
14,popular_1_exp_Experiment_1_seed_42
300,popular_1_exp_Experiment_1_seed_42
223,popular_1_exp_Experiment_1_seed_42
502,popular_1_exp_Experiment_1_seed_42
193,popular_1_exp_Experiment_1_seed_42
285,popular_1_exp_Experiment_1_seed_42
404,popular_1_exp_Experiment_1_seed_42
533,popular_1_exp_Experiment_1_seed_42
112,popular_1_exp_Experiment_1_seed_42
284,popular_1_exp_Experiment_1_seed_42
108,popular_1_exp_Experiment_1_seed_42
345,popular_1_exp_Experiment_1_seed_42
415,popular_1_exp_Experiment_1_seed_42
220,popular_1_exp_Experiment_1_seed_42
366,popular_1_exp_Experiment_1_seed_42
222,popular_1_exp_Experiment_1_seed_42
139,popular_1_exp_Experiment_1_seed_42
463,popular_1_exp_Experiment_1_seed_42
41,popular_1_exp_Experiment_1_seed_42
83,popular_1_exp_Experiment_1_seed_42
590,popular_1_exp_Experiment_1_seed_42
470,popular_1_exp_Experiment_1_seed_42
268,popular_1_exp_Experiment_1_seed_42
530,popular_1_exp_Experiment_1_seed_42
180,popular_1_exp_Experiment_1_seed_42
468,popular_1_exp_Experiment_1_seed_42
77,popular_1_exp_Experiment_1_seed_42
563,popular_1_exp_Experiment_1_seed_42
588,popular_1_exp_Experiment_1_seed_42
454,popular_1_exp_Experiment_1_seed_42
295,popular_1_exp_Experiment_1_seed_42
478,popular_1_exp_Experiment_1_seed_42
565,popular_1_exp_Experiment_1_seed_42
144,popular_1_exp_Experiment_1_seed_42
581,popular_1_exp_Experiment_1_seed_42
39,popular_1_exp_Experiment_1_seed_42
510,popular_1_exp_Experiment_1_seed_42
431,popular_1_exp_Experiment_1_seed_42
71,popular_1_exp_Experiment_1_seed_42
99,popular_1_exp_Experiment_1_seed_42
584,popular_1_exp_Experiment_1_seed_42
42,popular_1_exp_Experiment_1_seed_42
538,popular_1_exp_Experiment_1_seed_42
592,popular_1_exp_Experiment_1_seed_42
117,popular_1_exp_Experiment_1_seed_42
151,popular_1_exp_Experiment_1_seed_42
3,popular_1_exp_Experiment_1_seed_42
433,popular_1_exp_Experiment_1_seed_42
237,popular_1_exp_Experiment_1_seed_42
580,popular_1_exp_Experiment_1_seed_42
555,popular_1_exp_Experiment_1_seed_42
511,popular_1_exp_Experiment_1_seed_42
171,popular_1_exp_Experiment_1_seed_42
30,popular_1_exp_Experiment_1_seed_42
46,popular_1_exp_Experiment_1_seed_42
227,popular_1_exp_Experiment_1_seed_42
459,popular_1_exp_Experiment_1_seed_42
534,popular_1_exp_Experiment_1_seed_42
293,popular_1_exp_Experiment_1_seed_42
520,popular_1_exp_Experiment_1_seed_42
494,popular_1_exp_Experiment_1_seed_42
379,popular_1_exp_Experiment_1_seed_42
282,popular_1_exp_Experiment_1_seed_42
240,popular_1_exp_Experiment_1_seed_42
323,popular_1_exp_Experiment_1_seed_42
120,popular_1_exp_Experiment_1_seed_42
51,popular_1_exp_Experiment_1_seed_42
298,popular_1_exp_Experiment_1_seed_42
59,popular_1_exp_Experiment_1_seed_42
442,popular_1_exp_Experiment_1_seed_42
281,popular_1_exp_Experiment_1_seed_42
597,popular_1_exp_Experiment_1_seed_42
244,popular_1_exp_Experiment_1_seed_42
179,popular_1_exp_Experiment_1_seed_42
81,popular_1_exp_Experiment_1_seed_42
219,popular_1_exp_Experiment_1_seed_42
204,popular_1_exp_Experiment_1_seed_42
556,popular_1_exp_Experiment_1_seed_42
126,popular_1_exp_Experiment_1_seed_42
576,popular_1_exp_Experiment_1_seed_42
416,popular_1_exp_Experiment_1_seed_42
132,popular_1_exp_Experiment_1_seed_42
32,popular_1_exp_Experiment_1_seed_42
594,popular_1_exp_Experiment_1_seed_42
79,popular_1_exp_Experiment_1_seed_42
1,popular_1_exp_Experiment_1_seed_42
484,popular_1_exp_Experiment_1_seed_42
585,popular_1_exp_Experiment_1_seed_42
143,popular_1_exp_Experiment_1_seed_42
473,popular_1_exp_Experiment_1_seed_42
141,popular_1_exp_Experiment_1_seed_42
326,popular_1_exp_Experiment_1_seed_42
61,popular_1_exp_Experiment_1_seed_42
432,popular_1_exp_Experiment_1_seed_42
199,popular_1_exp_Experiment_1_seed_42
452,popular_1_exp_Experiment_1_seed_42
471,popular_1_exp_Experiment_1_seed_42
105,popular_1_exp_Experiment_1_seed_42
146,popular_1_exp_Experiment_1_seed_42
578,popular_1_exp_Experiment_1_seed_42
410,popular_1_exp_Experiment_1_seed_42
221,popular_1_exp_Experiment_1_seed_42
297,popular_1_exp_Experiment_1_seed_42
210,popular_1_exp_Experiment_1_seed_42
15,popular_1_exp_Experiment_1_seed_42
254,popular_1_exp_Experiment_1_seed_42
402,popular_1_exp_Experiment_1_seed_42
457,popular_1_exp_Experiment_1_seed_42
334,popular_1_exp_Experiment_1_seed_42
524,popular_1_exp_Experiment_1_seed_42
472,popular_1_exp_Experiment_1_seed_42
336,popular_1_exp_Experiment_1_seed_42
527,popular_1_exp_Experiment_1_seed_42
283,popular_1_exp_Experiment_1_seed_42
52,popular_1_exp_Experiment_1_seed_42
461,popular_1_exp_Experiment_1_seed_42
12,popular_1_exp_Experiment_1_seed_42
514,popular_1_exp_Experiment_1_seed_42
54,popular_1_exp_Experiment_1_seed_42
393,popular_1_exp_Experiment_1_seed_42
437,popular_1_exp_Experiment_1_seed_42
216,popular_1_exp_Experiment_1_seed_42
488,popular_1_exp_Experiment_1_seed_42
309,popular_1_exp_Experiment_1_seed_42
547,popular_1_exp_Experiment_1_seed_42
552,popular_1_exp_Experiment_1_seed_42
21,popular_1_exp_Experiment_1_seed_42
278,popular_1_exp_Experiment_1_seed_42
375,popular_1_exp_Experiment_1_seed_42
455,popular_1_exp_Experiment_1_seed_42
34,popular_1_exp_Experiment_1_seed_42
11,popular_1_exp_Experiment_1_seed_42
136,popular_1_exp_Experiment_1_seed_42
147,popular_1_exp_Experiment_1_seed_42
49,popular_1_exp_Experiment_1_seed_42
508,popular_1_exp_Experiment_1_seed_42
595,popular_1_exp_Experiment_1_seed_42
296,popular_1_exp_Experiment_1_seed_42
4,popular_1_exp_Experiment_1_seed_42
165,popular_1_exp_Experiment_1_seed_42
397,popular_1_exp_Experiment_1_seed_42
169,popular_1_exp_Experiment_1_seed_42
446,popular_1_exp_Experiment_1_seed_42
518,popular_1_exp_Experiment_1_seed_42
499,popular_1_exp_Experiment_1_seed_42
509,popular_1_exp_Experiment_1_seed_42
44,popular_1_exp_Experiment_1_seed_42
248,popular_1_exp_Experiment_1_seed_42
376,popular_1_exp_Experiment_1_seed_42
133,popular_1_exp_Experiment_1_seed_42
569,popular_1_exp_Experiment_1_seed_42
560,popular_1_exp_Experiment_1_seed_42
466,popular_1_exp_Experiment_1_seed_42
348,popular_1_exp_Experiment_1_seed_42
101,popular_1_exp_Experiment_1_seed_42
64,popular_1_exp_Experiment_1_seed_42
360,popular_1_exp_Experiment_1_seed_42
189,popular_1_exp_Experiment_1_seed_42
78,popular_1_exp_Experiment_1_seed_42
118,popular_1_exp_Experiment_1_seed_42
380,popular_1_exp_Experiment_1_seed_42
131,popular_1_exp_Experiment_1_seed_42
188,popular_1_exp_Experiment_1_seed_42
186,popular_1_exp_Experiment_1_seed_42
441,popular_1_exp_Experiment_1_seed_42
422,popular_1_exp_Experiment_1_seed_42
233,popular_1_exp_Experiment_1_seed_42
445,popular_1_exp_Experiment_1_seed_42
400,popular_1_exp_Experiment_1_seed_42
154,popular_1_exp_Experiment_1_seed_42
50,popular_1_exp_Experiment_1_seed_42
73,popular_1_exp_Experiment_1_seed_42
156,popular_1_exp_Experiment_1_seed_42
425,popular_1_exp_Experiment_1_seed_42
308,popular_1_exp_Experiment_1_seed_42
447,popular_1_exp_Experiment_1_seed_42
423,popular_1_exp_Experiment_1_seed_42
263,popular_1_exp_Experiment_1_seed_42
324,popular_1_exp_Experiment_1_seed_42
92,popular_1_exp_Experiment_1_seed_42
413,popular_1_exp_Experiment_1_seed_42
543,popular_1_exp_Experiment_1_seed_42
38,popular_1_exp_Experiment_1_seed_42
535,popular_1_exp_Experiment_1_seed_42
411,popular_1_exp_Experiment_1_seed_42
275,popular_1_exp_Experiment_1_seed_42
501,popular_1_exp_Experiment_1_seed_42
271,popular_1_exp_Experiment_1_seed_42
368,popular_1_exp_Experiment_1_seed_42
89,popular_1_exp_Experiment_1_seed_42
358,popular_1_exp_Experiment_1_seed_42
273,popular_1_exp_Experiment_1_seed_42
346,popular_1_exp_Experiment_1_seed_42
339,popular_1_exp_Experiment_1_seed_42
106,popular_1_exp_Experiment_1_seed_42
529,popular_1_exp_Experiment_1_seed_42
100,popular_1_exp_Experiment_1_seed_42
497,popular_1_exp_Experiment_1_seed_42
67,popular_1_exp_Experiment_1_seed_42
2,popular_1_exp_Experiment_1_seed_42
185,popular_1_exp_Experiment_1_seed_42
315,popular_1_exp_Experiment_1_seed_42
377,popular_1_exp_Experiment_1_seed_42
503,popular_1_exp_Experiment_1_seed_42
247,popular_1_exp_Experiment_1_seed_42
448,popular_1_exp_Experiment_1_seed_42
313,popular_1_exp_Experiment_1_seed_42
279,popular_1_exp_Experiment_1_seed_42
202,popular_1_exp_Experiment_1_seed_42
337,popular_1_exp_Experiment_1_seed_42
280,popular_1_exp_Experiment_1_seed_42
426,popular_1_exp_Experiment_1_seed_42
228,popular_1_exp_Experiment_1_seed_42
474,popular_1_exp_Experiment_1_seed_42
209,popular_1_exp_Experiment_1_seed_42
523,popular_1_exp_Experiment_1_seed_42
138,popular_1_exp_Experiment_1_seed_42
421,popular_1_exp_Experiment_1_seed_42
536,popular_1_exp_Experiment_1_seed_42
68,popular_1_exp_Experiment_1_seed_42
381,popular_1_exp_Experiment_1_seed_42
163,popular_1_exp_Experiment_1_seed_42
245,popular_1_exp_Experiment_1_seed_42
359,popular_1_exp_Experiment_1_seed_42
566,popular_1_exp_Experiment_1_seed_42
289,popular_1_exp_Experiment_1_seed_42
327,popular_1_exp_Experiment_1_seed_42
351,popular_1_exp_Experiment_1_seed_42
493,popular_1_exp_Experiment_1_seed_42
546,popular_1_exp_Experiment_1_seed_42
388,popular_1_exp_Experiment_1_seed_42
583,popular_1_exp_Experiment_1_seed_42
130,popular_1_exp_Experiment_1_seed_42
161,popular_1_exp_Experiment_1_seed_42
564,popular_1_exp_Experiment_1_seed_42
389,popular_1_exp_Experiment_1_seed_42
153,popular_1_exp_Experiment_1_seed_42
95,popular_1_exp_Experiment_1_seed_42
540,popular_1_exp_Experiment_1_seed_42
255,popular_1_exp_Experiment_1_seed_42
82,popular_1_exp_Experiment_1_seed_42
481,popular_1_exp_Experiment_1_seed_42
125,popular_1_exp_Experiment_1_seed_42
37,popular_1_exp_Experiment_1_seed_42
17,popular_1_exp_Experiment_1_seed_42
335,popular_1_exp_Experiment_1_seed_42
545,popular_1_exp_Experiment_1_seed_42
18,popular_1_exp_Experiment_1_seed_42
214,popular_1_exp_Experiment_1_seed_42
443,popular_1_exp_Experiment_1_seed_42
332,popular_1_exp_Experiment_1_seed_42
558,popular_1_exp_Experiment_1_seed_42
35,popular_1_exp_Experiment_1_seed_42
246,popular_1_exp_Experiment_1_seed_42
390,popular_1_exp_Experiment_1_seed_42
33,popular_1_exp_Experiment_1_seed_42
516,popular_1_exp_Experiment_1_seed_42
568,popular_1_exp_Experiment_1_seed_42
424,popular_1_exp_Experiment_1_seed_42
198,popular_1_exp_Experiment_1_seed_42
599,popular_1_exp_Experiment_1_seed_42
491,popular_1_exp_Experiment_1_seed_42
270,popular_1_exp_Experiment_1_seed_42
294,popular_1_exp_Experiment_1_seed_42
241,popular_1_exp_Experiment_1_seed_42
412,popular_1_exp_Experiment_1_seed_42
331,popular_1_exp_Experiment_1_seed_42
340,popular_1_exp_Experiment_1_seed_42
212,popular_1_exp_Experiment_1_seed_42
134,popular_1_exp_Experiment_1_seed_42
97,popular_1_exp_Experiment_1_seed_42
258,popular_1_exp_Experiment_1_seed_42
490,popular_1_exp_Experiment_1_seed_42
90,popular_1_exp_Experiment_1_seed_42
129,popular_1_exp_Experiment_1_seed_42
301,popular_1_exp_Experiment_1_seed_42
127,popular_1_exp_Experiment_1_seed_42
475,popular_1_exp_Experiment_1_seed_42
155,popular_1_exp_Experiment_1_seed_42
72,popular_1_exp_Experiment_1_seed_42
140,popular_1_exp_Experiment_1_seed_42
450,popular_1_exp_Experiment_1_seed_42
440,popular_1_exp_Experiment_1_seed_42
537,popular_1_exp_Experiment_1_seed_42
113,popular_1_exp_Experiment_1_seed_42
235,popular_1_exp_Experiment_1_seed_42
476,popular_1_exp_Experiment_1_seed_42
406,popular_1_exp_Experiment_1_seed_42
111,popular_1_exp_Experiment_1_seed_42
80,popular_1_exp_Experiment_1_seed_42
318,popular_1_exp_Experiment_1_seed_42
391,popular_1_exp_Experiment_1_seed_42
344,popular_1_exp_Experiment_1_seed_42
121,popular_1_exp_Experiment_1_seed_42
591,popular_1_exp_Experiment_1_seed_42
551,popular_1_exp_Experiment_1_seed_42
226,popular_1_exp_Experiment_1_seed_42
467,popular_1_exp_Experiment_1_seed_42
10,popular_1_exp_Experiment_1_seed_42
532,popular_1_exp_Experiment_1_seed_42
75,popular_1_exp_Experiment_1_seed_42
211,popular_1_exp_Experiment_1_seed_42
250,popular_1_exp_Experiment_1_seed_42
403,popular_1_exp_Experiment_1_seed_42
562,popular_1_exp_Experiment_1_seed_42
525,popular_1_exp_Experiment_1_seed_42
86,popular_1_exp_Experiment_1_seed_42
365,popular_1_exp_Experiment_1_seed_42
571,popular_1_exp_Experiment_1_seed_42
266,popular_1_exp_Experiment_1_seed_42
542,popular_1_exp_Experiment_1_seed_42
396,popular_1_exp_Experiment_1_seed_42
225,popular_1_exp_Experiment_1_seed_42
230,popular_1_exp_Experiment_1_seed_42
434,popular_1_exp_Experiment_1_seed_42
174,popular_1_exp_Experiment_1_seed_42
322,popular_1_exp_Experiment_1_seed_42
311,popular_1_exp_Experiment_1_seed_42
36,popular_1_exp_Experiment_1_seed_42
307,popular_1_exp_Experiment_1_seed_42
261,popular_1_exp_Experiment_1_seed_42
184,popular_1_exp_Experiment_1_seed_42
329,popular_1_exp_Experiment_1_seed_42
477,popular_1_exp_Experiment_1_seed_42
342,popular_1_exp_Experiment_1_seed_42
596,popular_1_exp_Experiment_1_seed_42
372,popular_1_exp_Experiment_1_seed_42
325,popular_1_exp_Experiment_1_seed_42
6,popular_1_exp_Experiment_1_seed_42
170,popular_1_exp_Experiment_1_seed_42
194,popular_1_exp_Experiment_1_seed_42
567,popular_1_exp_Experiment_1_seed_42
417,popular_1_exp_Experiment_1_seed_42
160,popular_1_exp_Experiment_1_seed_42
158,popular_1_exp_Experiment_1_seed_42
541,popular_1_exp_Experiment_1_seed_42
137,popular_1_exp_Experiment_1_seed_42
528,popular_1_exp_Experiment_1_seed_42
84,popular_1_exp_Experiment_1_seed_42
13,popular_1_exp_Experiment_1_seed_42
361,popular_1_exp_Experiment_1_seed_42
418,popular_1_exp_Experiment_1_seed_42
58,popular_1_exp_Experiment_1_seed_42
124,popular_1_exp_Experiment_1_seed_42
115,popular_1_exp_Experiment_1_seed_42
349,popular_1_exp_Experiment_1_seed_42
8,popular_1_exp_Experiment_1_seed_42
487,popular_1_exp_Experiment_1_seed_42
102,popular_1_exp_Experiment_1_seed_42
483,popular_1_exp_Experiment_1_seed_42
352,popular_1_exp_Experiment_1_seed_42
500,popular_1_exp_Experiment_1_seed_42
20,popular_1_exp_Experiment_1_seed_42
19,popular_1_exp_Experiment_1_seed_42
242,popular_1_exp_Experiment_1_seed_42
267,popular_1_exp_Experiment_1_seed_42
128,popular_1_exp_Experiment_1_seed_42
208,popular_1_exp_Experiment_1_seed_42
109,popular_1_exp_Experiment_1_seed_42
27,popular_1_exp_Experiment_1_seed_42
70,popular_1_exp_Experiment_1_seed_42
45,popular_1_exp_Experiment_1_seed_42
173,popular_1_exp_Experiment_1_seed_42
43,popular_1_exp_Experiment_1_seed_42
48,popular_1_exp_Experiment_1_seed_42
85,popular_1_exp_Experiment_1_seed_42
164,popular_1_exp_Experiment_1_seed_42
251,popular_1_exp_Experiment_1_seed_42
310,popular_1_exp_Experiment_1_seed_42
504,popular_1_exp_Experiment_1_seed_42
66,popular_1_exp_Experiment_1_seed_42
192,popular_1_exp_Experiment_1_seed_42
557,popular_1_exp_Experiment_1_seed_42
29,popular_1_exp_Experiment_1_seed_42
122,popular_1_exp_Experiment_1_seed_42
88,popular_1_exp_Experiment_1_seed_42
55,popular_1_exp_Experiment_1_seed_42
312,popular_1_exp_Experiment_1_seed_42
399,popular_1_exp_Experiment_1_seed_42
531,popular_1_exp_Experiment_1_seed_42
213,popular_1_exp_Experiment_1_seed_42
243,popular_1_exp_Experiment_1_seed_42
544,popular_1_exp_Experiment_1_seed_42
252,popular_1_exp_Experiment_1_seed_42
265,popular_1_exp_Experiment_1_seed_42
374,popular_1_exp_Experiment_1_seed_42
190,popular_1_exp_Experiment_1_seed_42
573,popular_1_exp_Experiment_1_seed_42
367,popular_1_exp_Experiment_1_seed_42
253,popular_1_exp_Experiment_1_seed_42
217,popular_1_exp_Experiment_1_seed_42
515,popular_1_exp_Experiment_1_seed_42
24,popular_1_exp_Experiment_1_seed_42
149,popular_1_exp_Experiment_1_seed_42
28,popular_1_exp_Experiment_1_seed_42
260,popular_1_exp_Experiment_1_seed_42
444,popular_1_exp_Experiment_1_seed_42
559,popular_1_exp_Experiment_1_seed_42
350,popular_1_exp_Experiment_1_seed_42
409,popular_1_exp_Experiment_1_seed_42
378,popular_1_exp_Experiment_1_seed_42
570,popular_1_exp_Experiment_1_seed_42
489,popular_1_exp_Experiment_1_seed_42
363,popular_1_exp_Experiment_1_seed_42
200,popular_1_exp_Experiment_1_seed_42
119,popular_1_exp_Experiment_1_seed_42
495,popular_1_exp_Experiment_1_seed_42
498,popular_1_exp_Experiment_1_seed_42
135,popular_1_exp_Experiment_1_seed_42
104,popular_1_exp_Experiment_1_seed_42
449,popular_1_exp_Experiment_1_seed_42
355,popular_1_exp_Experiment_1_seed_42
264,popular_1_exp_Experiment_1_seed_42
69,popular_1_exp_Experiment_1_seed_42
74,popular_1_exp_Experiment_1_seed_42
469,popular_1_exp_Experiment_1_seed_42
438,popular_1_exp_Experiment_1_seed_42
277,popular_1_exp_Experiment_1_seed_42
429,popular_1_exp_Experiment_1_seed_42
589,popular_1_exp_Experiment_1_seed_42
215,popular_1_exp_Experiment_1_seed_42
598,popular_1_exp_Experiment_1_seed_42
107,popular_1_exp_Experiment_1_seed_42
256,popular_1_exp_Experiment_1_seed_42
197,popular_1_exp_Experiment_1_seed_42
465,popular_1_exp_Experiment_1_seed_42
593,popular_1_exp_Experiment_1_seed_42
304,popular_1_exp_Experiment_1_seed_42
428,popular_1_exp_Experiment_1_seed_42
287,popular_1_exp_Experiment_1_seed_42
354,popular_1_exp_Experiment_1_seed_42
519,popular_1_exp_Experiment_1_seed_42
23,popular_1_exp_Experiment_1_seed_42
303,popular_1_exp_Experiment_1_seed_42
460,popular_1_exp_Experiment_1_seed_42
392,popular_1_exp_Experiment_1_seed_42
427,popular_1_exp_Experiment_1_seed_42
319,popular_1_exp_Experiment_1_seed_42
420,popular_1_exp_Experiment_1_seed_42
408,popular_1_exp_Experiment_1_seed_42
76,popular_1_exp_Experiment_1_seed_42
398,popular_1_exp_Experiment_1_seed_42
343,popular_1_exp_Experiment_1_seed_42
62,popular_1_exp_Experiment_1_seed_42
259,popular_1_exp_Experiment_1_seed_42
177,popular_1_exp_Experiment_1_seed_42
31,popular_1_exp_Experiment_1_seed_42
435,popular_1_exp_Experiment_1_seed_42
224,popular_1_exp_Experiment_1_seed_42
314,popular_1_exp_Experiment_1_seed_42
384,popular_1_exp_Experiment_1_seed_42
575,popular_1_exp_Experiment_1_seed_42
507,popular_1_exp_Experiment_1_seed_42
116,popular_1_exp_Experiment_1_seed_42
453,popular_1_exp_Experiment_1_seed_42
338,popular_1_exp_Experiment_1_seed_42
231,popular_1_exp_Experiment_1_seed_42
505,popular_1_exp_Experiment_1_seed_42
196,popular_1_exp_Experiment_1_seed_42
201,popular_1_exp_Experiment_1_seed_42
60,popular_1_exp_Experiment_1_seed_42
181,popular_1_exp_Experiment_1_seed_42
0,popular_1_exp_Experiment_1_seed_42
496,popular_1_exp_Experiment_1_seed_42
236,popular_1_exp_Experiment_1_seed_42
276,popular_1_exp_Experiment_1_seed_42
291,popular_1_exp_Experiment_1_seed_42
191,popular_1_exp_Experiment_1_seed_42
5,popular_1_exp_Experiment_1_seed_42
561,popular_1_exp_Experiment_1_seed_42
371,popular_1_exp_Experiment_1_seed_42
269,popular_1_exp_Experiment_1_seed_42
373,popular_1_exp_Experiment_1_seed_42
480,popular_1_exp_Experiment_1_seed_42
485,popular_1_exp_Experiment_1_seed_42
586,popular_1_exp_Experiment_1_seed_42
9,popular_1_exp_Experiment_1_seed_42
587,popular_1_exp_Experiment_1_seed_42
207,popular_1_exp_Experiment_1_seed_42
159,popular_1_exp_Experiment_1_seed_42
286,popular_1_exp_Experiment_1_seed_42
175,popular_1_exp_Experiment_1_seed_42
290,popular_1_exp_Experiment_1_seed_42
25,popular_1_exp_Experiment_1_seed_42
486,popular_1_exp_Experiment_1_seed_42
262,popular_1_exp_Experiment_1_seed_42
526,popular_1_exp_Experiment_1_seed_42
341,popular_1_exp_Experiment_1_seed_42
302,popular_1_exp_Experiment_1_seed_42
229,popular_1_exp_Experiment_1_seed_42
91,popular_1_exp_Experiment_1_seed_42
182,popular_1_exp_Experiment_1_seed_42
316,popular_1_exp_Experiment_1_seed_42
87,popular_1_exp_Experiment_1_seed_42
464,popular_1_exp_Experiment_1_seed_42
574,popular_1_exp_Experiment_1_seed_42
321,popular_1_exp_Experiment_1_seed_42
521,popular_1_exp_Experiment_1_seed_42
362,popular_1_exp_Experiment_1_seed_42
456,popular_1_exp_Experiment_1_seed_42
56,popular_1_exp_Experiment_1_seed_42
288,popular_1_exp_Experiment_1_seed_42
414,popular_1_exp_Experiment_1_seed_42
7,popular_1_exp_Experiment_1_seed_42
157,popular_1_exp_Experiment_1_seed_42
539,popular_1_exp_Experiment_1_seed_42
94,popular_1_exp_Experiment_1_seed_42
16,popular_1_exp_Experiment_1_seed_42
405,popular_1_exp_Experiment_1_seed_42
430,popular_1_exp_Experiment_1_seed_42
482,popular_1_exp_Experiment_1_seed_42
451,popular_1_exp_Experiment_1_seed_42
401,popular_1_exp_Experiment_1_seed_42
579,popular_1_exp_Experiment_1_seed_42
205,popular_1_exp_Experiment_1_seed_42
513,popular_1_exp_Experiment_1_seed_42
166,popular_1_exp_Experiment_1_seed_42
512,popular_1_exp_Experiment_1_seed_42
582,popular_1_exp_Experiment_1_seed_42
257,popular_1_exp_Experiment_1_seed_42
187,popular_1_exp_Experiment_1_seed_42
93,popular_1_exp_Experiment_1_seed_42
357,popular_1_exp_Experiment_1_seed_42
65,popular_1_exp_Experiment_1_seed_42
383,popular_1_exp_Experiment_1_seed_42
572,popular_1_exp_Experiment_1_seed_42
306,popular_1_exp_Experiment_1_seed_42
238,popular_1_exp_Experiment_1_seed_42
387,popular_1_exp_Experiment_1_seed_42
548,popular_1_exp_Experiment_1_seed_42
206,popular_1_exp_Experiment_1_seed_42
517,popular_1_exp_Experiment_1_seed_42
40,popular_1_exp_Experiment_1_seed_42
436,popular_1_exp_Experiment_1_seed_42
272,popular_1_exp_Experiment_1_seed_42
195,popular_1_exp_Experiment_1_seed_42
554,popular_1_exp_Experiment_1_seed_42
152,popular_1_exp_Experiment_1_seed_42
577,popular_1_exp_Experiment_1_seed_42
439,popular_1_exp_Experiment_1_seed_42
145,popular_1_exp_Experiment_1_seed_42
57,popular_1_exp_Experiment_1_seed_42
369,popular_1_exp_Experiment_1_seed_42
142,popular_1_exp_Experiment_1_seed_42
96,popular_1_exp_Experiment_1_seed_42
353,popular_1_exp_Experiment_1_seed_42
292,popular_1_exp_Experiment_1_seed_42
168,popular_1_exp_Experiment_1_seed_42
218,popular_1_exp_Experiment_1_seed_42
419,popular_1_exp_Experiment_1_seed_42
317,popular_1_exp_Experiment_1_seed_42
150,popular_1_exp_Experiment_1_seed_42
123,popular_1_exp_Experiment_1_seed_42
364,popular_1_exp_Experiment_1_seed_42
382,popular_1_exp_Experiment_1_seed_42
114,popular_1_exp_Experiment_1_seed_42
549,popular_1_exp_Experiment_1_seed_42
148,popular_1_exp_Experiment_1_seed_42
305,popular_1_exp_Experiment_1_seed_42
370,popular_1_exp_Experiment_1_seed_42
550,popular_1_exp_Experiment_1_seed_42
110,popular_1_exp_Experiment_1_seed_42
63,popular_1_exp_Experiment_1_seed_42
492,popular_1_exp_Experiment_1_seed_42
553,popular_1_exp_Experiment_1_seed_42
47,popular_1_exp_Experiment_1_seed_42
330,popular_1_exp_Experiment_1_seed_42
176,popular_1_exp_Experiment_1_seed_42
356,popular_1_exp_Experiment_1_seed_42
407,popular_1_exp_Experiment_1_seed_42
394,popular_1_exp_Experiment_1_seed_42
458,popular_1_exp_Experiment_1_seed_42
22,popular_1_exp_Experiment_1_seed_42
395,popular_1_exp_Experiment_1_seed_42
239,popular_1_exp_Experiment_1_seed_42
234,popular_1_exp_Experiment_1_seed_42
53,popular_1_exp_Experiment_1_seed_42
98,popular_1_exp_Experiment_1_seed_42
232,popular_1_exp_Experiment_1_seed_42
178,popular_1_exp_Experiment_1_seed_42
162,popular_1_exp_Experiment_1_seed_42
479,popular_1_exp_Experiment_1_seed_42
385,popular_1_exp_Experiment_1_seed_42
462,popular_1_exp_Experiment_1_seed_42
328,popular_1_exp_Experiment_1_seed_42
506,popular_1_exp_Experiment_1_seed_42
299,popular_1_exp_Experiment_1_seed_42
167,popular_1_exp_Experiment_1_seed_42
386,popular_1_exp_Experiment_1_seed_42
522,popular_1_exp_Experiment_1_seed_42
26,popular_1_exp_Experiment_1_seed_42
183,popular_1_exp_Experiment_1_seed_42
320,popular_1_exp_Experiment_1_seed_42
172,popular_1_exp_Experiment_1_seed_42
103,popular_1_exp_Experiment_1_seed_42
203,popular_1_exp_Experiment_1_seed_42
333,popular_1_exp_Experiment_1_seed_42
347,popular_1_exp_Experiment_1_seed_42
249,popular_1_exp_Experiment_1_seed_42
274,popular_1_exp_Experiment_1_seed_42
14,popular_1_exp_Experiment_1_seed_42
300,popular_1_exp_Experiment_1_seed_42
223,popular_1_exp_Experiment_1_seed_42
502,popular_1_exp_Experiment_1_seed_42
193,popular_1_exp_Experiment_1_seed_42
285,popular_1_exp_Experiment_1_seed_42
404,popular_1_exp_Experiment_1_seed_42
533,popular_1_exp_Experiment_1_seed_42
112,popular_1_exp_Experiment_1_seed_42
284,popular_1_exp_Experiment_1_seed_42
108,popular_1_exp_Experiment_1_seed_42
345,popular_1_exp_Experiment_1_seed_42
415,popular_1_exp_Experiment_1_seed_42
220,popular_1_exp_Experiment_1_seed_42
366,popular_1_exp_Experiment_1_seed_42
222,popular_1_exp_Experiment_1_seed_42
139,popular_1_exp_Experiment_1_seed_42
463,popular_1_exp_Experiment_1_seed_42
41,popular_1_exp_Experiment_1_seed_42
83,popular_1_exp_Experiment_1_seed_42
590,popular_1_exp_Experiment_1_seed_42
470,popular_1_exp_Experiment_1_seed_42
268,popular_1_exp_Experiment_1_seed_42
530,popular_1_exp_Experiment_1_seed_42
180,popular_1_exp_Experiment_1_seed_42
468,popular_1_exp_Experiment_1_seed_42
77,popular_1_exp_Experiment_1_seed_42
563,popular_1_exp_Experiment_1_seed_42
588,popular_1_exp_Experiment_1_seed_42
454,popular_1_exp_Experiment_1_seed_42
295,popular_1_exp_Experiment_1_seed_42
478,popular_1_exp_Experiment_1_seed_42
565,popular_1_exp_Experiment_1_seed_42
144,popular_1_exp_Experiment_1_seed_42
581,popular_1_exp_Experiment_1_seed_42
39,popular_1_exp_Experiment_1_seed_42
510,popular_1_exp_Experiment_1_seed_42
431,popular_1_exp_Experiment_1_seed_42
71,popular_1_exp_Experiment_1_seed_42
99,popular_1_exp_Experiment_1_seed_42
584,popular_1_exp_Experiment_1_seed_42
42,popular_1_exp_Experiment_1_seed_42
538,popular_1_exp_Experiment_1_seed_42
592,popular_1_exp_Experiment_1_seed_42
117,popular_1_exp_Experiment_1_seed_42
151,popular_1_exp_Experiment_1_seed_42
3,popular_1_exp_Experiment_1_seed_42
433,popular_1_exp_Experiment_1_seed_42
237,popular_1_exp_Experiment_1_seed_42
580,popular_1_exp_Experiment_1_seed_42
555,popular_1_exp_Experiment_1_seed_42
511,popular_1_exp_Experiment_1_seed_42
171,popular_1_exp_Experiment_1_seed_42
30,popular_1_exp_Experiment_1_seed_42
46,popular_1_exp_Experiment_1_seed_42
227,popular_1_exp_Experiment_1_seed_42
459,popular_1_exp_Experiment_1_seed_42
534,popular_1_exp_Experiment_1_seed_42
293,popular_1_exp_Experiment_1_seed_42
520,popular_1_exp_Experiment_1_seed_42
494,popular_1_exp_Experiment_1_seed_42
379,popular_1_exp_Experiment_1_seed_42
282,popular_1_exp_Experiment_1_seed_42
240,popular_1_exp_Experiment_1_seed_42
323,popular_1_exp_Experiment_1_seed_42
120,popular_1_exp_Experiment_1_seed_42
51,popular_1_exp_Experiment_1_seed_42
298,popular_1_exp_Experiment_1_seed_42
59,popular_1_exp_Experiment_1_seed_42
442,popular_1_exp_Experiment_1_seed_42
281,popular_1_exp_Experiment_1_seed_42
597,popular_1_exp_Experiment_1_seed_42
244,popular_1_exp_Experiment_1_seed_42
179,popular_1_exp_Experiment_1_seed_42
81,popular_1_exp_Experiment_1_seed_42
219,popular_1_exp_Experiment_1_seed_42
204,popular_1_exp_Experiment_1_seed_42
556,popular_1_exp_Experiment_1_seed_42
126,popular_1_exp_Experiment_1_seed_42
576,popular_1_exp_Experiment_1_seed_42
416,popular_1_exp_Experiment_1_seed_42
132,popular_1_exp_Experiment_1_seed_42
32,popular_1_exp_Experiment_1_seed_42
594,popular_1_exp_Experiment_1_seed_42
79,popular_1_exp_Experiment_1_seed_42
1,popular_1_exp_Experiment_1_seed_42
484,popular_1_exp_Experiment_1_seed_42
585,popular_1_exp_Experiment_1_seed_42
143,popular_1_exp_Experiment_1_seed_42
473,popular_1_exp_Experiment_1_seed_42
141,popular_1_exp_Experiment_1_seed_42
326,popular_1_exp_Experiment_1_seed_42
61,popular_1_exp_Experiment_1_seed_42
432,popular_1_exp_Experiment_1_seed_42
199,popular_1_exp_Experiment_1_seed_42
452,popular_1_exp_Experiment_1_seed_42
471,popular_1_exp_Experiment_1_seed_42
105,popular_1_exp_Experiment_1_seed_42
146,popular_1_exp_Experiment_1_seed_42
578,popular_1_exp_Experiment_1_seed_42
410,popular_1_exp_Experiment_1_seed_42
221,popular_1_exp_Experiment_1_seed_42
297,popular_1_exp_Experiment_1_seed_42
210,popular_1_exp_Experiment_1_seed_42
15,popular_1_exp_Experiment_1_seed_42
254,popular_1_exp_Experiment_1_seed_42
402,popular_1_exp_Experiment_1_seed_42
457,popular_1_exp_Experiment_1_seed_42
334,popular_1_exp_Experiment_1_seed_42
524,popular_1_exp_Experiment_1_seed_42
472,popular_1_exp_Experiment_1_seed_42
336,popular_1_exp_Experiment_1_seed_42
527,popular_1_exp_Experiment_1_seed_42
283,popular_1_exp_Experiment_1_seed_42
52,popular_1_exp_Experiment_1_seed_42
461,popular_1_exp_Experiment_1_seed_42
12,popular_1_exp_Experiment_1_seed_42
514,popular_1_exp_Experiment_1_seed_42
54,popular_1_exp_Experiment_1_seed_42
393,popular_1_exp_Experiment_1_seed_42
437,popular_1_exp_Experiment_1_seed_42
216,popular_1_exp_Experiment_1_seed_42
488,popular_1_exp_Experiment_1_seed_42
309,popular_1_exp_Experiment_1_seed_42
547,popular_1_exp_Experiment_1_seed_42
552,popular_1_exp_Experiment_1_seed_42
21,popular_1_exp_Experiment_1_seed_42
278,popular_1_exp_Experiment_1_seed_42
375,popular_1_exp_Experiment_1_seed_42
455,popular_1_exp_Experiment_1_seed_42
34,popular_1_exp_Experiment_1_seed_42
11,popular_1_exp_Experiment_1_seed_42
136,popular_1_exp_Experiment_1_seed_42
147,popular_1_exp_Experiment_1_seed_42
49,popular_1_exp_Experiment_1_seed_42
508,popular_1_exp_Experiment_1_seed_42
595,popular_1_exp_Experiment_1_seed_42
296,popular_1_exp_Experiment_1_seed_42
4,popular_1_exp_Experiment_1_seed_42
165,popular_1_exp_Experiment_1_seed_42
397,popular_1_exp_Experiment_1_seed_42
169,popular_1_exp_Experiment_1_seed_42
446,popular_1_exp_Experiment_1_seed_42
518,popular_1_exp_Experiment_1_seed_42
499,popular_1_exp_Experiment_1_seed_42
509,popular_1_exp_Experiment_1_seed_42
44,popular_1_exp_Experiment_1_seed_42
248,popular_1_exp_Experiment_1_seed_42
376,popular_1_exp_Experiment_1_seed_42
133,popular_1_exp_Experiment_1_seed_42
569,popular_1_exp_Experiment_1_seed_42
560,popular_1_exp_Experiment_1_seed_42
466,popular_1_exp_Experiment_1_seed_42
348,popular_1_exp_Experiment_1_seed_42
101,popular_1_exp_Experiment_1_seed_42
64,popular_1_exp_Experiment_1_seed_42
360,popular_1_exp_Experiment_1_seed_42
189,popular_1_exp_Experiment_1_seed_42
78,popular_1_exp_Experiment_1_seed_42
118,popular_1_exp_Experiment_1_seed_42
380,popular_1_exp_Experiment_1_seed_42
131,popular_1_exp_Experiment_1_seed_42
188,popular_1_exp_Experiment_1_seed_42
186,popular_1_exp_Experiment_1_seed_42
441,popular_1_exp_Experiment_1_seed_42
422,popular_1_exp_Experiment_1_seed_42
233,popular_1_exp_Experiment_1_seed_42
445,popular_1_exp_Experiment_1_seed_42
400,popular_1_exp_Experiment_1_seed_42
154,popular_1_exp_Experiment_1_seed_42
50,popular_1_exp_Experiment_1_seed_42
73,popular_1_exp_Experiment_1_seed_42
156,popular_1_exp_Experiment_1_seed_42
425,popular_1_exp_Experiment_1_seed_42
308,popular_1_exp_Experiment_1_seed_42
447,popular_1_exp_Experiment_1_seed_42
423,popular_1_exp_Experiment_1_seed_42
263,popular_1_exp_Experiment_1_seed_42
324,popular_1_exp_Experiment_1_seed_42
92,popular_1_exp_Experiment_1_seed_42
413,popular_1_exp_Experiment_1_seed_42
543,popular_1_exp_Experiment_1_seed_42
38,popular_1_exp_Experiment_1_seed_42
535,popular_1_exp_Experiment_1_seed_42
411,popular_1_exp_Experiment_1_seed_42
275,popular_1_exp_Experiment_1_seed_42
501,popular_1_exp_Experiment_1_seed_42
271,popular_1_exp_Experiment_1_seed_42
368,popular_1_exp_Experiment_1_seed_42
89,popular_1_exp_Experiment_1_seed_42
358,popular_1_exp_Experiment_1_seed_42
273,popular_1_exp_Experiment_1_seed_42
346,popular_1_exp_Experiment_1_seed_42
339,popular_1_exp_Experiment_1_seed_42
106,popular_1_exp_Experiment_1_seed_42
529,popular_1_exp_Experiment_1_seed_42
100,popular_1_exp_Experiment_1_seed_42
497,popular_1_exp_Experiment_1_seed_42
67,popular_1_exp_Experiment_1_seed_42
2,popular_1_exp_Experiment_1_seed_42
185,popular_1_exp_Experiment_1_seed_42
315,popular_1_exp_Experiment_1_seed_42
377,popular_1_exp_Experiment_1_seed_42
503,popular_1_exp_Experiment_1_seed_42
247,popular_1_exp_Experiment_1_seed_42
448,popular_1_exp_Experiment_1_seed_42
313,popular_1_exp_Experiment_1_seed_42
279,popular_1_exp_Experiment_1_seed_42
202,popular_1_exp_Experiment_1_seed_42
337,popular_1_exp_Experiment_1_seed_42
280,popular_1_exp_Experiment_1_seed_42
426,popular_1_exp_Experiment_1_seed_42
228,popular_1_exp_Experiment_1_seed_42
474,popular_1_exp_Experiment_1_seed_42
209,popular_1_exp_Experiment_1_seed_42
523,popular_1_exp_Experiment_1_seed_42
138,popular_1_exp_Experiment_1_seed_42
421,popular_1_exp_Experiment_1_seed_42
536,popular_1_exp_Experiment_1_seed_42
68,popular_1_exp_Experiment_1_seed_42
381,popular_1_exp_Experiment_1_seed_42
163,popular_1_exp_Experiment_1_seed_42
245,popular_1_exp_Experiment_1_seed_42
359,popular_1_exp_Experiment_1_seed_42
566,popular_1_exp_Experiment_1_seed_42
289,popular_1_exp_Experiment_1_seed_42
327,popular_1_exp_Experiment_1_seed_42
351,popular_1_exp_Experiment_1_seed_42
493,popular_1_exp_Experiment_1_seed_42
546,popular_1_exp_Experiment_1_seed_42
388,popular_1_exp_Experiment_1_seed_42
583,popular_1_exp_Experiment_1_seed_42
130,popular_1_exp_Experiment_1_seed_42
161,popular_1_exp_Experiment_1_seed_42
564,popular_1_exp_Experiment_1_seed_42
389,popular_1_exp_Experiment_1_seed_42
153,popular_1_exp_Experiment_1_seed_42
95,popular_1_exp_Experiment_1_seed_42
540,popular_1_exp_Experiment_1_seed_42
255,popular_1_exp_Experiment_1_seed_42
82,popular_1_exp_Experiment_1_seed_42
481,popular_1_exp_Experiment_1_seed_42
125,popular_1_exp_Experiment_1_seed_42
37,popular_1_exp_Experiment_1_seed_42
17,popular_1_exp_Experiment_1_seed_42
335,popular_1_exp_Experiment_1_seed_42
545,popular_1_exp_Experiment_1_seed_42
18,popular_1_exp_Experiment_1_seed_42
214,popular_1_exp_Experiment_1_seed_42
443,popular_1_exp_Experiment_1_seed_42
332,popular_1_exp_Experiment_1_seed_42
558,popular_1_exp_Experiment_1_seed_42
35,popular_1_exp_Experiment_1_seed_42
246,popular_1_exp_Experiment_1_seed_42
390,popular_1_exp_Experiment_1_seed_42
33,popular_1_exp_Experiment_1_seed_42
516,popular_1_exp_Experiment_1_seed_42
568,popular_1_exp_Experiment_1_seed_42
424,popular_1_exp_Experiment_1_seed_42
198,popular_1_exp_Experiment_1_seed_42
599,popular_1_exp_Experiment_1_seed_42
491,popular_1_exp_Experiment_1_seed_42
270,popular_1_exp_Experiment_1_seed_42
294,popular_1_exp_Experiment_1_seed_42
241,popular_1_exp_Experiment_1_seed_42
412,popular_1_exp_Experiment_1_seed_42
331,popular_1_exp_Experiment_1_seed_42
340,popular_1_exp_Experiment_1_seed_42
212,popular_1_exp_Experiment_1_seed_42
134,popular_1_exp_Experiment_1_seed_42
97,popular_1_exp_Experiment_1_seed_42
258,popular_1_exp_Experiment_1_seed_42
490,popular_1_exp_Experiment_1_seed_42
90,popular_1_exp_Experiment_1_seed_42
129,popular_1_exp_Experiment_1_seed_42
301,popular_1_exp_Experiment_1_seed_42
127,popular_1_exp_Experiment_1_seed_42
475,popular_1_exp_Experiment_1_seed_42
155,popular_1_exp_Experiment_1_seed_42
72,popular_1_exp_Experiment_1_seed_42
140,popular_1_exp_Experiment_1_seed_42
450,popular_1_exp_Experiment_1_seed_42
440,popular_1_exp_Experiment_1_seed_42
537,popular_1_exp_Experiment_1_seed_42
113,popular_1_exp_Experiment_1_seed_42
235,popular_1_exp_Experiment_1_seed_42
476,popular_1_exp_Experiment_1_seed_42
406,popular_1_exp_Experiment_1_seed_42
111,popular_1_exp_Experiment_1_seed_42
80,popular_1_exp_Experiment_1_seed_42
318,popular_1_exp_Experiment_1_seed_42
391,popular_1_exp_Experiment_1_seed_42
344,popular_1_exp_Experiment_1_seed_42
121,popular_1_exp_Experiment_1_seed_42
591,popular_1_exp_Experiment_1_seed_42
551,popular_1_exp_Experiment_1_seed_42
226,popular_1_exp_Experiment_1_seed_42
467,popular_1_exp_Experiment_1_seed_42
10,popular_1_exp_Experiment_1_seed_42
532,popular_1_exp_Experiment_1_seed_42
75,popular_1_exp_Experiment_1_seed_42
211,popular_1_exp_Experiment_1_seed_42
250,popular_1_exp_Experiment_1_seed_42
403,popular_1_exp_Experiment_1_seed_42
562,popular_1_exp_Experiment_1_seed_42
525,popular_1_exp_Experiment_1_seed_42
86,popular_1_exp_Experiment_1_seed_42
365,popular_1_exp_Experiment_1_seed_42
571,popular_1_exp_Experiment_1_seed_42
266,popular_1_exp_Experiment_1_seed_42
542,popular_1_exp_Experiment_1_seed_42
396,popular_1_exp_Experiment_1_seed_42
225,popular_1_exp_Experiment_1_seed_42
230,popular_1_exp_Experiment_1_seed_42
434,popular_1_exp_Experiment_1_seed_42
174,popular_1_exp_Experiment_1_seed_42
322,popular_1_exp_Experiment_1_seed_42
311,popular_1_exp_Experiment_1_seed_42
36,popular_1_exp_Experiment_1_seed_42
307,popular_1_exp_Experiment_1_seed_42
261,popular_1_exp_Experiment_1_seed_42
184,popular_1_exp_Experiment_1_seed_42
329,popular_1_exp_Experiment_1_seed_42
477,popular_1_exp_Experiment_1_seed_42
342,popular_1_exp_Experiment_1_seed_42
596,popular_1_exp_Experiment_1_seed_42
372,popular_1_exp_Experiment_1_seed_42
325,popular_1_exp_Experiment_1_seed_42
6,popular_1_exp_Experiment_1_seed_42
170,popular_1_exp_Experiment_1_seed_42
194,popular_1_exp_Experiment_1_seed_42
567,popular_1_exp_Experiment_1_seed_42
417,popular_1_exp_Experiment_1_seed_42
160,popular_1_exp_Experiment_1_seed_42
158,popular_1_exp_Experiment_1_seed_42
541,popular_1_exp_Experiment_1_seed_42
137,popular_1_exp_Experiment_1_seed_42
528,popular_1_exp_Experiment_1_seed_42
84,popular_1_exp_Experiment_1_seed_42
13,popular_1_exp_Experiment_1_seed_42
361,popular_1_exp_Experiment_1_seed_42
418,popular_1_exp_Experiment_1_seed_42
58,popular_1_exp_Experiment_1_seed_42
124,popular_1_exp_Experiment_1_seed_42
115,popular_1_exp_Experiment_1_seed_42
349,popular_1_exp_Experiment_1_seed_42
8,popular_1_exp_Experiment_1_seed_42
487,popular_1_exp_Experiment_1_seed_42
102,popular_1_exp_Experiment_1_seed_42
483,popular_1_exp_Experiment_1_seed_42
352,popular_1_exp_Experiment_1_seed_42
500,popular_1_exp_Experiment_1_seed_42
20,popular_1_exp_Experiment_1_seed_42
19,popular_1_exp_Experiment_1_seed_42
242,popular_1_exp_Experiment_1_seed_42
267,popular_1_exp_Experiment_1_seed_42
128,popular_1_exp_Experiment_1_seed_42
208,popular_1_exp_Experiment_1_seed_42
109,popular_1_exp_Experiment_1_seed_42
27,popular_1_exp_Experiment_1_seed_42
70,popular_1_exp_Experiment_1_seed_42
45,popular_1_exp_Experiment_1_seed_42
173,popular_1_exp_Experiment_1_seed_42
43,popular_1_exp_Experiment_1_seed_42
48,popular_1_exp_Experiment_1_seed_42
85,popular_1_exp_Experiment_1_seed_42
164,popular_1_exp_Experiment_1_seed_42
251,popular_1_exp_Experiment_1_seed_42
310,popular_1_exp_Experiment_1_seed_42
504,popular_1_exp_Experiment_1_seed_42
66,popular_1_exp_Experiment_1_seed_42
192,popular_1_exp_Experiment_1_seed_42
557,popular_1_exp_Experiment_1_seed_42
29,popular_1_exp_Experiment_1_seed_42
122,popular_1_exp_Experiment_1_seed_42
88,popular_1_exp_Experiment_1_seed_42
55,popular_1_exp_Experiment_1_seed_42
312,popular_1_exp_Experiment_1_seed_42
399,popular_1_exp_Experiment_1_seed_42
531,popular_1_exp_Experiment_1_seed_42
213,popular_1_exp_Experiment_1_seed_42
243,popular_1_exp_Experiment_1_seed_42
544,popular_1_exp_Experiment_1_seed_42
252,popular_1_exp_Experiment_1_seed_42
265,popular_1_exp_Experiment_1_seed_42
374,popular_1_exp_Experiment_1_seed_42
190,popular_1_exp_Experiment_1_seed_42
573,popular_1_exp_Experiment_1_seed_42
367,popular_1_exp_Experiment_1_seed_42
253,popular_1_exp_Experiment_1_seed_42
217,popular_1_exp_Experiment_1_seed_42
515,popular_1_exp_Experiment_1_seed_42
24,popular_1_exp_Experiment_1_seed_42
149,popular_1_exp_Experiment_1_seed_42
28,popular_1_exp_Experiment_1_seed_42
260,popular_1_exp_Experiment_1_seed_42
444,popular_1_exp_Experiment_1_seed_42
559,popular_1_exp_Experiment_1_seed_42
350,popular_1_exp_Experiment_1_seed_42
409,popular_1_exp_Experiment_1_seed_42
378,popular_1_exp_Experiment_1_seed_42
570,popular_1_exp_Experiment_1_seed_42
489,popular_1_exp_Experiment_1_seed_42
363,popular_1_exp_Experiment_1_seed_42
200,popular_1_exp_Experiment_1_seed_42
119,popular_1_exp_Experiment_1_seed_42
495,popular_1_exp_Experiment_1_seed_42
498,popular_1_exp_Experiment_1_seed_42
135,popular_1_exp_Experiment_1_seed_42
104,popular_1_exp_Experiment_1_seed_42
449,popular_1_exp_Experiment_1_seed_42
355,popular_1_exp_Experiment_1_seed_42
264,popular_1_exp_Experiment_1_seed_42
69,popular_1_exp_Experiment_1_seed_42
74,popular_1_exp_Experiment_1_seed_42
469,popular_1_exp_Experiment_1_seed_42
438,popular_1_exp_Experiment_1_seed_42
277,popular_1_exp_Experiment_1_seed_42
429,popular_1_exp_Experiment_1_seed_42
589,popular_1_exp_Experiment_1_seed_42
215,popular_1_exp_Experiment_1_seed_42
598,popular_1_exp_Experiment_1_seed_42
107,popular_1_exp_Experiment_1_seed_42
256,popular_1_exp_Experiment_1_seed_42
197,popular_1_exp_Experiment_1_seed_42
465,popular_1_exp_Experiment_1_seed_42
593,popular_1_exp_Experiment_1_seed_42
304,popular_1_exp_Experiment_1_seed_42
428,popular_1_exp_Experiment_1_seed_42
287,popular_1_exp_Experiment_1_seed_42
354,popular_1_exp_Experiment_1_seed_42
519,popular_1_exp_Experiment_1_seed_42
23,popular_1_exp_Experiment_1_seed_42
303,popular_1_exp_Experiment_1_seed_42
460,popular_1_exp_Experiment_1_seed_42
392,popular_1_exp_Experiment_1_seed_42
427,popular_1_exp_Experiment_1_seed_42
319,popular_1_exp_Experiment_1_seed_42
420,popular_1_exp_Experiment_1_seed_42
408,popular_1_exp_Experiment_1_seed_42
76,popular_1_exp_Experiment_1_seed_42
398,popular_1_exp_Experiment_1_seed_42
343,popular_1_exp_Experiment_1_seed_42
62,popular_1_exp_Experiment_1_seed_42
259,popular_1_exp_Experiment_1_seed_42
177,popular_1_exp_Experiment_1_seed_42
31,popular_1_exp_Experiment_1_seed_42
435,popular_1_exp_Experiment_1_seed_42
224,popular_1_exp_Experiment_1_seed_42
314,popular_1_exp_Experiment_1_seed_42
384,popular_1_exp_Experiment_1_seed_42
575,popular_1_exp_Experiment_1_seed_42
507,popular_1_exp_Experiment_1_seed_42
116,popular_1_exp_Experiment_1_seed_42
453,popular_1_exp_Experiment_1_seed_42
338,popular_1_exp_Experiment_1_seed_42
231,popular_1_exp_Experiment_1_seed_42
505,popular_1_exp_Experiment_1_seed_42
196,popular_1_exp_Experiment_1_seed_42
201,popular_1_exp_Experiment_1_seed_42
60,popular_1_exp_Experiment_1_seed_42
181,popular_1_exp_Experiment_1_seed_42
0,popular_1_exp_Experiment_1_seed_42
496,popular_1_exp_Experiment_1_seed_42
236,popular_1_exp_Experiment_1_seed_42
276,popular_1_exp_Experiment_1_seed_42
291,popular_1_exp_Experiment_1_seed_42
191,popular_1_exp_Experiment_1_seed_42
5,popular_1_exp_Experiment_1_seed_42
561,popular_1_exp_Experiment_1_seed_42
371,popular_1_exp_Experiment_1_seed_42
269,popular_1_exp_Experiment_1_seed_42
373,popular_1_exp_Experiment_1_seed_42
480,popular_1_exp_Experiment_1_seed_42
485,popular_1_exp_Experiment_1_seed_42
586,popular_1_exp_Experiment_1_seed_42
9,popular_1_exp_Experiment_1_seed_42
587,popular_1_exp_Experiment_1_seed_42
207,popular_1_exp_Experiment_1_seed_42
159,popular_1_exp_Experiment_1_seed_42
286,popular_1_exp_Experiment_1_seed_42
175,popular_1_exp_Experiment_1_seed_42
290,popular_1_exp_Experiment_1_seed_42
25,popular_1_exp_Experiment_1_seed_42
486,popular_1_exp_Experiment_1_seed_42
262,popular_1_exp_Experiment_1_seed_42
526,popular_1_exp_Experiment_1_seed_42
341,popular_1_exp_Experiment_1_seed_42
302,popular_1_exp_Experiment_1_seed_42
229,popular_1_exp_Experiment_1_seed_42
91,popular_1_exp_Experiment_1_seed_42
182,popular_1_exp_Experiment_1_seed_42
316,popular_1_exp_Experiment_1_seed_42
87,popular_1_exp_Experiment_1_seed_42
464,popular_1_exp_Experiment_1_seed_42
574,popular_1_exp_Experiment_1_seed_42
321,popular_1_exp_Experiment_1_seed_42
521,popular_1_exp_Experiment_1_seed_42
362,popular_1_exp_Experiment_1_seed_42
456,popular_1_exp_Experiment_1_seed_42
56,popular_1_exp_Experiment_1_seed_42
288,popular_1_exp_Experiment_1_seed_42
414,popular_1_exp_Experiment_1_seed_42
7,popular_1_exp_Experiment_1_seed_42
157,popular_1_exp_Experiment_1_seed_42
539,popular_1_exp_Experiment_1_seed_42
94,popular_1_exp_Experiment_1_seed_42
16,popular_1_exp_Experiment_1_seed_42
405,popular_1_exp_Experiment_1_seed_42
430,popular_1_exp_Experiment_1_seed_42
482,popular_1_exp_Experiment_1_seed_42
451,popular_1_exp_Experiment_1_seed_42
401,popular_1_exp_Experiment_1_seed_42
579,popular_1_exp_Experiment_1_seed_42
205,popular_1_exp_Experiment_1_seed_42
513,popular_1_exp_Experiment_1_seed_42
166,popular_1_exp_Experiment_1_seed_42
512,popular_1_exp_Experiment_1_seed_42
582,popular_1_exp_Experiment_1_seed_42
257,popular_1_exp_Experiment_1_seed_42
187,popular_1_exp_Experiment_1_seed_42
93,popular_1_exp_Experiment_1_seed_42
357,popular_1_exp_Experiment_1_seed_42
65,popular_1_exp_Experiment_1_seed_42
383,popular_1_exp_Experiment_1_seed_42
572,popular_1_exp_Experiment_1_seed_42
306,popular_1_exp_Experiment_1_seed_42
238,popular_1_exp_Experiment_1_seed_42
387,popular_1_exp_Experiment_1_seed_42
548,popular_1_exp_Experiment_1_seed_42
206,popular_1_exp_Experiment_1_seed_42
517,popular_1_exp_Experiment_1_seed_42
40,popular_1_exp_Experiment_1_seed_42
436,popular_1_exp_Experiment_1_seed_42
272,popular_1_exp_Experiment_1_seed_42
195,popular_1_exp_Experiment_1_seed_42
554,popular_1_exp_Experiment_1_seed_42
152,popular_1_exp_Experiment_1_seed_42
577,popular_1_exp_Experiment_1_seed_42
439,popular_1_exp_Experiment_1_seed_42
145,popular_1_exp_Experiment_1_seed_42
57,popular_1_exp_Experiment_1_seed_42
369,popular_1_exp_Experiment_1_seed_42
142,popular_1_exp_Experiment_1_seed_42
96,popular_1_exp_Experiment_1_seed_42
353,popular_1_exp_Experiment_1_seed_42
292,popular_1_exp_Experiment_1_seed_42
168,popular_1_exp_Experiment_1_seed_42
218,popular_1_exp_Experiment_1_seed_42
419,popular_1_exp_Experiment_1_seed_42
317,popular_1_exp_Experiment_1_seed_42
150,popular_1_exp_Experiment_1_seed_42
123,popular_1_exp_Experiment_1_seed_42
364,popular_1_exp_Experiment_1_seed_42
382,popular_1_exp_Experiment_1_seed_42
114,popular_1_exp_Experiment_1_seed_42
549,popular_1_exp_Experiment_1_seed_42
148,popular_1_exp_Experiment_1_seed_42
305,popular_1_exp_Experiment_1_seed_42
370,popular_1_exp_Experiment_1_seed_42
550,popular_1_exp_Experiment_1_seed_42
110,popular_1_exp_Experiment_1_seed_42
63,popular_1_exp_Experiment_1_seed_42
492,popular_1_exp_Experiment_1_seed_42
553,popular_1_exp_Experiment_1_seed_42
47,popular_1_exp_Experiment_1_seed_42
330,popular_1_exp_Experiment_1_seed_42
176,popular_1_exp_Experiment_1_seed_42
356,popular_1_exp_Experiment_1_seed_42
407,popular_1_exp_Experiment_1_seed_42
394,popular_1_exp_Experiment_1_seed_42
458,popular_1_exp_Experiment_1_seed_42
22,popular_1_exp_Experiment_1_seed_42
395,popular_1_exp_Experiment_1_seed_42
239,popular_1_exp_Experiment_1_seed_42
234,popular_1_exp_Experiment_1_seed_42
53,popular_1_exp_Experiment_1_seed_42
98,popular_1_exp_Experiment_1_seed_42
232,popular_1_exp_Experiment_1_seed_42
178,popular_1_exp_Experiment_1_seed_42
162,popular_1_exp_Experiment_1_seed_42
479,popular_1_exp_Experiment_1_seed_42
385,popular_1_exp_Experiment_1_seed_42
462,popular_1_exp_Experiment_1_seed_42
328,popular_1_exp_Experiment_1_seed_42
506,popular_1_exp_Experiment_1_seed_42
299,popular_1_exp_Experiment_1_seed_42
167,popular_1_exp_Experiment_1_seed_42
386,popular_1_exp_Experiment_1_seed_42
522,popular_1_exp_Experiment_1_seed_42
26,popular_1_exp_Experiment_1_seed_42
183,popular_1_exp_Experiment_1_seed_42
320,popular_1_exp_Experiment_1_seed_42
172,popular_1_exp_Experiment_1_seed_42
103,popular_1_exp_Experiment_1_seed_42
203,popular_1_exp_Experiment_1_seed_42
333,popular_1_exp_Experiment_1_seed_42
347,popular_1_exp_Experiment_1_seed_42
249,popular_1_exp_Experiment_1_seed_42
274,popular_1_exp_Experiment_1_seed_42
14,popular_1_exp_Experiment_1_seed_42
300,popular_1_exp_Experiment_1_seed_42
223,popular_1_exp_Experiment_1_seed_42
502,popular_1_exp_Experiment_1_seed_42
193,popular_1_exp_Experiment_1_seed_42
285,popular_1_exp_Experiment_1_seed_42
404,popular_1_exp_Experiment_1_seed_42
533,popular_1_exp_Experiment_1_seed_42
112,popular_1_exp_Experiment_1_seed_42
284,popular_1_exp_Experiment_1_seed_42
108,popular_1_exp_Experiment_1_seed_42
345,popular_1_exp_Experiment_1_seed_42
415,popular_1_exp_Experiment_1_seed_42
220,popular_1_exp_Experiment_1_seed_42
366,popular_1_exp_Experiment_1_seed_42
222,popular_1_exp_Experiment_1_seed_42
139,popular_1_exp_Experiment_1_seed_42
463,popular_1_exp_Experiment_1_seed_42
41,popular_1_exp_Experiment_1_seed_42
83,popular_1_exp_Experiment_1_seed_42
590,popular_1_exp_Experiment_1_seed_42
470,popular_1_exp_Experiment_1_seed_42
268,popular_1_exp_Experiment_1_seed_42
530,popular_1_exp_Experiment_1_seed_42
180,popular_1_exp_Experiment_1_seed_42
468,popular_1_exp_Experiment_1_seed_42
77,popular_1_exp_Experiment_1_seed_42
563,popular_1_exp_Experiment_1_seed_42
588,popular_1_exp_Experiment_1_seed_42
454,popular_1_exp_Experiment_1_seed_42
295,popular_1_exp_Experiment_1_seed_42
478,popular_1_exp_Experiment_1_seed_42
565,popular_1_exp_Experiment_1_seed_42
144,popular_1_exp_Experiment_1_seed_42
581,popular_1_exp_Experiment_1_seed_42
39,popular_1_exp_Experiment_1_seed_42
510,popular_1_exp_Experiment_1_seed_42
431,popular_1_exp_Experiment_1_seed_42
71,popular_1_exp_Experiment_1_seed_42
99,popular_1_exp_Experiment_1_seed_42
584,popular_1_exp_Experiment_1_seed_42
42,popular_1_exp_Experiment_1_seed_42
538,popular_1_exp_Experiment_1_seed_42
592,popular_1_exp_Experiment_1_seed_42
117,popular_1_exp_Experiment_1_seed_42
151,popular_1_exp_Experiment_1_seed_42
3,popular_1_exp_Experiment_1_seed_42
433,popular_1_exp_Experiment_1_seed_42
237,popular_1_exp_Experiment_1_seed_42
580,popular_1_exp_Experiment_1_seed_42
555,popular_1_exp_Experiment_1_seed_42
511,popular_1_exp_Experiment_1_seed_42
171,popular_1_exp_Experiment_1_seed_42
30,popular_1_exp_Experiment_1_seed_42
46,popular_1_exp_Experiment_1_seed_42
227,popular_1_exp_Experiment_1_seed_42
459,popular_1_exp_Experiment_1_seed_42
534,popular_1_exp_Experiment_1_seed_42
293,popular_1_exp_Experiment_1_seed_42
520,popular_1_exp_Experiment_1_seed_42
494,popular_1_exp_Experiment_1_seed_42
379,popular_1_exp_Experiment_1_seed_42
282,popular_1_exp_Experiment_1_seed_42
240,popular_1_exp_Experiment_1_seed_42
323,popular_1_exp_Experiment_1_seed_42
120,popular_1_exp_Experiment_1_seed_42
51,popular_1_exp_Experiment_1_seed_42
298,popular_1_exp_Experiment_1_seed_42
59,popular_1_exp_Experiment_1_seed_42
442,popular_1_exp_Experiment_1_seed_42
281,popular_1_exp_Experiment_1_seed_42
597,popular_1_exp_Experiment_1_seed_42
244,popular_1_exp_Experiment_1_seed_42
179,popular_1_exp_Experiment_1_seed_42
81,popular_1_exp_Experiment_1_seed_42
219,popular_1_exp_Experiment_1_seed_42
204,popular_1_exp_Experiment_1_seed_42
556,popular_1_exp_Experiment_1_seed_42
126,popular_1_exp_Experiment_1_seed_42
576,popular_1_exp_Experiment_1_seed_42
416,popular_1_exp_Experiment_1_seed_42
132,popular_1_exp_Experiment_1_seed_42
32,popular_1_exp_Experiment_1_seed_42
594,popular_1_exp_Experiment_1_seed_42
79,popular_1_exp_Experiment_1_seed_42
1,popular_1_exp_Experiment_1_seed_42
484,popular_1_exp_Experiment_1_seed_42
585,popular_1_exp_Experiment_1_seed_42
143,popular_1_exp_Experiment_1_seed_42
473,popular_1_exp_Experiment_1_seed_42
141,popular_1_exp_Experiment_1_seed_42
326,popular_1_exp_Experiment_1_seed_42
61,popular_1_exp_Experiment_1_seed_42
432,popular_1_exp_Experiment_1_seed_42
199,popular_1_exp_Experiment_1_seed_42
452,popular_1_exp_Experiment_1_seed_42
471,popular_1_exp_Experiment_1_seed_42
105,popular_1_exp_Experiment_1_seed_42
146,popular_1_exp_Experiment_1_seed_42
578,popular_1_exp_Experiment_1_seed_42
410,popular_1_exp_Experiment_1_seed_42
221,popular_1_exp_Experiment_1_seed_42
297,popular_1_exp_Experiment_1_seed_42
210,popular_1_exp_Experiment_1_seed_42
15,popular_1_exp_Experiment_1_seed_42
254,popular_1_exp_Experiment_1_seed_42
402,popular_1_exp_Experiment_1_seed_42
457,popular_1_exp_Experiment_1_seed_42
334,popular_1_exp_Experiment_1_seed_42
524,popular_1_exp_Experiment_1_seed_42
472,popular_1_exp_Experiment_1_seed_42
336,popular_1_exp_Experiment_1_seed_42
527,popular_1_exp_Experiment_1_seed_42
283,popular_1_exp_Experiment_1_seed_42
52,popular_1_exp_Experiment_1_seed_42
461,popular_1_exp_Experiment_1_seed_42
12,popular_1_exp_Experiment_1_seed_42
514,popular_1_exp_Experiment_1_seed_42
54,popular_1_exp_Experiment_1_seed_42
393,popular_1_exp_Experiment_1_seed_42
437,popular_1_exp_Experiment_1_seed_42
216,popular_1_exp_Experiment_1_seed_42
488,popular_1_exp_Experiment_1_seed_42
309,popular_1_exp_Experiment_1_seed_42
547,popular_1_exp_Experiment_1_seed_42
552,popular_1_exp_Experiment_1_seed_42
21,popular_1_exp_Experiment_1_seed_42
278,popular_1_exp_Experiment_1_seed_42
375,popular_1_exp_Experiment_1_seed_42
455,popular_1_exp_Experiment_1_seed_42
34,popular_1_exp_Experiment_1_seed_42
11,popular_1_exp_Experiment_1_seed_42
136,popular_1_exp_Experiment_1_seed_42
147,popular_1_exp_Experiment_1_seed_42
49,popular_1_exp_Experiment_1_seed_42
508,popular_1_exp_Experiment_1_seed_42
595,popular_1_exp_Experiment_1_seed_42
296,popular_1_exp_Experiment_1_seed_42
4,popular_1_exp_Experiment_1_seed_42
165,popular_1_exp_Experiment_1_seed_42
397,popular_1_exp_Experiment_1_seed_42
169,popular_1_exp_Experiment_1_seed_42
446,popular_1_exp_Experiment_1_seed_42
518,popular_1_exp_Experiment_1_seed_42
499,popular_1_exp_Experiment_1_seed_42
509,popular_1_exp_Experiment_1_seed_42
44,popular_1_exp_Experiment_1_seed_42
248,popular_1_exp_Experiment_1_seed_42
376,popular_1_exp_Experiment_1_seed_42
133,popular_1_exp_Experiment_1_seed_42
569,popular_1_exp_Experiment_1_seed_42
560,popular_1_exp_Experiment_1_seed_42
466,popular_1_exp_Experiment_1_seed_42
348,popular_1_exp_Experiment_1_seed_42
101,popular_1_exp_Experiment_1_seed_42
64,popular_1_exp_Experiment_1_seed_42
360,popular_1_exp_Experiment_1_seed_42
189,popular_1_exp_Experiment_1_seed_42
78,popular_1_exp_Experiment_1_seed_42
118,popular_1_exp_Experiment_1_seed_42
380,popular_1_exp_Experiment_1_seed_42
131,popular_1_exp_Experiment_1_seed_42
188,popular_1_exp_Experiment_1_seed_42
186,popular_1_exp_Experiment_1_seed_42
441,popular_1_exp_Experiment_1_seed_42
422,popular_1_exp_Experiment_1_seed_42
233,popular_1_exp_Experiment_1_seed_42
445,popular_1_exp_Experiment_1_seed_42
400,popular_1_exp_Experiment_1_seed_42
154,popular_1_exp_Experiment_1_seed_42
50,popular_1_exp_Experiment_1_seed_42
73,popular_1_exp_Experiment_1_seed_42
156,popular_1_exp_Experiment_1_seed_42
425,popular_1_exp_Experiment_1_seed_42
308,popular_1_exp_Experiment_1_seed_42
447,popular_1_exp_Experiment_1_seed_42
423,popular_1_exp_Experiment_1_seed_42
263,popular_1_exp_Experiment_1_seed_42
324,popular_1_exp_Experiment_1_seed_42
92,popular_1_exp_Experiment_1_seed_42
413,popular_1_exp_Experiment_1_seed_42
543,popular_1_exp_Experiment_1_seed_42
38,popular_1_exp_Experiment_1_seed_42
535,popular_1_exp_Experiment_1_seed_42
411,popular_1_exp_Experiment_1_seed_42
275,popular_1_exp_Experiment_1_seed_42
501,popular_1_exp_Experiment_1_seed_42
271,popular_1_exp_Experiment_1_seed_42
368,popular_1_exp_Experiment_1_seed_42
89,popular_1_exp_Experiment_1_seed_42
358,popular_1_exp_Experiment_1_seed_42
273,popular_1_exp_Experiment_1_seed_42
346,popular_1_exp_Experiment_1_seed_42
339,popular_1_exp_Experiment_1_seed_42
106,popular_1_exp_Experiment_1_seed_42
529,popular_1_exp_Experiment_1_seed_42
100,popular_1_exp_Experiment_1_seed_42
497,popular_1_exp_Experiment_1_seed_42
67,popular_1_exp_Experiment_1_seed_42
2,popular_1_exp_Experiment_1_seed_42
185,popular_1_exp_Experiment_1_seed_42
315,popular_1_exp_Experiment_1_seed_42
377,popular_1_exp_Experiment_1_seed_42
503,popular_1_exp_Experiment_1_seed_42
247,popular_1_exp_Experiment_1_seed_42
448,popular_1_exp_Experiment_1_seed_42
313,popular_1_exp_Experiment_1_seed_42
279,popular_1_exp_Experiment_1_seed_42
202,popular_1_exp_Experiment_1_seed_42
337,popular_1_exp_Experiment_1_seed_42
280,popular_1_exp_Experiment_1_seed_42
426,popular_1_exp_Experiment_1_seed_42
228,popular_1_exp_Experiment_1_seed_42
474,popular_1_exp_Experiment_1_seed_42
209,popular_1_exp_Experiment_1_seed_42
523,popular_1_exp_Experiment_1_seed_42
138,popular_1_exp_Experiment_1_seed_42
421,popular_1_exp_Experiment_1_seed_42
536,popular_1_exp_Experiment_1_seed_42
68,popular_1_exp_Experiment_1_seed_42
381,popular_1_exp_Experiment_1_seed_42
163,popular_1_exp_Experiment_1_seed_42
245,popular_1_exp_Experiment_1_seed_42
359,popular_1_exp_Experiment_1_seed_42
566,popular_1_exp_Experiment_1_seed_42
289,popular_1_exp_Experiment_1_seed_42
327,popular_1_exp_Experiment_1_seed_42
351,popular_1_exp_Experiment_1_seed_42
493,popular_1_exp_Experiment_1_seed_42
546,popular_1_exp_Experiment_1_seed_42
388,popular_1_exp_Experiment_1_seed_42
583,popular_1_exp_Experiment_1_seed_42
130,popular_1_exp_Experiment_1_seed_42
161,popular_1_exp_Experiment_1_seed_42
564,popular_1_exp_Experiment_1_seed_42
389,popular_1_exp_Experiment_1_seed_42
153,popular_1_exp_Experiment_1_seed_42
95,popular_1_exp_Experiment_1_seed_42
540,popular_1_exp_Experiment_1_seed_42
255,popular_1_exp_Experiment_1_seed_42
82,popular_1_exp_Experiment_1_seed_42
481,popular_1_exp_Experiment_1_seed_42
125,popular_1_exp_Experiment_1_seed_42
37,popular_1_exp_Experiment_1_seed_42
17,popular_1_exp_Experiment_1_seed_42
335,popular_1_exp_Experiment_1_seed_42
545,popular_1_exp_Experiment_1_seed_42
18,popular_1_exp_Experiment_1_seed_42
214,popular_1_exp_Experiment_1_seed_42
443,popular_1_exp_Experiment_1_seed_42
332,popular_1_exp_Experiment_1_seed_42
558,popular_1_exp_Experiment_1_seed_42
35,popular_1_exp_Experiment_1_seed_42
246,popular_1_exp_Experiment_1_seed_42
390,popular_1_exp_Experiment_1_seed_42
33,popular_1_exp_Experiment_1_seed_42
516,popular_1_exp_Experiment_1_seed_42
568,popular_1_exp_Experiment_1_seed_42
424,popular_1_exp_Experiment_1_seed_42
198,popular_1_exp_Experiment_1_seed_42
599,popular_1_exp_Experiment_1_seed_42
491,popular_1_exp_Experiment_1_seed_42
270,popular_1_exp_Experiment_1_seed_42
294,popular_1_exp_Experiment_1_seed_42
241,popular_1_exp_Experiment_1_seed_42
412,popular_1_exp_Experiment_1_seed_42
331,popular_1_exp_Experiment_1_seed_42
340,popular_1_exp_Experiment_1_seed_42
212,popular_1_exp_Experiment_1_seed_42
134,popular_1_exp_Experiment_1_seed_42
97,popular_1_exp_Experiment_1_seed_42
258,popular_1_exp_Experiment_1_seed_42
490,popular_1_exp_Experiment_1_seed_42
90,popular_1_exp_Experiment_1_seed_42
129,popular_1_exp_Experiment_1_seed_42
301,popular_1_exp_Experiment_1_seed_42
127,popular_1_exp_Experiment_1_seed_42
475,popular_1_exp_Experiment_1_seed_42
155,popular_1_exp_Experiment_1_seed_42
72,popular_1_exp_Experiment_1_seed_42
140,popular_1_exp_Experiment_1_seed_42
450,popular_1_exp_Experiment_1_seed_42
440,popular_1_exp_Experiment_1_seed_42
537,popular_1_exp_Experiment_1_seed_42
113,popular_1_exp_Experiment_1_seed_42
235,popular_1_exp_Experiment_1_seed_42
476,popular_1_exp_Experiment_1_seed_42
406,popular_1_exp_Experiment_1_seed_42
111,popular_1_exp_Experiment_1_seed_42
80,popular_1_exp_Experiment_1_seed_42
318,popular_1_exp_Experiment_1_seed_42
391,popular_1_exp_Experiment_1_seed_42
344,popular_1_exp_Experiment_1_seed_42
121,popular_1_exp_Experiment_1_seed_42
591,popular_1_exp_Experiment_1_seed_42
551,popular_1_exp_Experiment_1_seed_42
226,popular_1_exp_Experiment_1_seed_42
467,popular_1_exp_Experiment_1_seed_42
10,popular_1_exp_Experiment_1_seed_42
532,popular_1_exp_Experiment_1_seed_42
75,popular_1_exp_Experiment_1_seed_42
211,popular_1_exp_Experiment_1_seed_42
250,popular_1_exp_Experiment_1_seed_42
403,popular_1_exp_Experiment_1_seed_42
562,popular_1_exp_Experiment_1_seed_42
525,popular_1_exp_Experiment_1_seed_42
86,popular_1_exp_Experiment_1_seed_42
365,popular_1_exp_Experiment_1_seed_42
571,popular_1_exp_Experiment_1_seed_42
266,popular_1_exp_Experiment_1_seed_42
542,popular_1_exp_Experiment_1_seed_42
396,popular_1_exp_Experiment_1_seed_42
225,popular_1_exp_Experiment_1_seed_42
230,popular_1_exp_Experiment_1_seed_42
434,popular_1_exp_Experiment_1_seed_42
174,popular_1_exp_Experiment_1_seed_42
322,popular_1_exp_Experiment_1_seed_42
311,popular_1_exp_Experiment_1_seed_42
36,popular_1_exp_Experiment_1_seed_42
307,popular_1_exp_Experiment_1_seed_42
261,popular_1_exp_Experiment_1_seed_42
184,popular_1_exp_Experiment_1_seed_42
329,popular_1_exp_Experiment_1_seed_42
477,popular_1_exp_Experiment_1_seed_42
342,popular_1_exp_Experiment_1_seed_42
596,popular_1_exp_Experiment_1_seed_42
372,popular_1_exp_Experiment_1_seed_42
325,popular_1_exp_Experiment_1_seed_42
6,popular_1_exp_Experiment_1_seed_42
170,popular_1_exp_Experiment_1_seed_42
194,popular_1_exp_Experiment_1_seed_42
567,popular_1_exp_Experiment_1_seed_42
417,popular_1_exp_Experiment_1_seed_42
160,popular_1_exp_Experiment_1_seed_42
158,popular_1_exp_Experiment_1_seed_42
541,popular_1_exp_Experiment_1_seed_42
137,popular_1_exp_Experiment_1_seed_42
528,popular_1_exp_Experiment_1_seed_42
84,popular_1_exp_Experiment_1_seed_42
13,popular_1_exp_Experiment_1_seed_42
361,popular_1_exp_Experiment_1_seed_42
418,popular_1_exp_Experiment_1_seed_42
58,popular_1_exp_Experiment_1_seed_42
124,popular_1_exp_Experiment_1_seed_42
115,popular_1_exp_Experiment_1_seed_42
349,popular_1_exp_Experiment_1_seed_42
8,popular_1_exp_Experiment_1_seed_42
487,popular_1_exp_Experiment_1_seed_42
102,popular_1_exp_Experiment_1_seed_42
483,popular_1_exp_Experiment_1_seed_42
352,popular_1_exp_Experiment_1_seed_42
500,popular_1_exp_Experiment_1_seed_42
20,popular_1_exp_Experiment_1_seed_42
19,popular_1_exp_Experiment_1_seed_42
242,popular_1_exp_Experiment_1_seed_42
267,popular_1_exp_Experiment_1_seed_42
128,popular_1_exp_Experiment_1_seed_42
208,popular_1_exp_Experiment_1_seed_42
109,popular_1_exp_Experiment_1_seed_42
27,popular_1_exp_Experiment_1_seed_42
70,popular_1_exp_Experiment_1_seed_42
45,popular_1_exp_Experiment_1_seed_42
173,popular_1_exp_Experiment_1_seed_42
43,popular_1_exp_Experiment_1_seed_42
48,popular_1_exp_Experiment_1_seed_42
85,popular_1_exp_Experiment_1_seed_42
164,popular_1_exp_Experiment_1_seed_42
251,popular_1_exp_Experiment_1_seed_42
310,popular_1_exp_Experiment_1_seed_42
504,popular_1_exp_Experiment_1_seed_42
66,popular_1_exp_Experiment_1_seed_42
192,popular_1_exp_Experiment_1_seed_42
557,popular_1_exp_Experiment_1_seed_42
29,popular_1_exp_Experiment_1_seed_42
122,popular_1_exp_Experiment_1_seed_42
88,popular_1_exp_Experiment_1_seed_42
55,popular_1_exp_Experiment_1_seed_42
312,popular_1_exp_Experiment_1_seed_42
399,popular_1_exp_Experiment_1_seed_42
531,popular_1_exp_Experiment_1_seed_42
213,popular_1_exp_Experiment_1_seed_42
243,popular_1_exp_Experiment_1_seed_42
544,popular_1_exp_Experiment_1_seed_42
252,popular_1_exp_Experiment_1_seed_42
265,popular_1_exp_Experiment_1_seed_42
374,popular_1_exp_Experiment_1_seed_42
190,popular_1_exp_Experiment_1_seed_42
573,popular_1_exp_Experiment_1_seed_42
367,popular_1_exp_Experiment_1_seed_42
253,popular_1_exp_Experiment_1_seed_42
217,popular_1_exp_Experiment_1_seed_42
515,popular_1_exp_Experiment_1_seed_42
24,popular_1_exp_Experiment_1_seed_42
149,popular_1_exp_Experiment_1_seed_42
28,popular_1_exp_Experiment_1_seed_42
260,popular_1_exp_Experiment_1_seed_42
444,popular_1_exp_Experiment_1_seed_42
559,popular_1_exp_Experiment_1_seed_42
350,popular_1_exp_Experiment_1_seed_42
409,popular_1_exp_Experiment_1_seed_42
378,popular_1_exp_Experiment_1_seed_42
570,popular_1_exp_Experiment_1_seed_42
489,popular_1_exp_Experiment_1_seed_42
363,popular_1_exp_Experiment_1_seed_42
200,popular_1_exp_Experiment_1_seed_42
119,popular_1_exp_Experiment_1_seed_42
495,popular_1_exp_Experiment_1_seed_42
498,popular_1_exp_Experiment_1_seed_42
135,popular_1_exp_Experiment_1_seed_42
104,popular_1_exp_Experiment_1_seed_42
449,popular_1_exp_Experiment_1_seed_42
355,popular_1_exp_Experiment_1_seed_42
264,popular_1_exp_Experiment_1_seed_42
69,popular_1_exp_Experiment_1_seed_42
74,popular_1_exp_Experiment_1_seed_42
469,popular_1_exp_Experiment_1_seed_42
438,popular_1_exp_Experiment_1_seed_42
277,popular_1_exp_Experiment_1_seed_42
429,popular_1_exp_Experiment_1_seed_42
589,popular_1_exp_Experiment_1_seed_42
215,popular_1_exp_Experiment_1_seed_42
598,popular_1_exp_Experiment_1_seed_42
107,popular_1_exp_Experiment_1_seed_42
256,popular_1_exp_Experiment_1_seed_42
197,popular_1_exp_Experiment_1_seed_42
465,popular_1_exp_Experiment_1_seed_42
593,popular_1_exp_Experiment_1_seed_42
304,popular_1_exp_Experiment_1_seed_42
428,popular_1_exp_Experiment_1_seed_42
287,popular_1_exp_Experiment_1_seed_42
354,popular_1_exp_Experiment_1_seed_42
519,popular_1_exp_Experiment_1_seed_42
23,popular_1_exp_Experiment_1_seed_42
303,popular_1_exp_Experiment_1_seed_42
460,popular_1_exp_Experiment_1_seed_42
392,popular_1_exp_Experiment_1_seed_42
427,popular_1_exp_Experiment_1_seed_42
319,popular_1_exp_Experiment_1_seed_42
420,popular_1_exp_Experiment_1_seed_42
408,popular_1_exp_Experiment_1_seed_42
76,popular_1_exp_Experiment_1_seed_42
398,popular_1_exp_Experiment_1_seed_42
343,popular_1_exp_Experiment_1_seed_42
62,popular_1_exp_Experiment_1_seed_42
259,popular_1_exp_Experiment_1_seed_42
177,popular_1_exp_Experiment_1_seed_42
31,popular_1_exp_Experiment_1_seed_42
435,popular_1_exp_Experiment_1_seed_42
224,popular_1_exp_Experiment_1_seed_42
314,popular_1_exp_Experiment_1_seed_42
384,popular_1_exp_Experiment_1_seed_42
575,popular_1_exp_Experiment_1_seed_42
507,popular_1_exp_Experiment_1_seed_42
116,popular_1_exp_Experiment_1_seed_42
453,popular_1_exp_Experiment_1_seed_42
338,popular_1_exp_Experiment_1_seed_42
231,popular_1_exp_Experiment_1_seed_42
505,popular_1_exp_Experiment_1_seed_42
196,popular_1_exp_Experiment_1_seed_42
201,popular_1_exp_Experiment_1_seed_42
60,popular_1_exp_Experiment_1_seed_42
181,popular_1_exp_Experiment_1_seed_42
0,popular_1_exp_Experiment_1_seed_42
496,popular_1_exp_Experiment_1_seed_42
236,popular_1_exp_Experiment_1_seed_42
276,popular_1_exp_Experiment_1_seed_42
291,popular_1_exp_Experiment_1_seed_42
191,popular_1_exp_Experiment_1_seed_42
5,popular_1_exp_Experiment_1_seed_42
561,popular_1_exp_Experiment_1_seed_42
371,popular_1_exp_Experiment_1_seed_42
269,popular_1_exp_Experiment_1_seed_42
373,popular_1_exp_Experiment_1_seed_42
480,popular_1_exp_Experiment_1_seed_42
485,popular_1_exp_Experiment_1_seed_42
586,popular_1_exp_Experiment_1_seed_42
9,popular_1_exp_Experiment_1_seed_42
587,popular_1_exp_Experiment_1_seed_42
207,popular_1_exp_Experiment_1_seed_42
159,popular_1_exp_Experiment_1_seed_42
286,popular_1_exp_Experiment_1_seed_42
175,popular_1_exp_Experiment_1_seed_42
290,popular_1_exp_Experiment_1_seed_42
25,popular_1_exp_Experiment_1_seed_42
486,popular_1_exp_Experiment_1_seed_42
262,popular_1_exp_Experiment_1_seed_42
526,popular_1_exp_Experiment_1_seed_42
341,popular_1_exp_Experiment_1_seed_42
302,popular_1_exp_Experiment_1_seed_42
229,popular_1_exp_Experiment_1_seed_42
91,popular_1_exp_Experiment_1_seed_42
182,popular_1_exp_Experiment_1_seed_42
316,popular_1_exp_Experiment_1_seed_42
87,popular_1_exp_Experiment_1_seed_42
464,popular_1_exp_Experiment_1_seed_42
574,popular_1_exp_Experiment_1_seed_42
321,popular_1_exp_Experiment_1_seed_42
521,popular_1_exp_Experiment_1_seed_42
362,popular_1_exp_Experiment_1_seed_42
456,popular_1_exp_Experiment_1_seed_42
56,popular_1_exp_Experiment_1_seed_42
288,popular_1_exp_Experiment_1_seed_42
414,popular_1_exp_Experiment_1_seed_42
7,popular_1_exp_Experiment_1_seed_42
157,popular_1_exp_Experiment_1_seed_42
539,popular_1_exp_Experiment_1_seed_42
94,popular_1_exp_Experiment_1_seed_42
16,popular_1_exp_Experiment_1_seed_42
405,popular_1_exp_Experiment_1_seed_42
430,popular_1_exp_Experiment_1_seed_42
482,popular_1_exp_Experiment_1_seed_42
451,popular_1_exp_Experiment_1_seed_42
401,popular_1_exp_Experiment_1_seed_42
579,popular_1_exp_Experiment_1_seed_42
205,popular_1_exp_Experiment_1_seed_42
513,popular_1_exp_Experiment_1_seed_42
166,popular_1_exp_Experiment_1_seed_42
512,popular_1_exp_Experiment_1_seed_42
582,popular_1_exp_Experiment_1_seed_42
257,popular_1_exp_Experiment_1_seed_42
187,popular_1_exp_Experiment_1_seed_42
93,popular_1_exp_Experiment_1_seed_42
357,popular_1_exp_Experiment_1_seed_42
65,popular_1_exp_Experiment_1_seed_42
383,popular_1_exp_Experiment_1_seed_42
572,popular_1_exp_Experiment_1_seed_42
306,popular_1_exp_Experiment_1_seed_42
238,popular_1_exp_Experiment_1_seed_42
387,popular_1_exp_Experiment_1_seed_42
548,popular_1_exp_Experiment_1_seed_42
206,popular_1_exp_Experiment_1_seed_42
517,popular_1_exp_Experiment_1_seed_42
40,popular_1_exp_Experiment_1_seed_42
436,popular_1_exp_Experiment_1_seed_42
272,popular_1_exp_Experiment_1_seed_42
195,popular_1_exp_Experiment_1_seed_42
554,popular_1_exp_Experiment_1_seed_42
152,popular_1_exp_Experiment_1_seed_42
577,popular_1_exp_Experiment_1_seed_42
439,popular_1_exp_Experiment_1_seed_42
145,popular_1_exp_Experiment_1_seed_42
57,popular_1_exp_Experiment_1_seed_42
369,popular_1_exp_Experiment_1_seed_42
142,popular_1_exp_Experiment_1_seed_42
96,popular_1_exp_Experiment_1_seed_42
353,popular_1_exp_Experiment_1_seed_42
292,popular_1_exp_Experiment_1_seed_42
168,popular_1_exp_Experiment_1_seed_42
218,popular_1_exp_Experiment_1_seed_42
419,popular_1_exp_Experiment_1_seed_42
317,popular_1_exp_Experiment_1_seed_42
150,popular_1_exp_Experiment_1_seed_42
123,popular_1_exp_Experiment_1_seed_42
364,popular_1_exp_Experiment_1_seed_42
382,popular_1_exp_Experiment_1_seed_42
114,popular_1_exp_Experiment_1_seed_42
549,popular_1_exp_Experiment_1_seed_42
148,popular_1_exp_Experiment_1_seed_42
305,popular_1_exp_Experiment_1_seed_42
370,popular_1_exp_Experiment_1_seed_42
550,popular_1_exp_Experiment_1_seed_42
110,popular_1_exp_Experiment_1_seed_42
63,popular_1_exp_Experiment_1_seed_42
492,popular_1_exp_Experiment_1_seed_42
553,popular_1_exp_Experiment_1_seed_42
47,popular_1_exp_Experiment_1_seed_42
330,popular_1_exp_Experiment_1_seed_42
176,popular_1_exp_Experiment_1_seed_42
356,popular_1_exp_Experiment_1_seed_42
407,popular_1_exp_Experiment_1_seed_42
394,popular_1_exp_Experiment_1_seed_42
458,popular_1_exp_Experiment_1_seed_42
22,popular_1_exp_Experiment_1_seed_42
395,popular_1_exp_Experiment_1_seed_42
239,popular_1_exp_Experiment_1_seed_42
234,popular_1_exp_Experiment_1_seed_42
53,popular_1_exp_Experiment_1_seed_42
98,popular_1_exp_Experiment_1_seed_42
232,popular_1_exp_Experiment_1_seed_42
178,popular_1_exp_Experiment_1_seed_42
162,popular_1_exp_Experiment_1_seed_42
479,popular_1_exp_Experiment_1_seed_42
385,popular_1_exp_Experiment_1_seed_42
462,popular_1_exp_Experiment_1_seed_42
328,popular_1_exp_Experiment_1_seed_42
506,popular_1_exp_Experiment_1_seed_42
299,popular_1_exp_Experiment_1_seed_42
167,popular_1_exp_Experiment_1_seed_42
386,popular_1_exp_Experiment_1_seed_42
522,popular_1_exp_Experiment_1_seed_42
26,popular_1_exp_Experiment_1_seed_42
183,popular_1_exp_Experiment_1_seed_42
320,popular_1_exp_Experiment_1_seed_42
172,popular_1_exp_Experiment_1_seed_42
103,popular_1_exp_Experiment_1_seed_42
203,popular_1_exp_Experiment_1_seed_42
333,popular_1_exp_Experiment_1_seed_42
347,popular_1_exp_Experiment_1_seed_42
249,popular_1_exp_Experiment_1_seed_42
274,popular_1_exp_Experiment_1_seed_42
14,popular_1_exp_Experiment_1_seed_42
300,popular_1_exp_Experiment_1_seed_42
223,popular_1_exp_Experiment_1_seed_42
502,popular_1_exp_Experiment_1_seed_42
193,popular_1_exp_Experiment_1_seed_42
285,popular_1_exp_Experiment_1_seed_42
404,popular_1_exp_Experiment_1_seed_42
533,popular_1_exp_Experiment_1_seed_42
112,popular_1_exp_Experiment_1_seed_42
284,popular_1_exp_Experiment_1_seed_42
108,popular_1_exp_Experiment_1_seed_42
345,popular_1_exp_Experiment_1_seed_42
415,popular_1_exp_Experiment_1_seed_42
220,popular_1_exp_Experiment_1_seed_42
366,popular_1_exp_Experiment_1_seed_42
222,popular_1_exp_Experiment_1_seed_42
139,popular_1_exp_Experiment_1_seed_42
463,popular_1_exp_Experiment_1_seed_42
41,popular_1_exp_Experiment_1_seed_42
83,popular_1_exp_Experiment_1_seed_42
590,popular_1_exp_Experiment_1_seed_42
470,popular_1_exp_Experiment_1_seed_42
268,popular_1_exp_Experiment_1_seed_42
530,popular_1_exp_Experiment_1_seed_42
180,popular_1_exp_Experiment_1_seed_42
468,popular_1_exp_Experiment_1_seed_42
77,popular_1_exp_Experiment_1_seed_42
563,popular_1_exp_Experiment_1_seed_42
588,popular_1_exp_Experiment_1_seed_42
454,popular_1_exp_Experiment_1_seed_42
295,popular_1_exp_Experiment_1_seed_42
478,popular_1_exp_Experiment_1_seed_42
565,popular_1_exp_Experiment_1_seed_42
144,popular_1_exp_Experiment_1_seed_42
581,popular_1_exp_Experiment_1_seed_42
39,popular_1_exp_Experiment_1_seed_42
510,popular_1_exp_Experiment_1_seed_42
431,popular_1_exp_Experiment_1_seed_42
71,popular_1_exp_Experiment_1_seed_42
99,popular_1_exp_Experiment_1_seed_42
584,popular_1_exp_Experiment_1_seed_42
42,popular_1_exp_Experiment_1_seed_42
538,popular_1_exp_Experiment_1_seed_42
592,popular_1_exp_Experiment_1_seed_42
117,popular_1_exp_Experiment_1_seed_42
151,popular_1_exp_Experiment_1_seed_42
3,popular_1_exp_Experiment_1_seed_42
433,popular_1_exp_Experiment_1_seed_42
237,popular_1_exp_Experiment_1_seed_42
580,popular_1_exp_Experiment_1_seed_42
555,popular_1_exp_Experiment_1_seed_42
511,popular_1_exp_Experiment_1_seed_42
171,popular_1_exp_Experiment_1_seed_42
30,popular_1_exp_Experiment_1_seed_42
46,popular_1_exp_Experiment_1_seed_42
227,popular_1_exp_Experiment_1_seed_42
459,popular_1_exp_Experiment_1_seed_42
534,popular_1_exp_Experiment_1_seed_42
293,popular_1_exp_Experiment_1_seed_42
520,popular_1_exp_Experiment_1_seed_42
494,popular_1_exp_Experiment_1_seed_42
379,popular_1_exp_Experiment_1_seed_42
282,popular_1_exp_Experiment_1_seed_42
240,popular_1_exp_Experiment_1_seed_42
323,popular_1_exp_Experiment_1_seed_42
120,popular_1_exp_Experiment_1_seed_42
51,popular_1_exp_Experiment_1_seed_42
298,popular_1_exp_Experiment_1_seed_42
59,popular_1_exp_Experiment_1_seed_42
442,popular_1_exp_Experiment_1_seed_42
281,popular_1_exp_Experiment_1_seed_42
597,popular_1_exp_Experiment_1_seed_42
244,popular_1_exp_Experiment_1_seed_42
179,popular_1_exp_Experiment_1_seed_42
81,popular_1_exp_Experiment_1_seed_42
219,popular_1_exp_Experiment_1_seed_42
204,popular_1_exp_Experiment_1_seed_42
556,popular_1_exp_Experiment_1_seed_42
126,popular_1_exp_Experiment_1_seed_42
576,popular_1_exp_Experiment_1_seed_42
416,popular_1_exp_Experiment_1_seed_42
132,popular_1_exp_Experiment_1_seed_42
32,popular_1_exp_Experiment_1_seed_42
594,popular_1_exp_Experiment_1_seed_42
79,popular_1_exp_Experiment_1_seed_42
1,popular_1_exp_Experiment_1_seed_42
484,popular_1_exp_Experiment_1_seed_42
585,popular_1_exp_Experiment_1_seed_42
143,popular_1_exp_Experiment_1_seed_42
473,popular_1_exp_Experiment_1_seed_42
141,popular_1_exp_Experiment_1_seed_42
326,popular_1_exp_Experiment_1_seed_42
61,popular_1_exp_Experiment_1_seed_42
432,popular_1_exp_Experiment_1_seed_42
199,popular_1_exp_Experiment_1_seed_42
452,popular_1_exp_Experiment_1_seed_42
471,popular_1_exp_Experiment_1_seed_42
105,popular_1_exp_Experiment_1_seed_42
146,popular_1_exp_Experiment_1_seed_42
578,popular_1_exp_Experiment_1_seed_42
410,popular_1_exp_Experiment_1_seed_42
221,popular_1_exp_Experiment_1_seed_42
297,popular_1_exp_Experiment_1_seed_42
210,popular_1_exp_Experiment_1_seed_42
15,popular_1_exp_Experiment_1_seed_42
254,popular_1_exp_Experiment_1_seed_42
402,popular_1_exp_Experiment_1_seed_42
457,popular_1_exp_Experiment_1_seed_42
334,popular_1_exp_Experiment_1_seed_42
524,popular_1_exp_Experiment_1_seed_42
472,popular_1_exp_Experiment_1_seed_42
336,popular_1_exp_Experiment_1_seed_42
527,popular_1_exp_Experiment_1_seed_42
283,popular_1_exp_Experiment_1_seed_42
52,popular_1_exp_Experiment_1_seed_42
461,popular_1_exp_Experiment_1_seed_42
12,popular_1_exp_Experiment_1_seed_42
514,popular_1_exp_Experiment_1_seed_42
54,popular_1_exp_Experiment_1_seed_42
393,popular_1_exp_Experiment_1_seed_42
437,popular_1_exp_Experiment_1_seed_42
216,popular_1_exp_Experiment_1_seed_42
488,popular_1_exp_Experiment_1_seed_42
309,popular_1_exp_Experiment_1_seed_42
547,popular_1_exp_Experiment_1_seed_42
552,popular_1_exp_Experiment_1_seed_42
21,popular_1_exp_Experiment_1_seed_42
278,popular_1_exp_Experiment_1_seed_42
375,popular_1_exp_Experiment_1_seed_42
455,popular_1_exp_Experiment_1_seed_42
34,popular_1_exp_Experiment_1_seed_42
11,popular_1_exp_Experiment_1_seed_42
136,popular_1_exp_Experiment_1_seed_42
147,popular_1_exp_Experiment_1_seed_42
49,popular_1_exp_Experiment_1_seed_42
508,popular_1_exp_Experiment_1_seed_42
595,popular_1_exp_Experiment_1_seed_42
296,popular_1_exp_Experiment_1_seed_42
4,popular_1_exp_Experiment_1_seed_42
165,popular_1_exp_Experiment_1_seed_42
397,popular_1_exp_Experiment_1_seed_42
169,popular_1_exp_Experiment_1_seed_42
446,popular_1_exp_Experiment_1_seed_42
518,popular_1_exp_Experiment_1_seed_42
499,popular_1_exp_Experiment_1_seed_42
509,popular_1_exp_Experiment_1_seed_42
44,popular_1_exp_Experiment_1_seed_42
248,popular_1_exp_Experiment_1_seed_42
376,popular_1_exp_Experiment_1_seed_42
133,popular_1_exp_Experiment_1_seed_42
569,popular_1_exp_Experiment_1_seed_42
560,popular_1_exp_Experiment_1_seed_42
466,popular_1_exp_Experiment_1_seed_42
348,popular_1_exp_Experiment_1_seed_42
101,popular_1_exp_Experiment_1_seed_42
64,popular_1_exp_Experiment_1_seed_42
360,popular_1_exp_Experiment_1_seed_42
189,popular_1_exp_Experiment_1_seed_42
78,popular_1_exp_Experiment_1_seed_42
118,popular_1_exp_Experiment_1_seed_42
380,popular_1_exp_Experiment_1_seed_42
131,popular_1_exp_Experiment_1_seed_42
188,popular_1_exp_Experiment_1_seed_42
186,popular_1_exp_Experiment_1_seed_42
441,popular_1_exp_Experiment_1_seed_42
422,popular_1_exp_Experiment_1_seed_42
233,popular_1_exp_Experiment_1_seed_42
445,popular_1_exp_Experiment_1_seed_42
400,popular_1_exp_Experiment_1_seed_42
154,popular_1_exp_Experiment_1_seed_42
50,popular_1_exp_Experiment_1_seed_42
73,popular_1_exp_Experiment_1_seed_42
156,popular_1_exp_Experiment_1_seed_42
425,popular_1_exp_Experiment_1_seed_42
308,popular_1_exp_Experiment_1_seed_42
447,popular_1_exp_Experiment_1_seed_42
423,popular_1_exp_Experiment_1_seed_42
263,popular_1_exp_Experiment_1_seed_42
324,popular_1_exp_Experiment_1_seed_42
92,popular_1_exp_Experiment_1_seed_42
413,popular_1_exp_Experiment_1_seed_42
543,popular_1_exp_Experiment_1_seed_42
38,popular_1_exp_Experiment_1_seed_42
535,popular_1_exp_Experiment_1_seed_42
411,popular_1_exp_Experiment_1_seed_42
275,popular_1_exp_Experiment_1_seed_42
501,popular_1_exp_Experiment_1_seed_42
271,popular_1_exp_Experiment_1_seed_42
368,popular_1_exp_Experiment_1_seed_42
89,popular_1_exp_Experiment_1_seed_42
358,popular_1_exp_Experiment_1_seed_42
273,popular_1_exp_Experiment_1_seed_42
346,popular_1_exp_Experiment_1_seed_42
339,popular_1_exp_Experiment_1_seed_42
106,popular_1_exp_Experiment_1_seed_42
529,popular_1_exp_Experiment_1_seed_42
100,popular_1_exp_Experiment_1_seed_42
497,popular_1_exp_Experiment_1_seed_42
67,popular_1_exp_Experiment_1_seed_42
2,popular_1_exp_Experiment_1_seed_42
185,popular_1_exp_Experiment_1_seed_42
315,popular_1_exp_Experiment_1_seed_42
377,popular_1_exp_Experiment_1_seed_42
503,popular_1_exp_Experiment_1_seed_42
247,popular_1_exp_Experiment_1_seed_42
448,popular_1_exp_Experiment_1_seed_42
313,popular_1_exp_Experiment_1_seed_42
279,popular_1_exp_Experiment_1_seed_42
202,popular_1_exp_Experiment_1_seed_42
337,popular_1_exp_Experiment_1_seed_42
280,popular_1_exp_Experiment_1_seed_42
426,popular_1_exp_Experiment_1_seed_42
228,popular_1_exp_Experiment_1_seed_42
474,popular_1_exp_Experiment_1_seed_42
209,popular_1_exp_Experiment_1_seed_42
523,popular_1_exp_Experiment_1_seed_42
138,popular_1_exp_Experiment_1_seed_42
421,popular_1_exp_Experiment_1_seed_42
536,popular_1_exp_Experiment_1_seed_42
68,popular_1_exp_Experiment_1_seed_42
381,popular_1_exp_Experiment_1_seed_42
163,popular_1_exp_Experiment_1_seed_42
245,popular_1_exp_Experiment_1_seed_42
359,popular_1_exp_Experiment_1_seed_42
566,popular_1_exp_Experiment_1_seed_42
289,popular_1_exp_Experiment_1_seed_42
327,popular_1_exp_Experiment_1_seed_42
351,popular_1_exp_Experiment_1_seed_42
493,popular_1_exp_Experiment_1_seed_42
546,popular_1_exp_Experiment_1_seed_42
388,popular_1_exp_Experiment_1_seed_42
583,popular_1_exp_Experiment_1_seed_42
130,popular_1_exp_Experiment_1_seed_42
161,popular_1_exp_Experiment_1_seed_42
564,popular_1_exp_Experiment_1_seed_42
389,popular_1_exp_Experiment_1_seed_42
153,popular_1_exp_Experiment_1_seed_42
95,popular_1_exp_Experiment_1_seed_42
540,popular_1_exp_Experiment_1_seed_42
255,popular_1_exp_Experiment_1_seed_42
82,popular_1_exp_Experiment_1_seed_42
481,popular_1_exp_Experiment_1_seed_42
125,popular_1_exp_Experiment_1_seed_42
37,popular_1_exp_Experiment_1_seed_42
17,popular_1_exp_Experiment_1_seed_42
335,popular_1_exp_Experiment_1_seed_42
545,popular_1_exp_Experiment_1_seed_42
18,popular_1_exp_Experiment_1_seed_42
214,popular_1_exp_Experiment_1_seed_42
443,popular_1_exp_Experiment_1_seed_42
332,popular_1_exp_Experiment_1_seed_42
558,popular_1_exp_Experiment_1_seed_42
35,popular_1_exp_Experiment_1_seed_42
246,popular_1_exp_Experiment_1_seed_42
390,popular_1_exp_Experiment_1_seed_42
33,popular_1_exp_Experiment_1_seed_42
516,popular_1_exp_Experiment_1_seed_42
568,popular_1_exp_Experiment_1_seed_42
424,popular_1_exp_Experiment_1_seed_42
198,popular_1_exp_Experiment_1_seed_42
599,popular_1_exp_Experiment_1_seed_42
491,popular_1_exp_Experiment_1_seed_42
270,popular_1_exp_Experiment_1_seed_42
294,popular_1_exp_Experiment_1_seed_42
241,popular_1_exp_Experiment_1_seed_42
412,popular_1_exp_Experiment_1_seed_42
331,popular_1_exp_Experiment_1_seed_42
340,popular_1_exp_Experiment_1_seed_42
212,popular_1_exp_Experiment_1_seed_42
134,popular_1_exp_Experiment_1_seed_42
97,popular_1_exp_Experiment_1_seed_42
258,popular_1_exp_Experiment_1_seed_42
490,popular_1_exp_Experiment_1_seed_42
90,popular_1_exp_Experiment_1_seed_42
129,popular_1_exp_Experiment_1_seed_42
301,popular_1_exp_Experiment_1_seed_42
127,popular_1_exp_Experiment_1_seed_42
475,popular_1_exp_Experiment_1_seed_42
155,popular_1_exp_Experiment_1_seed_42
72,popular_1_exp_Experiment_1_seed_42
140,popular_1_exp_Experiment_1_seed_42
450,popular_1_exp_Experiment_1_seed_42
440,popular_1_exp_Experiment_1_seed_42
537,popular_1_exp_Experiment_1_seed_42
113,popular_1_exp_Experiment_1_seed_42
235,popular_1_exp_Experiment_1_seed_42
476,popular_1_exp_Experiment_1_seed_42
406,popular_1_exp_Experiment_1_seed_42
111,popular_1_exp_Experiment_1_seed_42
80,popular_1_exp_Experiment_1_seed_42
318,popular_1_exp_Experiment_1_seed_42
391,popular_1_exp_Experiment_1_seed_42
344,popular_1_exp_Experiment_1_seed_42
121,popular_1_exp_Experiment_1_seed_42
591,popular_1_exp_Experiment_1_seed_42
551,popular_1_exp_Experiment_1_seed_42
226,popular_1_exp_Experiment_1_seed_42
467,popular_1_exp_Experiment_1_seed_42
10,popular_1_exp_Experiment_1_seed_42
532,popular_1_exp_Experiment_1_seed_42
75,popular_1_exp_Experiment_1_seed_42
211,popular_1_exp_Experiment_1_seed_42
250,popular_1_exp_Experiment_1_seed_42
403,popular_1_exp_Experiment_1_seed_42
562,popular_1_exp_Experiment_1_seed_42
525,popular_1_exp_Experiment_1_seed_42
86,popular_1_exp_Experiment_1_seed_42
365,popular_1_exp_Experiment_1_seed_42
571,popular_1_exp_Experiment_1_seed_42
266,popular_1_exp_Experiment_1_seed_42
542,popular_1_exp_Experiment_1_seed_42
396,popular_1_exp_Experiment_1_seed_42
225,popular_1_exp_Experiment_1_seed_42
230,popular_1_exp_Experiment_1_seed_42
434,popular_1_exp_Experiment_1_seed_42
174,popular_1_exp_Experiment_1_seed_42
322,popular_1_exp_Experiment_1_seed_42
311,popular_1_exp_Experiment_1_seed_42
36,popular_1_exp_Experiment_1_seed_42
307,popular_1_exp_Experiment_1_seed_42
261,popular_1_exp_Experiment_1_seed_42
184,popular_1_exp_Experiment_1_seed_42
329,popular_1_exp_Experiment_1_seed_42
477,popular_1_exp_Experiment_1_seed_42
342,popular_1_exp_Experiment_1_seed_42
596,popular_1_exp_Experiment_1_seed_42
372,popular_1_exp_Experiment_1_seed_42
325,popular_1_exp_Experiment_1_seed_42
6,popular_1_exp_Experiment_1_seed_42
170,popular_1_exp_Experiment_1_seed_42
194,popular_1_exp_Experiment_1_seed_42
567,popular_1_exp_Experiment_1_seed_42
417,popular_1_exp_Experiment_1_seed_42
160,popular_1_exp_Experiment_1_seed_42
158,popular_1_exp_Experiment_1_seed_42
541,popular_1_exp_Experiment_1_seed_42
137,popular_1_exp_Experiment_1_seed_42
528,popular_1_exp_Experiment_1_seed_42
84,popular_1_exp_Experiment_1_seed_42
13,popular_1_exp_Experiment_1_seed_42
361,popular_1_exp_Experiment_1_seed_42
418,popular_1_exp_Experiment_1_seed_42
58,popular_1_exp_Experiment_1_seed_42
124,popular_1_exp_Experiment_1_seed_42
115,popular_1_exp_Experiment_1_seed_42
349,popular_1_exp_Experiment_1_seed_42
8,popular_1_exp_Experiment_1_seed_42
487,popular_1_exp_Experiment_1_seed_42
102,popular_1_exp_Experiment_1_seed_42
483,popular_1_exp_Experiment_1_seed_42
352,popular_1_exp_Experiment_1_seed_42
500,popular_1_exp_Experiment_1_seed_42
20,popular_1_exp_Experiment_1_seed_42
19,popular_1_exp_Experiment_1_seed_42
242,popular_1_exp_Experiment_1_seed_42
267,popular_1_exp_Experiment_1_seed_42
128,popular_1_exp_Experiment_1_seed_42
208,popular_1_exp_Experiment_1_seed_42
109,popular_1_exp_Experiment_1_seed_42
27,popular_1_exp_Experiment_1_seed_42
70,popular_1_exp_Experiment_1_seed_42
45,popular_1_exp_Experiment_1_seed_42
173,popular_1_exp_Experiment_1_seed_42
43,popular_1_exp_Experiment_1_seed_42
48,popular_1_exp_Experiment_1_seed_42
85,popular_1_exp_Experiment_1_seed_42
164,popular_1_exp_Experiment_1_seed_42
251,popular_1_exp_Experiment_1_seed_42
310,popular_1_exp_Experiment_1_seed_42
504,popular_1_exp_Experiment_1_seed_42
66,popular_1_exp_Experiment_1_seed_42
192,popular_1_exp_Experiment_1_seed_42
557,popular_1_exp_Experiment_1_seed_42
29,popular_1_exp_Experiment_1_seed_42
122,popular_1_exp_Experiment_1_seed_42
88,popular_1_exp_Experiment_1_seed_42
55,popular_1_exp_Experiment_1_seed_42
312,popular_1_exp_Experiment_1_seed_42
399,popular_1_exp_Experiment_1_seed_42
531,popular_1_exp_Experiment_1_seed_42
213,popular_1_exp_Experiment_1_seed_42
243,popular_1_exp_Experiment_1_seed_42
544,popular_1_exp_Experiment_1_seed_42
252,popular_1_exp_Experiment_1_seed_42
265,popular_1_exp_Experiment_1_seed_42
374,popular_1_exp_Experiment_1_seed_42
190,popular_1_exp_Experiment_1_seed_42
573,popular_1_exp_Experiment_1_seed_42
367,popular_1_exp_Experiment_1_seed_42
253,popular_1_exp_Experiment_1_seed_42
217,popular_1_exp_Experiment_1_seed_42
515,popular_1_exp_Experiment_1_seed_42
24,popular_1_exp_Experiment_1_seed_42
149,popular_1_exp_Experiment_1_seed_42
28,popular_1_exp_Experiment_1_seed_42
260,popular_1_exp_Experiment_1_seed_42
444,popular_1_exp_Experiment_1_seed_42
559,popular_1_exp_Experiment_1_seed_42
350,popular_1_exp_Experiment_1_seed_42
409,popular_1_exp_Experiment_1_seed_42
378,popular_1_exp_Experiment_1_seed_42
570,popular_1_exp_Experiment_1_seed_42
489,popular_1_exp_Experiment_1_seed_42
363,popular_1_exp_Experiment_1_seed_42
200,popular_1_exp_Experiment_1_seed_42
119,popular_1_exp_Experiment_1_seed_42
495,popular_1_exp_Experiment_1_seed_42
498,popular_1_exp_Experiment_1_seed_42
135,popular_1_exp_Experiment_1_seed_42
104,popular_1_exp_Experiment_1_seed_42
449,popular_1_exp_Experiment_1_seed_42
355,popular_1_exp_Experiment_1_seed_42
264,popular_1_exp_Experiment_1_seed_42
69,popular_1_exp_Experiment_1_seed_42
74,popular_1_exp_Experiment_1_seed_42
469,popular_1_exp_Experiment_1_seed_42
438,popular_1_exp_Experiment_1_seed_42
277,popular_1_exp_Experiment_1_seed_42
429,popular_1_exp_Experiment_1_seed_42
589,popular_1_exp_Experiment_1_seed_42
215,popular_1_exp_Experiment_1_seed_42
598,popular_1_exp_Experiment_1_seed_42
107,popular_1_exp_Experiment_1_seed_42
256,popular_1_exp_Experiment_1_seed_42
197,popular_1_exp_Experiment_1_seed_42
465,popular_1_exp_Experiment_1_seed_42
593,popular_1_exp_Experiment_1_seed_42
304,popular_1_exp_Experiment_1_seed_42
428,popular_1_exp_Experiment_1_seed_42
287,popular_1_exp_Experiment_1_seed_42
354,popular_1_exp_Experiment_1_seed_42
519,popular_1_exp_Experiment_1_seed_42
23,popular_1_exp_Experiment_1_seed_42
303,popular_1_exp_Experiment_1_seed_42
460,popular_1_exp_Experiment_1_seed_42
392,popular_1_exp_Experiment_1_seed_42
427,popular_1_exp_Experiment_1_seed_42
319,popular_1_exp_Experiment_1_seed_42
420,popular_1_exp_Experiment_1_seed_42
408,popular_1_exp_Experiment_1_seed_42
76,popular_1_exp_Experiment_1_seed_42
398,popular_1_exp_Experiment_1_seed_42
343,popular_1_exp_Experiment_1_seed_42
62,popular_1_exp_Experiment_1_seed_42
259,popular_1_exp_Experiment_1_seed_42
177,popular_1_exp_Experiment_1_seed_42
31,popular_1_exp_Experiment_1_seed_42
435,popular_1_exp_Experiment_1_seed_42
224,popular_1_exp_Experiment_1_seed_42
314,popular_1_exp_Experiment_1_seed_42
384,popular_1_exp_Experiment_1_seed_42
575,popular_1_exp_Experiment_1_seed_42
507,popular_1_exp_Experiment_1_seed_42
116,popular_1_exp_Experiment_1_seed_42
453,popular_1_exp_Experiment_1_seed_42
338,popular_1_exp_Experiment_1_seed_42
231,popular_1_exp_Experiment_1_seed_42
505,popular_1_exp_Experiment_1_seed_42
196,popular_1_exp_Experiment_1_seed_42
201,popular_1_exp_Experiment_1_seed_42
60,popular_1_exp_Experiment_1_seed_42
181,popular_1_exp_Experiment_1_seed_42
0,popular_1_exp_Experiment_1_seed_42
496,popular_1_exp_Experiment_1_seed_42
236,popular_1_exp_Experiment_1_seed_42
276,popular_1_exp_Experiment_1_seed_42
291,popular_1_exp_Experiment_1_seed_42
191,popular_1_exp_Experiment_1_seed_42
5,popular_1_exp_Experiment_1_seed_42
561,popular_1_exp_Experiment_1_seed_42
371,popular_1_exp_Experiment_1_seed_42
269,popular_1_exp_Experiment_1_seed_42
373,popular_1_exp_Experiment_1_seed_42
480,popular_1_exp_Experiment_1_seed_42
485,popular_1_exp_Experiment_1_seed_42
586,popular_1_exp_Experiment_1_seed_42
9,popular_1_exp_Experiment_1_seed_42
587,popular_1_exp_Experiment_1_seed_42
207,popular_1_exp_Experiment_1_seed_42
159,popular_1_exp_Experiment_1_seed_42
286,popular_1_exp_Experiment_1_seed_42
175,popular_1_exp_Experiment_1_seed_42
290,popular_1_exp_Experiment_1_seed_42
25,popular_1_exp_Experiment_1_seed_42
486,popular_1_exp_Experiment_1_seed_42
262,popular_1_exp_Experiment_1_seed_42
526,popular_1_exp_Experiment_1_seed_42
341,popular_1_exp_Experiment_1_seed_42
302,popular_1_exp_Experiment_1_seed_42
229,popular_1_exp_Experiment_1_seed_42
91,popular_1_exp_Experiment_1_seed_42
182,popular_1_exp_Experiment_1_seed_42
316,popular_1_exp_Experiment_1_seed_42
87,popular_1_exp_Experiment_1_seed_42
464,popular_1_exp_Experiment_1_seed_42
574,popular_1_exp_Experiment_1_seed_42
321,popular_1_exp_Experiment_1_seed_42
521,popular_1_exp_Experiment_1_seed_42
362,popular_1_exp_Experiment_1_seed_42
456,popular_1_exp_Experiment_1_seed_42
56,popular_1_exp_Experiment_1_seed_42
288,popular_1_exp_Experiment_1_seed_42
414,popular_1_exp_Experiment_1_seed_42
7,popular_1_exp_Experiment_1_seed_42
157,popular_1_exp_Experiment_1_seed_42
539,popular_1_exp_Experiment_1_seed_42
94,popular_1_exp_Experiment_1_seed_42
16,popular_1_exp_Experiment_1_seed_42
405,popular_1_exp_Experiment_1_seed_42
430,popular_1_exp_Experiment_1_seed_42
482,popular_1_exp_Experiment_1_seed_42
451,popular_1_exp_Experiment_1_seed_42
401,popular_1_exp_Experiment_1_seed_42
579,popular_1_exp_Experiment_1_seed_42
205,popular_1_exp_Experiment_1_seed_42
513,popular_1_exp_Experiment_1_seed_42
166,popular_1_exp_Experiment_1_seed_42
512,popular_1_exp_Experiment_1_seed_42
582,popular_1_exp_Experiment_1_seed_42
257,popular_1_exp_Experiment_1_seed_42
187,popular_1_exp_Experiment_1_seed_42
93,popular_1_exp_Experiment_1_seed_42
357,popular_1_exp_Experiment_1_seed_42
65,popular_1_exp_Experiment_1_seed_42
383,popular_1_exp_Experiment_1_seed_42
572,popular_1_exp_Experiment_1_seed_42
306,popular_1_exp_Experiment_1_seed_42
238,popular_1_exp_Experiment_1_seed_42
387,popular_1_exp_Experiment_1_seed_42
548,popular_1_exp_Experiment_1_seed_42
206,popular_1_exp_Experiment_1_seed_42
517,popular_1_exp_Experiment_1_seed_42
40,popular_1_exp_Experiment_1_seed_42
436,popular_1_exp_Experiment_1_seed_42
272,popular_1_exp_Experiment_1_seed_42
195,popular_1_exp_Experiment_1_seed_42
554,popular_1_exp_Experiment_1_seed_42
152,popular_1_exp_Experiment_1_seed_42
577,popular_1_exp_Experiment_1_seed_42
439,popular_1_exp_Experiment_1_seed_42
145,popular_1_exp_Experiment_1_seed_42
57,popular_1_exp_Experiment_1_seed_42
369,popular_1_exp_Experiment_1_seed_42
142,popular_1_exp_Experiment_1_seed_42
96,popular_1_exp_Experiment_1_seed_42
353,popular_1_exp_Experiment_1_seed_42
292,popular_1_exp_Experiment_1_seed_42
168,popular_1_exp_Experiment_1_seed_42
218,popular_1_exp_Experiment_1_seed_42
419,popular_1_exp_Experiment_1_seed_42
317,popular_1_exp_Experiment_1_seed_42
150,popular_1_exp_Experiment_1_seed_42
123,popular_1_exp_Experiment_1_seed_42
364,popular_1_exp_Experiment_1_seed_42
382,popular_1_exp_Experiment_1_seed_42
114,popular_1_exp_Experiment_1_seed_42
549,popular_1_exp_Experiment_1_seed_42
148,popular_1_exp_Experiment_1_seed_42
305,popular_1_exp_Experiment_1_seed_42
370,popular_1_exp_Experiment_1_seed_42
550,popular_1_exp_Experiment_1_seed_42
110,popular_1_exp_Experiment_1_seed_42
63,popular_1_exp_Experiment_1_seed_42
492,popular_1_exp_Experiment_1_seed_42
553,popular_1_exp_Experiment_1_seed_42
47,popular_1_exp_Experiment_1_seed_42
330,popular_1_exp_Experiment_1_seed_42
176,popular_1_exp_Experiment_1_seed_42
356,popular_1_exp_Experiment_1_seed_42
407,popular_1_exp_Experiment_1_seed_42
394,popular_1_exp_Experiment_1_seed_42
458,popular_1_exp_Experiment_1_seed_42
22,popular_1_exp_Experiment_1_seed_42
395,popular_1_exp_Experiment_1_seed_42
239,popular_1_exp_Experiment_1_seed_42
234,popular_1_exp_Experiment_1_seed_42
53,popular_1_exp_Experiment_1_seed_42
98,popular_1_exp_Experiment_1_seed_42
232,popular_1_exp_Experiment_1_seed_42
178,popular_1_exp_Experiment_1_seed_42
162,popular_1_exp_Experiment_1_seed_42
479,popular_1_exp_Experiment_1_seed_42
385,popular_1_exp_Experiment_1_seed_42
462,popular_1_exp_Experiment_1_seed_42
328,popular_1_exp_Experiment_1_seed_42
506,popular_1_exp_Experiment_1_seed_42
299,popular_1_exp_Experiment_1_seed_42
167,popular_1_exp_Experiment_1_seed_42
386,popular_1_exp_Experiment_1_seed_42
522,popular_1_exp_Experiment_1_seed_42
26,popular_1_exp_Experiment_1_seed_42
183,popular_1_exp_Experiment_1_seed_42
320,popular_1_exp_Experiment_1_seed_42
172,popular_1_exp_Experiment_1_seed_42
103,popular_1_exp_Experiment_1_seed_42
203,popular_1_exp_Experiment_1_seed_42
333,popular_1_exp_Experiment_1_seed_42
347,popular_1_exp_Experiment_1_seed_42
249,popular_1_exp_Experiment_1_seed_42
274,popular_1_exp_Experiment_1_seed_42
14,popular_1_exp_Experiment_1_seed_42
300,popular_1_exp_Experiment_1_seed_42
223,popular_1_exp_Experiment_1_seed_42
502,popular_1_exp_Experiment_1_seed_42
193,popular_1_exp_Experiment_1_seed_42
285,popular_1_exp_Experiment_1_seed_42
404,popular_1_exp_Experiment_1_seed_42
533,popular_1_exp_Experiment_1_seed_42
112,popular_1_exp_Experiment_1_seed_42
284,popular_1_exp_Experiment_1_seed_42
108,popular_1_exp_Experiment_1_seed_42
345,popular_1_exp_Experiment_1_seed_42
415,popular_1_exp_Experiment_1_seed_42
220,popular_1_exp_Experiment_1_seed_42
366,popular_1_exp_Experiment_1_seed_42
222,popular_1_exp_Experiment_1_seed_42
139,popular_1_exp_Experiment_1_seed_42
463,popular_1_exp_Experiment_1_seed_42
41,popular_1_exp_Experiment_1_seed_42
83,popular_1_exp_Experiment_1_seed_42
590,popular_1_exp_Experiment_1_seed_42
470,popular_1_exp_Experiment_1_seed_42
268,popular_1_exp_Experiment_1_seed_42
530,popular_1_exp_Experiment_1_seed_42
180,popular_1_exp_Experiment_1_seed_42
468,popular_1_exp_Experiment_1_seed_42
77,popular_1_exp_Experiment_1_seed_42
563,popular_1_exp_Experiment_1_seed_42
588,popular_1_exp_Experiment_1_seed_42
454,popular_1_exp_Experiment_1_seed_42
295,popular_1_exp_Experiment_1_seed_42
478,popular_1_exp_Experiment_1_seed_42
565,popular_1_exp_Experiment_1_seed_42
144,popular_1_exp_Experiment_1_seed_42
581,popular_1_exp_Experiment_1_seed_42
39,popular_1_exp_Experiment_1_seed_42
510,popular_1_exp_Experiment_1_seed_42
431,popular_1_exp_Experiment_1_seed_42
71,popular_1_exp_Experiment_1_seed_42
99,popular_1_exp_Experiment_1_seed_42
584,popular_1_exp_Experiment_1_seed_42
42,popular_1_exp_Experiment_1_seed_42
538,popular_1_exp_Experiment_1_seed_42
592,popular_1_exp_Experiment_1_seed_42
117,popular_1_exp_Experiment_1_seed_42
151,popular_1_exp_Experiment_1_seed_42
3,popular_1_exp_Experiment_1_seed_42
433,popular_1_exp_Experiment_1_seed_42
237,popular_1_exp_Experiment_1_seed_42
580,popular_1_exp_Experiment_1_seed_42
555,popular_1_exp_Experiment_1_seed_42
511,popular_1_exp_Experiment_1_seed_42
171,popular_1_exp_Experiment_1_seed_42
30,popular_1_exp_Experiment_1_seed_42
46,popular_1_exp_Experiment_1_seed_42
227,popular_1_exp_Experiment_1_seed_42
459,popular_1_exp_Experiment_1_seed_42
534,popular_1_exp_Experiment_1_seed_42
293,popular_1_exp_Experiment_1_seed_42
520,popular_1_exp_Experiment_1_seed_42
494,popular_1_exp_Experiment_1_seed_42
379,popular_1_exp_Experiment_1_seed_42
282,popular_1_exp_Experiment_1_seed_42
240,popular_1_exp_Experiment_1_seed_42
323,popular_1_exp_Experiment_1_seed_42
120,popular_1_exp_Experiment_1_seed_42
51,popular_1_exp_Experiment_1_seed_42
298,popular_1_exp_Experiment_1_seed_42
59,popular_1_exp_Experiment_1_seed_42
442,popular_1_exp_Experiment_1_seed_42
281,popular_1_exp_Experiment_1_seed_42
597,popular_1_exp_Experiment_1_seed_42
244,popular_1_exp_Experiment_1_seed_42
179,popular_1_exp_Experiment_1_seed_42
81,popular_1_exp_Experiment_1_seed_42
219,popular_1_exp_Experiment_1_seed_42
204,popular_1_exp_Experiment_1_seed_42
556,popular_1_exp_Experiment_1_seed_42
126,popular_1_exp_Experiment_1_seed_42
576,popular_1_exp_Experiment_1_seed_42
416,popular_1_exp_Experiment_1_seed_42
132,popular_1_exp_Experiment_1_seed_42
32,popular_1_exp_Experiment_1_seed_42
594,popular_1_exp_Experiment_1_seed_42
79,popular_1_exp_Experiment_1_seed_42
1,popular_1_exp_Experiment_1_seed_42
484,popular_1_exp_Experiment_1_seed_42
585,popular_1_exp_Experiment_1_seed_42
143,popular_1_exp_Experiment_1_seed_42
473,popular_1_exp_Experiment_1_seed_42
141,popular_1_exp_Experiment_1_seed_42
326,popular_1_exp_Experiment_1_seed_42
61,popular_1_exp_Experiment_1_seed_42
432,popular_1_exp_Experiment_1_seed_42
199,popular_1_exp_Experiment_1_seed_42
452,popular_1_exp_Experiment_1_seed_42
471,popular_1_exp_Experiment_1_seed_42
105,popular_1_exp_Experiment_1_seed_42
146,popular_1_exp_Experiment_1_seed_42
578,popular_1_exp_Experiment_1_seed_42
410,popular_1_exp_Experiment_1_seed_42
221,popular_1_exp_Experiment_1_seed_42
297,popular_1_exp_Experiment_1_seed_42
210,popular_1_exp_Experiment_1_seed_42
15,popular_1_exp_Experiment_1_seed_42
254,popular_1_exp_Experiment_1_seed_42
402,popular_1_exp_Experiment_1_seed_42
457,popular_1_exp_Experiment_1_seed_42
334,popular_1_exp_Experiment_1_seed_42
524,popular_1_exp_Experiment_1_seed_42
472,popular_1_exp_Experiment_1_seed_42
336,popular_1_exp_Experiment_1_seed_42
527,popular_1_exp_Experiment_1_seed_42
283,popular_1_exp_Experiment_1_seed_42
52,popular_1_exp_Experiment_1_seed_42
461,popular_1_exp_Experiment_1_seed_42
12,popular_1_exp_Experiment_1_seed_42
514,popular_1_exp_Experiment_1_seed_42
54,popular_1_exp_Experiment_1_seed_42
393,popular_1_exp_Experiment_1_seed_42
437,popular_1_exp_Experiment_1_seed_42
216,popular_1_exp_Experiment_1_seed_42
488,popular_1_exp_Experiment_1_seed_42
309,popular_1_exp_Experiment_1_seed_42
547,popular_1_exp_Experiment_1_seed_42
552,popular_1_exp_Experiment_1_seed_42
21,popular_1_exp_Experiment_1_seed_42
278,popular_1_exp_Experiment_1_seed_42
375,popular_1_exp_Experiment_1_seed_42
455,popular_1_exp_Experiment_1_seed_42
34,popular_1_exp_Experiment_1_seed_42
11,popular_1_exp_Experiment_1_seed_42
136,popular_1_exp_Experiment_1_seed_42
147,popular_1_exp_Experiment_1_seed_42
49,popular_1_exp_Experiment_1_seed_42
508,popular_1_exp_Experiment_1_seed_42
595,popular_1_exp_Experiment_1_seed_42
296,popular_1_exp_Experiment_1_seed_42
4,popular_1_exp_Experiment_1_seed_42
165,popular_1_exp_Experiment_1_seed_42
397,popular_1_exp_Experiment_1_seed_42
169,popular_1_exp_Experiment_1_seed_42
446,popular_1_exp_Experiment_1_seed_42
518,popular_1_exp_Experiment_1_seed_42
499,popular_1_exp_Experiment_1_seed_42
509,popular_1_exp_Experiment_1_seed_42
44,popular_1_exp_Experiment_1_seed_42
248,popular_1_exp_Experiment_1_seed_42
376,popular_1_exp_Experiment_1_seed_42
133,popular_1_exp_Experiment_1_seed_42
569,popular_1_exp_Experiment_1_seed_42
560,popular_1_exp_Experiment_1_seed_42
466,popular_1_exp_Experiment_1_seed_42
348,popular_1_exp_Experiment_1_seed_42
101,popular_1_exp_Experiment_1_seed_42
64,popular_1_exp_Experiment_1_seed_42
360,popular_1_exp_Experiment_1_seed_42
189,popular_1_exp_Experiment_1_seed_42
78,popular_1_exp_Experiment_1_seed_42
118,popular_1_exp_Experiment_1_seed_42
380,popular_1_exp_Experiment_1_seed_42
131,popular_1_exp_Experiment_1_seed_42
188,popular_1_exp_Experiment_1_seed_42
186,popular_1_exp_Experiment_1_seed_42
441,popular_1_exp_Experiment_1_seed_42
422,popular_1_exp_Experiment_1_seed_42
233,popular_1_exp_Experiment_1_seed_42
445,popular_1_exp_Experiment_1_seed_42
400,popular_1_exp_Experiment_1_seed_42
154,popular_1_exp_Experiment_1_seed_42
50,popular_1_exp_Experiment_1_seed_42
73,popular_1_exp_Experiment_1_seed_42
156,popular_1_exp_Experiment_1_seed_42
425,popular_1_exp_Experiment_1_seed_42
308,popular_1_exp_Experiment_1_seed_42
447,popular_1_exp_Experiment_1_seed_42
423,popular_1_exp_Experiment_1_seed_42
263,popular_1_exp_Experiment_1_seed_42
324,popular_1_exp_Experiment_1_seed_42
92,popular_1_exp_Experiment_1_seed_42
413,popular_1_exp_Experiment_1_seed_42
543,popular_1_exp_Experiment_1_seed_42
38,popular_1_exp_Experiment_1_seed_42
535,popular_1_exp_Experiment_1_seed_42
411,popular_1_exp_Experiment_1_seed_42
275,popular_1_exp_Experiment_1_seed_42
501,popular_1_exp_Experiment_1_seed_42
271,popular_1_exp_Experiment_1_seed_42
368,popular_1_exp_Experiment_1_seed_42
89,popular_1_exp_Experiment_1_seed_42
358,popular_1_exp_Experiment_1_seed_42
273,popular_1_exp_Experiment_1_seed_42
346,popular_1_exp_Experiment_1_seed_42
339,popular_1_exp_Experiment_1_seed_42
106,popular_1_exp_Experiment_1_seed_42
529,popular_1_exp_Experiment_1_seed_42
100,popular_1_exp_Experiment_1_seed_42
497,popular_1_exp_Experiment_1_seed_42
67,popular_1_exp_Experiment_1_seed_42
2,popular_1_exp_Experiment_1_seed_42
185,popular_1_exp_Experiment_1_seed_42
315,popular_1_exp_Experiment_1_seed_42
377,popular_1_exp_Experiment_1_seed_42
503,popular_1_exp_Experiment_1_seed_42
247,popular_1_exp_Experiment_1_seed_42
448,popular_1_exp_Experiment_1_seed_42
313,popular_1_exp_Experiment_1_seed_42
279,popular_1_exp_Experiment_1_seed_42
202,popular_1_exp_Experiment_1_seed_42
337,popular_1_exp_Experiment_1_seed_42
280,popular_1_exp_Experiment_1_seed_42
426,popular_1_exp_Experiment_1_seed_42
228,popular_1_exp_Experiment_1_seed_42
474,popular_1_exp_Experiment_1_seed_42
209,popular_1_exp_Experiment_1_seed_42
523,popular_1_exp_Experiment_1_seed_42
138,popular_1_exp_Experiment_1_seed_42
421,popular_1_exp_Experiment_1_seed_42
536,popular_1_exp_Experiment_1_seed_42
68,popular_1_exp_Experiment_1_seed_42
381,popular_1_exp_Experiment_1_seed_42
163,popular_1_exp_Experiment_1_seed_42
245,popular_1_exp_Experiment_1_seed_42
359,popular_1_exp_Experiment_1_seed_42
566,popular_1_exp_Experiment_1_seed_42
289,popular_1_exp_Experiment_1_seed_42
327,popular_1_exp_Experiment_1_seed_42
351,popular_1_exp_Experiment_1_seed_42
493,popular_1_exp_Experiment_1_seed_42
546,popular_1_exp_Experiment_1_seed_42
388,popular_1_exp_Experiment_1_seed_42
583,popular_1_exp_Experiment_1_seed_42
130,popular_1_exp_Experiment_1_seed_42
161,popular_1_exp_Experiment_1_seed_42
564,popular_1_exp_Experiment_1_seed_42
389,popular_1_exp_Experiment_1_seed_42
153,popular_1_exp_Experiment_1_seed_42
95,popular_1_exp_Experiment_1_seed_42
540,popular_1_exp_Experiment_1_seed_42
255,popular_1_exp_Experiment_1_seed_42
82,popular_1_exp_Experiment_1_seed_42
481,popular_1_exp_Experiment_1_seed_42
125,popular_1_exp_Experiment_1_seed_42
37,popular_1_exp_Experiment_1_seed_42
17,popular_1_exp_Experiment_1_seed_42
335,popular_1_exp_Experiment_1_seed_42
545,popular_1_exp_Experiment_1_seed_42
18,popular_1_exp_Experiment_1_seed_42
214,popular_1_exp_Experiment_1_seed_42
443,popular_1_exp_Experiment_1_seed_42
332,popular_1_exp_Experiment_1_seed_42
558,popular_1_exp_Experiment_1_seed_42
35,popular_1_exp_Experiment_1_seed_42
246,popular_1_exp_Experiment_1_seed_42
390,popular_1_exp_Experiment_1_seed_42
33,popular_1_exp_Experiment_1_seed_42
516,popular_1_exp_Experiment_1_seed_42
568,popular_1_exp_Experiment_1_seed_42
424,popular_1_exp_Experiment_1_seed_42
198,popular_1_exp_Experiment_1_seed_42
599,popular_1_exp_Experiment_1_seed_42
491,popular_1_exp_Experiment_1_seed_42
270,popular_1_exp_Experiment_1_seed_42
294,popular_1_exp_Experiment_1_seed_42
241,popular_1_exp_Experiment_1_seed_42
412,popular_1_exp_Experiment_1_seed_42
331,popular_1_exp_Experiment_1_seed_42
340,popular_1_exp_Experiment_1_seed_42
212,popular_1_exp_Experiment_1_seed_42
134,popular_1_exp_Experiment_1_seed_42
97,popular_1_exp_Experiment_1_seed_42
258,popular_1_exp_Experiment_1_seed_42
490,popular_1_exp_Experiment_1_seed_42
90,popular_1_exp_Experiment_1_seed_42
129,popular_1_exp_Experiment_1_seed_42
301,popular_1_exp_Experiment_1_seed_42
127,popular_1_exp_Experiment_1_seed_42
475,popular_1_exp_Experiment_1_seed_42
155,popular_1_exp_Experiment_1_seed_42
72,popular_1_exp_Experiment_1_seed_42
140,popular_1_exp_Experiment_1_seed_42
450,popular_1_exp_Experiment_1_seed_42
440,popular_1_exp_Experiment_1_seed_42
537,popular_1_exp_Experiment_1_seed_42
113,popular_1_exp_Experiment_1_seed_42
235,popular_1_exp_Experiment_1_seed_42
476,popular_1_exp_Experiment_1_seed_42
406,popular_1_exp_Experiment_1_seed_42
111,popular_1_exp_Experiment_1_seed_42
80,popular_1_exp_Experiment_1_seed_42
318,popular_1_exp_Experiment_1_seed_42
391,popular_1_exp_Experiment_1_seed_42
344,popular_1_exp_Experiment_1_seed_42
121,popular_1_exp_Experiment_1_seed_42
591,popular_1_exp_Experiment_1_seed_42
551,popular_1_exp_Experiment_1_seed_42
226,popular_1_exp_Experiment_1_seed_42
467,popular_1_exp_Experiment_1_seed_42
10,popular_1_exp_Experiment_1_seed_42
532,popular_1_exp_Experiment_1_seed_42
75,popular_1_exp_Experiment_1_seed_42
211,popular_1_exp_Experiment_1_seed_42
250,popular_1_exp_Experiment_1_seed_42
403,popular_1_exp_Experiment_1_seed_42
562,popular_1_exp_Experiment_1_seed_42
525,popular_1_exp_Experiment_1_seed_42
86,popular_1_exp_Experiment_1_seed_42
365,popular_1_exp_Experiment_1_seed_42
571,popular_1_exp_Experiment_1_seed_42
266,popular_1_exp_Experiment_1_seed_42
542,popular_1_exp_Experiment_1_seed_42
396,popular_1_exp_Experiment_1_seed_42
225,popular_1_exp_Experiment_1_seed_42
230,popular_1_exp_Experiment_1_seed_42
434,popular_1_exp_Experiment_1_seed_42
174,popular_1_exp_Experiment_1_seed_42
322,popular_1_exp_Experiment_1_seed_42
311,popular_1_exp_Experiment_1_seed_42
36,popular_1_exp_Experiment_1_seed_42
307,popular_1_exp_Experiment_1_seed_42
261,popular_1_exp_Experiment_1_seed_42
184,popular_1_exp_Experiment_1_seed_42
329,popular_1_exp_Experiment_1_seed_42
477,popular_1_exp_Experiment_1_seed_42
342,popular_1_exp_Experiment_1_seed_42
596,popular_1_exp_Experiment_1_seed_42
372,popular_1_exp_Experiment_1_seed_42
325,popular_1_exp_Experiment_1_seed_42
6,popular_1_exp_Experiment_1_seed_42
170,popular_1_exp_Experiment_1_seed_42
194,popular_1_exp_Experiment_1_seed_42
567,popular_1_exp_Experiment_1_seed_42
417,popular_1_exp_Experiment_1_seed_42
160,popular_1_exp_Experiment_1_seed_42
158,popular_1_exp_Experiment_1_seed_42
541,popular_1_exp_Experiment_1_seed_42
137,popular_1_exp_Experiment_1_seed_42
528,popular_1_exp_Experiment_1_seed_42
84,popular_1_exp_Experiment_1_seed_42
13,popular_1_exp_Experiment_1_seed_42
361,popular_1_exp_Experiment_1_seed_42
418,popular_1_exp_Experiment_1_seed_42
58,popular_1_exp_Experiment_1_seed_42
124,popular_1_exp_Experiment_1_seed_42
115,popular_1_exp_Experiment_1_seed_42
349,popular_1_exp_Experiment_1_seed_42
8,popular_1_exp_Experiment_1_seed_42
487,popular_1_exp_Experiment_1_seed_42
102,popular_1_exp_Experiment_1_seed_42
483,popular_1_exp_Experiment_1_seed_42
352,popular_1_exp_Experiment_1_seed_42
500,popular_1_exp_Experiment_1_seed_42
20,popular_1_exp_Experiment_1_seed_42
19,popular_1_exp_Experiment_1_seed_42
242,popular_1_exp_Experiment_1_seed_42
267,popular_1_exp_Experiment_1_seed_42
128,popular_1_exp_Experiment_1_seed_42
208,popular_1_exp_Experiment_1_seed_42
109,popular_1_exp_Experiment_1_seed_42
27,popular_1_exp_Experiment_1_seed_42
70,popular_1_exp_Experiment_1_seed_42
45,popular_1_exp_Experiment_1_seed_42
173,popular_1_exp_Experiment_1_seed_42
43,popular_1_exp_Experiment_1_seed_42
48,popular_1_exp_Experiment_1_seed_42
85,popular_1_exp_Experiment_1_seed_42
164,popular_1_exp_Experiment_1_seed_42
251,popular_1_exp_Experiment_1_seed_42
310,popular_1_exp_Experiment_1_seed_42
504,popular_1_exp_Experiment_1_seed_42
66,popular_1_exp_Experiment_1_seed_42
192,popular_1_exp_Experiment_1_seed_42
557,popular_1_exp_Experiment_1_seed_42
29,popular_1_exp_Experiment_1_seed_42
122,popular_1_exp_Experiment_1_seed_42
88,popular_1_exp_Experiment_1_seed_42
55,popular_1_exp_Experiment_1_seed_42
312,popular_1_exp_Experiment_1_seed_42
399,popular_1_exp_Experiment_1_seed_42
531,popular_1_exp_Experiment_1_seed_42
213,popular_1_exp_Experiment_1_seed_42
243,popular_1_exp_Experiment_1_seed_42
544,popular_1_exp_Experiment_1_seed_42
252,popular_1_exp_Experiment_1_seed_42
265,popular_1_exp_Experiment_1_seed_42
374,popular_1_exp_Experiment_1_seed_42
190,popular_1_exp_Experiment_1_seed_42
573,popular_1_exp_Experiment_1_seed_42
367,popular_1_exp_Experiment_1_seed_42
253,popular_1_exp_Experiment_1_seed_42
217,popular_1_exp_Experiment_1_seed_42
515,popular_1_exp_Experiment_1_seed_42
24,popular_1_exp_Experiment_1_seed_42
149,popular_1_exp_Experiment_1_seed_42
28,popular_1_exp_Experiment_1_seed_42
260,popular_1_exp_Experiment_1_seed_42
444,popular_1_exp_Experiment_1_seed_42
559,popular_1_exp_Experiment_1_seed_42
350,popular_1_exp_Experiment_1_seed_42
409,popular_1_exp_Experiment_1_seed_42
378,popular_1_exp_Experiment_1_seed_42
570,popular_1_exp_Experiment_1_seed_42
489,popular_1_exp_Experiment_1_seed_42
363,popular_1_exp_Experiment_1_seed_42
200,popular_1_exp_Experiment_1_seed_42
119,popular_1_exp_Experiment_1_seed_42
495,popular_1_exp_Experiment_1_seed_42
498,popular_1_exp_Experiment_1_seed_42
135,popular_1_exp_Experiment_1_seed_42
104,popular_1_exp_Experiment_1_seed_42
449,popular_1_exp_Experiment_1_seed_42
355,popular_1_exp_Experiment_1_seed_42
264,popular_1_exp_Experiment_1_seed_42
69,popular_1_exp_Experiment_1_seed_42
74,popular_1_exp_Experiment_1_seed_42
469,popular_1_exp_Experiment_1_seed_42
438,popular_1_exp_Experiment_1_seed_42
277,popular_1_exp_Experiment_1_seed_42
429,popular_1_exp_Experiment_1_seed_42
589,popular_1_exp_Experiment_1_seed_42
215,popular_1_exp_Experiment_1_seed_42
598,popular_1_exp_Experiment_1_seed_42
107,popular_1_exp_Experiment_1_seed_42
256,popular_1_exp_Experiment_1_seed_42
197,popular_1_exp_Experiment_1_seed_42
465,popular_1_exp_Experiment_1_seed_42
593,popular_1_exp_Experiment_1_seed_42
304,popular_1_exp_Experiment_1_seed_42
428,popular_1_exp_Experiment_1_seed_42
287,popular_1_exp_Experiment_1_seed_42
354,popular_1_exp_Experiment_1_seed_42
519,popular_1_exp_Experiment_1_seed_42
23,popular_1_exp_Experiment_1_seed_42
303,popular_1_exp_Experiment_1_seed_42
460,popular_1_exp_Experiment_1_seed_42
392,popular_1_exp_Experiment_1_seed_42
427,popular_1_exp_Experiment_1_seed_42
319,popular_1_exp_Experiment_1_seed_42
420,popular_1_exp_Experiment_1_seed_42
408,popular_1_exp_Experiment_1_seed_42
76,popular_1_exp_Experiment_1_seed_42
398,popular_1_exp_Experiment_1_seed_42
343,popular_1_exp_Experiment_1_seed_42
62,popular_1_exp_Experiment_1_seed_42
259,popular_1_exp_Experiment_1_seed_42
177,popular_1_exp_Experiment_1_seed_42
31,popular_1_exp_Experiment_1_seed_42
435,popular_1_exp_Experiment_1_seed_42
224,popular_1_exp_Experiment_1_seed_42
314,popular_1_exp_Experiment_1_seed_42
384,popular_1_exp_Experiment_1_seed_42
575,popular_1_exp_Experiment_1_seed_42
507,popular_1_exp_Experiment_1_seed_42
116,popular_1_exp_Experiment_1_seed_42
453,popular_1_exp_Experiment_1_seed_42
338,popular_1_exp_Experiment_1_seed_42
231,popular_1_exp_Experiment_1_seed_42
505,popular_1_exp_Experiment_1_seed_42
196,popular_1_exp_Experiment_1_seed_42
201,popular_1_exp_Experiment_1_seed_42
60,popular_1_exp_Experiment_1_seed_42
181,popular_1_exp_Experiment_1_seed_42
0,popular_1_exp_Experiment_1_seed_42
496,popular_1_exp_Experiment_1_seed_42
236,popular_1_exp_Experiment_1_seed_42
276,popular_1_exp_Experiment_1_seed_42
291,popular_1_exp_Experiment_1_seed_42
191,popular_1_exp_Experiment_1_seed_42
5,popular_1_exp_Experiment_1_seed_42
561,popular_1_exp_Experiment_1_seed_42
371,popular_1_exp_Experiment_1_seed_42
269,popular_1_exp_Experiment_1_seed_42
373,popular_1_exp_Experiment_1_seed_42
480,popular_1_exp_Experiment_1_seed_42
485,popular_1_exp_Experiment_1_seed_42
586,popular_1_exp_Experiment_1_seed_42
9,popular_1_exp_Experiment_1_seed_42
587,popular_1_exp_Experiment_1_seed_42
207,popular_1_exp_Experiment_1_seed_42
159,popular_1_exp_Experiment_1_seed_42
286,popular_1_exp_Experiment_1_seed_42
175,popular_1_exp_Experiment_1_seed_42
290,popular_1_exp_Experiment_1_seed_42
25,popular_1_exp_Experiment_1_seed_42
486,popular_1_exp_Experiment_1_seed_42
262,popular_1_exp_Experiment_1_seed_42
526,popular_1_exp_Experiment_1_seed_42
341,popular_1_exp_Experiment_1_seed_42
302,popular_1_exp_Experiment_1_seed_42
229,popular_1_exp_Experiment_1_seed_42
91,popular_1_exp_Experiment_1_seed_42
182,popular_1_exp_Experiment_1_seed_42
316,popular_1_exp_Experiment_1_seed_42
87,popular_1_exp_Experiment_1_seed_42
464,popular_1_exp_Experiment_1_seed_42
574,popular_1_exp_Experiment_1_seed_42
321,popular_1_exp_Experiment_1_seed_42
521,popular_1_exp_Experiment_1_seed_42
362,popular_1_exp_Experiment_1_seed_42
456,popular_1_exp_Experiment_1_seed_42
56,popular_1_exp_Experiment_1_seed_42
288,popular_1_exp_Experiment_1_seed_42
414,popular_1_exp_Experiment_1_seed_42
7,popular_1_exp_Experiment_1_seed_42
157,popular_1_exp_Experiment_1_seed_42
539,popular_1_exp_Experiment_1_seed_42
94,popular_1_exp_Experiment_1_seed_42
16,popular_1_exp_Experiment_1_seed_42
405,popular_1_exp_Experiment_1_seed_42
430,popular_1_exp_Experiment_1_seed_42
482,popular_1_exp_Experiment_1_seed_42
451,popular_1_exp_Experiment_1_seed_42
401,popular_1_exp_Experiment_1_seed_42
579,popular_1_exp_Experiment_1_seed_42
205,popular_1_exp_Experiment_1_seed_42
513,popular_1_exp_Experiment_1_seed_42
166,popular_1_exp_Experiment_1_seed_42
512,popular_1_exp_Experiment_1_seed_42
582,popular_1_exp_Experiment_1_seed_42
257,popular_1_exp_Experiment_1_seed_42
187,popular_1_exp_Experiment_1_seed_42
93,popular_1_exp_Experiment_1_seed_42
357,popular_1_exp_Experiment_1_seed_42
65,popular_1_exp_Experiment_1_seed_42
383,popular_1_exp_Experiment_1_seed_42
572,popular_1_exp_Experiment_1_seed_42
306,popular_1_exp_Experiment_1_seed_42
238,popular_1_exp_Experiment_1_seed_42
387,popular_1_exp_Experiment_1_seed_42
548,popular_1_exp_Experiment_1_seed_42
206,popular_1_exp_Experiment_1_seed_42
517,popular_1_exp_Experiment_1_seed_42
40,popular_1_exp_Experiment_1_seed_42
436,popular_1_exp_Experiment_1_seed_42
272,popular_1_exp_Experiment_1_seed_42
195,popular_1_exp_Experiment_1_seed_42
554,popular_1_exp_Experiment_1_seed_42
152,popular_1_exp_Experiment_1_seed_42
577,popular_1_exp_Experiment_1_seed_42
439,popular_1_exp_Experiment_1_seed_42
145,popular_1_exp_Experiment_1_seed_42
57,popular_1_exp_Experiment_1_seed_42
369,popular_1_exp_Experiment_1_seed_42
142,popular_1_exp_Experiment_1_seed_42
96,popular_1_exp_Experiment_1_seed_42
353,popular_1_exp_Experiment_1_seed_42
292,popular_1_exp_Experiment_1_seed_42
168,popular_1_exp_Experiment_1_seed_42
218,popular_1_exp_Experiment_1_seed_42
419,popular_1_exp_Experiment_1_seed_42
317,popular_1_exp_Experiment_1_seed_42
150,popular_1_exp_Experiment_1_seed_42
123,popular_1_exp_Experiment_1_seed_42
364,popular_1_exp_Experiment_1_seed_42
382,popular_1_exp_Experiment_1_seed_42
114,popular_1_exp_Experiment_1_seed_42
549,popular_1_exp_Experiment_1_seed_42
148,popular_1_exp_Experiment_1_seed_42
305,popular_1_exp_Experiment_1_seed_42
370,popular_1_exp_Experiment_1_seed_42
550,popular_1_exp_Experiment_1_seed_42
110,popular_1_exp_Experiment_1_seed_42
63,popular_1_exp_Experiment_1_seed_42
492,popular_1_exp_Experiment_1_seed_42
553,popular_1_exp_Experiment_1_seed_42
47,popular_1_exp_Experiment_1_seed_42
330,popular_1_exp_Experiment_1_seed_42
176,popular_1_exp_Experiment_1_seed_42
356,popular_1_exp_Experiment_1_seed_42
407,popular_1_exp_Experiment_1_seed_42
394,popular_1_exp_Experiment_1_seed_42
458,popular_1_exp_Experiment_1_seed_42
22,popular_1_exp_Experiment_1_seed_42
395,popular_1_exp_Experiment_1_seed_42
239,popular_1_exp_Experiment_1_seed_42
234,popular_1_exp_Experiment_1_seed_42
53,popular_1_exp_Experiment_1_seed_42
98,popular_1_exp_Experiment_1_seed_42
232,popular_1_exp_Experiment_1_seed_42
178,popular_1_exp_Experiment_1_seed_42
162,popular_1_exp_Experiment_1_seed_42
479,popular_1_exp_Experiment_1_seed_42
385,popular_1_exp_Experiment_1_seed_42
462,popular_1_exp_Experiment_1_seed_42
328,popular_1_exp_Experiment_1_seed_42
506,popular_1_exp_Experiment_1_seed_42
299,popular_1_exp_Experiment_1_seed_42
167,popular_1_exp_Experiment_1_seed_42
386,popular_1_exp_Experiment_1_seed_42
522,popular_1_exp_Experiment_1_seed_42
26,popular_1_exp_Experiment_1_seed_42
183,popular_1_exp_Experiment_1_seed_42
320,popular_1_exp_Experiment_1_seed_42
172,popular_1_exp_Experiment_1_seed_42
103,popular_1_exp_Experiment_1_seed_42
203,popular_1_exp_Experiment_1_seed_42
333,popular_1_exp_Experiment_1_seed_42
347,popular_1_exp_Experiment_1_seed_42
249,popular_1_exp_Experiment_1_seed_42
274,popular_1_exp_Experiment_1_seed_42
14,popular_1_exp_Experiment_1_seed_42
300,popular_1_exp_Experiment_1_seed_42
223,popular_1_exp_Experiment_1_seed_42
502,popular_1_exp_Experiment_1_seed_42
193,popular_1_exp_Experiment_1_seed_42
285,popular_1_exp_Experiment_1_seed_42
404,popular_1_exp_Experiment_1_seed_42
533,popular_1_exp_Experiment_1_seed_42
112,popular_1_exp_Experiment_1_seed_42
284,popular_1_exp_Experiment_1_seed_42
108,popular_1_exp_Experiment_1_seed_42
345,popular_1_exp_Experiment_1_seed_42
415,popular_1_exp_Experiment_1_seed_42
220,popular_1_exp_Experiment_1_seed_42
366,popular_1_exp_Experiment_1_seed_42
222,popular_1_exp_Experiment_1_seed_42
139,popular_1_exp_Experiment_1_seed_42
463,popular_1_exp_Experiment_1_seed_42
41,popular_1_exp_Experiment_1_seed_42
83,popular_1_exp_Experiment_1_seed_42
590,popular_1_exp_Experiment_1_seed_42
470,popular_1_exp_Experiment_1_seed_42
268,popular_1_exp_Experiment_1_seed_42
530,popular_1_exp_Experiment_1_seed_42
180,popular_1_exp_Experiment_1_seed_42
468,popular_1_exp_Experiment_1_seed_42
77,popular_1_exp_Experiment_1_seed_42
563,popular_1_exp_Experiment_1_seed_42
588,popular_1_exp_Experiment_1_seed_42
454,popular_1_exp_Experiment_1_seed_42
295,popular_1_exp_Experiment_1_seed_42
478,popular_1_exp_Experiment_1_seed_42
565,popular_1_exp_Experiment_1_seed_42
144,popular_1_exp_Experiment_1_seed_42
581,popular_1_exp_Experiment_1_seed_42
39,popular_1_exp_Experiment_1_seed_42
510,popular_1_exp_Experiment_1_seed_42
431,popular_1_exp_Experiment_1_seed_42
71,popular_1_exp_Experiment_1_seed_42
99,popular_1_exp_Experiment_1_seed_42
584,popular_1_exp_Experiment_1_seed_42
42,popular_1_exp_Experiment_1_seed_42
538,popular_1_exp_Experiment_1_seed_42
592,popular_1_exp_Experiment_1_seed_42
117,popular_1_exp_Experiment_1_seed_42
151,popular_1_exp_Experiment_1_seed_42
3,popular_1_exp_Experiment_1_seed_42
433,popular_1_exp_Experiment_1_seed_42
237,popular_1_exp_Experiment_1_seed_42
580,popular_1_exp_Experiment_1_seed_42
555,popular_1_exp_Experiment_1_seed_42
511,popular_1_exp_Experiment_1_seed_42
171,popular_1_exp_Experiment_1_seed_42
30,popular_1_exp_Experiment_1_seed_42
46,popular_1_exp_Experiment_1_seed_42
227,popular_1_exp_Experiment_1_seed_42
459,popular_1_exp_Experiment_1_seed_42
534,popular_1_exp_Experiment_1_seed_42
293,popular_1_exp_Experiment_1_seed_42
520,popular_1_exp_Experiment_1_seed_42
494,popular_1_exp_Experiment_1_seed_42
379,popular_1_exp_Experiment_1_seed_42
282,popular_1_exp_Experiment_1_seed_42
240,popular_1_exp_Experiment_1_seed_42
323,popular_1_exp_Experiment_1_seed_42
120,popular_1_exp_Experiment_1_seed_42
51,popular_1_exp_Experiment_1_seed_42
298,popular_1_exp_Experiment_1_seed_42
59,popular_1_exp_Experiment_1_seed_42
442,popular_1_exp_Experiment_1_seed_42
281,popular_1_exp_Experiment_1_seed_42
597,popular_1_exp_Experiment_1_seed_42
244,popular_1_exp_Experiment_1_seed_42
179,popular_1_exp_Experiment_1_seed_42
81,popular_1_exp_Experiment_1_seed_42
219,popular_1_exp_Experiment_1_seed_42
204,popular_1_exp_Experiment_1_seed_42
556,popular_1_exp_Experiment_1_seed_42
126,popular_1_exp_Experiment_1_seed_42
576,popular_1_exp_Experiment_1_seed_42
416,popular_1_exp_Experiment_1_seed_42
132,popular_1_exp_Experiment_1_seed_42
32,popular_1_exp_Experiment_1_seed_42
594,popular_1_exp_Experiment_1_seed_42
79,popular_1_exp_Experiment_1_seed_42
1,popular_1_exp_Experiment_1_seed_42
484,popular_1_exp_Experiment_1_seed_42
585,popular_1_exp_Experiment_1_seed_42
143,popular_1_exp_Experiment_1_seed_42
473,popular_1_exp_Experiment_1_seed_42
141,popular_1_exp_Experiment_1_seed_42
326,popular_1_exp_Experiment_1_seed_42
61,popular_1_exp_Experiment_1_seed_42
432,popular_1_exp_Experiment_1_seed_42
199,popular_1_exp_Experiment_1_seed_42
452,popular_1_exp_Experiment_1_seed_42
471,popular_1_exp_Experiment_1_seed_42
105,popular_1_exp_Experiment_1_seed_42
146,popular_1_exp_Experiment_1_seed_42
578,popular_1_exp_Experiment_1_seed_42
410,popular_1_exp_Experiment_1_seed_42
221,popular_1_exp_Experiment_1_seed_42
297,popular_1_exp_Experiment_1_seed_42
210,popular_1_exp_Experiment_1_seed_42
15,popular_1_exp_Experiment_1_seed_42
254,popular_1_exp_Experiment_1_seed_42
402,popular_1_exp_Experiment_1_seed_42
457,popular_1_exp_Experiment_1_seed_42
334,popular_1_exp_Experiment_1_seed_42
524,popular_1_exp_Experiment_1_seed_42
472,popular_1_exp_Experiment_1_seed_42
336,popular_1_exp_Experiment_1_seed_42
527,popular_1_exp_Experiment_1_seed_42
283,popular_1_exp_Experiment_1_seed_42
52,popular_1_exp_Experiment_1_seed_42
461,popular_1_exp_Experiment_1_seed_42
12,popular_1_exp_Experiment_1_seed_42
514,popular_1_exp_Experiment_1_seed_42
54,popular_1_exp_Experiment_1_seed_42
393,popular_1_exp_Experiment_1_seed_42
437,popular_1_exp_Experiment_1_seed_42
216,popular_1_exp_Experiment_1_seed_42
488,popular_1_exp_Experiment_1_seed_42
309,popular_1_exp_Experiment_1_seed_42
547,popular_1_exp_Experiment_1_seed_42
552,popular_1_exp_Experiment_1_seed_42
21,popular_1_exp_Experiment_1_seed_42
278,popular_1_exp_Experiment_1_seed_42
375,popular_1_exp_Experiment_1_seed_42
455,popular_1_exp_Experiment_1_seed_42
34,popular_1_exp_Experiment_1_seed_42
11,popular_1_exp_Experiment_1_seed_42
136,popular_1_exp_Experiment_1_seed_42
147,popular_1_exp_Experiment_1_seed_42
49,popular_1_exp_Experiment_1_seed_42
508,popular_1_exp_Experiment_1_seed_42
595,popular_1_exp_Experiment_1_seed_42
296,popular_1_exp_Experiment_1_seed_42
4,popular_1_exp_Experiment_1_seed_42
165,popular_1_exp_Experiment_1_seed_42
397,popular_1_exp_Experiment_1_seed_42
169,popular_1_exp_Experiment_1_seed_42
446,popular_1_exp_Experiment_1_seed_42
518,popular_1_exp_Experiment_1_seed_42
499,popular_1_exp_Experiment_1_seed_42
509,popular_1_exp_Experiment_1_seed_42
44,popular_1_exp_Experiment_1_seed_42
248,popular_1_exp_Experiment_1_seed_42
376,popular_1_exp_Experiment_1_seed_42
133,popular_1_exp_Experiment_1_seed_42
569,popular_1_exp_Experiment_1_seed_42
560,popular_1_exp_Experiment_1_seed_42
466,popular_1_exp_Experiment_1_seed_42
348,popular_1_exp_Experiment_1_seed_42
101,popular_1_exp_Experiment_1_seed_42
64,popular_1_exp_Experiment_1_seed_42
360,popular_1_exp_Experiment_1_seed_42
189,popular_1_exp_Experiment_1_seed_42
78,popular_1_exp_Experiment_1_seed_42
118,popular_1_exp_Experiment_1_seed_42
380,popular_1_exp_Experiment_1_seed_42
131,popular_1_exp_Experiment_1_seed_42
188,popular_1_exp_Experiment_1_seed_42
186,popular_1_exp_Experiment_1_seed_42
441,popular_1_exp_Experiment_1_seed_42
422,popular_1_exp_Experiment_1_seed_42
233,popular_1_exp_Experiment_1_seed_42
445,popular_1_exp_Experiment_1_seed_42
400,popular_1_exp_Experiment_1_seed_42
154,popular_1_exp_Experiment_1_seed_42
50,popular_1_exp_Experiment_1_seed_42
73,popular_1_exp_Experiment_1_seed_42
156,popular_1_exp_Experiment_1_seed_42
425,popular_1_exp_Experiment_1_seed_42
308,popular_1_exp_Experiment_1_seed_42
447,popular_1_exp_Experiment_1_seed_42
423,popular_1_exp_Experiment_1_seed_42
263,popular_1_exp_Experiment_1_seed_42
324,popular_1_exp_Experiment_1_seed_42
92,popular_1_exp_Experiment_1_seed_42
413,popular_1_exp_Experiment_1_seed_42
543,popular_1_exp_Experiment_1_seed_42
38,popular_1_exp_Experiment_1_seed_42
535,popular_1_exp_Experiment_1_seed_42
411,popular_1_exp_Experiment_1_seed_42
275,popular_1_exp_Experiment_1_seed_42
501,popular_1_exp_Experiment_1_seed_42
271,popular_1_exp_Experiment_1_seed_42
368,popular_1_exp_Experiment_1_seed_42
89,popular_1_exp_Experiment_1_seed_42
358,popular_1_exp_Experiment_1_seed_42
273,popular_1_exp_Experiment_1_seed_42
346,popular_1_exp_Experiment_1_seed_42
339,popular_1_exp_Experiment_1_seed_42
106,popular_1_exp_Experiment_1_seed_42
529,popular_1_exp_Experiment_1_seed_42
100,popular_1_exp_Experiment_1_seed_42
497,popular_1_exp_Experiment_1_seed_42
67,popular_1_exp_Experiment_1_seed_42
2,popular_1_exp_Experiment_1_seed_42
185,popular_1_exp_Experiment_1_seed_42
315,popular_1_exp_Experiment_1_seed_42
377,popular_1_exp_Experiment_1_seed_42
503,popular_1_exp_Experiment_1_seed_42
247,popular_1_exp_Experiment_1_seed_42
448,popular_1_exp_Experiment_1_seed_42
313,popular_1_exp_Experiment_1_seed_42
279,popular_1_exp_Experiment_1_seed_42
202,popular_1_exp_Experiment_1_seed_42
337,popular_1_exp_Experiment_1_seed_42
280,popular_1_exp_Experiment_1_seed_42
426,popular_1_exp_Experiment_1_seed_42
228,popular_1_exp_Experiment_1_seed_42
474,popular_1_exp_Experiment_1_seed_42
209,popular_1_exp_Experiment_1_seed_42
523,popular_1_exp_Experiment_1_seed_42
138,popular_1_exp_Experiment_1_seed_42
421,popular_1_exp_Experiment_1_seed_42
536,popular_1_exp_Experiment_1_seed_42
68,popular_1_exp_Experiment_1_seed_42
381,popular_1_exp_Experiment_1_seed_42
163,popular_1_exp_Experiment_1_seed_42
245,popular_1_exp_Experiment_1_seed_42
359,popular_1_exp_Experiment_1_seed_42
566,popular_1_exp_Experiment_1_seed_42
289,popular_1_exp_Experiment_1_seed_42
327,popular_1_exp_Experiment_1_seed_42
351,popular_1_exp_Experiment_1_seed_42
493,popular_1_exp_Experiment_1_seed_42
546,popular_1_exp_Experiment_1_seed_42
388,popular_1_exp_Experiment_1_seed_42
583,popular_1_exp_Experiment_1_seed_42
130,popular_1_exp_Experiment_1_seed_42
161,popular_1_exp_Experiment_1_seed_42
564,popular_1_exp_Experiment_1_seed_42
389,popular_1_exp_Experiment_1_seed_42
153,popular_1_exp_Experiment_1_seed_42
95,popular_1_exp_Experiment_1_seed_42
540,popular_1_exp_Experiment_1_seed_42
255,popular_1_exp_Experiment_1_seed_42
82,popular_1_exp_Experiment_1_seed_42
481,popular_1_exp_Experiment_1_seed_42
125,popular_1_exp_Experiment_1_seed_42
37,popular_1_exp_Experiment_1_seed_42
17,popular_1_exp_Experiment_1_seed_42
335,popular_1_exp_Experiment_1_seed_42
545,popular_1_exp_Experiment_1_seed_42
18,popular_1_exp_Experiment_1_seed_42
214,popular_1_exp_Experiment_1_seed_42
443,popular_1_exp_Experiment_1_seed_42
332,popular_1_exp_Experiment_1_seed_42
558,popular_1_exp_Experiment_1_seed_42
35,popular_1_exp_Experiment_1_seed_42
246,popular_1_exp_Experiment_1_seed_42
390,popular_1_exp_Experiment_1_seed_42
33,popular_1_exp_Experiment_1_seed_42
516,popular_1_exp_Experiment_1_seed_42
568,popular_1_exp_Experiment_1_seed_42
424,popular_1_exp_Experiment_1_seed_42
198,popular_1_exp_Experiment_1_seed_42
599,popular_1_exp_Experiment_1_seed_42
491,popular_1_exp_Experiment_1_seed_42
270,popular_1_exp_Experiment_1_seed_42
294,popular_1_exp_Experiment_1_seed_42
241,popular_1_exp_Experiment_1_seed_42
412,popular_1_exp_Experiment_1_seed_42
331,popular_1_exp_Experiment_1_seed_42
340,popular_1_exp_Experiment_1_seed_42
212,popular_1_exp_Experiment_1_seed_42
134,popular_1_exp_Experiment_1_seed_42
97,popular_1_exp_Experiment_1_seed_42
258,popular_1_exp_Experiment_1_seed_42
490,popular_1_exp_Experiment_1_seed_42
90,popular_1_exp_Experiment_1_seed_42
129,popular_1_exp_Experiment_1_seed_42
301,popular_1_exp_Experiment_1_seed_42
127,popular_1_exp_Experiment_1_seed_42
475,popular_1_exp_Experiment_1_seed_42
155,popular_1_exp_Experiment_1_seed_42
72,popular_1_exp_Experiment_1_seed_42
140,popular_1_exp_Experiment_1_seed_42
450,popular_1_exp_Experiment_1_seed_42
440,popular_1_exp_Experiment_1_seed_42
537,popular_1_exp_Experiment_1_seed_42
113,popular_1_exp_Experiment_1_seed_42
235,popular_1_exp_Experiment_1_seed_42
476,popular_1_exp_Experiment_1_seed_42
406,popular_1_exp_Experiment_1_seed_42
111,popular_1_exp_Experiment_1_seed_42
80,popular_1_exp_Experiment_1_seed_42
318,popular_1_exp_Experiment_1_seed_42
391,popular_1_exp_Experiment_1_seed_42
344,popular_1_exp_Experiment_1_seed_42
121,popular_1_exp_Experiment_1_seed_42
591,popular_1_exp_Experiment_1_seed_42
551,popular_1_exp_Experiment_1_seed_42
226,popular_1_exp_Experiment_1_seed_42
467,popular_1_exp_Experiment_1_seed_42
10,popular_1_exp_Experiment_1_seed_42
532,popular_1_exp_Experiment_1_seed_42
75,popular_1_exp_Experiment_1_seed_42
211,popular_1_exp_Experiment_1_seed_42
250,popular_1_exp_Experiment_1_seed_42
403,popular_1_exp_Experiment_1_seed_42
562,popular_1_exp_Experiment_1_seed_42
525,popular_1_exp_Experiment_1_seed_42
86,popular_1_exp_Experiment_1_seed_42
365,popular_1_exp_Experiment_1_seed_42
571,popular_1_exp_Experiment_1_seed_42
266,popular_1_exp_Experiment_1_seed_42
542,popular_1_exp_Experiment_1_seed_42
396,popular_1_exp_Experiment_1_seed_42
225,popular_1_exp_Experiment_1_seed_42
230,popular_1_exp_Experiment_1_seed_42
434,popular_1_exp_Experiment_1_seed_42
174,popular_1_exp_Experiment_1_seed_42
322,popular_1_exp_Experiment_1_seed_42
311,popular_1_exp_Experiment_1_seed_42
36,popular_1_exp_Experiment_1_seed_42
307,popular_1_exp_Experiment_1_seed_42
261,popular_1_exp_Experiment_1_seed_42
184,popular_1_exp_Experiment_1_seed_42
329,popular_1_exp_Experiment_1_seed_42
477,popular_1_exp_Experiment_1_seed_42
342,popular_1_exp_Experiment_1_seed_42
596,popular_1_exp_Experiment_1_seed_42
372,popular_1_exp_Experiment_1_seed_42
325,popular_1_exp_Experiment_1_seed_42
6,popular_1_exp_Experiment_1_seed_42
170,popular_1_exp_Experiment_1_seed_42
194,popular_1_exp_Experiment_1_seed_42
567,popular_1_exp_Experiment_1_seed_42
417,popular_1_exp_Experiment_1_seed_42
160,popular_1_exp_Experiment_1_seed_42
158,popular_1_exp_Experiment_1_seed_42
541,popular_1_exp_Experiment_1_seed_42
137,popular_1_exp_Experiment_1_seed_42
528,popular_1_exp_Experiment_1_seed_42
84,popular_1_exp_Experiment_1_seed_42
13,popular_1_exp_Experiment_1_seed_42
361,popular_1_exp_Experiment_1_seed_42
418,popular_1_exp_Experiment_1_seed_42
58,popular_1_exp_Experiment_1_seed_42
124,popular_1_exp_Experiment_1_seed_42
115,popular_1_exp_Experiment_1_seed_42
349,popular_1_exp_Experiment_1_seed_42
8,popular_1_exp_Experiment_1_seed_42
487,popular_1_exp_Experiment_1_seed_42
102,popular_1_exp_Experiment_1_seed_42
483,popular_1_exp_Experiment_1_seed_42
352,popular_1_exp_Experiment_1_seed_42
500,popular_1_exp_Experiment_1_seed_42
20,popular_1_exp_Experiment_1_seed_42
19,popular_1_exp_Experiment_1_seed_42
242,popular_1_exp_Experiment_1_seed_42
267,popular_1_exp_Experiment_1_seed_42
128,popular_1_exp_Experiment_1_seed_42
208,popular_1_exp_Experiment_1_seed_42
109,popular_1_exp_Experiment_1_seed_42
27,popular_1_exp_Experiment_1_seed_42
70,popular_1_exp_Experiment_1_seed_42
45,popular_1_exp_Experiment_1_seed_42
173,popular_1_exp_Experiment_1_seed_42
43,popular_1_exp_Experiment_1_seed_42
48,popular_1_exp_Experiment_1_seed_42
85,popular_1_exp_Experiment_1_seed_42
164,popular_1_exp_Experiment_1_seed_42
251,popular_1_exp_Experiment_1_seed_42
310,popular_1_exp_Experiment_1_seed_42
504,popular_1_exp_Experiment_1_seed_42
66,popular_1_exp_Experiment_1_seed_42
192,popular_1_exp_Experiment_1_seed_42
557,popular_1_exp_Experiment_1_seed_42
29,popular_1_exp_Experiment_1_seed_42
122,popular_1_exp_Experiment_1_seed_42
88,popular_1_exp_Experiment_1_seed_42
55,popular_1_exp_Experiment_1_seed_42
312,popular_1_exp_Experiment_1_seed_42
399,popular_1_exp_Experiment_1_seed_42
531,popular_1_exp_Experiment_1_seed_42
213,popular_1_exp_Experiment_1_seed_42
243,popular_1_exp_Experiment_1_seed_42
544,popular_1_exp_Experiment_1_seed_42
252,popular_1_exp_Experiment_1_seed_42
265,popular_1_exp_Experiment_1_seed_42
374,popular_1_exp_Experiment_1_seed_42
190,popular_1_exp_Experiment_1_seed_42
573,popular_1_exp_Experiment_1_seed_42
367,popular_1_exp_Experiment_1_seed_42
253,popular_1_exp_Experiment_1_seed_42
217,popular_1_exp_Experiment_1_seed_42
515,popular_1_exp_Experiment_1_seed_42
24,popular_1_exp_Experiment_1_seed_42
149,popular_1_exp_Experiment_1_seed_42
28,popular_1_exp_Experiment_1_seed_42
260,popular_1_exp_Experiment_1_seed_42
444,popular_1_exp_Experiment_1_seed_42
559,popular_1_exp_Experiment_1_seed_42
350,popular_1_exp_Experiment_1_seed_42
409,popular_1_exp_Experiment_1_seed_42
378,popular_1_exp_Experiment_1_seed_42
570,popular_1_exp_Experiment_1_seed_42
489,popular_1_exp_Experiment_1_seed_42
363,popular_1_exp_Experiment_1_seed_42
200,popular_1_exp_Experiment_1_seed_42
119,popular_1_exp_Experiment_1_seed_42
495,popular_1_exp_Experiment_1_seed_42
498,popular_1_exp_Experiment_1_seed_42
135,popular_1_exp_Experiment_1_seed_42
104,popular_1_exp_Experiment_1_seed_42
449,popular_1_exp_Experiment_1_seed_42
355,popular_1_exp_Experiment_1_seed_42
264,popular_1_exp_Experiment_1_seed_42
69,popular_1_exp_Experiment_1_seed_42
74,popular_1_exp_Experiment_1_seed_42
469,popular_1_exp_Experiment_1_seed_42
438,popular_1_exp_Experiment_1_seed_42
277,popular_1_exp_Experiment_1_seed_42
429,popular_1_exp_Experiment_1_seed_42
589,popular_1_exp_Experiment_1_seed_42
215,popular_1_exp_Experiment_1_seed_42
598,popular_1_exp_Experiment_1_seed_42
107,popular_1_exp_Experiment_1_seed_42
256,popular_1_exp_Experiment_1_seed_42
197,popular_1_exp_Experiment_1_seed_42
465,popular_1_exp_Experiment_1_seed_42
593,popular_1_exp_Experiment_1_seed_42
304,popular_1_exp_Experiment_1_seed_42
428,popular_1_exp_Experiment_1_seed_42
287,popular_1_exp_Experiment_1_seed_42
354,popular_1_exp_Experiment_1_seed_42
519,popular_1_exp_Experiment_1_seed_42
23,popular_1_exp_Experiment_1_seed_42
303,popular_1_exp_Experiment_1_seed_42
460,popular_1_exp_Experiment_1_seed_42
392,popular_1_exp_Experiment_1_seed_42
427,popular_1_exp_Experiment_1_seed_42
319,popular_1_exp_Experiment_1_seed_42
420,popular_1_exp_Experiment_1_seed_42
408,popular_1_exp_Experiment_1_seed_42
76,popular_1_exp_Experiment_1_seed_42
398,popular_1_exp_Experiment_1_seed_42
343,popular_1_exp_Experiment_1_seed_42
62,popular_1_exp_Experiment_1_seed_42
259,popular_1_exp_Experiment_1_seed_42
177,popular_1_exp_Experiment_1_seed_42
31,popular_1_exp_Experiment_1_seed_42
435,popular_1_exp_Experiment_1_seed_42
224,popular_1_exp_Experiment_1_seed_42
314,popular_1_exp_Experiment_1_seed_42
384,popular_1_exp_Experiment_1_seed_42
575,popular_1_exp_Experiment_1_seed_42
507,popular_1_exp_Experiment_1_seed_42
116,popular_1_exp_Experiment_1_seed_42
453,popular_1_exp_Experiment_1_seed_42
338,popular_1_exp_Experiment_1_seed_42
231,popular_1_exp_Experiment_1_seed_42
505,popular_1_exp_Experiment_1_seed_42
196,popular_1_exp_Experiment_1_seed_42
201,popular_1_exp_Experiment_1_seed_42
60,popular_1_exp_Experiment_1_seed_42
181,popular_1_exp_Experiment_1_seed_42
0,popular_1_exp_Experiment_1_seed_42
496,popular_1_exp_Experiment_1_seed_42
236,popular_1_exp_Experiment_1_seed_42
276,popular_1_exp_Experiment_1_seed_42
291,popular_1_exp_Experiment_1_seed_42
191,popular_1_exp_Experiment_1_seed_42
5,popular_1_exp_Experiment_1_seed_42
561,popular_1_exp_Experiment_1_seed_42
371,popular_1_exp_Experiment_1_seed_42
269,popular_1_exp_Experiment_1_seed_42
373,popular_1_exp_Experiment_1_seed_42
480,popular_1_exp_Experiment_1_seed_42
485,popular_1_exp_Experiment_1_seed_42
586,popular_1_exp_Experiment_1_seed_42
9,popular_1_exp_Experiment_1_seed_42
587,popular_1_exp_Experiment_1_seed_42
207,popular_1_exp_Experiment_1_seed_42
159,popular_1_exp_Experiment_1_seed_42
286,popular_1_exp_Experiment_1_seed_42
175,popular_1_exp_Experiment_1_seed_42
290,popular_1_exp_Experiment_1_seed_42
25,popular_1_exp_Experiment_1_seed_42
486,popular_1_exp_Experiment_1_seed_42
262,popular_1_exp_Experiment_1_seed_42
526,popular_1_exp_Experiment_1_seed_42
341,popular_1_exp_Experiment_1_seed_42
302,popular_1_exp_Experiment_1_seed_42
229,popular_1_exp_Experiment_1_seed_42
91,popular_1_exp_Experiment_1_seed_42
182,popular_1_exp_Experiment_1_seed_42
316,popular_1_exp_Experiment_1_seed_42
87,popular_1_exp_Experiment_1_seed_42
464,popular_1_exp_Experiment_1_seed_42
574,popular_1_exp_Experiment_1_seed_42
321,popular_1_exp_Experiment_1_seed_42
521,popular_1_exp_Experiment_1_seed_42
362,popular_1_exp_Experiment_1_seed_42
456,popular_1_exp_Experiment_1_seed_42
56,popular_1_exp_Experiment_1_seed_42
288,popular_1_exp_Experiment_1_seed_42
414,popular_1_exp_Experiment_1_seed_42
7,popular_1_exp_Experiment_1_seed_42
157,popular_1_exp_Experiment_1_seed_42
539,popular_1_exp_Experiment_1_seed_42
94,popular_1_exp_Experiment_1_seed_42
16,popular_1_exp_Experiment_1_seed_42
405,popular_1_exp_Experiment_1_seed_42
430,popular_1_exp_Experiment_1_seed_42
482,popular_1_exp_Experiment_1_seed_42
451,popular_1_exp_Experiment_1_seed_42
401,popular_1_exp_Experiment_1_seed_42
579,popular_1_exp_Experiment_1_seed_42
205,popular_1_exp_Experiment_1_seed_42
513,popular_1_exp_Experiment_1_seed_42
166,popular_1_exp_Experiment_1_seed_42
512,popular_1_exp_Experiment_1_seed_42
582,popular_1_exp_Experiment_1_seed_42
257,popular_1_exp_Experiment_1_seed_42
187,popular_1_exp_Experiment_1_seed_42
93,popular_1_exp_Experiment_1_seed_42
357,popular_1_exp_Experiment_1_seed_42
65,popular_1_exp_Experiment_1_seed_42
383,popular_1_exp_Experiment_1_seed_42
572,popular_1_exp_Experiment_1_seed_42
306,popular_1_exp_Experiment_1_seed_42
238,popular_1_exp_Experiment_1_seed_42
387,popular_1_exp_Experiment_1_seed_42
548,popular_1_exp_Experiment_1_seed_42
206,popular_1_exp_Experiment_1_seed_42
517,popular_1_exp_Experiment_1_seed_42
40,popular_1_exp_Experiment_1_seed_42
436,popular_1_exp_Experiment_1_seed_42
272,popular_1_exp_Experiment_1_seed_42
195,popular_1_exp_Experiment_1_seed_42
554,popular_1_exp_Experiment_1_seed_42
152,popular_1_exp_Experiment_1_seed_42
577,popular_1_exp_Experiment_1_seed_42
439,popular_1_exp_Experiment_1_seed_42
145,popular_1_exp_Experiment_1_seed_42
57,popular_1_exp_Experiment_1_seed_42
369,popular_1_exp_Experiment_1_seed_42
142,popular_1_exp_Experiment_1_seed_42
96,popular_1_exp_Experiment_1_seed_42
353,popular_1_exp_Experiment_1_seed_42
292,popular_1_exp_Experiment_1_seed_42
168,popular_1_exp_Experiment_1_seed_42
218,popular_1_exp_Experiment_1_seed_42
419,popular_1_exp_Experiment_1_seed_42
317,popular_1_exp_Experiment_1_seed_42
150,popular_1_exp_Experiment_1_seed_42
123,popular_1_exp_Experiment_1_seed_42
364,popular_1_exp_Experiment_1_seed_42
382,popular_1_exp_Experiment_1_seed_42
114,popular_1_exp_Experiment_1_seed_42
549,popular_1_exp_Experiment_1_seed_42
148,popular_1_exp_Experiment_1_seed_42
305,popular_1_exp_Experiment_1_seed_42
370,popular_1_exp_Experiment_1_seed_42
550,popular_1_exp_Experiment_1_seed_42
110,popular_1_exp_Experiment_1_seed_42
63,popular_1_exp_Experiment_1_seed_42
492,popular_1_exp_Experiment_1_seed_42
553,popular_1_exp_Experiment_1_seed_42
47,popular_1_exp_Experiment_1_seed_42
330,popular_1_exp_Experiment_1_seed_42
176,popular_1_exp_Experiment_1_seed_42
356,popular_1_exp_Experiment_1_seed_42
407,popular_1_exp_Experiment_1_seed_42
394,popular_1_exp_Experiment_1_seed_42
458,popular_1_exp_Experiment_1_seed_42
22,popular_1_exp_Experiment_1_seed_42
395,popular_1_exp_Experiment_1_seed_42
239,popular_1_exp_Experiment_1_seed_42
234,popular_1_exp_Experiment_1_seed_42
53,popular_1_exp_Experiment_1_seed_42
98,popular_1_exp_Experiment_1_seed_42
232,popular_1_exp_Experiment_1_seed_42
178,popular_1_exp_Experiment_1_seed_42
162,popular_1_exp_Experiment_1_seed_42
479,popular_1_exp_Experiment_1_seed_42
385,popular_1_exp_Experiment_1_seed_42
462,popular_1_exp_Experiment_1_seed_42
328,popular_1_exp_Experiment_1_seed_42
506,popular_1_exp_Experiment_1_seed_42
299,popular_1_exp_Experiment_1_seed_42
167,popular_1_exp_Experiment_1_seed_42
386,popular_1_exp_Experiment_1_seed_42
522,popular_1_exp_Experiment_1_seed_42
26,popular_1_exp_Experiment_1_seed_42
183,popular_1_exp_Experiment_1_seed_42
320,popular_1_exp_Experiment_1_seed_42
172,popular_1_exp_Experiment_1_seed_42
103,popular_1_exp_Experiment_1_seed_42
203,popular_1_exp_Experiment_1_seed_42
333,popular_1_exp_Experiment_1_seed_42
347,popular_1_exp_Experiment_1_seed_42
249,popular_1_exp_Experiment_1_seed_42
274,popular_1_exp_Experiment_1_seed_42
14,popular_1_exp_Experiment_1_seed_42
300,popular_1_exp_Experiment_1_seed_42
223,popular_1_exp_Experiment_1_seed_42
502,popular_1_exp_Experiment_1_seed_42
193,popular_1_exp_Experiment_1_seed_42
285,popular_1_exp_Experiment_1_seed_42
404,popular_1_exp_Experiment_1_seed_42
533,popular_1_exp_Experiment_1_seed_42
112,popular_1_exp_Experiment_1_seed_42
284,popular_1_exp_Experiment_1_seed_42
108,popular_1_exp_Experiment_1_seed_42
345,popular_1_exp_Experiment_1_seed_42
415,popular_1_exp_Experiment_1_seed_42
220,popular_1_exp_Experiment_1_seed_42
366,popular_1_exp_Experiment_1_seed_42
222,popular_1_exp_Experiment_1_seed_42
139,popular_1_exp_Experiment_1_seed_42
463,popular_1_exp_Experiment_1_seed_42
41,popular_1_exp_Experiment_1_seed_42
83,popular_1_exp_Experiment_1_seed_42
590,popular_1_exp_Experiment_1_seed_42
470,popular_1_exp_Experiment_1_seed_42
268,popular_1_exp_Experiment_1_seed_42
530,popular_1_exp_Experiment_1_seed_42
180,popular_1_exp_Experiment_1_seed_42
468,popular_1_exp_Experiment_1_seed_42
77,popular_1_exp_Experiment_1_seed_42
563,popular_1_exp_Experiment_1_seed_42
588,popular_1_exp_Experiment_1_seed_42
454,popular_1_exp_Experiment_1_seed_42
295,popular_1_exp_Experiment_1_seed_42
478,popular_1_exp_Experiment_1_seed_42
565,popular_1_exp_Experiment_1_seed_42
144,popular_1_exp_Experiment_1_seed_42
581,popular_1_exp_Experiment_1_seed_42
39,popular_1_exp_Experiment_1_seed_42
510,popular_1_exp_Experiment_1_seed_42
431,popular_1_exp_Experiment_1_seed_42
71,popular_1_exp_Experiment_1_seed_42
99,popular_1_exp_Experiment_1_seed_42
584,popular_1_exp_Experiment_1_seed_42
42,popular_1_exp_Experiment_1_seed_42
538,popular_1_exp_Experiment_1_seed_42
592,popular_1_exp_Experiment_1_seed_42
117,popular_1_exp_Experiment_1_seed_42
151,popular_1_exp_Experiment_1_seed_42
3,popular_1_exp_Experiment_1_seed_42
433,popular_1_exp_Experiment_1_seed_42
237,popular_1_exp_Experiment_1_seed_42
580,popular_1_exp_Experiment_1_seed_42
555,popular_1_exp_Experiment_1_seed_42
511,popular_1_exp_Experiment_1_seed_42
171,popular_1_exp_Experiment_1_seed_42
30,popular_1_exp_Experiment_1_seed_42
46,popular_1_exp_Experiment_1_seed_42
227,popular_1_exp_Experiment_1_seed_42
459,popular_1_exp_Experiment_1_seed_42
534,popular_1_exp_Experiment_1_seed_42
293,popular_1_exp_Experiment_1_seed_42
520,popular_1_exp_Experiment_1_seed_42
494,popular_1_exp_Experiment_1_seed_42
379,popular_1_exp_Experiment_1_seed_42
282,popular_1_exp_Experiment_1_seed_42
240,popular_1_exp_Experiment_1_seed_42
323,popular_1_exp_Experiment_1_seed_42
120,popular_1_exp_Experiment_1_seed_42
51,popular_1_exp_Experiment_1_seed_42
298,popular_1_exp_Experiment_1_seed_42
59,popular_1_exp_Experiment_1_seed_42
442,popular_1_exp_Experiment_1_seed_42
281,popular_1_exp_Experiment_1_seed_42
597,popular_1_exp_Experiment_1_seed_42
244,popular_1_exp_Experiment_1_seed_42
179,popular_1_exp_Experiment_1_seed_42
81,popular_1_exp_Experiment_1_seed_42
219,popular_1_exp_Experiment_1_seed_42
204,popular_1_exp_Experiment_1_seed_42
556,popular_1_exp_Experiment_1_seed_42
126,popular_1_exp_Experiment_1_seed_42
576,popular_1_exp_Experiment_1_seed_42
416,popular_1_exp_Experiment_1_seed_42
132,popular_1_exp_Experiment_1_seed_42
32,popular_1_exp_Experiment_1_seed_42
594,popular_1_exp_Experiment_1_seed_42
79,popular_1_exp_Experiment_1_seed_42
1,popular_1_exp_Experiment_1_seed_42
484,popular_1_exp_Experiment_1_seed_42
585,popular_1_exp_Experiment_1_seed_42
143,popular_1_exp_Experiment_1_seed_42
473,popular_1_exp_Experiment_1_seed_42
141,popular_1_exp_Experiment_1_seed_42
326,popular_1_exp_Experiment_1_seed_42
61,popular_1_exp_Experiment_1_seed_42
432,popular_1_exp_Experiment_1_seed_42
199,popular_1_exp_Experiment_1_seed_42
452,popular_1_exp_Experiment_1_seed_42
471,popular_1_exp_Experiment_1_seed_42
105,popular_1_exp_Experiment_1_seed_42
146,popular_1_exp_Experiment_1_seed_42
578,popular_1_exp_Experiment_1_seed_42
410,popular_1_exp_Experiment_1_seed_42
221,popular_1_exp_Experiment_1_seed_42
297,popular_1_exp_Experiment_1_seed_42
210,popular_1_exp_Experiment_1_seed_42
15,popular_1_exp_Experiment_1_seed_42
254,popular_1_exp_Experiment_1_seed_42
402,popular_1_exp_Experiment_1_seed_42
457,popular_1_exp_Experiment_1_seed_42
334,popular_1_exp_Experiment_1_seed_42
524,popular_1_exp_Experiment_1_seed_42
472,popular_1_exp_Experiment_1_seed_42
336,popular_1_exp_Experiment_1_seed_42
527,popular_1_exp_Experiment_1_seed_42
283,popular_1_exp_Experiment_1_seed_42
52,popular_1_exp_Experiment_1_seed_42
461,popular_1_exp_Experiment_1_seed_42
12,popular_1_exp_Experiment_1_seed_42
514,popular_1_exp_Experiment_1_seed_42
54,popular_1_exp_Experiment_1_seed_42
393,popular_1_exp_Experiment_1_seed_42
437,popular_1_exp_Experiment_1_seed_42
216,popular_1_exp_Experiment_1_seed_42
488,popular_1_exp_Experiment_1_seed_42
309,popular_1_exp_Experiment_1_seed_42
547,popular_1_exp_Experiment_1_seed_42
552,popular_1_exp_Experiment_1_seed_42
21,popular_1_exp_Experiment_1_seed_42
278,popular_1_exp_Experiment_1_seed_42
375,popular_1_exp_Experiment_1_seed_42
455,popular_1_exp_Experiment_1_seed_42
34,popular_1_exp_Experiment_1_seed_42
11,popular_1_exp_Experiment_1_seed_42
136,popular_1_exp_Experiment_1_seed_42
147,popular_1_exp_Experiment_1_seed_42
49,popular_1_exp_Experiment_1_seed_42
508,popular_1_exp_Experiment_1_seed_42
595,popular_1_exp_Experiment_1_seed_42
296,popular_1_exp_Experiment_1_seed_42
4,popular_1_exp_Experiment_1_seed_42
165,popular_1_exp_Experiment_1_seed_42
397,popular_1_exp_Experiment_1_seed_42
169,popular_1_exp_Experiment_1_seed_42
446,popular_1_exp_Experiment_1_seed_42
518,popular_1_exp_Experiment_1_seed_42
499,popular_1_exp_Experiment_1_seed_42
509,popular_1_exp_Experiment_1_seed_42
44,popular_1_exp_Experiment_1_seed_42
248,popular_1_exp_Experiment_1_seed_42
376,popular_1_exp_Experiment_1_seed_42
133,popular_1_exp_Experiment_1_seed_42
569,popular_1_exp_Experiment_1_seed_42
560,popular_1_exp_Experiment_1_seed_42
466,popular_1_exp_Experiment_1_seed_42
348,popular_1_exp_Experiment_1_seed_42
101,popular_1_exp_Experiment_1_seed_42
64,popular_1_exp_Experiment_1_seed_42
360,popular_1_exp_Experiment_1_seed_42
189,popular_1_exp_Experiment_1_seed_42
78,popular_1_exp_Experiment_1_seed_42
118,popular_1_exp_Experiment_1_seed_42
380,popular_1_exp_Experiment_1_seed_42
131,popular_1_exp_Experiment_1_seed_42
188,popular_1_exp_Experiment_1_seed_42
186,popular_1_exp_Experiment_1_seed_42
441,popular_1_exp_Experiment_1_seed_42
422,popular_1_exp_Experiment_1_seed_42
233,popular_1_exp_Experiment_1_seed_42
445,popular_1_exp_Experiment_1_seed_42
400,popular_1_exp_Experiment_1_seed_42
154,popular_1_exp_Experiment_1_seed_42
50,popular_1_exp_Experiment_1_seed_42
73,popular_1_exp_Experiment_1_seed_42
156,popular_1_exp_Experiment_1_seed_42
425,popular_1_exp_Experiment_1_seed_42
308,popular_1_exp_Experiment_1_seed_42
447,popular_1_exp_Experiment_1_seed_42
423,popular_1_exp_Experiment_1_seed_42
263,popular_1_exp_Experiment_1_seed_42
324,popular_1_exp_Experiment_1_seed_42
92,popular_1_exp_Experiment_1_seed_42
413,popular_1_exp_Experiment_1_seed_42
543,popular_1_exp_Experiment_1_seed_42
38,popular_1_exp_Experiment_1_seed_42
535,popular_1_exp_Experiment_1_seed_42
411,popular_1_exp_Experiment_1_seed_42
275,popular_1_exp_Experiment_1_seed_42
501,popular_1_exp_Experiment_1_seed_42
271,popular_1_exp_Experiment_1_seed_42
368,popular_1_exp_Experiment_1_seed_42
89,popular_1_exp_Experiment_1_seed_42
358,popular_1_exp_Experiment_1_seed_42
273,popular_1_exp_Experiment_1_seed_42
346,popular_1_exp_Experiment_1_seed_42
339,popular_1_exp_Experiment_1_seed_42
106,popular_1_exp_Experiment_1_seed_42
529,popular_1_exp_Experiment_1_seed_42
100,popular_1_exp_Experiment_1_seed_42
497,popular_1_exp_Experiment_1_seed_42
67,popular_1_exp_Experiment_1_seed_42
2,popular_1_exp_Experiment_1_seed_42
185,popular_1_exp_Experiment_1_seed_42
315,popular_1_exp_Experiment_1_seed_42
377,popular_1_exp_Experiment_1_seed_42
503,popular_1_exp_Experiment_1_seed_42
247,popular_1_exp_Experiment_1_seed_42
448,popular_1_exp_Experiment_1_seed_42
313,popular_1_exp_Experiment_1_seed_42
279,popular_1_exp_Experiment_1_seed_42
202,popular_1_exp_Experiment_1_seed_42
337,popular_1_exp_Experiment_1_seed_42
280,popular_1_exp_Experiment_1_seed_42
426,popular_1_exp_Experiment_1_seed_42
228,popular_1_exp_Experiment_1_seed_42
474,popular_1_exp_Experiment_1_seed_42
209,popular_1_exp_Experiment_1_seed_42
523,popular_1_exp_Experiment_1_seed_42
138,popular_1_exp_Experiment_1_seed_42
421,popular_1_exp_Experiment_1_seed_42
536,popular_1_exp_Experiment_1_seed_42
68,popular_1_exp_Experiment_1_seed_42
381,popular_1_exp_Experiment_1_seed_42
163,popular_1_exp_Experiment_1_seed_42
245,popular_1_exp_Experiment_1_seed_42
359,popular_1_exp_Experiment_1_seed_42
566,popular_1_exp_Experiment_1_seed_42
289,popular_1_exp_Experiment_1_seed_42
327,popular_1_exp_Experiment_1_seed_42
351,popular_1_exp_Experiment_1_seed_42
493,popular_1_exp_Experiment_1_seed_42
546,popular_1_exp_Experiment_1_seed_42
388,popular_1_exp_Experiment_1_seed_42
583,popular_1_exp_Experiment_1_seed_42
130,popular_1_exp_Experiment_1_seed_42
161,popular_1_exp_Experiment_1_seed_42
564,popular_1_exp_Experiment_1_seed_42
389,popular_1_exp_Experiment_1_seed_42
153,popular_1_exp_Experiment_1_seed_42
95,popular_1_exp_Experiment_1_seed_42
540,popular_1_exp_Experiment_1_seed_42
255,popular_1_exp_Experiment_1_seed_42
82,popular_1_exp_Experiment_1_seed_42
481,popular_1_exp_Experiment_1_seed_42
125,popular_1_exp_Experiment_1_seed_42
37,popular_1_exp_Experiment_1_seed_42
17,popular_1_exp_Experiment_1_seed_42
335,popular_1_exp_Experiment_1_seed_42
545,popular_1_exp_Experiment_1_seed_42
18,popular_1_exp_Experiment_1_seed_42
214,popular_1_exp_Experiment_1_seed_42
443,popular_1_exp_Experiment_1_seed_42
332,popular_1_exp_Experiment_1_seed_42
558,popular_1_exp_Experiment_1_seed_42
35,popular_1_exp_Experiment_1_seed_42
246,popular_1_exp_Experiment_1_seed_42
390,popular_1_exp_Experiment_1_seed_42
33,popular_1_exp_Experiment_1_seed_42
516,popular_1_exp_Experiment_1_seed_42
568,popular_1_exp_Experiment_1_seed_42
424,popular_1_exp_Experiment_1_seed_42
198,popular_1_exp_Experiment_1_seed_42
599,popular_1_exp_Experiment_1_seed_42
491,popular_1_exp_Experiment_1_seed_42
270,popular_1_exp_Experiment_1_seed_42
294,popular_1_exp_Experiment_1_seed_42
241,popular_1_exp_Experiment_1_seed_42
412,popular_1_exp_Experiment_1_seed_42
331,popular_1_exp_Experiment_1_seed_42
340,popular_1_exp_Experiment_1_seed_42
212,popular_1_exp_Experiment_1_seed_42
134,popular_1_exp_Experiment_1_seed_42
97,popular_1_exp_Experiment_1_seed_42
258,popular_1_exp_Experiment_1_seed_42
490,popular_1_exp_Experiment_1_seed_42
90,popular_1_exp_Experiment_1_seed_42
129,popular_1_exp_Experiment_1_seed_42
301,popular_1_exp_Experiment_1_seed_42
127,popular_1_exp_Experiment_1_seed_42
475,popular_1_exp_Experiment_1_seed_42
155,popular_1_exp_Experiment_1_seed_42
72,popular_1_exp_Experiment_1_seed_42
140,popular_1_exp_Experiment_1_seed_42
450,popular_1_exp_Experiment_1_seed_42
440,popular_1_exp_Experiment_1_seed_42
537,popular_1_exp_Experiment_1_seed_42
113,popular_1_exp_Experiment_1_seed_42
235,popular_1_exp_Experiment_1_seed_42
476,popular_1_exp_Experiment_1_seed_42
406,popular_1_exp_Experiment_1_seed_42
111,popular_1_exp_Experiment_1_seed_42
80,popular_1_exp_Experiment_1_seed_42
318,popular_1_exp_Experiment_1_seed_42
391,popular_1_exp_Experiment_1_seed_42
344,popular_1_exp_Experiment_1_seed_42
121,popular_1_exp_Experiment_1_seed_42
591,popular_1_exp_Experiment_1_seed_42
551,popular_1_exp_Experiment_1_seed_42
226,popular_1_exp_Experiment_1_seed_42
467,popular_1_exp_Experiment_1_seed_42
10,popular_1_exp_Experiment_1_seed_42
532,popular_1_exp_Experiment_1_seed_42
75,popular_1_exp_Experiment_1_seed_42
211,popular_1_exp_Experiment_1_seed_42
250,popular_1_exp_Experiment_1_seed_42
403,popular_1_exp_Experiment_1_seed_42
562,popular_1_exp_Experiment_1_seed_42
525,popular_1_exp_Experiment_1_seed_42
86,popular_1_exp_Experiment_1_seed_42
365,popular_1_exp_Experiment_1_seed_42
571,popular_1_exp_Experiment_1_seed_42
266,popular_1_exp_Experiment_1_seed_42
542,popular_1_exp_Experiment_1_seed_42
396,popular_1_exp_Experiment_1_seed_42
225,popular_1_exp_Experiment_1_seed_42
230,popular_1_exp_Experiment_1_seed_42
434,popular_1_exp_Experiment_1_seed_42
174,popular_1_exp_Experiment_1_seed_42
322,popular_1_exp_Experiment_1_seed_42
311,popular_1_exp_Experiment_1_seed_42
36,popular_1_exp_Experiment_1_seed_42
307,popular_1_exp_Experiment_1_seed_42
261,popular_1_exp_Experiment_1_seed_42
184,popular_1_exp_Experiment_1_seed_42
329,popular_1_exp_Experiment_1_seed_42
477,popular_1_exp_Experiment_1_seed_42
342,popular_1_exp_Experiment_1_seed_42
596,popular_1_exp_Experiment_1_seed_42
372,popular_1_exp_Experiment_1_seed_42
325,popular_1_exp_Experiment_1_seed_42
6,popular_1_exp_Experiment_1_seed_42
170,popular_1_exp_Experiment_1_seed_42
194,popular_1_exp_Experiment_1_seed_42
567,popular_1_exp_Experiment_1_seed_42
417,popular_1_exp_Experiment_1_seed_42
160,popular_1_exp_Experiment_1_seed_42
158,popular_1_exp_Experiment_1_seed_42
541,popular_1_exp_Experiment_1_seed_42
137,popular_1_exp_Experiment_1_seed_42
528,popular_1_exp_Experiment_1_seed_42
84,popular_1_exp_Experiment_1_seed_42
13,popular_1_exp_Experiment_1_seed_42
361,popular_1_exp_Experiment_1_seed_42
418,popular_1_exp_Experiment_1_seed_42
58,popular_1_exp_Experiment_1_seed_42
124,popular_1_exp_Experiment_1_seed_42
115,popular_1_exp_Experiment_1_seed_42
349,popular_1_exp_Experiment_1_seed_42
8,popular_1_exp_Experiment_1_seed_42
487,popular_1_exp_Experiment_1_seed_42
102,popular_1_exp_Experiment_1_seed_42
483,popular_1_exp_Experiment_1_seed_42
352,popular_1_exp_Experiment_1_seed_42
500,popular_1_exp_Experiment_1_seed_42
20,popular_1_exp_Experiment_1_seed_42
19,popular_1_exp_Experiment_1_seed_42
242,popular_1_exp_Experiment_1_seed_42
267,popular_1_exp_Experiment_1_seed_42
128,popular_1_exp_Experiment_1_seed_42
208,popular_1_exp_Experiment_1_seed_42
109,popular_1_exp_Experiment_1_seed_42
27,popular_1_exp_Experiment_1_seed_42
70,popular_1_exp_Experiment_1_seed_42
45,popular_1_exp_Experiment_1_seed_42
173,popular_1_exp_Experiment_1_seed_42
43,popular_1_exp_Experiment_1_seed_42
48,popular_1_exp_Experiment_1_seed_42
85,popular_1_exp_Experiment_1_seed_42
164,popular_1_exp_Experiment_1_seed_42
251,popular_1_exp_Experiment_1_seed_42
310,popular_1_exp_Experiment_1_seed_42
504,popular_1_exp_Experiment_1_seed_42
66,popular_1_exp_Experiment_1_seed_42
192,popular_1_exp_Experiment_1_seed_42
557,popular_1_exp_Experiment_1_seed_42
29,popular_1_exp_Experiment_1_seed_42
122,popular_1_exp_Experiment_1_seed_42
88,popular_1_exp_Experiment_1_seed_42
55,popular_1_exp_Experiment_1_seed_42
312,popular_1_exp_Experiment_1_seed_42
399,popular_1_exp_Experiment_1_seed_42
531,popular_1_exp_Experiment_1_seed_42
213,popular_1_exp_Experiment_1_seed_42
243,popular_1_exp_Experiment_1_seed_42
544,popular_1_exp_Experiment_1_seed_42
252,popular_1_exp_Experiment_1_seed_42
265,popular_1_exp_Experiment_1_seed_42
374,popular_1_exp_Experiment_1_seed_42
190,popular_1_exp_Experiment_1_seed_42
573,popular_1_exp_Experiment_1_seed_42
367,popular_1_exp_Experiment_1_seed_42
253,popular_1_exp_Experiment_1_seed_42
217,popular_1_exp_Experiment_1_seed_42
515,popular_1_exp_Experiment_1_seed_42
24,popular_1_exp_Experiment_1_seed_42
149,popular_1_exp_Experiment_1_seed_42
28,popular_1_exp_Experiment_1_seed_42
260,popular_1_exp_Experiment_1_seed_42
444,popular_1_exp_Experiment_1_seed_42
559,popular_1_exp_Experiment_1_seed_42
350,popular_1_exp_Experiment_1_seed_42
409,popular_1_exp_Experiment_1_seed_42
378,popular_1_exp_Experiment_1_seed_42
570,popular_1_exp_Experiment_1_seed_42
489,popular_1_exp_Experiment_1_seed_42
363,popular_1_exp_Experiment_1_seed_42
200,popular_1_exp_Experiment_1_seed_42
119,popular_1_exp_Experiment_1_seed_42
495,popular_1_exp_Experiment_1_seed_42
498,popular_1_exp_Experiment_1_seed_42
135,popular_1_exp_Experiment_1_seed_42
104,popular_1_exp_Experiment_1_seed_42
449,popular_1_exp_Experiment_1_seed_42
355,popular_1_exp_Experiment_1_seed_42
264,popular_1_exp_Experiment_1_seed_42
69,popular_1_exp_Experiment_1_seed_42
74,popular_1_exp_Experiment_1_seed_42
469,popular_1_exp_Experiment_1_seed_42
438,popular_1_exp_Experiment_1_seed_42
277,popular_1_exp_Experiment_1_seed_42
429,popular_1_exp_Experiment_1_seed_42
589,popular_1_exp_Experiment_1_seed_42
215,popular_1_exp_Experiment_1_seed_42
598,popular_1_exp_Experiment_1_seed_42
107,popular_1_exp_Experiment_1_seed_42
256,popular_1_exp_Experiment_1_seed_42
197,popular_1_exp_Experiment_1_seed_42
465,popular_1_exp_Experiment_1_seed_42
593,popular_1_exp_Experiment_1_seed_42
304,popular_1_exp_Experiment_1_seed_42
428,popular_1_exp_Experiment_1_seed_42
287,popular_1_exp_Experiment_1_seed_42
354,popular_1_exp_Experiment_1_seed_42
519,popular_1_exp_Experiment_1_seed_42
23,popular_1_exp_Experiment_1_seed_42
303,popular_1_exp_Experiment_1_seed_42
460,popular_1_exp_Experiment_1_seed_42
392,popular_1_exp_Experiment_1_seed_42
427,popular_1_exp_Experiment_1_seed_42
319,popular_1_exp_Experiment_1_seed_42
420,popular_1_exp_Experiment_1_seed_42
408,popular_1_exp_Experiment_1_seed_42
76,popular_1_exp_Experiment_1_seed_42
398,popular_1_exp_Experiment_1_seed_42
343,popular_1_exp_Experiment_1_seed_42
62,popular_1_exp_Experiment_1_seed_42
259,popular_1_exp_Experiment_1_seed_42
177,popular_1_exp_Experiment_1_seed_42
31,popular_1_exp_Experiment_1_seed_42
435,popular_1_exp_Experiment_1_seed_42
224,popular_1_exp_Experiment_1_seed_42
314,popular_1_exp_Experiment_1_seed_42
384,popular_1_exp_Experiment_1_seed_42
575,popular_1_exp_Experiment_1_seed_42
507,popular_1_exp_Experiment_1_seed_42
116,popular_1_exp_Experiment_1_seed_42
453,popular_1_exp_Experiment_1_seed_42
338,popular_1_exp_Experiment_1_seed_42
231,popular_1_exp_Experiment_1_seed_42
505,popular_1_exp_Experiment_1_seed_42
196,popular_1_exp_Experiment_1_seed_42
201,popular_1_exp_Experiment_1_seed_42
60,popular_1_exp_Experiment_1_seed_42
181,popular_1_exp_Experiment_1_seed_42
0,popular_1_exp_Experiment_1_seed_42
496,popular_1_exp_Experiment_1_seed_42
236,popular_1_exp_Experiment_1_seed_42
276,popular_1_exp_Experiment_1_seed_42
291,popular_1_exp_Experiment_1_seed_42
191,popular_1_exp_Experiment_1_seed_42
5,popular_1_exp_Experiment_1_seed_42
561,popular_1_exp_Experiment_1_seed_42
371,popular_1_exp_Experiment_1_seed_42
269,popular_1_exp_Experiment_1_seed_42
373,popular_1_exp_Experiment_1_seed_42
480,popular_1_exp_Experiment_1_seed_42
485,popular_1_exp_Experiment_1_seed_42
586,popular_1_exp_Experiment_1_seed_42
9,popular_1_exp_Experiment_1_seed_42
587,popular_1_exp_Experiment_1_seed_42
207,popular_1_exp_Experiment_1_seed_42
159,popular_1_exp_Experiment_1_seed_42
286,popular_1_exp_Experiment_1_seed_42
175,popular_1_exp_Experiment_1_seed_42
290,popular_1_exp_Experiment_1_seed_42
25,popular_1_exp_Experiment_1_seed_42
486,popular_1_exp_Experiment_1_seed_42
262,popular_1_exp_Experiment_1_seed_42
526,popular_1_exp_Experiment_1_seed_42
341,popular_1_exp_Experiment_1_seed_42
302,popular_1_exp_Experiment_1_seed_42
229,popular_1_exp_Experiment_1_seed_42
91,popular_1_exp_Experiment_1_seed_42
182,popular_1_exp_Experiment_1_seed_42
316,popular_1_exp_Experiment_1_seed_42
87,popular_1_exp_Experiment_1_seed_42
464,popular_1_exp_Experiment_1_seed_42
574,popular_1_exp_Experiment_1_seed_42
321,popular_1_exp_Experiment_1_seed_42
521,popular_1_exp_Experiment_1_seed_42
362,popular_1_exp_Experiment_1_seed_42
456,popular_1_exp_Experiment_1_seed_42
56,popular_1_exp_Experiment_1_seed_42
288,popular_1_exp_Experiment_1_seed_42
414,popular_1_exp_Experiment_1_seed_42
7,popular_1_exp_Experiment_1_seed_42
157,popular_1_exp_Experiment_1_seed_42
539,popular_1_exp_Experiment_1_seed_42
94,popular_1_exp_Experiment_1_seed_42
16,popular_1_exp_Experiment_1_seed_42
405,popular_1_exp_Experiment_1_seed_42
430,popular_1_exp_Experiment_1_seed_42
482,popular_1_exp_Experiment_1_seed_42
451,popular_1_exp_Experiment_1_seed_42
401,popular_1_exp_Experiment_1_seed_42
579,popular_1_exp_Experiment_1_seed_42
205,popular_1_exp_Experiment_1_seed_42
513,popular_1_exp_Experiment_1_seed_42
166,popular_1_exp_Experiment_1_seed_42
512,popular_1_exp_Experiment_1_seed_42
582,popular_1_exp_Experiment_1_seed_42
257,popular_1_exp_Experiment_1_seed_42
187,popular_1_exp_Experiment_1_seed_42
93,popular_1_exp_Experiment_1_seed_42
357,popular_1_exp_Experiment_1_seed_42
65,popular_1_exp_Experiment_1_seed_42
383,popular_1_exp_Experiment_1_seed_42
572,popular_1_exp_Experiment_1_seed_42
306,popular_1_exp_Experiment_1_seed_42
238,popular_1_exp_Experiment_1_seed_42
387,popular_1_exp_Experiment_1_seed_42
548,popular_1_exp_Experiment_1_seed_42
206,popular_1_exp_Experiment_1_seed_42
517,popular_1_exp_Experiment_1_seed_42
40,popular_1_exp_Experiment_1_seed_42
436,popular_1_exp_Experiment_1_seed_42
272,popular_1_exp_Experiment_1_seed_42
195,popular_1_exp_Experiment_1_seed_42
554,popular_1_exp_Experiment_1_seed_42
152,popular_1_exp_Experiment_1_seed_42
577,popular_1_exp_Experiment_1_seed_42
439,popular_1_exp_Experiment_1_seed_42
145,popular_1_exp_Experiment_1_seed_42
57,popular_1_exp_Experiment_1_seed_42
369,popular_1_exp_Experiment_1_seed_42
142,popular_1_exp_Experiment_1_seed_42
96,popular_1_exp_Experiment_1_seed_42
353,popular_1_exp_Experiment_1_seed_42
292,popular_1_exp_Experiment_1_seed_42
168,popular_1_exp_Experiment_1_seed_42
218,popular_1_exp_Experiment_1_seed_42
419,popular_1_exp_Experiment_1_seed_42
317,popular_1_exp_Experiment_1_seed_42
150,popular_1_exp_Experiment_1_seed_42
123,popular_1_exp_Experiment_1_seed_42
364,popular_1_exp_Experiment_1_seed_42
382,popular_1_exp_Experiment_1_seed_42
114,popular_1_exp_Experiment_1_seed_42
549,popular_1_exp_Experiment_1_seed_42
148,popular_1_exp_Experiment_1_seed_42
305,popular_1_exp_Experiment_1_seed_42
370,popular_1_exp_Experiment_1_seed_42
550,popular_1_exp_Experiment_1_seed_42
110,popular_1_exp_Experiment_1_seed_42
63,popular_1_exp_Experiment_1_seed_42
492,popular_1_exp_Experiment_1_seed_42
553,popular_1_exp_Experiment_1_seed_42
47,popular_1_exp_Experiment_1_seed_42
330,popular_1_exp_Experiment_1_seed_42
176,popular_1_exp_Experiment_1_seed_42
356,popular_1_exp_Experiment_1_seed_42
407,popular_1_exp_Experiment_1_seed_42
394,popular_1_exp_Experiment_1_seed_42
458,popular_1_exp_Experiment_1_seed_42
22,popular_1_exp_Experiment_1_seed_42
395,popular_1_exp_Experiment_1_seed_42
239,popular_1_exp_Experiment_1_seed_42
234,popular_1_exp_Experiment_1_seed_42
53,popular_1_exp_Experiment_1_seed_42
98,popular_1_exp_Experiment_1_seed_42
232,popular_1_exp_Experiment_1_seed_42
178,popular_1_exp_Experiment_1_seed_42
162,popular_1_exp_Experiment_1_seed_42
479,popular_1_exp_Experiment_1_seed_42
385,popular_1_exp_Experiment_1_seed_42
462,popular_1_exp_Experiment_1_seed_42
328,popular_1_exp_Experiment_1_seed_42
506,popular_1_exp_Experiment_1_seed_42
299,popular_1_exp_Experiment_1_seed_42
167,popular_1_exp_Experiment_1_seed_42
386,popular_1_exp_Experiment_1_seed_42
522,popular_1_exp_Experiment_1_seed_42
26,popular_1_exp_Experiment_1_seed_42
183,popular_1_exp_Experiment_1_seed_42
320,popular_1_exp_Experiment_1_seed_42
172,popular_1_exp_Experiment_1_seed_42
103,popular_1_exp_Experiment_1_seed_42
203,popular_1_exp_Experiment_1_seed_42
333,popular_1_exp_Experiment_1_seed_42
347,popular_1_exp_Experiment_1_seed_42
249,popular_1_exp_Experiment_1_seed_42
274,popular_1_exp_Experiment_1_seed_42
14,popular_1_exp_Experiment_1_seed_42
300,popular_1_exp_Experiment_1_seed_42
223,popular_1_exp_Experiment_1_seed_42
502,popular_1_exp_Experiment_1_seed_42
193,popular_1_exp_Experiment_1_seed_42
285,popular_1_exp_Experiment_1_seed_42
404,popular_1_exp_Experiment_1_seed_42
533,popular_1_exp_Experiment_1_seed_42
112,popular_1_exp_Experiment_1_seed_42
284,popular_1_exp_Experiment_1_seed_42
108,popular_1_exp_Experiment_1_seed_42
345,popular_1_exp_Experiment_1_seed_42
415,popular_1_exp_Experiment_1_seed_42
220,popular_1_exp_Experiment_1_seed_42
366,popular_1_exp_Experiment_1_seed_42
222,popular_1_exp_Experiment_1_seed_42
139,popular_1_exp_Experiment_1_seed_42
463,popular_1_exp_Experiment_1_seed_42
41,popular_1_exp_Experiment_1_seed_42
83,popular_1_exp_Experiment_1_seed_42
590,popular_1_exp_Experiment_1_seed_42
470,popular_1_exp_Experiment_1_seed_42
268,popular_1_exp_Experiment_1_seed_42
530,popular_1_exp_Experiment_1_seed_42
180,popular_1_exp_Experiment_1_seed_42
468,popular_1_exp_Experiment_1_seed_42
77,popular_1_exp_Experiment_1_seed_42
563,popular_1_exp_Experiment_1_seed_42
588,popular_1_exp_Experiment_1_seed_42
454,popular_1_exp_Experiment_1_seed_42
295,popular_1_exp_Experiment_1_seed_42
478,popular_1_exp_Experiment_1_seed_42
565,popular_1_exp_Experiment_1_seed_42
144,popular_1_exp_Experiment_1_seed_42
581,popular_1_exp_Experiment_1_seed_42
39,popular_1_exp_Experiment_1_seed_42
510,popular_1_exp_Experiment_1_seed_42
431,popular_1_exp_Experiment_1_seed_42
71,popular_1_exp_Experiment_1_seed_42
99,popular_1_exp_Experiment_1_seed_42
584,popular_1_exp_Experiment_1_seed_42
42,popular_1_exp_Experiment_1_seed_42
538,popular_1_exp_Experiment_1_seed_42
592,popular_1_exp_Experiment_1_seed_42
117,popular_1_exp_Experiment_1_seed_42
151,popular_1_exp_Experiment_1_seed_42
3,popular_1_exp_Experiment_1_seed_42
433,popular_1_exp_Experiment_1_seed_42
237,popular_1_exp_Experiment_1_seed_42
580,popular_1_exp_Experiment_1_seed_42
555,popular_1_exp_Experiment_1_seed_42
511,popular_1_exp_Experiment_1_seed_42
171,popular_1_exp_Experiment_1_seed_42
30,popular_1_exp_Experiment_1_seed_42
46,popular_1_exp_Experiment_1_seed_42
227,popular_1_exp_Experiment_1_seed_42
459,popular_1_exp_Experiment_1_seed_42
534,popular_1_exp_Experiment_1_seed_42
293,popular_1_exp_Experiment_1_seed_42
520,popular_1_exp_Experiment_1_seed_42
494,popular_1_exp_Experiment_1_seed_42
379,popular_1_exp_Experiment_1_seed_42
282,popular_1_exp_Experiment_1_seed_42
240,popular_1_exp_Experiment_1_seed_42
323,popular_1_exp_Experiment_1_seed_42
120,popular_1_exp_Experiment_1_seed_42
51,popular_1_exp_Experiment_1_seed_42
298,popular_1_exp_Experiment_1_seed_42
59,popular_1_exp_Experiment_1_seed_42
442,popular_1_exp_Experiment_1_seed_42
281,popular_1_exp_Experiment_1_seed_42
597,popular_1_exp_Experiment_1_seed_42
244,popular_1_exp_Experiment_1_seed_42
179,popular_1_exp_Experiment_1_seed_42
81,popular_1_exp_Experiment_1_seed_42
219,popular_1_exp_Experiment_1_seed_42
204,popular_1_exp_Experiment_1_seed_42
556,popular_1_exp_Experiment_1_seed_42
126,popular_1_exp_Experiment_1_seed_42
576,popular_1_exp_Experiment_1_seed_42
416,popular_1_exp_Experiment_1_seed_42
132,popular_1_exp_Experiment_1_seed_42
32,popular_1_exp_Experiment_1_seed_42
594,popular_1_exp_Experiment_1_seed_42
79,popular_1_exp_Experiment_1_seed_42
1,popular_1_exp_Experiment_1_seed_42
484,popular_1_exp_Experiment_1_seed_42
585,popular_1_exp_Experiment_1_seed_42
143,popular_1_exp_Experiment_1_seed_42
473,popular_1_exp_Experiment_1_seed_42
141,popular_1_exp_Experiment_1_seed_42
326,popular_1_exp_Experiment_1_seed_42
61,popular_1_exp_Experiment_1_seed_42
432,popular_1_exp_Experiment_1_seed_42
199,popular_1_exp_Experiment_1_seed_42
452,popular_1_exp_Experiment_1_seed_42
471,popular_1_exp_Experiment_1_seed_42
105,popular_1_exp_Experiment_1_seed_42
146,popular_1_exp_Experiment_1_seed_42
578,popular_1_exp_Experiment_1_seed_42
410,popular_1_exp_Experiment_1_seed_42
221,popular_1_exp_Experiment_1_seed_42
297,popular_1_exp_Experiment_1_seed_42
210,popular_1_exp_Experiment_1_seed_42
15,popular_1_exp_Experiment_1_seed_42
254,popular_1_exp_Experiment_1_seed_42
402,popular_1_exp_Experiment_1_seed_42
457,popular_1_exp_Experiment_1_seed_42
334,popular_1_exp_Experiment_1_seed_42
524,popular_1_exp_Experiment_1_seed_42
472,popular_1_exp_Experiment_1_seed_42
336,popular_1_exp_Experiment_1_seed_42
527,popular_1_exp_Experiment_1_seed_42
283,popular_1_exp_Experiment_1_seed_42
52,popular_1_exp_Experiment_1_seed_42
461,popular_1_exp_Experiment_1_seed_42
12,popular_1_exp_Experiment_1_seed_42
514,popular_1_exp_Experiment_1_seed_42
54,popular_1_exp_Experiment_1_seed_42
393,popular_1_exp_Experiment_1_seed_42
437,popular_1_exp_Experiment_1_seed_42
216,popular_1_exp_Experiment_1_seed_42
488,popular_1_exp_Experiment_1_seed_42
309,popular_1_exp_Experiment_1_seed_42
547,popular_1_exp_Experiment_1_seed_42
552,popular_1_exp_Experiment_1_seed_42
21,popular_1_exp_Experiment_1_seed_42
278,popular_1_exp_Experiment_1_seed_42
375,popular_1_exp_Experiment_1_seed_42
455,popular_1_exp_Experiment_1_seed_42
34,popular_1_exp_Experiment_1_seed_42
11,popular_1_exp_Experiment_1_seed_42
136,popular_1_exp_Experiment_1_seed_42
147,popular_1_exp_Experiment_1_seed_42
49,popular_1_exp_Experiment_1_seed_42
508,popular_1_exp_Experiment_1_seed_42
595,popular_1_exp_Experiment_1_seed_42
296,popular_1_exp_Experiment_1_seed_42
4,popular_1_exp_Experiment_1_seed_42
165,popular_1_exp_Experiment_1_seed_42
397,popular_1_exp_Experiment_1_seed_42
169,popular_1_exp_Experiment_1_seed_42
446,popular_1_exp_Experiment_1_seed_42
518,popular_1_exp_Experiment_1_seed_42
499,popular_1_exp_Experiment_1_seed_42
509,popular_1_exp_Experiment_1_seed_42
44,popular_1_exp_Experiment_1_seed_42
248,popular_1_exp_Experiment_1_seed_42
376,popular_1_exp_Experiment_1_seed_42
133,popular_1_exp_Experiment_1_seed_42
569,popular_1_exp_Experiment_1_seed_42
560,popular_1_exp_Experiment_1_seed_42
466,popular_1_exp_Experiment_1_seed_42
348,popular_1_exp_Experiment_1_seed_42
101,popular_1_exp_Experiment_1_seed_42
64,popular_1_exp_Experiment_1_seed_42
360,popular_1_exp_Experiment_1_seed_42
189,popular_1_exp_Experiment_1_seed_42
78,popular_1_exp_Experiment_1_seed_42
118,popular_1_exp_Experiment_1_seed_42
380,popular_1_exp_Experiment_1_seed_42
131,popular_1_exp_Experiment_1_seed_42
188,popular_1_exp_Experiment_1_seed_42
186,popular_1_exp_Experiment_1_seed_42
441,popular_1_exp_Experiment_1_seed_42
422,popular_1_exp_Experiment_1_seed_42
233,popular_1_exp_Experiment_1_seed_42
445,popular_1_exp_Experiment_1_seed_42
400,popular_1_exp_Experiment_1_seed_42
154,popular_1_exp_Experiment_1_seed_42
50,popular_1_exp_Experiment_1_seed_42
73,popular_1_exp_Experiment_1_seed_42
156,popular_1_exp_Experiment_1_seed_42
425,popular_1_exp_Experiment_1_seed_42
308,popular_1_exp_Experiment_1_seed_42
447,popular_1_exp_Experiment_1_seed_42
423,popular_1_exp_Experiment_1_seed_42
263,popular_1_exp_Experiment_1_seed_42
324,popular_1_exp_Experiment_1_seed_42
92,popular_1_exp_Experiment_1_seed_42
413,popular_1_exp_Experiment_1_seed_42
543,popular_1_exp_Experiment_1_seed_42
38,popular_1_exp_Experiment_1_seed_42
535,popular_1_exp_Experiment_1_seed_42
411,popular_1_exp_Experiment_1_seed_42
275,popular_1_exp_Experiment_1_seed_42
501,popular_1_exp_Experiment_1_seed_42
271,popular_1_exp_Experiment_1_seed_42
368,popular_1_exp_Experiment_1_seed_42
89,popular_1_exp_Experiment_1_seed_42
358,popular_1_exp_Experiment_1_seed_42
273,popular_1_exp_Experiment_1_seed_42
346,popular_1_exp_Experiment_1_seed_42
339,popular_1_exp_Experiment_1_seed_42
106,popular_1_exp_Experiment_1_seed_42
529,popular_1_exp_Experiment_1_seed_42
100,popular_1_exp_Experiment_1_seed_42
497,popular_1_exp_Experiment_1_seed_42
67,popular_1_exp_Experiment_1_seed_42
2,popular_1_exp_Experiment_1_seed_42
185,popular_1_exp_Experiment_1_seed_42
315,popular_1_exp_Experiment_1_seed_42
377,popular_1_exp_Experiment_1_seed_42
503,popular_1_exp_Experiment_1_seed_42
247,popular_1_exp_Experiment_1_seed_42
448,popular_1_exp_Experiment_1_seed_42
313,popular_1_exp_Experiment_1_seed_42
279,popular_1_exp_Experiment_1_seed_42
202,popular_1_exp_Experiment_1_seed_42
337,popular_1_exp_Experiment_1_seed_42
280,popular_1_exp_Experiment_1_seed_42
426,popular_1_exp_Experiment_1_seed_42
228,popular_1_exp_Experiment_1_seed_42
474,popular_1_exp_Experiment_1_seed_42
209,popular_1_exp_Experiment_1_seed_42
523,popular_1_exp_Experiment_1_seed_42
138,popular_1_exp_Experiment_1_seed_42
421,popular_1_exp_Experiment_1_seed_42
536,popular_1_exp_Experiment_1_seed_42
68,popular_1_exp_Experiment_1_seed_42
381,popular_1_exp_Experiment_1_seed_42
163,popular_1_exp_Experiment_1_seed_42
245,popular_1_exp_Experiment_1_seed_42
359,popular_1_exp_Experiment_1_seed_42
566,popular_1_exp_Experiment_1_seed_42
289,popular_1_exp_Experiment_1_seed_42
327,popular_1_exp_Experiment_1_seed_42
351,popular_1_exp_Experiment_1_seed_42
493,popular_1_exp_Experiment_1_seed_42
546,popular_1_exp_Experiment_1_seed_42
388,popular_1_exp_Experiment_1_seed_42
583,popular_1_exp_Experiment_1_seed_42
130,popular_1_exp_Experiment_1_seed_42
161,popular_1_exp_Experiment_1_seed_42
564,popular_1_exp_Experiment_1_seed_42
389,popular_1_exp_Experiment_1_seed_42
153,popular_1_exp_Experiment_1_seed_42
95,popular_1_exp_Experiment_1_seed_42
540,popular_1_exp_Experiment_1_seed_42
255,popular_1_exp_Experiment_1_seed_42
82,popular_1_exp_Experiment_1_seed_42
481,popular_1_exp_Experiment_1_seed_42
125,popular_1_exp_Experiment_1_seed_42
37,popular_1_exp_Experiment_1_seed_42
17,popular_1_exp_Experiment_1_seed_42
335,popular_1_exp_Experiment_1_seed_42
545,popular_1_exp_Experiment_1_seed_42
18,popular_1_exp_Experiment_1_seed_42
214,popular_1_exp_Experiment_1_seed_42
443,popular_1_exp_Experiment_1_seed_42
332,popular_1_exp_Experiment_1_seed_42
558,popular_1_exp_Experiment_1_seed_42
35,popular_1_exp_Experiment_1_seed_42
246,popular_1_exp_Experiment_1_seed_42
390,popular_1_exp_Experiment_1_seed_42
33,popular_1_exp_Experiment_1_seed_42
516,popular_1_exp_Experiment_1_seed_42
568,popular_1_exp_Experiment_1_seed_42
424,popular_1_exp_Experiment_1_seed_42
198,popular_1_exp_Experiment_1_seed_42
599,popular_1_exp_Experiment_1_seed_42
491,popular_1_exp_Experiment_1_seed_42
270,popular_1_exp_Experiment_1_seed_42
294,popular_1_exp_Experiment_1_seed_42
241,popular_1_exp_Experiment_1_seed_42
412,popular_1_exp_Experiment_1_seed_42
331,popular_1_exp_Experiment_1_seed_42
340,popular_1_exp_Experiment_1_seed_42
212,popular_1_exp_Experiment_1_seed_42
134,popular_1_exp_Experiment_1_seed_42
97,popular_1_exp_Experiment_1_seed_42
258,popular_1_exp_Experiment_1_seed_42
490,popular_1_exp_Experiment_1_seed_42
90,popular_1_exp_Experiment_1_seed_42
129,popular_1_exp_Experiment_1_seed_42
301,popular_1_exp_Experiment_1_seed_42
127,popular_1_exp_Experiment_1_seed_42
475,popular_1_exp_Experiment_1_seed_42
155,popular_1_exp_Experiment_1_seed_42
72,popular_1_exp_Experiment_1_seed_42
140,popular_1_exp_Experiment_1_seed_42
450,popular_1_exp_Experiment_1_seed_42
440,popular_1_exp_Experiment_1_seed_42
537,popular_1_exp_Experiment_1_seed_42
113,popular_1_exp_Experiment_1_seed_42
235,popular_1_exp_Experiment_1_seed_42
476,popular_1_exp_Experiment_1_seed_42
406,popular_1_exp_Experiment_1_seed_42
111,popular_1_exp_Experiment_1_seed_42
80,popular_1_exp_Experiment_1_seed_42
318,popular_1_exp_Experiment_1_seed_42
391,popular_1_exp_Experiment_1_seed_42
344,popular_1_exp_Experiment_1_seed_42
121,popular_1_exp_Experiment_1_seed_42
591,popular_1_exp_Experiment_1_seed_42
551,popular_1_exp_Experiment_1_seed_42
226,popular_1_exp_Experiment_1_seed_42
467,popular_1_exp_Experiment_1_seed_42
10,popular_1_exp_Experiment_1_seed_42
532,popular_1_exp_Experiment_1_seed_42
75,popular_1_exp_Experiment_1_seed_42
211,popular_1_exp_Experiment_1_seed_42
250,popular_1_exp_Experiment_1_seed_42
403,popular_1_exp_Experiment_1_seed_42
562,popular_1_exp_Experiment_1_seed_42
525,popular_1_exp_Experiment_1_seed_42
86,popular_1_exp_Experiment_1_seed_42
365,popular_1_exp_Experiment_1_seed_42
571,popular_1_exp_Experiment_1_seed_42
266,popular_1_exp_Experiment_1_seed_42
542,popular_1_exp_Experiment_1_seed_42
396,popular_1_exp_Experiment_1_seed_42
225,popular_1_exp_Experiment_1_seed_42
230,popular_1_exp_Experiment_1_seed_42
434,popular_1_exp_Experiment_1_seed_42
174,popular_1_exp_Experiment_1_seed_42
322,popular_1_exp_Experiment_1_seed_42
311,popular_1_exp_Experiment_1_seed_42
36,popular_1_exp_Experiment_1_seed_42
307,popular_1_exp_Experiment_1_seed_42
261,popular_1_exp_Experiment_1_seed_42
184,popular_1_exp_Experiment_1_seed_42
329,popular_1_exp_Experiment_1_seed_42
477,popular_1_exp_Experiment_1_seed_42
342,popular_1_exp_Experiment_1_seed_42
596,popular_1_exp_Experiment_1_seed_42
372,popular_1_exp_Experiment_1_seed_42
325,popular_1_exp_Experiment_1_seed_42
6,popular_1_exp_Experiment_1_seed_42
170,popular_1_exp_Experiment_1_seed_42
194,popular_1_exp_Experiment_1_seed_42
567,popular_1_exp_Experiment_1_seed_42
417,popular_1_exp_Experiment_1_seed_42
160,popular_1_exp_Experiment_1_seed_42
158,popular_1_exp_Experiment_1_seed_42
541,popular_1_exp_Experiment_1_seed_42
137,popular_1_exp_Experiment_1_seed_42
528,popular_1_exp_Experiment_1_seed_42
84,popular_1_exp_Experiment_1_seed_42
13,popular_1_exp_Experiment_1_seed_42
361,popular_1_exp_Experiment_1_seed_42
418,popular_1_exp_Experiment_1_seed_42
58,popular_1_exp_Experiment_1_seed_42
124,popular_1_exp_Experiment_1_seed_42
115,popular_1_exp_Experiment_1_seed_42
349,popular_1_exp_Experiment_1_seed_42
8,popular_1_exp_Experiment_1_seed_42
487,popular_1_exp_Experiment_1_seed_42
102,popular_1_exp_Experiment_1_seed_42
483,popular_1_exp_Experiment_1_seed_42
352,popular_1_exp_Experiment_1_seed_42
500,popular_1_exp_Experiment_1_seed_42
20,popular_1_exp_Experiment_1_seed_42
19,popular_1_exp_Experiment_1_seed_42
242,popular_1_exp_Experiment_1_seed_42
267,popular_1_exp_Experiment_1_seed_42
128,popular_1_exp_Experiment_1_seed_42
208,popular_1_exp_Experiment_1_seed_42
109,popular_1_exp_Experiment_1_seed_42
27,popular_1_exp_Experiment_1_seed_42
70,popular_1_exp_Experiment_1_seed_42
45,popular_1_exp_Experiment_1_seed_42
173,popular_1_exp_Experiment_1_seed_42
43,popular_1_exp_Experiment_1_seed_42
48,popular_1_exp_Experiment_1_seed_42
85,popular_1_exp_Experiment_1_seed_42
164,popular_1_exp_Experiment_1_seed_42
251,popular_1_exp_Experiment_1_seed_42
310,popular_1_exp_Experiment_1_seed_42
504,popular_1_exp_Experiment_1_seed_42
66,popular_1_exp_Experiment_1_seed_42
192,popular_1_exp_Experiment_1_seed_42
557,popular_1_exp_Experiment_1_seed_42
29,popular_1_exp_Experiment_1_seed_42
122,popular_1_exp_Experiment_1_seed_42
88,popular_1_exp_Experiment_1_seed_42
55,popular_1_exp_Experiment_1_seed_42
312,popular_1_exp_Experiment_1_seed_42
399,popular_1_exp_Experiment_1_seed_42
531,popular_1_exp_Experiment_1_seed_42
213,popular_1_exp_Experiment_1_seed_42
243,popular_1_exp_Experiment_1_seed_42
544,popular_1_exp_Experiment_1_seed_42
252,popular_1_exp_Experiment_1_seed_42
265,popular_1_exp_Experiment_1_seed_42
374,popular_1_exp_Experiment_1_seed_42
190,popular_1_exp_Experiment_1_seed_42
573,popular_1_exp_Experiment_1_seed_42
367,popular_1_exp_Experiment_1_seed_42
253,popular_1_exp_Experiment_1_seed_42
217,popular_1_exp_Experiment_1_seed_42
515,popular_1_exp_Experiment_1_seed_42
24,popular_1_exp_Experiment_1_seed_42
149,popular_1_exp_Experiment_1_seed_42
28,popular_1_exp_Experiment_1_seed_42
260,popular_1_exp_Experiment_1_seed_42
444,popular_1_exp_Experiment_1_seed_42
559,popular_1_exp_Experiment_1_seed_42
350,popular_1_exp_Experiment_1_seed_42
409,popular_1_exp_Experiment_1_seed_42
378,popular_1_exp_Experiment_1_seed_42
570,popular_1_exp_Experiment_1_seed_42
489,popular_1_exp_Experiment_1_seed_42
363,popular_1_exp_Experiment_1_seed_42
200,popular_1_exp_Experiment_1_seed_42
119,popular_1_exp_Experiment_1_seed_42
495,popular_1_exp_Experiment_1_seed_42
498,popular_1_exp_Experiment_1_seed_42
135,popular_1_exp_Experiment_1_seed_42
104,popular_1_exp_Experiment_1_seed_42
449,popular_1_exp_Experiment_1_seed_42
355,popular_1_exp_Experiment_1_seed_42
264,popular_1_exp_Experiment_1_seed_42
69,popular_1_exp_Experiment_1_seed_42
74,popular_1_exp_Experiment_1_seed_42
469,popular_1_exp_Experiment_1_seed_42
438,popular_1_exp_Experiment_1_seed_42
277,popular_1_exp_Experiment_1_seed_42
429,popular_1_exp_Experiment_1_seed_42
589,popular_1_exp_Experiment_1_seed_42
215,popular_1_exp_Experiment_1_seed_42
598,popular_1_exp_Experiment_1_seed_42
107,popular_1_exp_Experiment_1_seed_42
256,popular_1_exp_Experiment_1_seed_42
197,popular_1_exp_Experiment_1_seed_42
465,popular_1_exp_Experiment_1_seed_42
593,popular_1_exp_Experiment_1_seed_42
304,popular_1_exp_Experiment_1_seed_42
428,popular_1_exp_Experiment_1_seed_42
287,popular_1_exp_Experiment_1_seed_42
354,popular_1_exp_Experiment_1_seed_42
519,popular_1_exp_Experiment_1_seed_42
23,popular_1_exp_Experiment_1_seed_42
303,popular_1_exp_Experiment_1_seed_42
460,popular_1_exp_Experiment_1_seed_42
392,popular_1_exp_Experiment_1_seed_42
427,popular_1_exp_Experiment_1_seed_42
319,popular_1_exp_Experiment_1_seed_42
420,popular_1_exp_Experiment_1_seed_42
408,popular_1_exp_Experiment_1_seed_42
76,popular_1_exp_Experiment_1_seed_42
398,popular_1_exp_Experiment_1_seed_42
343,popular_1_exp_Experiment_1_seed_42
62,popular_1_exp_Experiment_1_seed_42
259,popular_1_exp_Experiment_1_seed_42
177,popular_1_exp_Experiment_1_seed_42
31,popular_1_exp_Experiment_1_seed_42
435,popular_1_exp_Experiment_1_seed_42
224,popular_1_exp_Experiment_1_seed_42
314,popular_1_exp_Experiment_1_seed_42
384,popular_1_exp_Experiment_1_seed_42
575,popular_1_exp_Experiment_1_seed_42
507,popular_1_exp_Experiment_1_seed_42
116,popular_1_exp_Experiment_1_seed_42
453,popular_1_exp_Experiment_1_seed_42
338,popular_1_exp_Experiment_1_seed_42
231,popular_1_exp_Experiment_1_seed_42
505,popular_1_exp_Experiment_1_seed_42
196,popular_1_exp_Experiment_1_seed_42
201,popular_1_exp_Experiment_1_seed_42
60,popular_1_exp_Experiment_1_seed_42
181,popular_1_exp_Experiment_1_seed_42
0,popular_1_exp_Experiment_1_seed_42
496,popular_1_exp_Experiment_1_seed_42
236,popular_1_exp_Experiment_1_seed_42
276,popular_1_exp_Experiment_1_seed_42
291,popular_1_exp_Experiment_1_seed_42
191,popular_1_exp_Experiment_1_seed_42
5,popular_1_exp_Experiment_1_seed_42
561,popular_1_exp_Experiment_1_seed_42
371,popular_1_exp_Experiment_1_seed_42
269,popular_1_exp_Experiment_1_seed_42
373,popular_1_exp_Experiment_1_seed_42
480,popular_1_exp_Experiment_1_seed_42
485,popular_1_exp_Experiment_1_seed_42
586,popular_1_exp_Experiment_1_seed_42
9,popular_1_exp_Experiment_1_seed_42
587,popular_1_exp_Experiment_1_seed_42
207,popular_1_exp_Experiment_1_seed_42
159,popular_1_exp_Experiment_1_seed_42
286,popular_1_exp_Experiment_1_seed_42
175,popular_1_exp_Experiment_1_seed_42
290,popular_1_exp_Experiment_1_seed_42
25,popular_1_exp_Experiment_1_seed_42
486,popular_1_exp_Experiment_1_seed_42
262,popular_1_exp_Experiment_1_seed_42
526,popular_1_exp_Experiment_1_seed_42
341,popular_1_exp_Experiment_1_seed_42
302,popular_1_exp_Experiment_1_seed_42
229,popular_1_exp_Experiment_1_seed_42
91,popular_1_exp_Experiment_1_seed_42
182,popular_1_exp_Experiment_1_seed_42
316,popular_1_exp_Experiment_1_seed_42
87,popular_1_exp_Experiment_1_seed_42
464,popular_1_exp_Experiment_1_seed_42
574,popular_1_exp_Experiment_1_seed_42
321,popular_1_exp_Experiment_1_seed_42
521,popular_1_exp_Experiment_1_seed_42
362,popular_1_exp_Experiment_1_seed_42
456,popular_1_exp_Experiment_1_seed_42
56,popular_1_exp_Experiment_1_seed_42
288,popular_1_exp_Experiment_1_seed_42
414,popular_1_exp_Experiment_1_seed_42
7,popular_1_exp_Experiment_1_seed_42
157,popular_1_exp_Experiment_1_seed_42
539,popular_1_exp_Experiment_1_seed_42
94,popular_1_exp_Experiment_1_seed_42
16,popular_1_exp_Experiment_1_seed_42
405,popular_1_exp_Experiment_1_seed_42
430,popular_1_exp_Experiment_1_seed_42
482,popular_1_exp_Experiment_1_seed_42
451,popular_1_exp_Experiment_1_seed_42
401,popular_1_exp_Experiment_1_seed_42
579,popular_1_exp_Experiment_1_seed_42
205,popular_1_exp_Experiment_1_seed_42
513,popular_1_exp_Experiment_1_seed_42
166,popular_1_exp_Experiment_1_seed_42
512,popular_1_exp_Experiment_1_seed_42
582,popular_1_exp_Experiment_1_seed_42
257,popular_1_exp_Experiment_1_seed_42
187,popular_1_exp_Experiment_1_seed_42
93,popular_1_exp_Experiment_1_seed_42
357,popular_1_exp_Experiment_1_seed_42
65,popular_1_exp_Experiment_1_seed_42
383,popular_1_exp_Experiment_1_seed_42
572,popular_1_exp_Experiment_1_seed_42
306,popular_1_exp_Experiment_1_seed_42
238,popular_1_exp_Experiment_1_seed_42
387,popular_1_exp_Experiment_1_seed_42
548,popular_1_exp_Experiment_1_seed_42
206,popular_1_exp_Experiment_1_seed_42
517,popular_1_exp_Experiment_1_seed_42
40,popular_1_exp_Experiment_1_seed_42
436,popular_1_exp_Experiment_1_seed_42
272,popular_1_exp_Experiment_1_seed_42
195,popular_1_exp_Experiment_1_seed_42
554,popular_1_exp_Experiment_1_seed_42
152,popular_1_exp_Experiment_1_seed_42
577,popular_1_exp_Experiment_1_seed_42
439,popular_1_exp_Experiment_1_seed_42
145,popular_1_exp_Experiment_1_seed_42
57,popular_1_exp_Experiment_1_seed_42
369,popular_1_exp_Experiment_1_seed_42
142,popular_1_exp_Experiment_1_seed_42
96,popular_1_exp_Experiment_1_seed_42
353,popular_1_exp_Experiment_1_seed_42
292,popular_1_exp_Experiment_1_seed_42
168,popular_1_exp_Experiment_1_seed_42
218,popular_1_exp_Experiment_1_seed_42
419,popular_1_exp_Experiment_1_seed_42
317,popular_1_exp_Experiment_1_seed_42
150,popular_1_exp_Experiment_1_seed_42
123,popular_1_exp_Experiment_1_seed_42
364,popular_1_exp_Experiment_1_seed_42
382,popular_1_exp_Experiment_1_seed_42
114,popular_1_exp_Experiment_1_seed_42
549,popular_1_exp_Experiment_1_seed_42
148,popular_1_exp_Experiment_1_seed_42
305,popular_1_exp_Experiment_1_seed_42
370,popular_1_exp_Experiment_1_seed_42
550,popular_1_exp_Experiment_1_seed_42
110,popular_1_exp_Experiment_1_seed_42
63,popular_1_exp_Experiment_1_seed_42
492,popular_1_exp_Experiment_1_seed_42
553,popular_1_exp_Experiment_1_seed_42
47,popular_1_exp_Experiment_1_seed_42
330,popular_1_exp_Experiment_1_seed_42
176,popular_1_exp_Experiment_1_seed_42
356,popular_1_exp_Experiment_1_seed_42
407,popular_1_exp_Experiment_1_seed_42
394,popular_1_exp_Experiment_1_seed_42
458,popular_1_exp_Experiment_1_seed_42
22,popular_1_exp_Experiment_1_seed_42
395,popular_1_exp_Experiment_1_seed_42
239,popular_1_exp_Experiment_1_seed_42
234,popular_1_exp_Experiment_1_seed_42
53,popular_1_exp_Experiment_1_seed_42
98,popular_1_exp_Experiment_1_seed_42
232,popular_1_exp_Experiment_1_seed_42
178,popular_1_exp_Experiment_1_seed_42
162,popular_1_exp_Experiment_1_seed_42
479,popular_1_exp_Experiment_1_seed_42
385,popular_1_exp_Experiment_1_seed_42
462,popular_1_exp_Experiment_1_seed_42
328,popular_1_exp_Experiment_1_seed_42
506,popular_1_exp_Experiment_1_seed_42
299,popular_1_exp_Experiment_1_seed_42
167,popular_1_exp_Experiment_1_seed_42
386,popular_1_exp_Experiment_1_seed_42
522,popular_1_exp_Experiment_1_seed_42
26,popular_1_exp_Experiment_1_seed_42
183,popular_1_exp_Experiment_1_seed_42
320,popular_1_exp_Experiment_1_seed_42
172,popular_1_exp_Experiment_1_seed_42
103,popular_1_exp_Experiment_1_seed_42
203,popular_1_exp_Experiment_1_seed_42
333,popular_1_exp_Experiment_1_seed_42
347,popular_1_exp_Experiment_1_seed_42
249,popular_1_exp_Experiment_1_seed_42
274,popular_1_exp_Experiment_1_seed_42
14,popular_1_exp_Experiment_1_seed_42
300,popular_1_exp_Experiment_1_seed_42
223,popular_1_exp_Experiment_1_seed_42
502,popular_1_exp_Experiment_1_seed_42
193,popular_1_exp_Experiment_1_seed_42
285,popular_1_exp_Experiment_1_seed_42
404,popular_1_exp_Experiment_1_seed_42
533,popular_1_exp_Experiment_1_seed_42
112,popular_1_exp_Experiment_1_seed_42
284,popular_1_exp_Experiment_1_seed_42
108,popular_1_exp_Experiment_1_seed_42
345,popular_1_exp_Experiment_1_seed_42
415,popular_1_exp_Experiment_1_seed_42
220,popular_1_exp_Experiment_1_seed_42
366,popular_1_exp_Experiment_1_seed_42
222,popular_1_exp_Experiment_1_seed_42
139,popular_1_exp_Experiment_1_seed_42
463,popular_1_exp_Experiment_1_seed_42
41,popular_1_exp_Experiment_1_seed_42
83,popular_1_exp_Experiment_1_seed_42
590,popular_1_exp_Experiment_1_seed_42
470,popular_1_exp_Experiment_1_seed_42
268,popular_1_exp_Experiment_1_seed_42
530,popular_1_exp_Experiment_1_seed_42
180,popular_1_exp_Experiment_1_seed_42
468,popular_1_exp_Experiment_1_seed_42
77,popular_1_exp_Experiment_1_seed_42
563,popular_1_exp_Experiment_1_seed_42
588,popular_1_exp_Experiment_1_seed_42
454,popular_1_exp_Experiment_1_seed_42
295,popular_1_exp_Experiment_1_seed_42
478,popular_1_exp_Experiment_1_seed_42
565,popular_1_exp_Experiment_1_seed_42
144,popular_1_exp_Experiment_1_seed_42
581,popular_1_exp_Experiment_1_seed_42
39,popular_1_exp_Experiment_1_seed_42
510,popular_1_exp_Experiment_1_seed_42
431,popular_1_exp_Experiment_1_seed_42
71,popular_1_exp_Experiment_1_seed_42
99,popular_1_exp_Experiment_1_seed_42
584,popular_1_exp_Experiment_1_seed_42
42,popular_1_exp_Experiment_1_seed_42
538,popular_1_exp_Experiment_1_seed_42
592,popular_1_exp_Experiment_1_seed_42
117,popular_1_exp_Experiment_1_seed_42
151,popular_1_exp_Experiment_1_seed_42
3,popular_1_exp_Experiment_1_seed_42
433,popular_1_exp_Experiment_1_seed_42
237,popular_1_exp_Experiment_1_seed_42
580,popular_1_exp_Experiment_1_seed_42
555,popular_1_exp_Experiment_1_seed_42
511,popular_1_exp_Experiment_1_seed_42
171,popular_1_exp_Experiment_1_seed_42
30,popular_1_exp_Experiment_1_seed_42
46,popular_1_exp_Experiment_1_seed_42
227,popular_1_exp_Experiment_1_seed_42
459,popular_1_exp_Experiment_1_seed_42
534,popular_1_exp_Experiment_1_seed_42
293,popular_1_exp_Experiment_1_seed_42
520,popular_1_exp_Experiment_1_seed_42
494,popular_1_exp_Experiment_1_seed_42
379,popular_1_exp_Experiment_1_seed_42
282,popular_1_exp_Experiment_1_seed_42
240,popular_1_exp_Experiment_1_seed_42
323,popular_1_exp_Experiment_1_seed_42
120,popular_1_exp_Experiment_1_seed_42
51,popular_1_exp_Experiment_1_seed_42
298,popular_1_exp_Experiment_1_seed_42
59,popular_1_exp_Experiment_1_seed_42
442,popular_1_exp_Experiment_1_seed_42
281,popular_1_exp_Experiment_1_seed_42
597,popular_1_exp_Experiment_1_seed_42
244,popular_1_exp_Experiment_1_seed_42
179,popular_1_exp_Experiment_1_seed_42
81,popular_1_exp_Experiment_1_seed_42
219,popular_1_exp_Experiment_1_seed_42
204,popular_1_exp_Experiment_1_seed_42
556,popular_1_exp_Experiment_1_seed_42
126,popular_1_exp_Experiment_1_seed_42
576,popular_1_exp_Experiment_1_seed_42
416,popular_1_exp_Experiment_1_seed_42
132,popular_1_exp_Experiment_1_seed_42
32,popular_1_exp_Experiment_1_seed_42
594,popular_1_exp_Experiment_1_seed_42
79,popular_1_exp_Experiment_1_seed_42
1,popular_1_exp_Experiment_1_seed_42
484,popular_1_exp_Experiment_1_seed_42
585,popular_1_exp_Experiment_1_seed_42
143,popular_1_exp_Experiment_1_seed_42
473,popular_1_exp_Experiment_1_seed_42
141,popular_1_exp_Experiment_1_seed_42
326,popular_1_exp_Experiment_1_seed_42
61,popular_1_exp_Experiment_1_seed_42
432,popular_1_exp_Experiment_1_seed_42
199,popular_1_exp_Experiment_1_seed_42
452,popular_1_exp_Experiment_1_seed_42
471,popular_1_exp_Experiment_1_seed_42
105,popular_1_exp_Experiment_1_seed_42
146,popular_1_exp_Experiment_1_seed_42
578,popular_1_exp_Experiment_1_seed_42
410,popular_1_exp_Experiment_1_seed_42
221,popular_1_exp_Experiment_1_seed_42
297,popular_1_exp_Experiment_1_seed_42
210,popular_1_exp_Experiment_1_seed_42
15,popular_1_exp_Experiment_1_seed_42
254,popular_1_exp_Experiment_1_seed_42
402,popular_1_exp_Experiment_1_seed_42
457,popular_1_exp_Experiment_1_seed_42
334,popular_1_exp_Experiment_1_seed_42
524,popular_1_exp_Experiment_1_seed_42
472,popular_1_exp_Experiment_1_seed_42
336,popular_1_exp_Experiment_1_seed_42
527,popular_1_exp_Experiment_1_seed_42
283,popular_1_exp_Experiment_1_seed_42
52,popular_1_exp_Experiment_1_seed_42
461,popular_1_exp_Experiment_1_seed_42
12,popular_1_exp_Experiment_1_seed_42
514,popular_1_exp_Experiment_1_seed_42
54,popular_1_exp_Experiment_1_seed_42
393,popular_1_exp_Experiment_1_seed_42
437,popular_1_exp_Experiment_1_seed_42
216,popular_1_exp_Experiment_1_seed_42
488,popular_1_exp_Experiment_1_seed_42
309,popular_1_exp_Experiment_1_seed_42
547,popular_1_exp_Experiment_1_seed_42
552,popular_1_exp_Experiment_1_seed_42
21,popular_1_exp_Experiment_1_seed_42
278,popular_1_exp_Experiment_1_seed_42
375,popular_1_exp_Experiment_1_seed_42
455,popular_1_exp_Experiment_1_seed_42
34,popular_1_exp_Experiment_1_seed_42
11,popular_1_exp_Experiment_1_seed_42
136,popular_1_exp_Experiment_1_seed_42
147,popular_1_exp_Experiment_1_seed_42
49,popular_1_exp_Experiment_1_seed_42
508,popular_1_exp_Experiment_1_seed_42
595,popular_1_exp_Experiment_1_seed_42
296,popular_1_exp_Experiment_1_seed_42
4,popular_1_exp_Experiment_1_seed_42
165,popular_1_exp_Experiment_1_seed_42
397,popular_1_exp_Experiment_1_seed_42
169,popular_1_exp_Experiment_1_seed_42
446,popular_1_exp_Experiment_1_seed_42
518,popular_1_exp_Experiment_1_seed_42
499,popular_1_exp_Experiment_1_seed_42
509,popular_1_exp_Experiment_1_seed_42
44,popular_1_exp_Experiment_1_seed_42
248,popular_1_exp_Experiment_1_seed_42
376,popular_1_exp_Experiment_1_seed_42
133,popular_1_exp_Experiment_1_seed_42
569,popular_1_exp_Experiment_1_seed_42
560,popular_1_exp_Experiment_1_seed_42
466,popular_1_exp_Experiment_1_seed_42
348,popular_1_exp_Experiment_1_seed_42
101,popular_1_exp_Experiment_1_seed_42
64,popular_1_exp_Experiment_1_seed_42
360,popular_1_exp_Experiment_1_seed_42
189,popular_1_exp_Experiment_1_seed_42
78,popular_1_exp_Experiment_1_seed_42
118,popular_1_exp_Experiment_1_seed_42
380,popular_1_exp_Experiment_1_seed_42
131,popular_1_exp_Experiment_1_seed_42
188,popular_1_exp_Experiment_1_seed_42
186,popular_1_exp_Experiment_1_seed_42
441,popular_1_exp_Experiment_1_seed_42
422,popular_1_exp_Experiment_1_seed_42
233,popular_1_exp_Experiment_1_seed_42
445,popular_1_exp_Experiment_1_seed_42
400,popular_1_exp_Experiment_1_seed_42
154,popular_1_exp_Experiment_1_seed_42
50,popular_1_exp_Experiment_1_seed_42
73,popular_1_exp_Experiment_1_seed_42
156,popular_1_exp_Experiment_1_seed_42
425,popular_1_exp_Experiment_1_seed_42
308,popular_1_exp_Experiment_1_seed_42
447,popular_1_exp_Experiment_1_seed_42
423,popular_1_exp_Experiment_1_seed_42
263,popular_1_exp_Experiment_1_seed_42
324,popular_1_exp_Experiment_1_seed_42
92,popular_1_exp_Experiment_1_seed_42
413,popular_1_exp_Experiment_1_seed_42
543,popular_1_exp_Experiment_1_seed_42
38,popular_1_exp_Experiment_1_seed_42
535,popular_1_exp_Experiment_1_seed_42
411,popular_1_exp_Experiment_1_seed_42
275,popular_1_exp_Experiment_1_seed_42
501,popular_1_exp_Experiment_1_seed_42
271,popular_1_exp_Experiment_1_seed_42
368,popular_1_exp_Experiment_1_seed_42
89,popular_1_exp_Experiment_1_seed_42
358,popular_1_exp_Experiment_1_seed_42
273,popular_1_exp_Experiment_1_seed_42
346,popular_1_exp_Experiment_1_seed_42
339,popular_1_exp_Experiment_1_seed_42
106,popular_1_exp_Experiment_1_seed_42
529,popular_1_exp_Experiment_1_seed_42
100,popular_1_exp_Experiment_1_seed_42
497,popular_1_exp_Experiment_1_seed_42
67,popular_1_exp_Experiment_1_seed_42
2,popular_1_exp_Experiment_1_seed_42
185,popular_1_exp_Experiment_1_seed_42
315,popular_1_exp_Experiment_1_seed_42
377,popular_1_exp_Experiment_1_seed_42
503,popular_1_exp_Experiment_1_seed_42
247,popular_1_exp_Experiment_1_seed_42
448,popular_1_exp_Experiment_1_seed_42
313,popular_1_exp_Experiment_1_seed_42
279,popular_1_exp_Experiment_1_seed_42
202,popular_1_exp_Experiment_1_seed_42
337,popular_1_exp_Experiment_1_seed_42
280,popular_1_exp_Experiment_1_seed_42
426,popular_1_exp_Experiment_1_seed_42
228,popular_1_exp_Experiment_1_seed_42
474,popular_1_exp_Experiment_1_seed_42
209,popular_1_exp_Experiment_1_seed_42
523,popular_1_exp_Experiment_1_seed_42
138,popular_1_exp_Experiment_1_seed_42
421,popular_1_exp_Experiment_1_seed_42
536,popular_1_exp_Experiment_1_seed_42
68,popular_1_exp_Experiment_1_seed_42
381,popular_1_exp_Experiment_1_seed_42
163,popular_1_exp_Experiment_1_seed_42
245,popular_1_exp_Experiment_1_seed_42
359,popular_1_exp_Experiment_1_seed_42
566,popular_1_exp_Experiment_1_seed_42
289,popular_1_exp_Experiment_1_seed_42
327,popular_1_exp_Experiment_1_seed_42
351,popular_1_exp_Experiment_1_seed_42
493,popular_1_exp_Experiment_1_seed_42
546,popular_1_exp_Experiment_1_seed_42
388,popular_1_exp_Experiment_1_seed_42
583,popular_1_exp_Experiment_1_seed_42
130,popular_1_exp_Experiment_1_seed_42
161,popular_1_exp_Experiment_1_seed_42
564,popular_1_exp_Experiment_1_seed_42
389,popular_1_exp_Experiment_1_seed_42
153,popular_1_exp_Experiment_1_seed_42
95,popular_1_exp_Experiment_1_seed_42
540,popular_1_exp_Experiment_1_seed_42
255,popular_1_exp_Experiment_1_seed_42
82,popular_1_exp_Experiment_1_seed_42
481,popular_1_exp_Experiment_1_seed_42
125,popular_1_exp_Experiment_1_seed_42
37,popular_1_exp_Experiment_1_seed_42
17,popular_1_exp_Experiment_1_seed_42
335,popular_1_exp_Experiment_1_seed_42
545,popular_1_exp_Experiment_1_seed_42
18,popular_1_exp_Experiment_1_seed_42
214,popular_1_exp_Experiment_1_seed_42
443,popular_1_exp_Experiment_1_seed_42
332,popular_1_exp_Experiment_1_seed_42
558,popular_1_exp_Experiment_1_seed_42
35,popular_1_exp_Experiment_1_seed_42
246,popular_1_exp_Experiment_1_seed_42
390,popular_1_exp_Experiment_1_seed_42
33,popular_1_exp_Experiment_1_seed_42
516,popular_1_exp_Experiment_1_seed_42
568,popular_1_exp_Experiment_1_seed_42
424,popular_1_exp_Experiment_1_seed_42
198,popular_1_exp_Experiment_1_seed_42
599,popular_1_exp_Experiment_1_seed_42
491,popular_1_exp_Experiment_1_seed_42
270,popular_1_exp_Experiment_1_seed_42
294,popular_1_exp_Experiment_1_seed_42
241,popular_1_exp_Experiment_1_seed_42
412,popular_1_exp_Experiment_1_seed_42
331,popular_1_exp_Experiment_1_seed_42
340,popular_1_exp_Experiment_1_seed_42
212,popular_1_exp_Experiment_1_seed_42
134,popular_1_exp_Experiment_1_seed_42
97,popular_1_exp_Experiment_1_seed_42
258,popular_1_exp_Experiment_1_seed_42
490,popular_1_exp_Experiment_1_seed_42
90,popular_1_exp_Experiment_1_seed_42
129,popular_1_exp_Experiment_1_seed_42
301,popular_1_exp_Experiment_1_seed_42
127,popular_1_exp_Experiment_1_seed_42
475,popular_1_exp_Experiment_1_seed_42
155,popular_1_exp_Experiment_1_seed_42
72,popular_1_exp_Experiment_1_seed_42
140,popular_1_exp_Experiment_1_seed_42
450,popular_1_exp_Experiment_1_seed_42
440,popular_1_exp_Experiment_1_seed_42
537,popular_1_exp_Experiment_1_seed_42
113,popular_1_exp_Experiment_1_seed_42
235,popular_1_exp_Experiment_1_seed_42
476,popular_1_exp_Experiment_1_seed_42
406,popular_1_exp_Experiment_1_seed_42
111,popular_1_exp_Experiment_1_seed_42
80,popular_1_exp_Experiment_1_seed_42
318,popular_1_exp_Experiment_1_seed_42
391,popular_1_exp_Experiment_1_seed_42
344,popular_1_exp_Experiment_1_seed_42
121,popular_1_exp_Experiment_1_seed_42
591,popular_1_exp_Experiment_1_seed_42
551,popular_1_exp_Experiment_1_seed_42
226,popular_1_exp_Experiment_1_seed_42
467,popular_1_exp_Experiment_1_seed_42
10,popular_1_exp_Experiment_1_seed_42
532,popular_1_exp_Experiment_1_seed_42
75,popular_1_exp_Experiment_1_seed_42
211,popular_1_exp_Experiment_1_seed_42
250,popular_1_exp_Experiment_1_seed_42
403,popular_1_exp_Experiment_1_seed_42
562,popular_1_exp_Experiment_1_seed_42
525,popular_1_exp_Experiment_1_seed_42
86,popular_1_exp_Experiment_1_seed_42
365,popular_1_exp_Experiment_1_seed_42
571,popular_1_exp_Experiment_1_seed_42
266,popular_1_exp_Experiment_1_seed_42
542,popular_1_exp_Experiment_1_seed_42
396,popular_1_exp_Experiment_1_seed_42
225,popular_1_exp_Experiment_1_seed_42
230,popular_1_exp_Experiment_1_seed_42
434,popular_1_exp_Experiment_1_seed_42
174,popular_1_exp_Experiment_1_seed_42
322,popular_1_exp_Experiment_1_seed_42
311,popular_1_exp_Experiment_1_seed_42
36,popular_1_exp_Experiment_1_seed_42
307,popular_1_exp_Experiment_1_seed_42
261,popular_1_exp_Experiment_1_seed_42
184,popular_1_exp_Experiment_1_seed_42
329,popular_1_exp_Experiment_1_seed_42
477,popular_1_exp_Experiment_1_seed_42
342,popular_1_exp_Experiment_1_seed_42
596,popular_1_exp_Experiment_1_seed_42
372,popular_1_exp_Experiment_1_seed_42
325,popular_1_exp_Experiment_1_seed_42
6,popular_1_exp_Experiment_1_seed_42
170,popular_1_exp_Experiment_1_seed_42
194,popular_1_exp_Experiment_1_seed_42
567,popular_1_exp_Experiment_1_seed_42
417,popular_1_exp_Experiment_1_seed_42
160,popular_1_exp_Experiment_1_seed_42
158,popular_1_exp_Experiment_1_seed_42
541,popular_1_exp_Experiment_1_seed_42
137,popular_1_exp_Experiment_1_seed_42
528,popular_1_exp_Experiment_1_seed_42
84,popular_1_exp_Experiment_1_seed_42
13,popular_1_exp_Experiment_1_seed_42
361,popular_1_exp_Experiment_1_seed_42
418,popular_1_exp_Experiment_1_seed_42
58,popular_1_exp_Experiment_1_seed_42
124,popular_1_exp_Experiment_1_seed_42
115,popular_1_exp_Experiment_1_seed_42
349,popular_1_exp_Experiment_1_seed_42
8,popular_1_exp_Experiment_1_seed_42
487,popular_1_exp_Experiment_1_seed_42
102,popular_1_exp_Experiment_1_seed_42
483,popular_1_exp_Experiment_1_seed_42
352,popular_1_exp_Experiment_1_seed_42
500,popular_1_exp_Experiment_1_seed_42
20,popular_1_exp_Experiment_1_seed_42
19,popular_1_exp_Experiment_1_seed_42
242,popular_1_exp_Experiment_1_seed_42
267,popular_1_exp_Experiment_1_seed_42
128,popular_1_exp_Experiment_1_seed_42
208,popular_1_exp_Experiment_1_seed_42
109,popular_1_exp_Experiment_1_seed_42
27,popular_1_exp_Experiment_1_seed_42
70,popular_1_exp_Experiment_1_seed_42
45,popular_1_exp_Experiment_1_seed_42
173,popular_1_exp_Experiment_1_seed_42
43,popular_1_exp_Experiment_1_seed_42
48,popular_1_exp_Experiment_1_seed_42
85,popular_1_exp_Experiment_1_seed_42
164,popular_1_exp_Experiment_1_seed_42
251,popular_1_exp_Experiment_1_seed_42
310,popular_1_exp_Experiment_1_seed_42
504,popular_1_exp_Experiment_1_seed_42
66,popular_1_exp_Experiment_1_seed_42
192,popular_1_exp_Experiment_1_seed_42
557,popular_1_exp_Experiment_1_seed_42
29,popular_1_exp_Experiment_1_seed_42
122,popular_1_exp_Experiment_1_seed_42
88,popular_1_exp_Experiment_1_seed_42
55,popular_1_exp_Experiment_1_seed_42
312,popular_1_exp_Experiment_1_seed_42
399,popular_1_exp_Experiment_1_seed_42
531,popular_1_exp_Experiment_1_seed_42
213,popular_1_exp_Experiment_1_seed_42
243,popular_1_exp_Experiment_1_seed_42
544,popular_1_exp_Experiment_1_seed_42
252,popular_1_exp_Experiment_1_seed_42
265,popular_1_exp_Experiment_1_seed_42
374,popular_1_exp_Experiment_1_seed_42
190,popular_1_exp_Experiment_1_seed_42
573,popular_1_exp_Experiment_1_seed_42
367,popular_1_exp_Experiment_1_seed_42
253,popular_1_exp_Experiment_1_seed_42
217,popular_1_exp_Experiment_1_seed_42
515,popular_1_exp_Experiment_1_seed_42
24,popular_1_exp_Experiment_1_seed_42
149,popular_1_exp_Experiment_1_seed_42
28,popular_1_exp_Experiment_1_seed_42
260,popular_1_exp_Experiment_1_seed_42
444,popular_1_exp_Experiment_1_seed_42
559,popular_1_exp_Experiment_1_seed_42
350,popular_1_exp_Experiment_1_seed_42
409,popular_1_exp_Experiment_1_seed_42
378,popular_1_exp_Experiment_1_seed_42
570,popular_1_exp_Experiment_1_seed_42
489,popular_1_exp_Experiment_1_seed_42
363,popular_1_exp_Experiment_1_seed_42
200,popular_1_exp_Experiment_1_seed_42
119,popular_1_exp_Experiment_1_seed_42
495,popular_1_exp_Experiment_1_seed_42
498,popular_1_exp_Experiment_1_seed_42
135,popular_1_exp_Experiment_1_seed_42
104,popular_1_exp_Experiment_1_seed_42
449,popular_1_exp_Experiment_1_seed_42
355,popular_1_exp_Experiment_1_seed_42
264,popular_1_exp_Experiment_1_seed_42
69,popular_1_exp_Experiment_1_seed_42
74,popular_1_exp_Experiment_1_seed_42
469,popular_1_exp_Experiment_1_seed_42
438,popular_1_exp_Experiment_1_seed_42
277,popular_1_exp_Experiment_1_seed_42
429,popular_1_exp_Experiment_1_seed_42
589,popular_1_exp_Experiment_1_seed_42
215,popular_1_exp_Experiment_1_seed_42
598,popular_1_exp_Experiment_1_seed_42
107,popular_1_exp_Experiment_1_seed_42
256,popular_1_exp_Experiment_1_seed_42
197,popular_1_exp_Experiment_1_seed_42
465,popular_1_exp_Experiment_1_seed_42
593,popular_1_exp_Experiment_1_seed_42
304,popular_1_exp_Experiment_1_seed_42
428,popular_1_exp_Experiment_1_seed_42
287,popular_1_exp_Experiment_1_seed_42
354,popular_1_exp_Experiment_1_seed_42
519,popular_1_exp_Experiment_1_seed_42
23,popular_1_exp_Experiment_1_seed_42
303,popular_1_exp_Experiment_1_seed_42
460,popular_1_exp_Experiment_1_seed_42
392,popular_1_exp_Experiment_1_seed_42
427,popular_1_exp_Experiment_1_seed_42
319,popular_1_exp_Experiment_1_seed_42
420,popular_1_exp_Experiment_1_seed_42
408,popular_1_exp_Experiment_1_seed_42
76,popular_1_exp_Experiment_1_seed_42
398,popular_1_exp_Experiment_1_seed_42
343,popular_1_exp_Experiment_1_seed_42
62,popular_1_exp_Experiment_1_seed_42
259,popular_1_exp_Experiment_1_seed_42
177,popular_1_exp_Experiment_1_seed_42
31,popular_1_exp_Experiment_1_seed_42
435,popular_1_exp_Experiment_1_seed_42
224,popular_1_exp_Experiment_1_seed_42
314,popular_1_exp_Experiment_1_seed_42
384,popular_1_exp_Experiment_1_seed_42
575,popular_1_exp_Experiment_1_seed_42
507,popular_1_exp_Experiment_1_seed_42
116,popular_1_exp_Experiment_1_seed_42
453,popular_1_exp_Experiment_1_seed_42
338,popular_1_exp_Experiment_1_seed_42
231,popular_1_exp_Experiment_1_seed_42
505,popular_1_exp_Experiment_1_seed_42
196,popular_1_exp_Experiment_1_seed_42
201,popular_1_exp_Experiment_1_seed_42
60,popular_1_exp_Experiment_1_seed_42
181,popular_1_exp_Experiment_1_seed_42
0,popular_1_exp_Experiment_1_seed_42
496,popular_1_exp_Experiment_1_seed_42
236,popular_1_exp_Experiment_1_seed_42
276,popular_1_exp_Experiment_1_seed_42
291,popular_1_exp_Experiment_1_seed_42
191,popular_1_exp_Experiment_1_seed_42
5,popular_1_exp_Experiment_1_seed_42
561,popular_1_exp_Experiment_1_seed_42
371,popular_1_exp_Experiment_1_seed_42
269,popular_1_exp_Experiment_1_seed_42
373,popular_1_exp_Experiment_1_seed_42
480,popular_1_exp_Experiment_1_seed_42
485,popular_1_exp_Experiment_1_seed_42
586,popular_1_exp_Experiment_1_seed_42
9,popular_1_exp_Experiment_1_seed_42
587,popular_1_exp_Experiment_1_seed_42
207,popular_1_exp_Experiment_1_seed_42
159,popular_1_exp_Experiment_1_seed_42
286,popular_1_exp_Experiment_1_seed_42
175,popular_1_exp_Experiment_1_seed_42
290,popular_1_exp_Experiment_1_seed_42
25,popular_1_exp_Experiment_1_seed_42
486,popular_1_exp_Experiment_1_seed_42
262,popular_1_exp_Experiment_1_seed_42
526,popular_1_exp_Experiment_1_seed_42
341,popular_1_exp_Experiment_1_seed_42
302,popular_1_exp_Experiment_1_seed_42
229,popular_1_exp_Experiment_1_seed_42
91,popular_1_exp_Experiment_1_seed_42
182,popular_1_exp_Experiment_1_seed_42
316,popular_1_exp_Experiment_1_seed_42
87,popular_1_exp_Experiment_1_seed_42
464,popular_1_exp_Experiment_1_seed_42
574,popular_1_exp_Experiment_1_seed_42
321,popular_1_exp_Experiment_1_seed_42
521,popular_1_exp_Experiment_1_seed_42
362,popular_1_exp_Experiment_1_seed_42
456,popular_1_exp_Experiment_1_seed_42
56,popular_1_exp_Experiment_1_seed_42
288,popular_1_exp_Experiment_1_seed_42
414,popular_1_exp_Experiment_1_seed_42
7,popular_1_exp_Experiment_1_seed_42
157,popular_1_exp_Experiment_1_seed_42
539,popular_1_exp_Experiment_1_seed_42
94,popular_1_exp_Experiment_1_seed_42
16,popular_1_exp_Experiment_1_seed_42
405,popular_1_exp_Experiment_1_seed_42
430,popular_1_exp_Experiment_1_seed_42
482,popular_1_exp_Experiment_1_seed_42
451,popular_1_exp_Experiment_1_seed_42
401,popular_1_exp_Experiment_1_seed_42
579,popular_1_exp_Experiment_1_seed_42
205,popular_1_exp_Experiment_1_seed_42
513,popular_1_exp_Experiment_1_seed_42
166,popular_1_exp_Experiment_1_seed_42
512,popular_1_exp_Experiment_1_seed_42
582,popular_1_exp_Experiment_1_seed_42
257,popular_1_exp_Experiment_1_seed_42
187,popular_1_exp_Experiment_1_seed_42
93,popular_1_exp_Experiment_1_seed_42
357,popular_1_exp_Experiment_1_seed_42
65,popular_1_exp_Experiment_1_seed_42
383,popular_1_exp_Experiment_1_seed_42
572,popular_1_exp_Experiment_1_seed_42
306,popular_1_exp_Experiment_1_seed_42
238,popular_1_exp_Experiment_1_seed_42
387,popular_1_exp_Experiment_1_seed_42
548,popular_1_exp_Experiment_1_seed_42
206,popular_1_exp_Experiment_1_seed_42
517,popular_1_exp_Experiment_1_seed_42
40,popular_1_exp_Experiment_1_seed_42
436,popular_1_exp_Experiment_1_seed_42
272,popular_1_exp_Experiment_1_seed_42
195,popular_1_exp_Experiment_1_seed_42
554,popular_1_exp_Experiment_1_seed_42
152,popular_1_exp_Experiment_1_seed_42
577,popular_1_exp_Experiment_1_seed_42
439,popular_1_exp_Experiment_1_seed_42
145,popular_1_exp_Experiment_1_seed_42
57,popular_1_exp_Experiment_1_seed_42
369,popular_1_exp_Experiment_1_seed_42
142,popular_1_exp_Experiment_1_seed_42
96,popular_1_exp_Experiment_1_seed_42
353,popular_1_exp_Experiment_1_seed_42
292,popular_1_exp_Experiment_1_seed_42
168,popular_1_exp_Experiment_1_seed_42
218,popular_1_exp_Experiment_1_seed_42
419,popular_1_exp_Experiment_1_seed_42
317,popular_1_exp_Experiment_1_seed_42
150,popular_1_exp_Experiment_1_seed_42
123,popular_1_exp_Experiment_1_seed_42
364,popular_1_exp_Experiment_1_seed_42
382,popular_1_exp_Experiment_1_seed_42
114,popular_1_exp_Experiment_1_seed_42
549,popular_1_exp_Experiment_1_seed_42
148,popular_1_exp_Experiment_1_seed_42
305,popular_1_exp_Experiment_1_seed_42
370,popular_1_exp_Experiment_1_seed_42
550,popular_1_exp_Experiment_1_seed_42
110,popular_1_exp_Experiment_1_seed_42
63,popular_1_exp_Experiment_1_seed_42
492,popular_1_exp_Experiment_1_seed_42
553,popular_1_exp_Experiment_1_seed_42
47,popular_1_exp_Experiment_1_seed_42
330,popular_1_exp_Experiment_1_seed_42
176,popular_1_exp_Experiment_1_seed_42
356,popular_1_exp_Experiment_1_seed_42
407,popular_1_exp_Experiment_1_seed_42
394,popular_1_exp_Experiment_1_seed_42
458,popular_1_exp_Experiment_1_seed_42
22,popular_1_exp_Experiment_1_seed_42
395,popular_1_exp_Experiment_1_seed_42
239,popular_1_exp_Experiment_1_seed_42
234,popular_1_exp_Experiment_1_seed_42
53,popular_1_exp_Experiment_1_seed_42
98,popular_1_exp_Experiment_1_seed_42
232,popular_1_exp_Experiment_1_seed_42
178,popular_1_exp_Experiment_1_seed_42
162,popular_1_exp_Experiment_1_seed_42
479,popular_1_exp_Experiment_1_seed_42
385,popular_1_exp_Experiment_1_seed_42
462,popular_1_exp_Experiment_1_seed_42
328,popular_1_exp_Experiment_1_seed_42
506,popular_1_exp_Experiment_1_seed_42
299,popular_1_exp_Experiment_1_seed_42
167,popular_1_exp_Experiment_1_seed_42
386,popular_1_exp_Experiment_1_seed_42
522,popular_1_exp_Experiment_1_seed_42
26,popular_1_exp_Experiment_1_seed_42
183,popular_1_exp_Experiment_1_seed_42
320,popular_1_exp_Experiment_1_seed_42
172,popular_1_exp_Experiment_1_seed_42
103,popular_1_exp_Experiment_1_seed_42
203,popular_1_exp_Experiment_1_seed_42
333,popular_1_exp_Experiment_1_seed_42
347,popular_1_exp_Experiment_1_seed_42
249,popular_1_exp_Experiment_1_seed_42
274,popular_1_exp_Experiment_1_seed_42
14,popular_1_exp_Experiment_1_seed_42
300,popular_1_exp_Experiment_1_seed_42
223,popular_1_exp_Experiment_1_seed_42
502,popular_1_exp_Experiment_1_seed_42
193,popular_1_exp_Experiment_1_seed_42
285,popular_1_exp_Experiment_1_seed_42
404,popular_1_exp_Experiment_1_seed_42
533,popular_1_exp_Experiment_1_seed_42
112,popular_1_exp_Experiment_1_seed_42
284,popular_1_exp_Experiment_1_seed_42
108,popular_1_exp_Experiment_1_seed_42
345,popular_1_exp_Experiment_1_seed_42
415,popular_1_exp_Experiment_1_seed_42
220,popular_1_exp_Experiment_1_seed_42
366,popular_1_exp_Experiment_1_seed_42
222,popular_1_exp_Experiment_1_seed_42
139,popular_1_exp_Experiment_1_seed_42
463,popular_1_exp_Experiment_1_seed_42
41,popular_1_exp_Experiment_1_seed_42
83,popular_1_exp_Experiment_1_seed_42
590,popular_1_exp_Experiment_1_seed_42
470,popular_1_exp_Experiment_1_seed_42
268,popular_1_exp_Experiment_1_seed_42
530,popular_1_exp_Experiment_1_seed_42
180,popular_1_exp_Experiment_1_seed_42
468,popular_1_exp_Experiment_1_seed_42
77,popular_1_exp_Experiment_1_seed_42
563,popular_1_exp_Experiment_1_seed_42
588,popular_1_exp_Experiment_1_seed_42
454,popular_1_exp_Experiment_1_seed_42
295,popular_1_exp_Experiment_1_seed_42
478,popular_1_exp_Experiment_1_seed_42
565,popular_1_exp_Experiment_1_seed_42
144,popular_1_exp_Experiment_1_seed_42
581,popular_1_exp_Experiment_1_seed_42
39,popular_1_exp_Experiment_1_seed_42
510,popular_1_exp_Experiment_1_seed_42
431,popular_1_exp_Experiment_1_seed_42
71,popular_1_exp_Experiment_1_seed_42
99,popular_1_exp_Experiment_1_seed_42
584,popular_1_exp_Experiment_1_seed_42
42,popular_1_exp_Experiment_1_seed_42
538,popular_1_exp_Experiment_1_seed_42
592,popular_1_exp_Experiment_1_seed_42
117,popular_1_exp_Experiment_1_seed_42
151,popular_1_exp_Experiment_1_seed_42
3,popular_1_exp_Experiment_1_seed_42
433,popular_1_exp_Experiment_1_seed_42
237,popular_1_exp_Experiment_1_seed_42
580,popular_1_exp_Experiment_1_seed_42
555,popular_1_exp_Experiment_1_seed_42
511,popular_1_exp_Experiment_1_seed_42
171,popular_1_exp_Experiment_1_seed_42
30,popular_1_exp_Experiment_1_seed_42
46,popular_1_exp_Experiment_1_seed_42
227,popular_1_exp_Experiment_1_seed_42
459,popular_1_exp_Experiment_1_seed_42
534,popular_1_exp_Experiment_1_seed_42
293,popular_1_exp_Experiment_1_seed_42
520,popular_1_exp_Experiment_1_seed_42
494,popular_1_exp_Experiment_1_seed_42
379,popular_1_exp_Experiment_1_seed_42
282,popular_1_exp_Experiment_1_seed_42
240,popular_1_exp_Experiment_1_seed_42
323,popular_1_exp_Experiment_1_seed_42
120,popular_1_exp_Experiment_1_seed_42
51,popular_1_exp_Experiment_1_seed_42
298,popular_1_exp_Experiment_1_seed_42
59,popular_1_exp_Experiment_1_seed_42
442,popular_1_exp_Experiment_1_seed_42
281,popular_1_exp_Experiment_1_seed_42
597,popular_1_exp_Experiment_1_seed_42
244,popular_1_exp_Experiment_1_seed_42
179,popular_1_exp_Experiment_1_seed_42
81,popular_1_exp_Experiment_1_seed_42
219,popular_1_exp_Experiment_1_seed_42
204,popular_1_exp_Experiment_1_seed_42
556,popular_1_exp_Experiment_1_seed_42
126,popular_1_exp_Experiment_1_seed_42
576,popular_1_exp_Experiment_1_seed_42
416,popular_1_exp_Experiment_1_seed_42
132,popular_1_exp_Experiment_1_seed_42
32,popular_1_exp_Experiment_1_seed_42
594,popular_1_exp_Experiment_1_seed_42
79,popular_1_exp_Experiment_1_seed_42
1,popular_1_exp_Experiment_1_seed_42
484,popular_1_exp_Experiment_1_seed_42
585,popular_1_exp_Experiment_1_seed_42
143,popular_1_exp_Experiment_1_seed_42
473,popular_1_exp_Experiment_1_seed_42
141,popular_1_exp_Experiment_1_seed_42
326,popular_1_exp_Experiment_1_seed_42
61,popular_1_exp_Experiment_1_seed_42
432,popular_1_exp_Experiment_1_seed_42
199,popular_1_exp_Experiment_1_seed_42
452,popular_1_exp_Experiment_1_seed_42
471,popular_1_exp_Experiment_1_seed_42
105,popular_1_exp_Experiment_1_seed_42
146,popular_1_exp_Experiment_1_seed_42
578,popular_1_exp_Experiment_1_seed_42
410,popular_1_exp_Experiment_1_seed_42
221,popular_1_exp_Experiment_1_seed_42
297,popular_1_exp_Experiment_1_seed_42
210,popular_1_exp_Experiment_1_seed_42
15,popular_1_exp_Experiment_1_seed_42
254,popular_1_exp_Experiment_1_seed_42
402,popular_1_exp_Experiment_1_seed_42
457,popular_1_exp_Experiment_1_seed_42
334,popular_1_exp_Experiment_1_seed_42
524,popular_1_exp_Experiment_1_seed_42
472,popular_1_exp_Experiment_1_seed_42
336,popular_1_exp_Experiment_1_seed_42
527,popular_1_exp_Experiment_1_seed_42
283,popular_1_exp_Experiment_1_seed_42
52,popular_1_exp_Experiment_1_seed_42
461,popular_1_exp_Experiment_1_seed_42
12,popular_1_exp_Experiment_1_seed_42
514,popular_1_exp_Experiment_1_seed_42
54,popular_1_exp_Experiment_1_seed_42
393,popular_1_exp_Experiment_1_seed_42
437,popular_1_exp_Experiment_1_seed_42
216,popular_1_exp_Experiment_1_seed_42
488,popular_1_exp_Experiment_1_seed_42
309,popular_1_exp_Experiment_1_seed_42
547,popular_1_exp_Experiment_1_seed_42
552,popular_1_exp_Experiment_1_seed_42
21,popular_1_exp_Experiment_1_seed_42
278,popular_1_exp_Experiment_1_seed_42
375,popular_1_exp_Experiment_1_seed_42
455,popular_1_exp_Experiment_1_seed_42
34,popular_1_exp_Experiment_1_seed_42
11,popular_1_exp_Experiment_1_seed_42
136,popular_1_exp_Experiment_1_seed_42
147,popular_1_exp_Experiment_1_seed_42
49,popular_1_exp_Experiment_1_seed_42
508,popular_1_exp_Experiment_1_seed_42
595,popular_1_exp_Experiment_1_seed_42
296,popular_1_exp_Experiment_1_seed_42
4,popular_1_exp_Experiment_1_seed_42
165,popular_1_exp_Experiment_1_seed_42
397,popular_1_exp_Experiment_1_seed_42
169,popular_1_exp_Experiment_1_seed_42
446,popular_1_exp_Experiment_1_seed_42
518,popular_1_exp_Experiment_1_seed_42
499,popular_1_exp_Experiment_1_seed_42
509,popular_1_exp_Experiment_1_seed_42
44,popular_1_exp_Experiment_1_seed_42
248,popular_1_exp_Experiment_1_seed_42
376,popular_1_exp_Experiment_1_seed_42
133,popular_1_exp_Experiment_1_seed_42
569,popular_1_exp_Experiment_1_seed_42
560,popular_1_exp_Experiment_1_seed_42
466,popular_1_exp_Experiment_1_seed_42
348,popular_1_exp_Experiment_1_seed_42
101,popular_1_exp_Experiment_1_seed_42
64,popular_1_exp_Experiment_1_seed_42
360,popular_1_exp_Experiment_1_seed_42
189,popular_1_exp_Experiment_1_seed_42
78,popular_1_exp_Experiment_1_seed_42
118,popular_1_exp_Experiment_1_seed_42
380,popular_1_exp_Experiment_1_seed_42
131,popular_1_exp_Experiment_1_seed_42
188,popular_1_exp_Experiment_1_seed_42
186,popular_1_exp_Experiment_1_seed_42
441,popular_1_exp_Experiment_1_seed_42
422,popular_1_exp_Experiment_1_seed_42
233,popular_1_exp_Experiment_1_seed_42
445,popular_1_exp_Experiment_1_seed_42
400,popular_1_exp_Experiment_1_seed_42
154,popular_1_exp_Experiment_1_seed_42
50,popular_1_exp_Experiment_1_seed_42
73,popular_1_exp_Experiment_1_seed_42
156,popular_1_exp_Experiment_1_seed_42
425,popular_1_exp_Experiment_1_seed_42
308,popular_1_exp_Experiment_1_seed_42
447,popular_1_exp_Experiment_1_seed_42
423,popular_1_exp_Experiment_1_seed_42
263,popular_1_exp_Experiment_1_seed_42
324,popular_1_exp_Experiment_1_seed_42
92,popular_1_exp_Experiment_1_seed_42
413,popular_1_exp_Experiment_1_seed_42
543,popular_1_exp_Experiment_1_seed_42
38,popular_1_exp_Experiment_1_seed_42
535,popular_1_exp_Experiment_1_seed_42
411,popular_1_exp_Experiment_1_seed_42
275,popular_1_exp_Experiment_1_seed_42
501,popular_1_exp_Experiment_1_seed_42
271,popular_1_exp_Experiment_1_seed_42
368,popular_1_exp_Experiment_1_seed_42
89,popular_1_exp_Experiment_1_seed_42
358,popular_1_exp_Experiment_1_seed_42
273,popular_1_exp_Experiment_1_seed_42
346,popular_1_exp_Experiment_1_seed_42
339,popular_1_exp_Experiment_1_seed_42
106,popular_1_exp_Experiment_1_seed_42
529,popular_1_exp_Experiment_1_seed_42
100,popular_1_exp_Experiment_1_seed_42
497,popular_1_exp_Experiment_1_seed_42
67,popular_1_exp_Experiment_1_seed_42
2,popular_1_exp_Experiment_1_seed_42
185,popular_1_exp_Experiment_1_seed_42
315,popular_1_exp_Experiment_1_seed_42
377,popular_1_exp_Experiment_1_seed_42
503,popular_1_exp_Experiment_1_seed_42
247,popular_1_exp_Experiment_1_seed_42
448,popular_1_exp_Experiment_1_seed_42
313,popular_1_exp_Experiment_1_seed_42
279,popular_1_exp_Experiment_1_seed_42
202,popular_1_exp_Experiment_1_seed_42
337,popular_1_exp_Experiment_1_seed_42
280,popular_1_exp_Experiment_1_seed_42
426,popular_1_exp_Experiment_1_seed_42
228,popular_1_exp_Experiment_1_seed_42
474,popular_1_exp_Experiment_1_seed_42
209,popular_1_exp_Experiment_1_seed_42
523,popular_1_exp_Experiment_1_seed_42
138,popular_1_exp_Experiment_1_seed_42
421,popular_1_exp_Experiment_1_seed_42
536,popular_1_exp_Experiment_1_seed_42
68,popular_1_exp_Experiment_1_seed_42
381,popular_1_exp_Experiment_1_seed_42
163,popular_1_exp_Experiment_1_seed_42
245,popular_1_exp_Experiment_1_seed_42
359,popular_1_exp_Experiment_1_seed_42
566,popular_1_exp_Experiment_1_seed_42
289,popular_1_exp_Experiment_1_seed_42
327,popular_1_exp_Experiment_1_seed_42
351,popular_1_exp_Experiment_1_seed_42
493,popular_1_exp_Experiment_1_seed_42
546,popular_1_exp_Experiment_1_seed_42
388,popular_1_exp_Experiment_1_seed_42
583,popular_1_exp_Experiment_1_seed_42
130,popular_1_exp_Experiment_1_seed_42
161,popular_1_exp_Experiment_1_seed_42
564,popular_1_exp_Experiment_1_seed_42
389,popular_1_exp_Experiment_1_seed_42
153,popular_1_exp_Experiment_1_seed_42
95,popular_1_exp_Experiment_1_seed_42
540,popular_1_exp_Experiment_1_seed_42
255,popular_1_exp_Experiment_1_seed_42
82,popular_1_exp_Experiment_1_seed_42
481,popular_1_exp_Experiment_1_seed_42
125,popular_1_exp_Experiment_1_seed_42
37,popular_1_exp_Experiment_1_seed_42
17,popular_1_exp_Experiment_1_seed_42
335,popular_1_exp_Experiment_1_seed_42
545,popular_1_exp_Experiment_1_seed_42
18,popular_1_exp_Experiment_1_seed_42
214,popular_1_exp_Experiment_1_seed_42
443,popular_1_exp_Experiment_1_seed_42
332,popular_1_exp_Experiment_1_seed_42
558,popular_1_exp_Experiment_1_seed_42
35,popular_1_exp_Experiment_1_seed_42
246,popular_1_exp_Experiment_1_seed_42
390,popular_1_exp_Experiment_1_seed_42
33,popular_1_exp_Experiment_1_seed_42
516,popular_1_exp_Experiment_1_seed_42
568,popular_1_exp_Experiment_1_seed_42
424,popular_1_exp_Experiment_1_seed_42
198,popular_1_exp_Experiment_1_seed_42
599,popular_1_exp_Experiment_1_seed_42
491,popular_1_exp_Experiment_1_seed_42
270,popular_1_exp_Experiment_1_seed_42
294,popular_1_exp_Experiment_1_seed_42
241,popular_1_exp_Experiment_1_seed_42
412,popular_1_exp_Experiment_1_seed_42
331,popular_1_exp_Experiment_1_seed_42
340,popular_1_exp_Experiment_1_seed_42
212,popular_1_exp_Experiment_1_seed_42
134,popular_1_exp_Experiment_1_seed_42
97,popular_1_exp_Experiment_1_seed_42
258,popular_1_exp_Experiment_1_seed_42
490,popular_1_exp_Experiment_1_seed_42
90,popular_1_exp_Experiment_1_seed_42
129,popular_1_exp_Experiment_1_seed_42
301,popular_1_exp_Experiment_1_seed_42
127,popular_1_exp_Experiment_1_seed_42
475,popular_1_exp_Experiment_1_seed_42
155,popular_1_exp_Experiment_1_seed_42
72,popular_1_exp_Experiment_1_seed_42
140,popular_1_exp_Experiment_1_seed_42
450,popular_1_exp_Experiment_1_seed_42
440,popular_1_exp_Experiment_1_seed_42
537,popular_1_exp_Experiment_1_seed_42
113,popular_1_exp_Experiment_1_seed_42
235,popular_1_exp_Experiment_1_seed_42
476,popular_1_exp_Experiment_1_seed_42
406,popular_1_exp_Experiment_1_seed_42
111,popular_1_exp_Experiment_1_seed_42
80,popular_1_exp_Experiment_1_seed_42
318,popular_1_exp_Experiment_1_seed_42
391,popular_1_exp_Experiment_1_seed_42
344,popular_1_exp_Experiment_1_seed_42
121,popular_1_exp_Experiment_1_seed_42
591,popular_1_exp_Experiment_1_seed_42
551,popular_1_exp_Experiment_1_seed_42
226,popular_1_exp_Experiment_1_seed_42
467,popular_1_exp_Experiment_1_seed_42
10,popular_1_exp_Experiment_1_seed_42
532,popular_1_exp_Experiment_1_seed_42
75,popular_1_exp_Experiment_1_seed_42
211,popular_1_exp_Experiment_1_seed_42
250,popular_1_exp_Experiment_1_seed_42
403,popular_1_exp_Experiment_1_seed_42
562,popular_1_exp_Experiment_1_seed_42
525,popular_1_exp_Experiment_1_seed_42
86,popular_1_exp_Experiment_1_seed_42
365,popular_1_exp_Experiment_1_seed_42
571,popular_1_exp_Experiment_1_seed_42
266,popular_1_exp_Experiment_1_seed_42
542,popular_1_exp_Experiment_1_seed_42
396,popular_1_exp_Experiment_1_seed_42
225,popular_1_exp_Experiment_1_seed_42
230,popular_1_exp_Experiment_1_seed_42
434,popular_1_exp_Experiment_1_seed_42
174,popular_1_exp_Experiment_1_seed_42
322,popular_1_exp_Experiment_1_seed_42
311,popular_1_exp_Experiment_1_seed_42
36,popular_1_exp_Experiment_1_seed_42
307,popular_1_exp_Experiment_1_seed_42
261,popular_1_exp_Experiment_1_seed_42
184,popular_1_exp_Experiment_1_seed_42
329,popular_1_exp_Experiment_1_seed_42
477,popular_1_exp_Experiment_1_seed_42
342,popular_1_exp_Experiment_1_seed_42
596,popular_1_exp_Experiment_1_seed_42
372,popular_1_exp_Experiment_1_seed_42
325,popular_1_exp_Experiment_1_seed_42
6,popular_1_exp_Experiment_1_seed_42
170,popular_1_exp_Experiment_1_seed_42
194,popular_1_exp_Experiment_1_seed_42
567,popular_1_exp_Experiment_1_seed_42
417,popular_1_exp_Experiment_1_seed_42
160,popular_1_exp_Experiment_1_seed_42
158,popular_1_exp_Experiment_1_seed_42
541,popular_1_exp_Experiment_1_seed_42
137,popular_1_exp_Experiment_1_seed_42
528,popular_1_exp_Experiment_1_seed_42
84,popular_1_exp_Experiment_1_seed_42
13,popular_1_exp_Experiment_1_seed_42
361,popular_1_exp_Experiment_1_seed_42
418,popular_1_exp_Experiment_1_seed_42
58,popular_1_exp_Experiment_1_seed_42
124,popular_1_exp_Experiment_1_seed_42
115,popular_1_exp_Experiment_1_seed_42
349,popular_1_exp_Experiment_1_seed_42
8,popular_1_exp_Experiment_1_seed_42
487,popular_1_exp_Experiment_1_seed_42
102,popular_1_exp_Experiment_1_seed_42
483,popular_1_exp_Experiment_1_seed_42
352,popular_1_exp_Experiment_1_seed_42
500,popular_1_exp_Experiment_1_seed_42
20,popular_1_exp_Experiment_1_seed_42
19,popular_1_exp_Experiment_1_seed_42
242,popular_1_exp_Experiment_1_seed_42
267,popular_1_exp_Experiment_1_seed_42
128,popular_1_exp_Experiment_1_seed_42
208,popular_1_exp_Experiment_1_seed_42
109,popular_1_exp_Experiment_1_seed_42
27,popular_1_exp_Experiment_1_seed_42
70,popular_1_exp_Experiment_1_seed_42
45,popular_1_exp_Experiment_1_seed_42
173,popular_1_exp_Experiment_1_seed_42
43,popular_1_exp_Experiment_1_seed_42
48,popular_1_exp_Experiment_1_seed_42
85,popular_1_exp_Experiment_1_seed_42
164,popular_1_exp_Experiment_1_seed_42
251,popular_1_exp_Experiment_1_seed_42
310,popular_1_exp_Experiment_1_seed_42
504,popular_1_exp_Experiment_1_seed_42
66,popular_1_exp_Experiment_1_seed_42
192,popular_1_exp_Experiment_1_seed_42
557,popular_1_exp_Experiment_1_seed_42
29,popular_1_exp_Experiment_1_seed_42
122,popular_1_exp_Experiment_1_seed_42
88,popular_1_exp_Experiment_1_seed_42
55,popular_1_exp_Experiment_1_seed_42
312,popular_1_exp_Experiment_1_seed_42
399,popular_1_exp_Experiment_1_seed_42
531,popular_1_exp_Experiment_1_seed_42
213,popular_1_exp_Experiment_1_seed_42
243,popular_1_exp_Experiment_1_seed_42
544,popular_1_exp_Experiment_1_seed_42
252,popular_1_exp_Experiment_1_seed_42
265,popular_1_exp_Experiment_1_seed_42
374,popular_1_exp_Experiment_1_seed_42
190,popular_1_exp_Experiment_1_seed_42
573,popular_1_exp_Experiment_1_seed_42
367,popular_1_exp_Experiment_1_seed_42
253,popular_1_exp_Experiment_1_seed_42
217,popular_1_exp_Experiment_1_seed_42
515,popular_1_exp_Experiment_1_seed_42
24,popular_1_exp_Experiment_1_seed_42
149,popular_1_exp_Experiment_1_seed_42
28,popular_1_exp_Experiment_1_seed_42
260,popular_1_exp_Experiment_1_seed_42
444,popular_1_exp_Experiment_1_seed_42
559,popular_1_exp_Experiment_1_seed_42
350,popular_1_exp_Experiment_1_seed_42
409,popular_1_exp_Experiment_1_seed_42
378,popular_1_exp_Experiment_1_seed_42
570,popular_1_exp_Experiment_1_seed_42
489,popular_1_exp_Experiment_1_seed_42
363,popular_1_exp_Experiment_1_seed_42
200,popular_1_exp_Experiment_1_seed_42
119,popular_1_exp_Experiment_1_seed_42
495,popular_1_exp_Experiment_1_seed_42
498,popular_1_exp_Experiment_1_seed_42
135,popular_1_exp_Experiment_1_seed_42
104,popular_1_exp_Experiment_1_seed_42
449,popular_1_exp_Experiment_1_seed_42
355,popular_1_exp_Experiment_1_seed_42
264,popular_1_exp_Experiment_1_seed_42
69,popular_1_exp_Experiment_1_seed_42
74,popular_1_exp_Experiment_1_seed_42
469,popular_1_exp_Experiment_1_seed_42
438,popular_1_exp_Experiment_1_seed_42
277,popular_1_exp_Experiment_1_seed_42
429,popular_1_exp_Experiment_1_seed_42
589,popular_1_exp_Experiment_1_seed_42
215,popular_1_exp_Experiment_1_seed_42
598,popular_1_exp_Experiment_1_seed_42
107,popular_1_exp_Experiment_1_seed_42
256,popular_1_exp_Experiment_1_seed_42
197,popular_1_exp_Experiment_1_seed_42
465,popular_1_exp_Experiment_1_seed_42
593,popular_1_exp_Experiment_1_seed_42
304,popular_1_exp_Experiment_1_seed_42
428,popular_1_exp_Experiment_1_seed_42
287,popular_1_exp_Experiment_1_seed_42
354,popular_1_exp_Experiment_1_seed_42
519,popular_1_exp_Experiment_1_seed_42
23,popular_1_exp_Experiment_1_seed_42
303,popular_1_exp_Experiment_1_seed_42
460,popular_1_exp_Experiment_1_seed_42
392,popular_1_exp_Experiment_1_seed_42
427,popular_1_exp_Experiment_1_seed_42
319,popular_1_exp_Experiment_1_seed_42
420,popular_1_exp_Experiment_1_seed_42
408,popular_1_exp_Experiment_1_seed_42
76,popular_1_exp_Experiment_1_seed_42
398,popular_1_exp_Experiment_1_seed_42
343,popular_1_exp_Experiment_1_seed_42
62,popular_1_exp_Experiment_1_seed_42
259,popular_1_exp_Experiment_1_seed_42
177,popular_1_exp_Experiment_1_seed_42
31,popular_1_exp_Experiment_1_seed_42
435,popular_1_exp_Experiment_1_seed_42
224,popular_1_exp_Experiment_1_seed_42
314,popular_1_exp_Experiment_1_seed_42
384,popular_1_exp_Experiment_1_seed_42
575,popular_1_exp_Experiment_1_seed_42
507,popular_1_exp_Experiment_1_seed_42
116,popular_1_exp_Experiment_1_seed_42
453,popular_1_exp_Experiment_1_seed_42
338,popular_1_exp_Experiment_1_seed_42
231,popular_1_exp_Experiment_1_seed_42
505,popular_1_exp_Experiment_1_seed_42
196,popular_1_exp_Experiment_1_seed_42
201,popular_1_exp_Experiment_1_seed_42
60,popular_1_exp_Experiment_1_seed_42
181,popular_1_exp_Experiment_1_seed_42
0,popular_1_exp_Experiment_1_seed_42
496,popular_1_exp_Experiment_1_seed_42
236,popular_1_exp_Experiment_1_seed_42
276,popular_1_exp_Experiment_1_seed_42
291,popular_1_exp_Experiment_1_seed_42
191,popular_1_exp_Experiment_1_seed_42
5,popular_1_exp_Experiment_1_seed_42
561,popular_1_exp_Experiment_1_seed_42
371,popular_1_exp_Experiment_1_seed_42
269,popular_1_exp_Experiment_1_seed_42
373,popular_1_exp_Experiment_1_seed_42
480,popular_1_exp_Experiment_1_seed_42
485,popular_1_exp_Experiment_1_seed_42
586,popular_1_exp_Experiment_1_seed_42
9,popular_1_exp_Experiment_1_seed_42
587,popular_1_exp_Experiment_1_seed_42
207,popular_1_exp_Experiment_1_seed_42
159,popular_1_exp_Experiment_1_seed_42
286,popular_1_exp_Experiment_1_seed_42
175,popular_1_exp_Experiment_1_seed_42
290,popular_1_exp_Experiment_1_seed_42
25,popular_1_exp_Experiment_1_seed_42
486,popular_1_exp_Experiment_1_seed_42
262,popular_1_exp_Experiment_1_seed_42
526,popular_1_exp_Experiment_1_seed_42
341,popular_1_exp_Experiment_1_seed_42
302,popular_1_exp_Experiment_1_seed_42
229,popular_1_exp_Experiment_1_seed_42
91,popular_1_exp_Experiment_1_seed_42
182,popular_1_exp_Experiment_1_seed_42
316,popular_1_exp_Experiment_1_seed_42
87,popular_1_exp_Experiment_1_seed_42
464,popular_1_exp_Experiment_1_seed_42
574,popular_1_exp_Experiment_1_seed_42
321,popular_1_exp_Experiment_1_seed_42
521,popular_1_exp_Experiment_1_seed_42
362,popular_1_exp_Experiment_1_seed_42
456,popular_1_exp_Experiment_1_seed_42
56,popular_1_exp_Experiment_1_seed_42
288,popular_1_exp_Experiment_1_seed_42
414,popular_1_exp_Experiment_1_seed_42
7,popular_1_exp_Experiment_1_seed_42
157,popular_1_exp_Experiment_1_seed_42
539,popular_1_exp_Experiment_1_seed_42
94,popular_1_exp_Experiment_1_seed_42
16,popular_1_exp_Experiment_1_seed_42
405,popular_1_exp_Experiment_1_seed_42
430,popular_1_exp_Experiment_1_seed_42
482,popular_1_exp_Experiment_1_seed_42
451,popular_1_exp_Experiment_1_seed_42
401,popular_1_exp_Experiment_1_seed_42
579,popular_1_exp_Experiment_1_seed_42
205,popular_1_exp_Experiment_1_seed_42
513,popular_1_exp_Experiment_1_seed_42
166,popular_1_exp_Experiment_1_seed_42
512,popular_1_exp_Experiment_1_seed_42
582,popular_1_exp_Experiment_1_seed_42
257,popular_1_exp_Experiment_1_seed_42
187,popular_1_exp_Experiment_1_seed_42
93,popular_1_exp_Experiment_1_seed_42
357,popular_1_exp_Experiment_1_seed_42
65,popular_1_exp_Experiment_1_seed_42
383,popular_1_exp_Experiment_1_seed_42
572,popular_1_exp_Experiment_1_seed_42
306,popular_1_exp_Experiment_1_seed_42
238,popular_1_exp_Experiment_1_seed_42
387,popular_1_exp_Experiment_1_seed_42
548,popular_1_exp_Experiment_1_seed_42
206,popular_1_exp_Experiment_1_seed_42
517,popular_1_exp_Experiment_1_seed_42
40,popular_1_exp_Experiment_1_seed_42
436,popular_1_exp_Experiment_1_seed_42
272,popular_1_exp_Experiment_1_seed_42
195,popular_1_exp_Experiment_1_seed_42
554,popular_1_exp_Experiment_1_seed_42
152,popular_1_exp_Experiment_1_seed_42
577,popular_1_exp_Experiment_1_seed_42
439,popular_1_exp_Experiment_1_seed_42
145,popular_1_exp_Experiment_1_seed_42
57,popular_1_exp_Experiment_1_seed_42
369,popular_1_exp_Experiment_1_seed_42
142,popular_1_exp_Experiment_1_seed_42
96,popular_1_exp_Experiment_1_seed_42
353,popular_1_exp_Experiment_1_seed_42
292,popular_1_exp_Experiment_1_seed_42
168,popular_1_exp_Experiment_1_seed_42
218,popular_1_exp_Experiment_1_seed_42
419,popular_1_exp_Experiment_1_seed_42
317,popular_1_exp_Experiment_1_seed_42
150,popular_1_exp_Experiment_1_seed_42
123,popular_1_exp_Experiment_1_seed_42
364,popular_1_exp_Experiment_1_seed_42
382,popular_1_exp_Experiment_1_seed_42
114,popular_1_exp_Experiment_1_seed_42
549,popular_1_exp_Experiment_1_seed_42
148,popular_1_exp_Experiment_1_seed_42
305,popular_1_exp_Experiment_1_seed_42
370,popular_1_exp_Experiment_1_seed_42
550,popular_1_exp_Experiment_1_seed_42
110,popular_1_exp_Experiment_1_seed_42
63,popular_1_exp_Experiment_1_seed_42
492,popular_1_exp_Experiment_1_seed_42
553,popular_1_exp_Experiment_1_seed_42
47,popular_1_exp_Experiment_1_seed_42
330,popular_1_exp_Experiment_1_seed_42
176,popular_1_exp_Experiment_1_seed_42
356,popular_1_exp_Experiment_1_seed_42
407,popular_1_exp_Experiment_1_seed_42
394,popular_1_exp_Experiment_1_seed_42
458,popular_1_exp_Experiment_1_seed_42
22,popular_1_exp_Experiment_1_seed_42
395,popular_1_exp_Experiment_1_seed_42
239,popular_1_exp_Experiment_1_seed_42
234,popular_1_exp_Experiment_1_seed_42
53,popular_1_exp_Experiment_1_seed_42
98,popular_1_exp_Experiment_1_seed_42
232,popular_1_exp_Experiment_1_seed_42
178,popular_1_exp_Experiment_1_seed_42
162,popular_1_exp_Experiment_1_seed_42
479,popular_1_exp_Experiment_1_seed_42
385,popular_1_exp_Experiment_1_seed_42
462,popular_1_exp_Experiment_1_seed_42
328,popular_1_exp_Experiment_1_seed_42
506,popular_1_exp_Experiment_1_seed_42
299,popular_1_exp_Experiment_1_seed_42
167,popular_1_exp_Experiment_1_seed_42
386,popular_1_exp_Experiment_1_seed_42
522,popular_1_exp_Experiment_1_seed_42
26,popular_1_exp_Experiment_1_seed_42
183,popular_1_exp_Experiment_1_seed_42
320,popular_1_exp_Experiment_1_seed_42
172,popular_1_exp_Experiment_1_seed_42
103,popular_1_exp_Experiment_1_seed_42
203,popular_1_exp_Experiment_1_seed_42
333,popular_1_exp_Experiment_1_seed_42
347,popular_1_exp_Experiment_1_seed_42
249,popular_1_exp_Experiment_1_seed_42
274,popular_1_exp_Experiment_1_seed_42
14,popular_1_exp_Experiment_1_seed_42
300,popular_1_exp_Experiment_1_seed_42
223,popular_1_exp_Experiment_1_seed_42
502,popular_1_exp_Experiment_1_seed_42
193,popular_1_exp_Experiment_1_seed_42
285,popular_1_exp_Experiment_1_seed_42
404,popular_1_exp_Experiment_1_seed_42
533,popular_1_exp_Experiment_1_seed_42
112,popular_1_exp_Experiment_1_seed_42
284,popular_1_exp_Experiment_1_seed_42
108,popular_1_exp_Experiment_1_seed_42
345,popular_1_exp_Experiment_1_seed_42
415,popular_1_exp_Experiment_1_seed_42
220,popular_1_exp_Experiment_1_seed_42
366,popular_1_exp_Experiment_1_seed_42
222,popular_1_exp_Experiment_1_seed_42
139,popular_1_exp_Experiment_1_seed_42
463,popular_1_exp_Experiment_1_seed_42
41,popular_1_exp_Experiment_1_seed_42
83,popular_1_exp_Experiment_1_seed_42
590,popular_1_exp_Experiment_1_seed_42
470,popular_1_exp_Experiment_1_seed_42
268,popular_1_exp_Experiment_1_seed_42
530,popular_1_exp_Experiment_1_seed_42
180,popular_1_exp_Experiment_1_seed_42
468,popular_1_exp_Experiment_1_seed_42
77,popular_1_exp_Experiment_1_seed_42
563,popular_1_exp_Experiment_1_seed_42
588,popular_1_exp_Experiment_1_seed_42
454,popular_1_exp_Experiment_1_seed_42
295,popular_1_exp_Experiment_1_seed_42
478,popular_1_exp_Experiment_1_seed_42
565,popular_1_exp_Experiment_1_seed_42
144,popular_1_exp_Experiment_1_seed_42
581,popular_1_exp_Experiment_1_seed_42
39,popular_1_exp_Experiment_1_seed_42
510,popular_1_exp_Experiment_1_seed_42
431,popular_1_exp_Experiment_1_seed_42
71,popular_1_exp_Experiment_1_seed_42
99,popular_1_exp_Experiment_1_seed_42
584,popular_1_exp_Experiment_1_seed_42
42,popular_1_exp_Experiment_1_seed_42
538,popular_1_exp_Experiment_1_seed_42
592,popular_1_exp_Experiment_1_seed_42
117,popular_1_exp_Experiment_1_seed_42
151,popular_1_exp_Experiment_1_seed_42
3,popular_1_exp_Experiment_1_seed_42
433,popular_1_exp_Experiment_1_seed_42
237,popular_1_exp_Experiment_1_seed_42
580,popular_1_exp_Experiment_1_seed_42
555,popular_1_exp_Experiment_1_seed_42
511,popular_1_exp_Experiment_1_seed_42
171,popular_1_exp_Experiment_1_seed_42
30,popular_1_exp_Experiment_1_seed_42
46,popular_1_exp_Experiment_1_seed_42
227,popular_1_exp_Experiment_1_seed_42
459,popular_1_exp_Experiment_1_seed_42
534,popular_1_exp_Experiment_1_seed_42
293,popular_1_exp_Experiment_1_seed_42
520,popular_1_exp_Experiment_1_seed_42
494,popular_1_exp_Experiment_1_seed_42
379,popular_1_exp_Experiment_1_seed_42
282,popular_1_exp_Experiment_1_seed_42
240,popular_1_exp_Experiment_1_seed_42
323,popular_1_exp_Experiment_1_seed_42
120,popular_1_exp_Experiment_1_seed_42
51,popular_1_exp_Experiment_1_seed_42
298,popular_1_exp_Experiment_1_seed_42
59,popular_1_exp_Experiment_1_seed_42
442,popular_1_exp_Experiment_1_seed_42
281,popular_1_exp_Experiment_1_seed_42
597,popular_1_exp_Experiment_1_seed_42
244,popular_1_exp_Experiment_1_seed_42
179,popular_1_exp_Experiment_1_seed_42
81,popular_1_exp_Experiment_1_seed_42
219,popular_1_exp_Experiment_1_seed_42
204,popular_1_exp_Experiment_1_seed_42
556,popular_1_exp_Experiment_1_seed_42
126,popular_1_exp_Experiment_1_seed_42
576,popular_1_exp_Experiment_1_seed_42
416,popular_1_exp_Experiment_1_seed_42
132,popular_1_exp_Experiment_1_seed_42
32,popular_1_exp_Experiment_1_seed_42
594,popular_1_exp_Experiment_1_seed_42
79,popular_1_exp_Experiment_1_seed_42
1,popular_1_exp_Experiment_1_seed_42
484,popular_1_exp_Experiment_1_seed_42
585,popular_1_exp_Experiment_1_seed_42
143,popular_1_exp_Experiment_1_seed_42
473,popular_1_exp_Experiment_1_seed_42
141,popular_1_exp_Experiment_1_seed_42
326,popular_1_exp_Experiment_1_seed_42
61,popular_1_exp_Experiment_1_seed_42
432,popular_1_exp_Experiment_1_seed_42
199,popular_1_exp_Experiment_1_seed_42
452,popular_1_exp_Experiment_1_seed_42
471,popular_1_exp_Experiment_1_seed_42
105,popular_1_exp_Experiment_1_seed_42
146,popular_1_exp_Experiment_1_seed_42
578,popular_1_exp_Experiment_1_seed_42
410,popular_1_exp_Experiment_1_seed_42
221,popular_1_exp_Experiment_1_seed_42
297,popular_1_exp_Experiment_1_seed_42
210,popular_1_exp_Experiment_1_seed_42
15,popular_1_exp_Experiment_1_seed_42
254,popular_1_exp_Experiment_1_seed_42
402,popular_1_exp_Experiment_1_seed_42
457,popular_1_exp_Experiment_1_seed_42
334,popular_1_exp_Experiment_1_seed_42
524,popular_1_exp_Experiment_1_seed_42
472,popular_1_exp_Experiment_1_seed_42
336,popular_1_exp_Experiment_1_seed_42
527,popular_1_exp_Experiment_1_seed_42
283,popular_1_exp_Experiment_1_seed_42
52,popular_1_exp_Experiment_1_seed_42
461,popular_1_exp_Experiment_1_seed_42
12,popular_1_exp_Experiment_1_seed_42
514,popular_1_exp_Experiment_1_seed_42
54,popular_1_exp_Experiment_1_seed_42
393,popular_1_exp_Experiment_1_seed_42
437,popular_1_exp_Experiment_1_seed_42
216,popular_1_exp_Experiment_1_seed_42
488,popular_1_exp_Experiment_1_seed_42
309,popular_1_exp_Experiment_1_seed_42
547,popular_1_exp_Experiment_1_seed_42
552,popular_1_exp_Experiment_1_seed_42
21,popular_1_exp_Experiment_1_seed_42
278,popular_1_exp_Experiment_1_seed_42
375,popular_1_exp_Experiment_1_seed_42
455,popular_1_exp_Experiment_1_seed_42
34,popular_1_exp_Experiment_1_seed_42
11,popular_1_exp_Experiment_1_seed_42
136,popular_1_exp_Experiment_1_seed_42
147,popular_1_exp_Experiment_1_seed_42
49,popular_1_exp_Experiment_1_seed_42
508,popular_1_exp_Experiment_1_seed_42
595,popular_1_exp_Experiment_1_seed_42
296,popular_1_exp_Experiment_1_seed_42
4,popular_1_exp_Experiment_1_seed_42
165,popular_1_exp_Experiment_1_seed_42
397,popular_1_exp_Experiment_1_seed_42
169,popular_1_exp_Experiment_1_seed_42
446,popular_1_exp_Experiment_1_seed_42
518,popular_1_exp_Experiment_1_seed_42
499,popular_1_exp_Experiment_1_seed_42
509,popular_1_exp_Experiment_1_seed_42
44,popular_1_exp_Experiment_1_seed_42
248,popular_1_exp_Experiment_1_seed_42
376,popular_1_exp_Experiment_1_seed_42
133,popular_1_exp_Experiment_1_seed_42
569,popular_1_exp_Experiment_1_seed_42
560,popular_1_exp_Experiment_1_seed_42
466,popular_1_exp_Experiment_1_seed_42
348,popular_1_exp_Experiment_1_seed_42
101,popular_1_exp_Experiment_1_seed_42
64,popular_1_exp_Experiment_1_seed_42
360,popular_1_exp_Experiment_1_seed_42
189,popular_1_exp_Experiment_1_seed_42
78,popular_1_exp_Experiment_1_seed_42
118,popular_1_exp_Experiment_1_seed_42
380,popular_1_exp_Experiment_1_seed_42
131,popular_1_exp_Experiment_1_seed_42
188,popular_1_exp_Experiment_1_seed_42
186,popular_1_exp_Experiment_1_seed_42
441,popular_1_exp_Experiment_1_seed_42
422,popular_1_exp_Experiment_1_seed_42
233,popular_1_exp_Experiment_1_seed_42
445,popular_1_exp_Experiment_1_seed_42
400,popular_1_exp_Experiment_1_seed_42
154,popular_1_exp_Experiment_1_seed_42
50,popular_1_exp_Experiment_1_seed_42
73,popular_1_exp_Experiment_1_seed_42
156,popular_1_exp_Experiment_1_seed_42
425,popular_1_exp_Experiment_1_seed_42
308,popular_1_exp_Experiment_1_seed_42
447,popular_1_exp_Experiment_1_seed_42
423,popular_1_exp_Experiment_1_seed_42
263,popular_1_exp_Experiment_1_seed_42
324,popular_1_exp_Experiment_1_seed_42
92,popular_1_exp_Experiment_1_seed_42
413,popular_1_exp_Experiment_1_seed_42
543,popular_1_exp_Experiment_1_seed_42
38,popular_1_exp_Experiment_1_seed_42
535,popular_1_exp_Experiment_1_seed_42
411,popular_1_exp_Experiment_1_seed_42
275,popular_1_exp_Experiment_1_seed_42
501,popular_1_exp_Experiment_1_seed_42
271,popular_1_exp_Experiment_1_seed_42
368,popular_1_exp_Experiment_1_seed_42
89,popular_1_exp_Experiment_1_seed_42
358,popular_1_exp_Experiment_1_seed_42
273,popular_1_exp_Experiment_1_seed_42
346,popular_1_exp_Experiment_1_seed_42
339,popular_1_exp_Experiment_1_seed_42
106,popular_1_exp_Experiment_1_seed_42
529,popular_1_exp_Experiment_1_seed_42
100,popular_1_exp_Experiment_1_seed_42
497,popular_1_exp_Experiment_1_seed_42
67,popular_1_exp_Experiment_1_seed_42
2,popular_1_exp_Experiment_1_seed_42
185,popular_1_exp_Experiment_1_seed_42
315,popular_1_exp_Experiment_1_seed_42
377,popular_1_exp_Experiment_1_seed_42
503,popular_1_exp_Experiment_1_seed_42
247,popular_1_exp_Experiment_1_seed_42
448,popular_1_exp_Experiment_1_seed_42
313,popular_1_exp_Experiment_1_seed_42
279,popular_1_exp_Experiment_1_seed_42
202,popular_1_exp_Experiment_1_seed_42
337,popular_1_exp_Experiment_1_seed_42
280,popular_1_exp_Experiment_1_seed_42
426,popular_1_exp_Experiment_1_seed_42
228,popular_1_exp_Experiment_1_seed_42
474,popular_1_exp_Experiment_1_seed_42
209,popular_1_exp_Experiment_1_seed_42
523,popular_1_exp_Experiment_1_seed_42
138,popular_1_exp_Experiment_1_seed_42
421,popular_1_exp_Experiment_1_seed_42
536,popular_1_exp_Experiment_1_seed_42
68,popular_1_exp_Experiment_1_seed_42
381,popular_1_exp_Experiment_1_seed_42
163,popular_1_exp_Experiment_1_seed_42
245,popular_1_exp_Experiment_1_seed_42
359,popular_1_exp_Experiment_1_seed_42
566,popular_1_exp_Experiment_1_seed_42
289,popular_1_exp_Experiment_1_seed_42
327,popular_1_exp_Experiment_1_seed_42
351,popular_1_exp_Experiment_1_seed_42
493,popular_1_exp_Experiment_1_seed_42
546,popular_1_exp_Experiment_1_seed_42
388,popular_1_exp_Experiment_1_seed_42
583,popular_1_exp_Experiment_1_seed_42
130,popular_1_exp_Experiment_1_seed_42
161,popular_1_exp_Experiment_1_seed_42
564,popular_1_exp_Experiment_1_seed_42
389,popular_1_exp_Experiment_1_seed_42
153,popular_1_exp_Experiment_1_seed_42
95,popular_1_exp_Experiment_1_seed_42
540,popular_1_exp_Experiment_1_seed_42
255,popular_1_exp_Experiment_1_seed_42
82,popular_1_exp_Experiment_1_seed_42
481,popular_1_exp_Experiment_1_seed_42
125,popular_1_exp_Experiment_1_seed_42
37,popular_1_exp_Experiment_1_seed_42
17,popular_1_exp_Experiment_1_seed_42
335,popular_1_exp_Experiment_1_seed_42
545,popular_1_exp_Experiment_1_seed_42
18,popular_1_exp_Experiment_1_seed_42
214,popular_1_exp_Experiment_1_seed_42
443,popular_1_exp_Experiment_1_seed_42
332,popular_1_exp_Experiment_1_seed_42
558,popular_1_exp_Experiment_1_seed_42
35,popular_1_exp_Experiment_1_seed_42
246,popular_1_exp_Experiment_1_seed_42
390,popular_1_exp_Experiment_1_seed_42
33,popular_1_exp_Experiment_1_seed_42
516,popular_1_exp_Experiment_1_seed_42
568,popular_1_exp_Experiment_1_seed_42
424,popular_1_exp_Experiment_1_seed_42
198,popular_1_exp_Experiment_1_seed_42
599,popular_1_exp_Experiment_1_seed_42
491,popular_1_exp_Experiment_1_seed_42
270,popular_1_exp_Experiment_1_seed_42
294,popular_1_exp_Experiment_1_seed_42
241,popular_1_exp_Experiment_1_seed_42
412,popular_1_exp_Experiment_1_seed_42
331,popular_1_exp_Experiment_1_seed_42
340,popular_1_exp_Experiment_1_seed_42
212,popular_1_exp_Experiment_1_seed_42
134,popular_1_exp_Experiment_1_seed_42
97,popular_1_exp_Experiment_1_seed_42
258,popular_1_exp_Experiment_1_seed_42
490,popular_1_exp_Experiment_1_seed_42
90,popular_1_exp_Experiment_1_seed_42
129,popular_1_exp_Experiment_1_seed_42
301,popular_1_exp_Experiment_1_seed_42
127,popular_1_exp_Experiment_1_seed_42
475,popular_1_exp_Experiment_1_seed_42
155,popular_1_exp_Experiment_1_seed_42
72,popular_1_exp_Experiment_1_seed_42
140,popular_1_exp_Experiment_1_seed_42
450,popular_1_exp_Experiment_1_seed_42
440,popular_1_exp_Experiment_1_seed_42
537,popular_1_exp_Experiment_1_seed_42
113,popular_1_exp_Experiment_1_seed_42
235,popular_1_exp_Experiment_1_seed_42
476,popular_1_exp_Experiment_1_seed_42
406,popular_1_exp_Experiment_1_seed_42
111,popular_1_exp_Experiment_1_seed_42
80,popular_1_exp_Experiment_1_seed_42
318,popular_1_exp_Experiment_1_seed_42
391,popular_1_exp_Experiment_1_seed_42
344,popular_1_exp_Experiment_1_seed_42
121,popular_1_exp_Experiment_1_seed_42
591,popular_1_exp_Experiment_1_seed_42
551,popular_1_exp_Experiment_1_seed_42
226,popular_1_exp_Experiment_1_seed_42
467,popular_1_exp_Experiment_1_seed_42
10,popular_1_exp_Experiment_1_seed_42
532,popular_1_exp_Experiment_1_seed_42
75,popular_1_exp_Experiment_1_seed_42
211,popular_1_exp_Experiment_1_seed_42
250,popular_1_exp_Experiment_1_seed_42
403,popular_1_exp_Experiment_1_seed_42
562,popular_1_exp_Experiment_1_seed_42
525,popular_1_exp_Experiment_1_seed_42
86,popular_1_exp_Experiment_1_seed_42
365,popular_1_exp_Experiment_1_seed_42
571,popular_1_exp_Experiment_1_seed_42
266,popular_1_exp_Experiment_1_seed_42
542,popular_1_exp_Experiment_1_seed_42
396,popular_1_exp_Experiment_1_seed_42
225,popular_1_exp_Experiment_1_seed_42
230,popular_1_exp_Experiment_1_seed_42
434,popular_1_exp_Experiment_1_seed_42
174,popular_1_exp_Experiment_1_seed_42
322,popular_1_exp_Experiment_1_seed_42
311,popular_1_exp_Experiment_1_seed_42
36,popular_1_exp_Experiment_1_seed_42
307,popular_1_exp_Experiment_1_seed_42
261,popular_1_exp_Experiment_1_seed_42
184,popular_1_exp_Experiment_1_seed_42
329,popular_1_exp_Experiment_1_seed_42
477,popular_1_exp_Experiment_1_seed_42
342,popular_1_exp_Experiment_1_seed_42
596,popular_1_exp_Experiment_1_seed_42
372,popular_1_exp_Experiment_1_seed_42
325,popular_1_exp_Experiment_1_seed_42
6,popular_1_exp_Experiment_1_seed_42
170,popular_1_exp_Experiment_1_seed_42
194,popular_1_exp_Experiment_1_seed_42
567,popular_1_exp_Experiment_1_seed_42
417,popular_1_exp_Experiment_1_seed_42
160,popular_1_exp_Experiment_1_seed_42
158,popular_1_exp_Experiment_1_seed_42
541,popular_1_exp_Experiment_1_seed_42
137,popular_1_exp_Experiment_1_seed_42
528,popular_1_exp_Experiment_1_seed_42
84,popular_1_exp_Experiment_1_seed_42
13,popular_1_exp_Experiment_1_seed_42
361,popular_1_exp_Experiment_1_seed_42
418,popular_1_exp_Experiment_1_seed_42
58,popular_1_exp_Experiment_1_seed_42
124,popular_1_exp_Experiment_1_seed_42
115,popular_1_exp_Experiment_1_seed_42
349,popular_1_exp_Experiment_1_seed_42
8,popular_1_exp_Experiment_1_seed_42
487,popular_1_exp_Experiment_1_seed_42
102,popular_1_exp_Experiment_1_seed_42
483,popular_1_exp_Experiment_1_seed_42
352,popular_1_exp_Experiment_1_seed_42
500,popular_1_exp_Experiment_1_seed_42
20,popular_1_exp_Experiment_1_seed_42
19,popular_1_exp_Experiment_1_seed_42
242,popular_1_exp_Experiment_1_seed_42
267,popular_1_exp_Experiment_1_seed_42
128,popular_1_exp_Experiment_1_seed_42
208,popular_1_exp_Experiment_1_seed_42
109,popular_1_exp_Experiment_1_seed_42
27,popular_1_exp_Experiment_1_seed_42
70,popular_1_exp_Experiment_1_seed_42
45,popular_1_exp_Experiment_1_seed_42
173,popular_1_exp_Experiment_1_seed_42
43,popular_1_exp_Experiment_1_seed_42
48,popular_1_exp_Experiment_1_seed_42
85,popular_1_exp_Experiment_1_seed_42
164,popular_1_exp_Experiment_1_seed_42
251,popular_1_exp_Experiment_1_seed_42
310,popular_1_exp_Experiment_1_seed_42
504,popular_1_exp_Experiment_1_seed_42
66,popular_1_exp_Experiment_1_seed_42
192,popular_1_exp_Experiment_1_seed_42
557,popular_1_exp_Experiment_1_seed_42
29,popular_1_exp_Experiment_1_seed_42
122,popular_1_exp_Experiment_1_seed_42
88,popular_1_exp_Experiment_1_seed_42
55,popular_1_exp_Experiment_1_seed_42
312,popular_1_exp_Experiment_1_seed_42
399,popular_1_exp_Experiment_1_seed_42
531,popular_1_exp_Experiment_1_seed_42
213,popular_1_exp_Experiment_1_seed_42
243,popular_1_exp_Experiment_1_seed_42
544,popular_1_exp_Experiment_1_seed_42
252,popular_1_exp_Experiment_1_seed_42
265,popular_1_exp_Experiment_1_seed_42
374,popular_1_exp_Experiment_1_seed_42
190,popular_1_exp_Experiment_1_seed_42
573,popular_1_exp_Experiment_1_seed_42
367,popular_1_exp_Experiment_1_seed_42
253,popular_1_exp_Experiment_1_seed_42
217,popular_1_exp_Experiment_1_seed_42
515,popular_1_exp_Experiment_1_seed_42
24,popular_1_exp_Experiment_1_seed_42
149,popular_1_exp_Experiment_1_seed_42
28,popular_1_exp_Experiment_1_seed_42
260,popular_1_exp_Experiment_1_seed_42
444,popular_1_exp_Experiment_1_seed_42
559,popular_1_exp_Experiment_1_seed_42
350,popular_1_exp_Experiment_1_seed_42
409,popular_1_exp_Experiment_1_seed_42
378,popular_1_exp_Experiment_1_seed_42
570,popular_1_exp_Experiment_1_seed_42
489,popular_1_exp_Experiment_1_seed_42
363,popular_1_exp_Experiment_1_seed_42
200,popular_1_exp_Experiment_1_seed_42
119,popular_1_exp_Experiment_1_seed_42
495,popular_1_exp_Experiment_1_seed_42
498,popular_1_exp_Experiment_1_seed_42
135,popular_1_exp_Experiment_1_seed_42
104,popular_1_exp_Experiment_1_seed_42
449,popular_1_exp_Experiment_1_seed_42
355,popular_1_exp_Experiment_1_seed_42
264,popular_1_exp_Experiment_1_seed_42
69,popular_1_exp_Experiment_1_seed_42
74,popular_1_exp_Experiment_1_seed_42
469,popular_1_exp_Experiment_1_seed_42
438,popular_1_exp_Experiment_1_seed_42
277,popular_1_exp_Experiment_1_seed_42
429,popular_1_exp_Experiment_1_seed_42
589,popular_1_exp_Experiment_1_seed_42
215,popular_1_exp_Experiment_1_seed_42
598,popular_1_exp_Experiment_1_seed_42
107,popular_1_exp_Experiment_1_seed_42
256,popular_1_exp_Experiment_1_seed_42
197,popular_1_exp_Experiment_1_seed_42
465,popular_1_exp_Experiment_1_seed_42
593,popular_1_exp_Experiment_1_seed_42
304,popular_1_exp_Experiment_1_seed_42
428,popular_1_exp_Experiment_1_seed_42
287,popular_1_exp_Experiment_1_seed_42
354,popular_1_exp_Experiment_1_seed_42
519,popular_1_exp_Experiment_1_seed_42
23,popular_1_exp_Experiment_1_seed_42
303,popular_1_exp_Experiment_1_seed_42
460,popular_1_exp_Experiment_1_seed_42
392,popular_1_exp_Experiment_1_seed_42
427,popular_1_exp_Experiment_1_seed_42
319,popular_1_exp_Experiment_1_seed_42
420,popular_1_exp_Experiment_1_seed_42
408,popular_1_exp_Experiment_1_seed_42
76,popular_1_exp_Experiment_1_seed_42
398,popular_1_exp_Experiment_1_seed_42
343,popular_1_exp_Experiment_1_seed_42
62,popular_1_exp_Experiment_1_seed_42
259,popular_1_exp_Experiment_1_seed_42
177,popular_1_exp_Experiment_1_seed_42
31,popular_1_exp_Experiment_1_seed_42
435,popular_1_exp_Experiment_1_seed_42
224,popular_1_exp_Experiment_1_seed_42
314,popular_1_exp_Experiment_1_seed_42
384,popular_1_exp_Experiment_1_seed_42
575,popular_1_exp_Experiment_1_seed_42
507,popular_1_exp_Experiment_1_seed_42
116,popular_1_exp_Experiment_1_seed_42
453,popular_1_exp_Experiment_1_seed_42
338,popular_1_exp_Experiment_1_seed_42
231,popular_1_exp_Experiment_1_seed_42
505,popular_1_exp_Experiment_1_seed_42
196,popular_1_exp_Experiment_1_seed_42
201,popular_1_exp_Experiment_1_seed_42
60,popular_1_exp_Experiment_1_seed_42
181,popular_1_exp_Experiment_1_seed_42
0,popular_1_exp_Experiment_1_seed_42
496,popular_1_exp_Experiment_1_seed_42
236,popular_1_exp_Experiment_1_seed_42
276,popular_1_exp_Experiment_1_seed_42
291,popular_1_exp_Experiment_1_seed_42
191,popular_1_exp_Experiment_1_seed_42
5,popular_1_exp_Experiment_1_seed_42
561,popular_1_exp_Experiment_1_seed_42
371,popular_1_exp_Experiment_1_seed_42
269,popular_1_exp_Experiment_1_seed_42
373,popular_1_exp_Experiment_1_seed_42
480,popular_1_exp_Experiment_1_seed_42
485,popular_1_exp_Experiment_1_seed_42
586,popular_1_exp_Experiment_1_seed_42
9,popular_1_exp_Experiment_1_seed_42
587,popular_1_exp_Experiment_1_seed_42
207,popular_1_exp_Experiment_1_seed_42
159,popular_1_exp_Experiment_1_seed_42
286,popular_1_exp_Experiment_1_seed_42
175,popular_1_exp_Experiment_1_seed_42
290,popular_1_exp_Experiment_1_seed_42
25,popular_1_exp_Experiment_1_seed_42
486,popular_1_exp_Experiment_1_seed_42
262,popular_1_exp_Experiment_1_seed_42
526,popular_1_exp_Experiment_1_seed_42
341,popular_1_exp_Experiment_1_seed_42
302,popular_1_exp_Experiment_1_seed_42
229,popular_1_exp_Experiment_1_seed_42
91,popular_1_exp_Experiment_1_seed_42
182,popular_1_exp_Experiment_1_seed_42
316,popular_1_exp_Experiment_1_seed_42
87,popular_1_exp_Experiment_1_seed_42
464,popular_1_exp_Experiment_1_seed_42
574,popular_1_exp_Experiment_1_seed_42
321,popular_1_exp_Experiment_1_seed_42
521,popular_1_exp_Experiment_1_seed_42
362,popular_1_exp_Experiment_1_seed_42
456,popular_1_exp_Experiment_1_seed_42
56,popular_1_exp_Experiment_1_seed_42
288,popular_1_exp_Experiment_1_seed_42
414,popular_1_exp_Experiment_1_seed_42
7,popular_1_exp_Experiment_1_seed_42
157,popular_1_exp_Experiment_1_seed_42
539,popular_1_exp_Experiment_1_seed_42
94,popular_1_exp_Experiment_1_seed_42
16,popular_1_exp_Experiment_1_seed_42
405,popular_1_exp_Experiment_1_seed_42
430,popular_1_exp_Experiment_1_seed_42
482,popular_1_exp_Experiment_1_seed_42
451,popular_1_exp_Experiment_1_seed_42
401,popular_1_exp_Experiment_1_seed_42
579,popular_1_exp_Experiment_1_seed_42
205,popular_1_exp_Experiment_1_seed_42
513,popular_1_exp_Experiment_1_seed_42
166,popular_1_exp_Experiment_1_seed_42
512,popular_1_exp_Experiment_1_seed_42
582,popular_1_exp_Experiment_1_seed_42
257,popular_1_exp_Experiment_1_seed_42
187,popular_1_exp_Experiment_1_seed_42
93,popular_1_exp_Experiment_1_seed_42
357,popular_1_exp_Experiment_1_seed_42
65,popular_1_exp_Experiment_1_seed_42
383,popular_1_exp_Experiment_1_seed_42
572,popular_1_exp_Experiment_1_seed_42
306,popular_1_exp_Experiment_1_seed_42
238,popular_1_exp_Experiment_1_seed_42
387,popular_1_exp_Experiment_1_seed_42
548,popular_1_exp_Experiment_1_seed_42
206,popular_1_exp_Experiment_1_seed_42
517,popular_1_exp_Experiment_1_seed_42
40,popular_1_exp_Experiment_1_seed_42
436,popular_1_exp_Experiment_1_seed_42
272,popular_1_exp_Experiment_1_seed_42
195,popular_1_exp_Experiment_1_seed_42
554,popular_1_exp_Experiment_1_seed_42
152,popular_1_exp_Experiment_1_seed_42
577,popular_1_exp_Experiment_1_seed_42
439,popular_1_exp_Experiment_1_seed_42
145,popular_1_exp_Experiment_1_seed_42
57,popular_1_exp_Experiment_1_seed_42
369,popular_1_exp_Experiment_1_seed_42
142,popular_1_exp_Experiment_1_seed_42
96,popular_1_exp_Experiment_1_seed_42
353,popular_1_exp_Experiment_1_seed_42
292,popular_1_exp_Experiment_1_seed_42
168,popular_1_exp_Experiment_1_seed_42
218,popular_1_exp_Experiment_1_seed_42
419,popular_1_exp_Experiment_1_seed_42
317,popular_1_exp_Experiment_1_seed_42
150,popular_1_exp_Experiment_1_seed_42
123,popular_1_exp_Experiment_1_seed_42
364,popular_1_exp_Experiment_1_seed_42
382,popular_1_exp_Experiment_1_seed_42
114,popular_1_exp_Experiment_1_seed_42
549,popular_1_exp_Experiment_1_seed_42
148,popular_1_exp_Experiment_1_seed_42
305,popular_1_exp_Experiment_1_seed_42
370,popular_1_exp_Experiment_1_seed_42
550,popular_1_exp_Experiment_1_seed_42
110,popular_1_exp_Experiment_1_seed_42
63,popular_1_exp_Experiment_1_seed_42
492,popular_1_exp_Experiment_1_seed_42
553,popular_1_exp_Experiment_1_seed_42
47,popular_1_exp_Experiment_1_seed_42
330,popular_1_exp_Experiment_1_seed_42
176,popular_1_exp_Experiment_1_seed_42
356,popular_1_exp_Experiment_1_seed_42
407,popular_1_exp_Experiment_1_seed_42
394,popular_1_exp_Experiment_1_seed_42
458,popular_1_exp_Experiment_1_seed_42
22,popular_1_exp_Experiment_1_seed_42
395,popular_1_exp_Experiment_1_seed_42
239,popular_1_exp_Experiment_1_seed_42
234,popular_1_exp_Experiment_1_seed_42
53,popular_1_exp_Experiment_1_seed_42
98,popular_1_exp_Experiment_1_seed_42
232,popular_1_exp_Experiment_1_seed_42
178,popular_1_exp_Experiment_1_seed_42
162,popular_1_exp_Experiment_1_seed_42
479,popular_1_exp_Experiment_1_seed_42
385,popular_1_exp_Experiment_1_seed_42
462,popular_1_exp_Experiment_1_seed_42
328,popular_1_exp_Experiment_1_seed_42
506,popular_1_exp_Experiment_1_seed_42
299,popular_1_exp_Experiment_1_seed_42
167,popular_1_exp_Experiment_1_seed_42
386,popular_1_exp_Experiment_1_seed_42
522,popular_1_exp_Experiment_1_seed_42
26,popular_1_exp_Experiment_1_seed_42
183,popular_1_exp_Experiment_1_seed_42
320,popular_1_exp_Experiment_1_seed_42
172,popular_1_exp_Experiment_1_seed_42
103,popular_1_exp_Experiment_1_seed_42
203,popular_1_exp_Experiment_1_seed_42
333,popular_1_exp_Experiment_1_seed_42
347,popular_1_exp_Experiment_1_seed_42
249,popular_1_exp_Experiment_1_seed_42
274,popular_1_exp_Experiment_1_seed_42
14,popular_1_exp_Experiment_1_seed_42
300,popular_1_exp_Experiment_1_seed_42
223,popular_1_exp_Experiment_1_seed_42
502,popular_1_exp_Experiment_1_seed_42
193,popular_1_exp_Experiment_1_seed_42
285,popular_1_exp_Experiment_1_seed_42
404,popular_1_exp_Experiment_1_seed_42
533,popular_1_exp_Experiment_1_seed_42
112,popular_1_exp_Experiment_1_seed_42
284,popular_1_exp_Experiment_1_seed_42
108,popular_1_exp_Experiment_1_seed_42
345,popular_1_exp_Experiment_1_seed_42
415,popular_1_exp_Experiment_1_seed_42
220,popular_1_exp_Experiment_1_seed_42
366,popular_1_exp_Experiment_1_seed_42
222,popular_1_exp_Experiment_1_seed_42
139,popular_1_exp_Experiment_1_seed_42
463,popular_1_exp_Experiment_1_seed_42
41,popular_1_exp_Experiment_1_seed_42
83,popular_1_exp_Experiment_1_seed_42
590,popular_1_exp_Experiment_1_seed_42
470,popular_1_exp_Experiment_1_seed_42
268,popular_1_exp_Experiment_1_seed_42
530,popular_1_exp_Experiment_1_seed_42
180,popular_1_exp_Experiment_1_seed_42
468,popular_1_exp_Experiment_1_seed_42
77,popular_1_exp_Experiment_1_seed_42
563,popular_1_exp_Experiment_1_seed_42
588,popular_1_exp_Experiment_1_seed_42
454,popular_1_exp_Experiment_1_seed_42
295,popular_1_exp_Experiment_1_seed_42
478,popular_1_exp_Experiment_1_seed_42
565,popular_1_exp_Experiment_1_seed_42
144,popular_1_exp_Experiment_1_seed_42
581,popular_1_exp_Experiment_1_seed_42
39,popular_1_exp_Experiment_1_seed_42
510,popular_1_exp_Experiment_1_seed_42
431,popular_1_exp_Experiment_1_seed_42
71,popular_1_exp_Experiment_1_seed_42
99,popular_1_exp_Experiment_1_seed_42
584,popular_1_exp_Experiment_1_seed_42
42,popular_1_exp_Experiment_1_seed_42
538,popular_1_exp_Experiment_1_seed_42
592,popular_1_exp_Experiment_1_seed_42
117,popular_1_exp_Experiment_1_seed_42
151,popular_1_exp_Experiment_1_seed_42
3,popular_1_exp_Experiment_1_seed_42
433,popular_1_exp_Experiment_1_seed_42
237,popular_1_exp_Experiment_1_seed_42
580,popular_1_exp_Experiment_1_seed_42
555,popular_1_exp_Experiment_1_seed_42
511,popular_1_exp_Experiment_1_seed_42
171,popular_1_exp_Experiment_1_seed_42
30,popular_1_exp_Experiment_1_seed_42
46,popular_1_exp_Experiment_1_seed_42
227,popular_1_exp_Experiment_1_seed_42
459,popular_1_exp_Experiment_1_seed_42
534,popular_1_exp_Experiment_1_seed_42
293,popular_1_exp_Experiment_1_seed_42
520,popular_1_exp_Experiment_1_seed_42
494,popular_1_exp_Experiment_1_seed_42
379,popular_1_exp_Experiment_1_seed_42
282,popular_1_exp_Experiment_1_seed_42
240,popular_1_exp_Experiment_1_seed_42
323,popular_1_exp_Experiment_1_seed_42
120,popular_1_exp_Experiment_1_seed_42
51,popular_1_exp_Experiment_1_seed_42
298,popular_1_exp_Experiment_1_seed_42
59,popular_1_exp_Experiment_1_seed_42
442,popular_1_exp_Experiment_1_seed_42
281,popular_1_exp_Experiment_1_seed_42
597,popular_1_exp_Experiment_1_seed_42
244,popular_1_exp_Experiment_1_seed_42
179,popular_1_exp_Experiment_1_seed_42
81,popular_1_exp_Experiment_1_seed_42
219,popular_1_exp_Experiment_1_seed_42
204,popular_1_exp_Experiment_1_seed_42
556,popular_1_exp_Experiment_1_seed_42
126,popular_1_exp_Experiment_1_seed_42
576,popular_1_exp_Experiment_1_seed_42
416,popular_1_exp_Experiment_1_seed_42
132,popular_1_exp_Experiment_1_seed_42
32,popular_1_exp_Experiment_1_seed_42
594,popular_1_exp_Experiment_1_seed_42
79,popular_1_exp_Experiment_1_seed_42
1,popular_1_exp_Experiment_1_seed_42
484,popular_1_exp_Experiment_1_seed_42
585,popular_1_exp_Experiment_1_seed_42
143,popular_1_exp_Experiment_1_seed_42
473,popular_1_exp_Experiment_1_seed_42
141,popular_1_exp_Experiment_1_seed_42
326,popular_1_exp_Experiment_1_seed_42
61,popular_1_exp_Experiment_1_seed_42
432,popular_1_exp_Experiment_1_seed_42
199,popular_1_exp_Experiment_1_seed_42
452,popular_1_exp_Experiment_1_seed_42
471,popular_1_exp_Experiment_1_seed_42
105,popular_1_exp_Experiment_1_seed_42
146,popular_1_exp_Experiment_1_seed_42
578,popular_1_exp_Experiment_1_seed_42
410,popular_1_exp_Experiment_1_seed_42
221,popular_1_exp_Experiment_1_seed_42
297,popular_1_exp_Experiment_1_seed_42
210,popular_1_exp_Experiment_1_seed_42
15,popular_1_exp_Experiment_1_seed_42
254,popular_1_exp_Experiment_1_seed_42
402,popular_1_exp_Experiment_1_seed_42
457,popular_1_exp_Experiment_1_seed_42
334,popular_1_exp_Experiment_1_seed_42
524,popular_1_exp_Experiment_1_seed_42
472,popular_1_exp_Experiment_1_seed_42
336,popular_1_exp_Experiment_1_seed_42
527,popular_1_exp_Experiment_1_seed_42
283,popular_1_exp_Experiment_1_seed_42
52,popular_1_exp_Experiment_1_seed_42
461,popular_1_exp_Experiment_1_seed_42
12,popular_1_exp_Experiment_1_seed_42
514,popular_1_exp_Experiment_1_seed_42
54,popular_1_exp_Experiment_1_seed_42
393,popular_1_exp_Experiment_1_seed_42
437,popular_1_exp_Experiment_1_seed_42
216,popular_1_exp_Experiment_1_seed_42
488,popular_1_exp_Experiment_1_seed_42
309,popular_1_exp_Experiment_1_seed_42
547,popular_1_exp_Experiment_1_seed_42
552,popular_1_exp_Experiment_1_seed_42
21,popular_1_exp_Experiment_1_seed_42
278,popular_1_exp_Experiment_1_seed_42
375,popular_1_exp_Experiment_1_seed_42
455,popular_1_exp_Experiment_1_seed_42
34,popular_1_exp_Experiment_1_seed_42
11,popular_1_exp_Experiment_1_seed_42
136,popular_1_exp_Experiment_1_seed_42
147,popular_1_exp_Experiment_1_seed_42
49,popular_1_exp_Experiment_1_seed_42
508,popular_1_exp_Experiment_1_seed_42
595,popular_1_exp_Experiment_1_seed_42
296,popular_1_exp_Experiment_1_seed_42
4,popular_1_exp_Experiment_1_seed_42
165,popular_1_exp_Experiment_1_seed_42
397,popular_1_exp_Experiment_1_seed_42
169,popular_1_exp_Experiment_1_seed_42
446,popular_1_exp_Experiment_1_seed_42
518,popular_1_exp_Experiment_1_seed_42
499,popular_1_exp_Experiment_1_seed_42
509,popular_1_exp_Experiment_1_seed_42
44,popular_1_exp_Experiment_1_seed_42
248,popular_1_exp_Experiment_1_seed_42
376,popular_1_exp_Experiment_1_seed_42
133,popular_1_exp_Experiment_1_seed_42
569,popular_1_exp_Experiment_1_seed_42
560,popular_1_exp_Experiment_1_seed_42
466,popular_1_exp_Experiment_1_seed_42
348,popular_1_exp_Experiment_1_seed_42
101,popular_1_exp_Experiment_1_seed_42
64,popular_1_exp_Experiment_1_seed_42
360,popular_1_exp_Experiment_1_seed_42
189,popular_1_exp_Experiment_1_seed_42
78,popular_1_exp_Experiment_1_seed_42
118,popular_1_exp_Experiment_1_seed_42
380,popular_1_exp_Experiment_1_seed_42
131,popular_1_exp_Experiment_1_seed_42
188,popular_1_exp_Experiment_1_seed_42
186,popular_1_exp_Experiment_1_seed_42
441,popular_1_exp_Experiment_1_seed_42
422,popular_1_exp_Experiment_1_seed_42
233,popular_1_exp_Experiment_1_seed_42
445,popular_1_exp_Experiment_1_seed_42
400,popular_1_exp_Experiment_1_seed_42
154,popular_1_exp_Experiment_1_seed_42
50,popular_1_exp_Experiment_1_seed_42
73,popular_1_exp_Experiment_1_seed_42
156,popular_1_exp_Experiment_1_seed_42
425,popular_1_exp_Experiment_1_seed_42
308,popular_1_exp_Experiment_1_seed_42
447,popular_1_exp_Experiment_1_seed_42
423,popular_1_exp_Experiment_1_seed_42
263,popular_1_exp_Experiment_1_seed_42
324,popular_1_exp_Experiment_1_seed_42
92,popular_1_exp_Experiment_1_seed_42
413,popular_1_exp_Experiment_1_seed_42
543,popular_1_exp_Experiment_1_seed_42
38,popular_1_exp_Experiment_1_seed_42
535,popular_1_exp_Experiment_1_seed_42
411,popular_1_exp_Experiment_1_seed_42
275,popular_1_exp_Experiment_1_seed_42
501,popular_1_exp_Experiment_1_seed_42
271,popular_1_exp_Experiment_1_seed_42
368,popular_1_exp_Experiment_1_seed_42
89,popular_1_exp_Experiment_1_seed_42
358,popular_1_exp_Experiment_1_seed_42
273,popular_1_exp_Experiment_1_seed_42
346,popular_1_exp_Experiment_1_seed_42
339,popular_1_exp_Experiment_1_seed_42
106,popular_1_exp_Experiment_1_seed_42
529,popular_1_exp_Experiment_1_seed_42
100,popular_1_exp_Experiment_1_seed_42
497,popular_1_exp_Experiment_1_seed_42
67,popular_1_exp_Experiment_1_seed_42
2,popular_1_exp_Experiment_1_seed_42
185,popular_1_exp_Experiment_1_seed_42
315,popular_1_exp_Experiment_1_seed_42
377,popular_1_exp_Experiment_1_seed_42
503,popular_1_exp_Experiment_1_seed_42
247,popular_1_exp_Experiment_1_seed_42
448,popular_1_exp_Experiment_1_seed_42
313,popular_1_exp_Experiment_1_seed_42
279,popular_1_exp_Experiment_1_seed_42
202,popular_1_exp_Experiment_1_seed_42
337,popular_1_exp_Experiment_1_seed_42
280,popular_1_exp_Experiment_1_seed_42
426,popular_1_exp_Experiment_1_seed_42
228,popular_1_exp_Experiment_1_seed_42
474,popular_1_exp_Experiment_1_seed_42
209,popular_1_exp_Experiment_1_seed_42
523,popular_1_exp_Experiment_1_seed_42
138,popular_1_exp_Experiment_1_seed_42
421,popular_1_exp_Experiment_1_seed_42
536,popular_1_exp_Experiment_1_seed_42
68,popular_1_exp_Experiment_1_seed_42
381,popular_1_exp_Experiment_1_seed_42
163,popular_1_exp_Experiment_1_seed_42
245,popular_1_exp_Experiment_1_seed_42
359,popular_1_exp_Experiment_1_seed_42
566,popular_1_exp_Experiment_1_seed_42
289,popular_1_exp_Experiment_1_seed_42
327,popular_1_exp_Experiment_1_seed_42
351,popular_1_exp_Experiment_1_seed_42
493,popular_1_exp_Experiment_1_seed_42
546,popular_1_exp_Experiment_1_seed_42
388,popular_1_exp_Experiment_1_seed_42
583,popular_1_exp_Experiment_1_seed_42
130,popular_1_exp_Experiment_1_seed_42
161,popular_1_exp_Experiment_1_seed_42
564,popular_1_exp_Experiment_1_seed_42
389,popular_1_exp_Experiment_1_seed_42
153,popular_1_exp_Experiment_1_seed_42
95,popular_1_exp_Experiment_1_seed_42
540,popular_1_exp_Experiment_1_seed_42
255,popular_1_exp_Experiment_1_seed_42
82,popular_1_exp_Experiment_1_seed_42
481,popular_1_exp_Experiment_1_seed_42
125,popular_1_exp_Experiment_1_seed_42
37,popular_1_exp_Experiment_1_seed_42
17,popular_1_exp_Experiment_1_seed_42
335,popular_1_exp_Experiment_1_seed_42
545,popular_1_exp_Experiment_1_seed_42
18,popular_1_exp_Experiment_1_seed_42
214,popular_1_exp_Experiment_1_seed_42
443,popular_1_exp_Experiment_1_seed_42
332,popular_1_exp_Experiment_1_seed_42
558,popular_1_exp_Experiment_1_seed_42
35,popular_1_exp_Experiment_1_seed_42
246,popular_1_exp_Experiment_1_seed_42
390,popular_1_exp_Experiment_1_seed_42
33,popular_1_exp_Experiment_1_seed_42
516,popular_1_exp_Experiment_1_seed_42
568,popular_1_exp_Experiment_1_seed_42
424,popular_1_exp_Experiment_1_seed_42
198,popular_1_exp_Experiment_1_seed_42
599,popular_1_exp_Experiment_1_seed_42
491,popular_1_exp_Experiment_1_seed_42
270,popular_1_exp_Experiment_1_seed_42
294,popular_1_exp_Experiment_1_seed_42
241,popular_1_exp_Experiment_1_seed_42
412,popular_1_exp_Experiment_1_seed_42
331,popular_1_exp_Experiment_1_seed_42
340,popular_1_exp_Experiment_1_seed_42
212,popular_1_exp_Experiment_1_seed_42
134,popular_1_exp_Experiment_1_seed_42
97,popular_1_exp_Experiment_1_seed_42
258,popular_1_exp_Experiment_1_seed_42
490,popular_1_exp_Experiment_1_seed_42
90,popular_1_exp_Experiment_1_seed_42
129,popular_1_exp_Experiment_1_seed_42
301,popular_1_exp_Experiment_1_seed_42
127,popular_1_exp_Experiment_1_seed_42
475,popular_1_exp_Experiment_1_seed_42
155,popular_1_exp_Experiment_1_seed_42
72,popular_1_exp_Experiment_1_seed_42
140,popular_1_exp_Experiment_1_seed_42
450,popular_1_exp_Experiment_1_seed_42
440,popular_1_exp_Experiment_1_seed_42
537,popular_1_exp_Experiment_1_seed_42
113,popular_1_exp_Experiment_1_seed_42
235,popular_1_exp_Experiment_1_seed_42
476,popular_1_exp_Experiment_1_seed_42
406,popular_1_exp_Experiment_1_seed_42
111,popular_1_exp_Experiment_1_seed_42
80,popular_1_exp_Experiment_1_seed_42
318,popular_1_exp_Experiment_1_seed_42
391,popular_1_exp_Experiment_1_seed_42
344,popular_1_exp_Experiment_1_seed_42
121,popular_1_exp_Experiment_1_seed_42
591,popular_1_exp_Experiment_1_seed_42
551,popular_1_exp_Experiment_1_seed_42
226,popular_1_exp_Experiment_1_seed_42
467,popular_1_exp_Experiment_1_seed_42
10,popular_1_exp_Experiment_1_seed_42
532,popular_1_exp_Experiment_1_seed_42
75,popular_1_exp_Experiment_1_seed_42
211,popular_1_exp_Experiment_1_seed_42
250,popular_1_exp_Experiment_1_seed_42
403,popular_1_exp_Experiment_1_seed_42
562,popular_1_exp_Experiment_1_seed_42
525,popular_1_exp_Experiment_1_seed_42
86,popular_1_exp_Experiment_1_seed_42
365,popular_1_exp_Experiment_1_seed_42
571,popular_1_exp_Experiment_1_seed_42
266,popular_1_exp_Experiment_1_seed_42
542,popular_1_exp_Experiment_1_seed_42
396,popular_1_exp_Experiment_1_seed_42
225,popular_1_exp_Experiment_1_seed_42
230,popular_1_exp_Experiment_1_seed_42
434,popular_1_exp_Experiment_1_seed_42
174,popular_1_exp_Experiment_1_seed_42
322,popular_1_exp_Experiment_1_seed_42
311,popular_1_exp_Experiment_1_seed_42
36,popular_1_exp_Experiment_1_seed_42
307,popular_1_exp_Experiment_1_seed_42
261,popular_1_exp_Experiment_1_seed_42
184,popular_1_exp_Experiment_1_seed_42
329,popular_1_exp_Experiment_1_seed_42
477,popular_1_exp_Experiment_1_seed_42
342,popular_1_exp_Experiment_1_seed_42
596,popular_1_exp_Experiment_1_seed_42
372,popular_1_exp_Experiment_1_seed_42
325,popular_1_exp_Experiment_1_seed_42
6,popular_1_exp_Experiment_1_seed_42
170,popular_1_exp_Experiment_1_seed_42
194,popular_1_exp_Experiment_1_seed_42
567,popular_1_exp_Experiment_1_seed_42
417,popular_1_exp_Experiment_1_seed_42
160,popular_1_exp_Experiment_1_seed_42
158,popular_1_exp_Experiment_1_seed_42
541,popular_1_exp_Experiment_1_seed_42
137,popular_1_exp_Experiment_1_seed_42
528,popular_1_exp_Experiment_1_seed_42
84,popular_1_exp_Experiment_1_seed_42
13,popular_1_exp_Experiment_1_seed_42
361,popular_1_exp_Experiment_1_seed_42
418,popular_1_exp_Experiment_1_seed_42
58,popular_1_exp_Experiment_1_seed_42
124,popular_1_exp_Experiment_1_seed_42
115,popular_1_exp_Experiment_1_seed_42
349,popular_1_exp_Experiment_1_seed_42
8,popular_1_exp_Experiment_1_seed_42
487,popular_1_exp_Experiment_1_seed_42
102,popular_1_exp_Experiment_1_seed_42
483,popular_1_exp_Experiment_1_seed_42
352,popular_1_exp_Experiment_1_seed_42
500,popular_1_exp_Experiment_1_seed_42
20,popular_1_exp_Experiment_1_seed_42
19,popular_1_exp_Experiment_1_seed_42
242,popular_1_exp_Experiment_1_seed_42
267,popular_1_exp_Experiment_1_seed_42
128,popular_1_exp_Experiment_1_seed_42
208,popular_1_exp_Experiment_1_seed_42
109,popular_1_exp_Experiment_1_seed_42
27,popular_1_exp_Experiment_1_seed_42
70,popular_1_exp_Experiment_1_seed_42
45,popular_1_exp_Experiment_1_seed_42
173,popular_1_exp_Experiment_1_seed_42
43,popular_1_exp_Experiment_1_seed_42
48,popular_1_exp_Experiment_1_seed_42
85,popular_1_exp_Experiment_1_seed_42
164,popular_1_exp_Experiment_1_seed_42
251,popular_1_exp_Experiment_1_seed_42
310,popular_1_exp_Experiment_1_seed_42
