consumer_id,recommender_id,cycle,satisfaction_score,rec_state,controlled
392,popular_1_exp_Experiment_1_seed_42,1,0.05278978151422348,connected,mainstream
253,popular_1_exp_Experiment_1_seed_42,1,0.05082878667892477,connected,mainstream
558,popular_1_exp_Experiment_1_seed_42,1,0.043796601259348304,connected,mainstream
138,popular_1_exp_Experiment_1_seed_42,1,0.04937836352241196,connected,mainstream
539,popular_1_exp_Experiment_1_seed_42,1,0.05621726674101254,connected,mainstream
57,popular_1_exp_Experiment_1_seed_42,1,0.011704648234783078,connected,niche
433,popular_1_exp_Experiment_1_seed_42,1,0.04757352222006723,connected,mainstream
565,popular_1_exp_Experiment_1_seed_42,1,0.051984144071561496,connected,mainstream
196,popular_1_exp_Experiment_1_seed_42,1,0.059976674572544714,connected,mainstream
77,popular_1_exp_Experiment_1_seed_42,1,0.047726532537278245,connected,mainstream
319,popular_1_exp_Experiment_1_seed_42,1,0.04832734889514817,connected,mainstream
484,popular_1_exp_Experiment_1_seed_42,1,0.04433865349672413,connected,mainstream
398,popular_1_exp_Experiment_1_seed_42,1,0.04437466389786476,connected,mainstream
252,popular_1_exp_Experiment_1_seed_42,1,0.05035511060229381,connected,mainstream
197,popular_1_exp_Experiment_1_seed_42,1,0.047232224587938666,connected,mainstream
78,popular_1_exp_Experiment_1_seed_42,1,0.05359066952290684,connected,mainstream
350,popular_1_exp_Experiment_1_seed_42,1,0.05258473700806093,connected,mainstream
458,popular_1_exp_Experiment_1_seed_42,1,0.044196213796634444,connected,mainstream
423,popular_1_exp_Experiment_1_seed_42,1,0.049211691174597644,connected,mainstream
4,popular_1_exp_Experiment_1_seed_42,1,0.01731287403799081,connected,niche
409,popular_1_exp_Experiment_1_seed_42,1,0.04448246386256613,connected,mainstream
191,popular_1_exp_Experiment_1_seed_42,1,0.04876186486214349,connected,mainstream
84,popular_1_exp_Experiment_1_seed_42,1,0.04505696556489706,connected,mainstream
140,popular_1_exp_Experiment_1_seed_42,1,0.0729470955681108,connected,mainstream
486,popular_1_exp_Experiment_1_seed_42,1,0.04757206758305719,connected,mainstream
39,popular_1_exp_Experiment_1_seed_42,1,0.02137383632425938,connected,niche
382,popular_1_exp_Experiment_1_seed_42,1,0.04933585557474176,connected,mainstream
291,popular_1_exp_Experiment_1_seed_42,1,0.053658238412708954,connected,mainstream
146,popular_1_exp_Experiment_1_seed_42,1,0.04884541738000806,connected,mainstream
336,popular_1_exp_Experiment_1_seed_42,1,0.04532213656520293,connected,mainstream
353,popular_1_exp_Experiment_1_seed_42,1,0.04534624017793588,connected,mainstream
408,popular_1_exp_Experiment_1_seed_42,1,0.05140499782606539,connected,mainstream
549,popular_1_exp_Experiment_1_seed_42,1,0.04508063166080568,connected,mainstream
37,popular_1_exp_Experiment_1_seed_42,1,0.012745856814114649,connected,niche
296,popular_1_exp_Experiment_1_seed_42,1,0.05043527077659762,connected,mainstream
207,popular_1_exp_Experiment_1_seed_42,1,0.05328846016788044,connected,mainstream
533,popular_1_exp_Experiment_1_seed_42,1,0.04505758527414158,connected,mainstream
240,popular_1_exp_Experiment_1_seed_42,1,0.04934841715393215,connected,mainstream
110,popular_1_exp_Experiment_1_seed_42,1,0.04547496760950201,connected,mainstream
245,popular_1_exp_Experiment_1_seed_42,1,0.04994665101807391,connected,mainstream
395,popular_1_exp_Experiment_1_seed_42,1,0.05322274799973193,connected,mainstream
52,popular_1_exp_Experiment_1_seed_42,1,0.012204651378176399,connected,niche
530,popular_1_exp_Experiment_1_seed_42,1,0.0501170429210141,connected,mainstream
371,popular_1_exp_Experiment_1_seed_42,1,0.046505557534357145,connected,mainstream
405,popular_1_exp_Experiment_1_seed_42,1,0.053452751487846395,connected,mainstream
164,popular_1_exp_Experiment_1_seed_42,1,0.05303812062857636,connected,mainstream
496,popular_1_exp_Experiment_1_seed_42,1,0.05450220627007255,connected,mainstream
342,popular_1_exp_Experiment_1_seed_42,1,0.050358106590360545,connected,mainstream
507,popular_1_exp_Experiment_1_seed_42,1,0.05296281232199473,connected,mainstream
31,popular_1_exp_Experiment_1_seed_42,1,0.03637902924570875,connected,niche
26,popular_1_exp_Experiment_1_seed_42,1,0.01321000106870616,connected,niche
555,popular_1_exp_Experiment_1_seed_42,1,0.05433565865832299,connected,mainstream
189,popular_1_exp_Experiment_1_seed_42,1,0.04484672098230153,connected,mainstream
176,popular_1_exp_Experiment_1_seed_42,1,0.0513091703224423,connected,mainstream
180,popular_1_exp_Experiment_1_seed_42,1,0.05395277037778798,connected,mainstream
61,popular_1_exp_Experiment_1_seed_42,1,0.04748334905167598,connected,mainstream
370,popular_1_exp_Experiment_1_seed_42,1,0.044911861624504446,connected,mainstream
47,popular_1_exp_Experiment_1_seed_42,1,0.016969419145663033,connected,niche
203,popular_1_exp_Experiment_1_seed_42,1,0.05212656170966129,connected,mainstream
169,popular_1_exp_Experiment_1_seed_42,1,0.05499846491168817,connected,mainstream
316,popular_1_exp_Experiment_1_seed_42,1,0.044071413999416414,connected,mainstream
498,popular_1_exp_Experiment_1_seed_42,1,0.050267823858981646,connected,mainstream
321,popular_1_exp_Experiment_1_seed_42,1,0.04716463190681044,connected,mainstream
542,popular_1_exp_Experiment_1_seed_42,1,0.04777434530210989,connected,mainstream
455,popular_1_exp_Experiment_1_seed_42,1,0.06339891153343409,connected,mainstream
451,popular_1_exp_Experiment_1_seed_42,1,0.042256471113323,connected,mainstream
294,popular_1_exp_Experiment_1_seed_42,1,0.04833503509019291,connected,mainstream
227,popular_1_exp_Experiment_1_seed_42,1,0.04562974196363261,connected,mainstream
124,popular_1_exp_Experiment_1_seed_42,1,0.046704888331672044,connected,mainstream
265,popular_1_exp_Experiment_1_seed_42,1,0.04726384722005416,connected,mainstream
322,popular_1_exp_Experiment_1_seed_42,1,0.04715418819350927,connected,mainstream
107,popular_1_exp_Experiment_1_seed_42,1,0.0511560345912244,connected,mainstream
508,popular_1_exp_Experiment_1_seed_42,1,0.04321516553459396,connected,mainstream
259,popular_1_exp_Experiment_1_seed_42,1,0.051173266811528784,connected,mainstream
152,popular_1_exp_Experiment_1_seed_42,1,0.0550496602468172,connected,mainstream
162,popular_1_exp_Experiment_1_seed_42,1,0.045614878185379994,connected,mainstream
75,popular_1_exp_Experiment_1_seed_42,1,0.04967188392183187,connected,mainstream
512,popular_1_exp_Experiment_1_seed_42,1,0.05006000413579161,connected,mainstream
541,popular_1_exp_Experiment_1_seed_42,1,0.04605778952581289,connected,mainstream
125,popular_1_exp_Experiment_1_seed_42,1,0.04808407065606856,connected,mainstream
24,popular_1_exp_Experiment_1_seed_42,1,0.013761048245678068,connected,niche
453,popular_1_exp_Experiment_1_seed_42,1,0.04434529041622028,connected,mainstream
520,popular_1_exp_Experiment_1_seed_42,1,0.05564798494126256,connected,mainstream
525,popular_1_exp_Experiment_1_seed_42,1,0.056524467161729125,connected,mainstream
129,popular_1_exp_Experiment_1_seed_42,1,0.05057404684137081,connected,mainstream
586,popular_1_exp_Experiment_1_seed_42,1,0.045396470985081455,connected,mainstream
200,popular_1_exp_Experiment_1_seed_42,1,0.045558240350438865,connected,mainstream
543,popular_1_exp_Experiment_1_seed_42,1,0.045839845184320625,connected,mainstream
243,popular_1_exp_Experiment_1_seed_42,1,0.04307917779603076,connected,mainstream
239,popular_1_exp_Experiment_1_seed_42,1,0.06399102988402164,connected,mainstream
413,popular_1_exp_Experiment_1_seed_42,1,0.06709053015814742,connected,mainstream
476,popular_1_exp_Experiment_1_seed_42,1,0.045689878915341646,connected,mainstream
452,popular_1_exp_Experiment_1_seed_42,1,0.06427502806716255,connected,mainstream
105,popular_1_exp_Experiment_1_seed_42,1,0.06228779587144139,connected,mainstream
217,popular_1_exp_Experiment_1_seed_42,1,0.04643461726663823,connected,mainstream
159,popular_1_exp_Experiment_1_seed_42,1,0.042216597790791975,connected,mainstream
142,popular_1_exp_Experiment_1_seed_42,1,0.051349294780292244,connected,mainstream
517,popular_1_exp_Experiment_1_seed_42,1,0.044243340402243286,connected,mainstream
15,popular_1_exp_Experiment_1_seed_42,1,0.014869084389386522,connected,niche
444,popular_1_exp_Experiment_1_seed_42,1,0.04099814630470323,connected,mainstream
211,popular_1_exp_Experiment_1_seed_42,1,0.047281242865589344,connected,mainstream
375,popular_1_exp_Experiment_1_seed_42,1,0.049440023561510664,connected,mainstream
170,popular_1_exp_Experiment_1_seed_42,1,0.047628438500774785,connected,mainstream
415,popular_1_exp_Experiment_1_seed_42,1,0.061925382864295275,connected,mainstream
571,popular_1_exp_Experiment_1_seed_42,1,0.045438330052859244,connected,mainstream
251,popular_1_exp_Experiment_1_seed_42,1,0.044265799951023845,connected,mainstream
188,popular_1_exp_Experiment_1_seed_42,1,0.054280795236111755,connected,mainstream
194,popular_1_exp_Experiment_1_seed_42,1,0.04986801002386923,connected,mainstream
137,popular_1_exp_Experiment_1_seed_42,1,0.045434837634874346,connected,mainstream
527,popular_1_exp_Experiment_1_seed_42,1,0.0503264598227847,connected,mainstream
118,popular_1_exp_Experiment_1_seed_42,1,0.05089894988271972,connected,mainstream
519,popular_1_exp_Experiment_1_seed_42,1,0.04509626805266679,connected,mainstream
456,popular_1_exp_Experiment_1_seed_42,1,0.04755231476244081,connected,mainstream
471,popular_1_exp_Experiment_1_seed_42,1,0.04555181184229177,connected,mainstream
491,popular_1_exp_Experiment_1_seed_42,1,0.047847494686376245,connected,mainstream
425,popular_1_exp_Experiment_1_seed_42,1,0.048858084855485755,connected,mainstream
389,popular_1_exp_Experiment_1_seed_42,1,0.04433845272894608,connected,mainstream
434,popular_1_exp_Experiment_1_seed_42,1,0.04990834076377879,connected,mainstream
0,popular_1_exp_Experiment_1_seed_42,1,0.014032168647013918,connected,niche
263,popular_1_exp_Experiment_1_seed_42,1,0.05070812731978658,connected,mainstream
215,popular_1_exp_Experiment_1_seed_42,1,0.048844984857834874,connected,mainstream
428,popular_1_exp_Experiment_1_seed_42,1,0.05080567893279919,connected,mainstream
499,popular_1_exp_Experiment_1_seed_42,1,0.053971538630926276,connected,mainstream
147,popular_1_exp_Experiment_1_seed_42,1,0.055384435462517145,connected,mainstream
12,popular_1_exp_Experiment_1_seed_42,1,0.012705795644307799,connected,niche
205,popular_1_exp_Experiment_1_seed_42,1,0.04932616713598469,connected,mainstream
574,popular_1_exp_Experiment_1_seed_42,1,0.04579247850341756,connected,mainstream
435,popular_1_exp_Experiment_1_seed_42,1,0.05205192190244596,connected,mainstream
528,popular_1_exp_Experiment_1_seed_42,1,0.04552464301760081,connected,mainstream
568,popular_1_exp_Experiment_1_seed_42,1,0.05638003417170323,connected,mainstream
213,popular_1_exp_Experiment_1_seed_42,1,0.04353694780092504,connected,mainstream
337,popular_1_exp_Experiment_1_seed_42,1,0.06001134997016536,connected,mainstream
544,popular_1_exp_Experiment_1_seed_42,1,0.060795967858414866,connected,mainstream
21,popular_1_exp_Experiment_1_seed_42,1,0.012114099782004699,connected,niche
329,popular_1_exp_Experiment_1_seed_42,1,0.04551809506943754,connected,mainstream
400,popular_1_exp_Experiment_1_seed_42,1,0.05506069376236661,connected,mainstream
67,popular_1_exp_Experiment_1_seed_42,1,0.04443455051342418,connected,mainstream
234,popular_1_exp_Experiment_1_seed_42,1,0.04701033631106031,connected,mainstream
271,popular_1_exp_Experiment_1_seed_42,1,0.04527797651304371,connected,mainstream
76,popular_1_exp_Experiment_1_seed_42,1,0.05369608065213013,connected,mainstream
198,popular_1_exp_Experiment_1_seed_42,1,0.0509535579544177,connected,mainstream
351,popular_1_exp_Experiment_1_seed_42,1,0.04774175695793632,connected,mainstream
141,popular_1_exp_Experiment_1_seed_42,1,0.04956927222226434,connected,mainstream
421,popular_1_exp_Experiment_1_seed_42,1,0.05080800909842519,connected,mainstream
166,popular_1_exp_Experiment_1_seed_42,1,0.047855005177403875,connected,mainstream
580,popular_1_exp_Experiment_1_seed_42,1,0.04424391435997655,connected,mainstream
154,popular_1_exp_Experiment_1_seed_42,1,0.04808273841922142,connected,mainstream
303,popular_1_exp_Experiment_1_seed_42,1,0.049879084910847526,connected,mainstream
268,popular_1_exp_Experiment_1_seed_42,1,0.04722600383841278,connected,mainstream
64,popular_1_exp_Experiment_1_seed_42,1,0.04801969485384105,connected,mainstream
224,popular_1_exp_Experiment_1_seed_42,1,0.05063471206378059,connected,mainstream
264,popular_1_exp_Experiment_1_seed_42,1,0.04473561487641891,connected,mainstream
70,popular_1_exp_Experiment_1_seed_42,1,0.05444940814631325,connected,mainstream
144,popular_1_exp_Experiment_1_seed_42,1,0.05787157153193648,connected,mainstream
546,popular_1_exp_Experiment_1_seed_42,1,0.05125212170594689,connected,mainstream
41,popular_1_exp_Experiment_1_seed_42,1,0.011992674119859185,connected,niche
59,popular_1_exp_Experiment_1_seed_42,1,0.02398898205185272,connected,niche
502,popular_1_exp_Experiment_1_seed_42,1,0.04566971827892876,connected,mainstream
379,popular_1_exp_Experiment_1_seed_42,1,0.05101488946855035,connected,mainstream
506,popular_1_exp_Experiment_1_seed_42,1,0.04915101471720532,connected,mainstream
226,popular_1_exp_Experiment_1_seed_42,1,0.04474937815127495,connected,mainstream
436,popular_1_exp_Experiment_1_seed_42,1,0.045325472858731695,connected,mainstream
483,popular_1_exp_Experiment_1_seed_42,1,0.06708615187875504,connected,mainstream
463,popular_1_exp_Experiment_1_seed_42,1,0.04874111004254967,connected,mainstream
177,popular_1_exp_Experiment_1_seed_42,1,0.05336436187714482,connected,mainstream
95,popular_1_exp_Experiment_1_seed_42,1,0.04198941622298861,connected,mainstream
104,popular_1_exp_Experiment_1_seed_42,1,0.054095170715969275,connected,mainstream
378,popular_1_exp_Experiment_1_seed_42,1,0.06047959875613715,connected,mainstream
328,popular_1_exp_Experiment_1_seed_42,1,0.04357540224553604,connected,mainstream
464,popular_1_exp_Experiment_1_seed_42,1,0.05003202296367562,connected,mainstream
115,popular_1_exp_Experiment_1_seed_42,1,0.04515757732412881,connected,mainstream
184,popular_1_exp_Experiment_1_seed_42,1,0.056263442847694134,connected,mainstream
547,popular_1_exp_Experiment_1_seed_42,1,0.055229361138617185,connected,mainstream
220,popular_1_exp_Experiment_1_seed_42,1,0.06052663571640066,connected,mainstream
515,popular_1_exp_Experiment_1_seed_42,1,0.045648370148902905,connected,mainstream
450,popular_1_exp_Experiment_1_seed_42,1,0.05052974996526368,connected,mainstream
79,popular_1_exp_Experiment_1_seed_42,1,0.05668986768096465,connected,mainstream
193,popular_1_exp_Experiment_1_seed_42,1,0.04665554648985867,connected,mainstream
347,popular_1_exp_Experiment_1_seed_42,1,0.04594874133415664,connected,mainstream
332,popular_1_exp_Experiment_1_seed_42,1,0.05488935386327012,connected,mainstream
101,popular_1_exp_Experiment_1_seed_42,1,0.04578417050472063,connected,mainstream
443,popular_1_exp_Experiment_1_seed_42,1,0.060240018146646174,connected,mainstream
36,popular_1_exp_Experiment_1_seed_42,1,0.01583414157052179,connected,niche
283,popular_1_exp_Experiment_1_seed_42,1,0.05712831343117605,connected,mainstream
383,popular_1_exp_Experiment_1_seed_42,1,0.05589436618423283,connected,mainstream
94,popular_1_exp_Experiment_1_seed_42,1,0.043045383989598084,connected,mainstream
260,popular_1_exp_Experiment_1_seed_42,1,0.0583881112106732,connected,mainstream
534,popular_1_exp_Experiment_1_seed_42,1,0.04747793148903273,connected,mainstream
355,popular_1_exp_Experiment_1_seed_42,1,0.05630551885524987,connected,mainstream
513,popular_1_exp_Experiment_1_seed_42,1,0.050950337581634586,connected,mainstream
579,popular_1_exp_Experiment_1_seed_42,1,0.04960112636235218,connected,mainstream
331,popular_1_exp_Experiment_1_seed_42,1,0.04793020406583148,connected,mainstream
112,popular_1_exp_Experiment_1_seed_42,1,0.048927657502760076,connected,mainstream
25,popular_1_exp_Experiment_1_seed_42,1,0.01618698219477867,connected,niche
462,popular_1_exp_Experiment_1_seed_42,1,0.04845656279486885,connected,mainstream
441,popular_1_exp_Experiment_1_seed_42,1,0.04762933928865279,connected,mainstream
72,popular_1_exp_Experiment_1_seed_42,1,0.04702309946714591,connected,mainstream
2,popular_1_exp_Experiment_1_seed_42,1,0.0171557729661475,connected,niche
221,popular_1_exp_Experiment_1_seed_42,1,0.0597096600141587,connected,mainstream
591,popular_1_exp_Experiment_1_seed_42,1,0.048273481023450644,connected,mainstream
289,popular_1_exp_Experiment_1_seed_42,1,0.05429417700292229,connected,mainstream
262,popular_1_exp_Experiment_1_seed_42,1,0.04572253183597667,connected,mainstream
344,popular_1_exp_Experiment_1_seed_42,1,0.04521924222780186,connected,mainstream
325,popular_1_exp_Experiment_1_seed_42,1,0.0464157086629752,connected,mainstream
247,popular_1_exp_Experiment_1_seed_42,1,0.05208332700298823,connected,mainstream
255,popular_1_exp_Experiment_1_seed_42,1,0.04653541920912042,connected,mainstream
377,popular_1_exp_Experiment_1_seed_42,1,0.04394482351788274,connected,mainstream
552,popular_1_exp_Experiment_1_seed_42,1,0.06031535605855053,connected,mainstream
195,popular_1_exp_Experiment_1_seed_42,1,0.045317090037740475,connected,mainstream
585,popular_1_exp_Experiment_1_seed_42,1,0.043983781224016666,connected,mainstream
175,popular_1_exp_Experiment_1_seed_42,1,0.05007510048653019,connected,mainstream
576,popular_1_exp_Experiment_1_seed_42,1,0.045227187754742465,connected,mainstream
438,popular_1_exp_Experiment_1_seed_42,1,0.06005255287496392,connected,mainstream
178,popular_1_exp_Experiment_1_seed_42,1,0.048158335953225696,connected,mainstream
290,popular_1_exp_Experiment_1_seed_42,1,0.044836441816786,connected,mainstream
282,popular_1_exp_Experiment_1_seed_42,1,0.04608506708317212,connected,mainstream
536,popular_1_exp_Experiment_1_seed_42,1,0.047652858707095624,connected,mainstream
173,popular_1_exp_Experiment_1_seed_42,1,0.0490375898670301,connected,mainstream
358,popular_1_exp_Experiment_1_seed_42,1,0.0529223637791362,connected,mainstream
531,popular_1_exp_Experiment_1_seed_42,1,0.04912755937358151,connected,mainstream
27,popular_1_exp_Experiment_1_seed_42,1,0.016456452665054012,connected,niche
38,popular_1_exp_Experiment_1_seed_42,1,0.020354249712337857,connected,niche
482,popular_1_exp_Experiment_1_seed_42,1,0.04599326163916106,connected,mainstream
128,popular_1_exp_Experiment_1_seed_42,1,0.050260344345958136,connected,mainstream
126,popular_1_exp_Experiment_1_seed_42,1,0.046024527461448604,connected,mainstream
225,popular_1_exp_Experiment_1_seed_42,1,0.047991785760468995,connected,mainstream
257,popular_1_exp_Experiment_1_seed_42,1,0.051102553980532005,connected,mainstream
158,popular_1_exp_Experiment_1_seed_42,1,0.04768419780985191,connected,mainstream
448,popular_1_exp_Experiment_1_seed_42,1,0.04418285292541781,connected,mainstream
99,popular_1_exp_Experiment_1_seed_42,1,0.046350831425660245,connected,mainstream
7,popular_1_exp_Experiment_1_seed_42,1,0.013436689821169724,connected,niche
418,popular_1_exp_Experiment_1_seed_42,1,0.04977544094379993,connected,mainstream
564,popular_1_exp_Experiment_1_seed_42,1,0.04571341964359608,connected,mainstream
493,popular_1_exp_Experiment_1_seed_42,1,0.05253890000062537,connected,mainstream
419,popular_1_exp_Experiment_1_seed_42,1,0.05278607993954328,connected,mainstream
362,popular_1_exp_Experiment_1_seed_42,1,0.04541655348613068,connected,mainstream
102,popular_1_exp_Experiment_1_seed_42,1,0.0430807726413287,connected,mainstream
590,popular_1_exp_Experiment_1_seed_42,1,0.04790768940650846,connected,mainstream
58,popular_1_exp_Experiment_1_seed_42,1,0.023904400577251465,connected,niche
230,popular_1_exp_Experiment_1_seed_42,1,0.049475418630530434,connected,mainstream
49,popular_1_exp_Experiment_1_seed_42,1,0.018693458212593442,connected,niche
309,popular_1_exp_Experiment_1_seed_42,1,0.05385824987592971,connected,mainstream
439,popular_1_exp_Experiment_1_seed_42,1,0.04817318136103287,connected,mainstream
388,popular_1_exp_Experiment_1_seed_42,1,0.047359209892777386,connected,mainstream
582,popular_1_exp_Experiment_1_seed_42,1,0.047685843738696186,connected,mainstream
45,popular_1_exp_Experiment_1_seed_42,1,0.02026815053298533,connected,niche
548,popular_1_exp_Experiment_1_seed_42,1,0.05573326745861414,connected,mainstream
523,popular_1_exp_Experiment_1_seed_42,1,0.05166859300375731,connected,mainstream
538,popular_1_exp_Experiment_1_seed_42,1,0.04630301542613232,connected,mainstream
357,popular_1_exp_Experiment_1_seed_42,1,0.05967919372186512,connected,mainstream
192,popular_1_exp_Experiment_1_seed_42,1,0.04161921637369442,connected,mainstream
399,popular_1_exp_Experiment_1_seed_42,1,0.04545186564667236,connected,mainstream
479,popular_1_exp_Experiment_1_seed_42,1,0.04456880878585523,connected,mainstream
93,popular_1_exp_Experiment_1_seed_42,1,0.058129059611724286,connected,mainstream
46,popular_1_exp_Experiment_1_seed_42,1,0.014247214799910294,connected,niche
573,popular_1_exp_Experiment_1_seed_42,1,0.0457461567379979,connected,mainstream
490,popular_1_exp_Experiment_1_seed_42,1,0.042763368464093565,connected,mainstream
182,popular_1_exp_Experiment_1_seed_42,1,0.043455800438134184,connected,mainstream
214,popular_1_exp_Experiment_1_seed_42,1,0.05102852571819825,connected,mainstream
306,popular_1_exp_Experiment_1_seed_42,1,0.049693069553377815,connected,mainstream
148,popular_1_exp_Experiment_1_seed_42,1,0.0456068370430853,connected,mainstream
106,popular_1_exp_Experiment_1_seed_42,1,0.052089504162599776,connected,mainstream
380,popular_1_exp_Experiment_1_seed_42,1,0.04878770662961573,connected,mainstream
3,popular_1_exp_Experiment_1_seed_42,1,0.015775684865880674,connected,niche
510,popular_1_exp_Experiment_1_seed_42,1,0.052792884902864025,connected,mainstream
467,popular_1_exp_Experiment_1_seed_42,1,0.05819937735440278,connected,mainstream
578,popular_1_exp_Experiment_1_seed_42,1,0.04811739779416923,connected,mainstream
244,popular_1_exp_Experiment_1_seed_42,1,0.04564092551496617,connected,mainstream
276,popular_1_exp_Experiment_1_seed_42,1,0.05301851031212101,connected,mainstream
174,popular_1_exp_Experiment_1_seed_42,1,0.05192290249130808,connected,mainstream
145,popular_1_exp_Experiment_1_seed_42,1,0.04296184438758499,connected,mainstream
171,popular_1_exp_Experiment_1_seed_42,1,0.053572338742133525,connected,mainstream
92,popular_1_exp_Experiment_1_seed_42,1,0.04948916037065477,connected,mainstream
572,popular_1_exp_Experiment_1_seed_42,1,0.054929755716258334,connected,mainstream
232,popular_1_exp_Experiment_1_seed_42,1,0.047587834370920255,connected,mainstream
168,popular_1_exp_Experiment_1_seed_42,1,0.050664463184119934,connected,mainstream
485,popular_1_exp_Experiment_1_seed_42,1,0.059092301171989804,connected,mainstream
97,popular_1_exp_Experiment_1_seed_42,1,0.0487821707770253,connected,mainstream
55,popular_1_exp_Experiment_1_seed_42,1,0.022674688576092353,connected,niche
275,popular_1_exp_Experiment_1_seed_42,1,0.046984555145509165,connected,mainstream
557,popular_1_exp_Experiment_1_seed_42,1,0.04703869845953127,connected,mainstream
315,popular_1_exp_Experiment_1_seed_42,1,0.047578130696314704,connected,mainstream
286,popular_1_exp_Experiment_1_seed_42,1,0.050682985045307126,connected,mainstream
250,popular_1_exp_Experiment_1_seed_42,1,0.05396503532464597,connected,mainstream
566,popular_1_exp_Experiment_1_seed_42,1,0.04622341171498873,connected,mainstream
235,popular_1_exp_Experiment_1_seed_42,1,0.050988126292248255,connected,mainstream
472,popular_1_exp_Experiment_1_seed_42,1,0.04583875404758251,connected,mainstream
258,popular_1_exp_Experiment_1_seed_42,1,0.04630969704704959,connected,mainstream
363,popular_1_exp_Experiment_1_seed_42,1,0.048085484619750374,connected,mainstream
222,popular_1_exp_Experiment_1_seed_42,1,0.04407441695147649,connected,mainstream
588,popular_1_exp_Experiment_1_seed_42,1,0.04409236933621093,connected,mainstream
431,popular_1_exp_Experiment_1_seed_42,1,0.0463395975643535,connected,mainstream
261,popular_1_exp_Experiment_1_seed_42,1,0.05720815308377194,connected,mainstream
345,popular_1_exp_Experiment_1_seed_42,1,0.04912341295312791,connected,mainstream
308,popular_1_exp_Experiment_1_seed_42,1,0.04665350426592923,connected,mainstream
416,popular_1_exp_Experiment_1_seed_42,1,0.05082275978002282,connected,mainstream
595,popular_1_exp_Experiment_1_seed_42,1,0.04383568118705933,connected,mainstream
228,popular_1_exp_Experiment_1_seed_42,1,0.04788136589500733,connected,mainstream
348,popular_1_exp_Experiment_1_seed_42,1,0.04577383487430919,connected,mainstream
120,popular_1_exp_Experiment_1_seed_42,1,0.047463270158013125,connected,mainstream
71,popular_1_exp_Experiment_1_seed_42,1,0.047293379707837556,connected,mainstream
323,popular_1_exp_Experiment_1_seed_42,1,0.045381938872014686,connected,mainstream
505,popular_1_exp_Experiment_1_seed_42,1,0.056094592066075366,connected,mainstream
181,popular_1_exp_Experiment_1_seed_42,1,0.05401106332682265,connected,mainstream
335,popular_1_exp_Experiment_1_seed_42,1,0.058792503251899636,connected,mainstream
594,popular_1_exp_Experiment_1_seed_42,1,0.052225923782013024,connected,mainstream
119,popular_1_exp_Experiment_1_seed_42,1,0.050722338283037426,connected,mainstream
562,popular_1_exp_Experiment_1_seed_42,1,0.046981025505947425,connected,mainstream
503,popular_1_exp_Experiment_1_seed_42,1,0.04050838130443118,connected,mainstream
288,popular_1_exp_Experiment_1_seed_42,1,0.04503684068088715,connected,mainstream
488,popular_1_exp_Experiment_1_seed_42,1,0.04400993701376782,connected,mainstream
407,popular_1_exp_Experiment_1_seed_42,1,0.05431269588629665,connected,mainstream
1,popular_1_exp_Experiment_1_seed_42,1,0.013447019299888827,connected,niche
85,popular_1_exp_Experiment_1_seed_42,1,0.053078171552358104,connected,mainstream
100,popular_1_exp_Experiment_1_seed_42,1,0.06004501082747316,connected,mainstream
43,popular_1_exp_Experiment_1_seed_42,1,0.014275852491532995,connected,niche
497,popular_1_exp_Experiment_1_seed_42,1,0.043915966555498696,connected,mainstream
139,popular_1_exp_Experiment_1_seed_42,1,0.04824673681546144,connected,mainstream
96,popular_1_exp_Experiment_1_seed_42,1,0.06150457496529737,connected,mainstream
87,popular_1_exp_Experiment_1_seed_42,1,0.06715190661917127,connected,mainstream
88,popular_1_exp_Experiment_1_seed_42,1,0.04155669493309085,connected,mainstream
366,popular_1_exp_Experiment_1_seed_42,1,0.04977938915188934,connected,mainstream
561,popular_1_exp_Experiment_1_seed_42,1,0.046364845811552896,connected,mainstream
596,popular_1_exp_Experiment_1_seed_42,1,0.04618082988125952,connected,mainstream
44,popular_1_exp_Experiment_1_seed_42,1,0.022165788065848218,connected,niche
267,popular_1_exp_Experiment_1_seed_42,1,0.04788697872261035,connected,mainstream
19,popular_1_exp_Experiment_1_seed_42,1,0.014080296219941413,connected,niche
393,popular_1_exp_Experiment_1_seed_42,1,0.04564294364441931,connected,mainstream
13,popular_1_exp_Experiment_1_seed_42,1,0.01559041616830266,connected,niche
127,popular_1_exp_Experiment_1_seed_42,1,0.04466446680406331,connected,mainstream
266,popular_1_exp_Experiment_1_seed_42,1,0.06303216293088022,connected,mainstream
279,popular_1_exp_Experiment_1_seed_42,1,0.047945476303330965,connected,mainstream
494,popular_1_exp_Experiment_1_seed_42,1,0.05153592232786217,connected,mainstream
202,popular_1_exp_Experiment_1_seed_42,1,0.05264429606977824,connected,mainstream
529,popular_1_exp_Experiment_1_seed_42,1,0.04864262183256058,connected,mainstream
376,popular_1_exp_Experiment_1_seed_42,1,0.049876704951110594,connected,mainstream
334,popular_1_exp_Experiment_1_seed_42,1,0.04837469205452013,connected,mainstream
8,popular_1_exp_Experiment_1_seed_42,1,0.01893809526878974,connected,niche
477,popular_1_exp_Experiment_1_seed_42,1,0.042721370945754844,connected,mainstream
130,popular_1_exp_Experiment_1_seed_42,1,0.062435962484520435,connected,mainstream
33,popular_1_exp_Experiment_1_seed_42,1,0.01315443642177318,connected,niche
190,popular_1_exp_Experiment_1_seed_42,1,0.0529332585244506,connected,mainstream
474,popular_1_exp_Experiment_1_seed_42,1,0.05123758383216006,connected,mainstream
165,popular_1_exp_Experiment_1_seed_42,1,0.05259444616438802,connected,mainstream
442,popular_1_exp_Experiment_1_seed_42,1,0.04568463378121615,connected,mainstream
73,popular_1_exp_Experiment_1_seed_42,1,0.061102260579803135,connected,mainstream
401,popular_1_exp_Experiment_1_seed_42,1,0.050375463832735064,connected,mainstream
155,popular_1_exp_Experiment_1_seed_42,1,0.0632643111676902,connected,mainstream
60,popular_1_exp_Experiment_1_seed_42,1,0.055048085224434724,connected,mainstream
187,popular_1_exp_Experiment_1_seed_42,1,0.0473420932182792,connected,mainstream
411,popular_1_exp_Experiment_1_seed_42,1,0.042514935014295215,connected,mainstream
460,popular_1_exp_Experiment_1_seed_42,1,0.05117606450967673,connected,mainstream
273,popular_1_exp_Experiment_1_seed_42,1,0.0577909578578738,connected,mainstream
42,popular_1_exp_Experiment_1_seed_42,1,0.012017559593898053,connected,niche
98,popular_1_exp_Experiment_1_seed_42,1,0.04541325011818078,connected,mainstream
161,popular_1_exp_Experiment_1_seed_42,1,0.05391681369778036,connected,mainstream
231,popular_1_exp_Experiment_1_seed_42,1,0.04868199382846694,connected,mainstream
361,popular_1_exp_Experiment_1_seed_42,1,0.047191014917442355,connected,mainstream
233,popular_1_exp_Experiment_1_seed_42,1,0.0484486856555564,connected,mainstream
151,popular_1_exp_Experiment_1_seed_42,1,0.05132552857722469,connected,mainstream
518,popular_1_exp_Experiment_1_seed_42,1,0.042738412427054055,connected,mainstream
310,popular_1_exp_Experiment_1_seed_42,1,0.044915737161257775,connected,mainstream
160,popular_1_exp_Experiment_1_seed_42,1,0.05108260563932762,connected,mainstream
103,popular_1_exp_Experiment_1_seed_42,1,0.04651674975828255,connected,mainstream
385,popular_1_exp_Experiment_1_seed_42,1,0.04994801386267641,connected,mainstream
83,popular_1_exp_Experiment_1_seed_42,1,0.0446098499959123,connected,mainstream
326,popular_1_exp_Experiment_1_seed_42,1,0.04749132133965784,connected,mainstream
74,popular_1_exp_Experiment_1_seed_42,1,0.0533911656467743,connected,mainstream
406,popular_1_exp_Experiment_1_seed_42,1,0.0486541284822126,connected,mainstream
63,popular_1_exp_Experiment_1_seed_42,1,0.04620464761606933,connected,mainstream
495,popular_1_exp_Experiment_1_seed_42,1,0.04065134754616081,connected,mainstream
504,popular_1_exp_Experiment_1_seed_42,1,0.04449499668897692,connected,mainstream
51,popular_1_exp_Experiment_1_seed_42,1,0.01303353376835404,connected,niche
554,popular_1_exp_Experiment_1_seed_42,1,0.061474058717750656,connected,mainstream
199,popular_1_exp_Experiment_1_seed_42,1,0.04511277733425833,connected,mainstream
209,popular_1_exp_Experiment_1_seed_42,1,0.035921951687083946,connected,mainstream
305,popular_1_exp_Experiment_1_seed_42,1,0.04836200176647482,connected,mainstream
581,popular_1_exp_Experiment_1_seed_42,1,0.04636749420278164,connected,mainstream
23,popular_1_exp_Experiment_1_seed_42,1,0.018605840775463536,connected,niche
481,popular_1_exp_Experiment_1_seed_42,1,0.0450788800265711,connected,mainstream
553,popular_1_exp_Experiment_1_seed_42,1,0.05456398651566447,connected,mainstream
133,popular_1_exp_Experiment_1_seed_42,1,0.04932934068484505,connected,mainstream
551,popular_1_exp_Experiment_1_seed_42,1,0.04390267161539957,connected,mainstream
575,popular_1_exp_Experiment_1_seed_42,1,0.04214235834896474,connected,mainstream
90,popular_1_exp_Experiment_1_seed_42,1,0.04317495878940705,connected,mainstream
311,popular_1_exp_Experiment_1_seed_42,1,0.05467200853840146,connected,mainstream
136,popular_1_exp_Experiment_1_seed_42,1,0.052648415570459905,connected,mainstream
364,popular_1_exp_Experiment_1_seed_42,1,0.04527846078308928,connected,mainstream
422,popular_1_exp_Experiment_1_seed_42,1,0.05117939924149253,connected,mainstream
560,popular_1_exp_Experiment_1_seed_42,1,0.04712262947125754,connected,mainstream
48,popular_1_exp_Experiment_1_seed_42,1,0.018459528343340727,connected,niche
592,popular_1_exp_Experiment_1_seed_42,1,0.04871702992660009,connected,mainstream
466,popular_1_exp_Experiment_1_seed_42,1,0.04525094095821064,connected,mainstream
420,popular_1_exp_Experiment_1_seed_42,1,0.050549766056807895,connected,mainstream
404,popular_1_exp_Experiment_1_seed_42,1,0.053846271216109465,connected,mainstream
437,popular_1_exp_Experiment_1_seed_42,1,0.05658519870288916,connected,mainstream
537,popular_1_exp_Experiment_1_seed_42,1,0.04882400247910652,connected,mainstream
589,popular_1_exp_Experiment_1_seed_42,1,0.051754333603176,connected,mainstream
56,popular_1_exp_Experiment_1_seed_42,1,0.016314143494513694,connected,niche
352,popular_1_exp_Experiment_1_seed_42,1,0.0475872164708295,connected,mainstream
414,popular_1_exp_Experiment_1_seed_42,1,0.04928474413816966,connected,mainstream
432,popular_1_exp_Experiment_1_seed_42,1,0.056176182463916195,connected,mainstream
563,popular_1_exp_Experiment_1_seed_42,1,0.048664502065994285,connected,mainstream
40,popular_1_exp_Experiment_1_seed_42,1,0.020231735391481865,connected,niche
475,popular_1_exp_Experiment_1_seed_42,1,0.049066714430868553,connected,mainstream
248,popular_1_exp_Experiment_1_seed_42,1,0.05206422971318195,connected,mainstream
62,popular_1_exp_Experiment_1_seed_42,1,0.048368110585363534,connected,mainstream
556,popular_1_exp_Experiment_1_seed_42,1,0.04542552032142988,connected,mainstream
522,popular_1_exp_Experiment_1_seed_42,1,0.05853911919047969,connected,mainstream
492,popular_1_exp_Experiment_1_seed_42,1,0.04838273808856467,connected,mainstream
298,popular_1_exp_Experiment_1_seed_42,1,0.045770829059878004,connected,mainstream
597,popular_1_exp_Experiment_1_seed_42,1,0.053307807519482366,connected,mainstream
487,popular_1_exp_Experiment_1_seed_42,1,0.053291377994279465,connected,mainstream
186,popular_1_exp_Experiment_1_seed_42,1,0.05774791298229439,connected,mainstream
185,popular_1_exp_Experiment_1_seed_42,1,0.04574580759361277,connected,mainstream
324,popular_1_exp_Experiment_1_seed_42,1,0.05171373102052912,connected,mainstream
301,popular_1_exp_Experiment_1_seed_42,1,0.044888926976412565,connected,mainstream
391,popular_1_exp_Experiment_1_seed_42,1,0.04955566675466896,connected,mainstream
584,popular_1_exp_Experiment_1_seed_42,1,0.04109628880594914,connected,mainstream
157,popular_1_exp_Experiment_1_seed_42,1,0.04730449764351572,connected,mainstream
28,popular_1_exp_Experiment_1_seed_42,1,0.016610822757875177,connected,niche
417,popular_1_exp_Experiment_1_seed_42,1,0.04337550565567233,connected,mainstream
236,popular_1_exp_Experiment_1_seed_42,1,0.04585757935373238,connected,mainstream
293,popular_1_exp_Experiment_1_seed_42,1,0.04874098097340838,connected,mainstream
593,popular_1_exp_Experiment_1_seed_42,1,0.05978313814598548,connected,mainstream
299,popular_1_exp_Experiment_1_seed_42,1,0.04767206219946165,connected,mainstream
516,popular_1_exp_Experiment_1_seed_42,1,0.04525204831785626,connected,mainstream
183,popular_1_exp_Experiment_1_seed_42,1,0.05483088164802576,connected,mainstream
396,popular_1_exp_Experiment_1_seed_42,1,0.054555731189688685,connected,mainstream
446,popular_1_exp_Experiment_1_seed_42,1,0.04492985376240554,connected,mainstream
11,popular_1_exp_Experiment_1_seed_42,1,0.013449763033029036,connected,niche
256,popular_1_exp_Experiment_1_seed_42,1,0.048365991200485424,connected,mainstream
208,popular_1_exp_Experiment_1_seed_42,1,0.04465743327905517,connected,mainstream
242,popular_1_exp_Experiment_1_seed_42,1,0.052051408020794006,connected,mainstream
117,popular_1_exp_Experiment_1_seed_42,1,0.04729105780877579,connected,mainstream
5,popular_1_exp_Experiment_1_seed_42,1,0.02094642664615294,connected,niche
424,popular_1_exp_Experiment_1_seed_42,1,0.04832413517706802,connected,mainstream
480,popular_1_exp_Experiment_1_seed_42,1,0.04500668608408522,connected,mainstream
113,popular_1_exp_Experiment_1_seed_42,1,0.047694045196356304,connected,mainstream
429,popular_1_exp_Experiment_1_seed_42,1,0.04694625608561506,connected,mainstream
465,popular_1_exp_Experiment_1_seed_42,1,0.05621537899129506,connected,mainstream
280,popular_1_exp_Experiment_1_seed_42,1,0.046779898470670205,connected,mainstream
111,popular_1_exp_Experiment_1_seed_42,1,0.04783720169868133,connected,mainstream
35,popular_1_exp_Experiment_1_seed_42,1,0.01443799897720346,connected,niche
132,popular_1_exp_Experiment_1_seed_42,1,0.05149258589642235,connected,mainstream
287,popular_1_exp_Experiment_1_seed_42,1,0.04572804750790795,connected,mainstream
394,popular_1_exp_Experiment_1_seed_42,1,0.048954678100037785,connected,mainstream
53,popular_1_exp_Experiment_1_seed_42,1,0.01957818719208615,connected,niche
360,popular_1_exp_Experiment_1_seed_42,1,0.04438791474438774,connected,mainstream
29,popular_1_exp_Experiment_1_seed_42,1,0.013496300118067808,connected,niche
545,popular_1_exp_Experiment_1_seed_42,1,0.05234384261857794,connected,mainstream
461,popular_1_exp_Experiment_1_seed_42,1,0.04972302925067098,connected,mainstream
526,popular_1_exp_Experiment_1_seed_42,1,0.057108531312716225,connected,mainstream
426,popular_1_exp_Experiment_1_seed_42,1,0.04413438066504035,connected,mainstream
89,popular_1_exp_Experiment_1_seed_42,1,0.048816409873662286,connected,mainstream
150,popular_1_exp_Experiment_1_seed_42,1,0.06257909742320376,connected,mainstream
570,popular_1_exp_Experiment_1_seed_42,1,0.0485446388541814,connected,mainstream
295,popular_1_exp_Experiment_1_seed_42,1,0.0503044271878833,connected,mainstream
427,popular_1_exp_Experiment_1_seed_42,1,0.04926991796890198,connected,mainstream
297,popular_1_exp_Experiment_1_seed_42,1,0.06553343241597136,connected,mainstream
65,popular_1_exp_Experiment_1_seed_42,1,0.04940463121081379,connected,mainstream
206,popular_1_exp_Experiment_1_seed_42,1,0.04529764997146194,connected,mainstream
387,popular_1_exp_Experiment_1_seed_42,1,0.05641553200298769,connected,mainstream
14,popular_1_exp_Experiment_1_seed_42,1,0.011937136905709895,connected,niche
318,popular_1_exp_Experiment_1_seed_42,1,0.04208096338110054,connected,mainstream
156,popular_1_exp_Experiment_1_seed_42,1,0.05673812608555353,connected,mainstream
32,popular_1_exp_Experiment_1_seed_42,1,0.012651222038536122,connected,niche
412,popular_1_exp_Experiment_1_seed_42,1,0.044104727931986415,connected,mainstream
532,popular_1_exp_Experiment_1_seed_42,1,0.06921618590751134,connected,mainstream
134,popular_1_exp_Experiment_1_seed_42,1,0.0454356265026076,connected,mainstream
218,popular_1_exp_Experiment_1_seed_42,1,0.04524489637902518,connected,mainstream
16,popular_1_exp_Experiment_1_seed_42,1,0.017448525321276113,connected,niche
307,popular_1_exp_Experiment_1_seed_42,1,0.047551197563700694,connected,mainstream
292,popular_1_exp_Experiment_1_seed_42,1,0.05442441416093178,connected,mainstream
469,popular_1_exp_Experiment_1_seed_42,1,0.05105839359929871,connected,mainstream
402,popular_1_exp_Experiment_1_seed_42,1,0.046019707233035494,connected,mainstream
368,popular_1_exp_Experiment_1_seed_42,1,0.057191469979672706,connected,mainstream
241,popular_1_exp_Experiment_1_seed_42,1,0.05284585006047954,connected,mainstream
284,popular_1_exp_Experiment_1_seed_42,1,0.04959558695523131,connected,mainstream
270,popular_1_exp_Experiment_1_seed_42,1,0.05514166031032656,connected,mainstream
430,popular_1_exp_Experiment_1_seed_42,1,0.06206965416697513,connected,mainstream
459,popular_1_exp_Experiment_1_seed_42,1,0.048760705594522384,connected,mainstream
300,popular_1_exp_Experiment_1_seed_42,1,0.04825900024856763,connected,mainstream
583,popular_1_exp_Experiment_1_seed_42,1,0.05689579646658319,connected,mainstream
489,popular_1_exp_Experiment_1_seed_42,1,0.04969616191537208,connected,mainstream
381,popular_1_exp_Experiment_1_seed_42,1,0.05080995310494849,connected,mainstream
359,popular_1_exp_Experiment_1_seed_42,1,0.04898161079361705,connected,mainstream
569,popular_1_exp_Experiment_1_seed_42,1,0.04129650330930464,connected,mainstream
587,popular_1_exp_Experiment_1_seed_42,1,0.053421590142558505,connected,mainstream
511,popular_1_exp_Experiment_1_seed_42,1,0.052047279821988646,connected,mainstream
34,popular_1_exp_Experiment_1_seed_42,1,0.013485287248300053,connected,niche
82,popular_1_exp_Experiment_1_seed_42,1,0.06779686518629931,connected,mainstream
365,popular_1_exp_Experiment_1_seed_42,1,0.046317412720762834,connected,mainstream
454,popular_1_exp_Experiment_1_seed_42,1,0.05265858915963848,connected,mainstream
143,popular_1_exp_Experiment_1_seed_42,1,0.04558567245408862,connected,mainstream
68,popular_1_exp_Experiment_1_seed_42,1,0.04618567447855449,connected,mainstream
109,popular_1_exp_Experiment_1_seed_42,1,0.0477417595446283,connected,mainstream
201,popular_1_exp_Experiment_1_seed_42,1,0.050141979579310554,connected,mainstream
478,popular_1_exp_Experiment_1_seed_42,1,0.045382187076903314,connected,mainstream
277,popular_1_exp_Experiment_1_seed_42,1,0.06503839563348558,connected,mainstream
384,popular_1_exp_Experiment_1_seed_42,1,0.05888558749059366,connected,mainstream
440,popular_1_exp_Experiment_1_seed_42,1,0.051655301253031936,connected,mainstream
20,popular_1_exp_Experiment_1_seed_42,1,0.01614305931369803,connected,niche
135,popular_1_exp_Experiment_1_seed_42,1,0.05485152341190496,connected,mainstream
410,popular_1_exp_Experiment_1_seed_42,1,0.0482790679042004,connected,mainstream
272,popular_1_exp_Experiment_1_seed_42,1,0.0489359803187848,connected,mainstream
369,popular_1_exp_Experiment_1_seed_42,1,0.04771645845686931,connected,mainstream
320,popular_1_exp_Experiment_1_seed_42,1,0.05425571217812456,connected,mainstream
349,popular_1_exp_Experiment_1_seed_42,1,0.04930304025149271,connected,mainstream
6,popular_1_exp_Experiment_1_seed_42,1,0.017351983813929356,connected,niche
473,popular_1_exp_Experiment_1_seed_42,1,0.0570105379104122,connected,mainstream
599,popular_1_exp_Experiment_1_seed_42,1,0.04815547401490733,connected,mainstream
9,popular_1_exp_Experiment_1_seed_42,1,0.01493965013797281,connected,niche
501,popular_1_exp_Experiment_1_seed_42,1,0.054874286115770166,connected,mainstream
302,popular_1_exp_Experiment_1_seed_42,1,0.04579075001899319,connected,mainstream
457,popular_1_exp_Experiment_1_seed_42,1,0.04369337350065015,connected,mainstream
500,popular_1_exp_Experiment_1_seed_42,1,0.04936749224582679,connected,mainstream
10,popular_1_exp_Experiment_1_seed_42,1,0.02180120291231402,connected,niche
338,popular_1_exp_Experiment_1_seed_42,1,0.04050514023684961,connected,mainstream
514,popular_1_exp_Experiment_1_seed_42,1,0.05791954270164081,connected,mainstream
179,popular_1_exp_Experiment_1_seed_42,1,0.04733936998982319,connected,mainstream
535,popular_1_exp_Experiment_1_seed_42,1,0.053974806900779305,connected,mainstream
86,popular_1_exp_Experiment_1_seed_42,1,0.045374272348720025,connected,mainstream
540,popular_1_exp_Experiment_1_seed_42,1,0.046093432633467685,connected,mainstream
559,popular_1_exp_Experiment_1_seed_42,1,0.04526401904598751,connected,mainstream
123,popular_1_exp_Experiment_1_seed_42,1,0.04728758148677604,connected,mainstream
167,popular_1_exp_Experiment_1_seed_42,1,0.05394160835399505,connected,mainstream
172,popular_1_exp_Experiment_1_seed_42,1,0.04392447600757803,connected,mainstream
274,popular_1_exp_Experiment_1_seed_42,1,0.04725306504593637,connected,mainstream
281,popular_1_exp_Experiment_1_seed_42,1,0.048656084915748334,connected,mainstream
445,popular_1_exp_Experiment_1_seed_42,1,0.05068852276113082,connected,mainstream
449,popular_1_exp_Experiment_1_seed_42,1,0.04795238055417748,connected,mainstream
17,popular_1_exp_Experiment_1_seed_42,1,0.018880586532834757,connected,niche
285,popular_1_exp_Experiment_1_seed_42,1,0.04980491799052589,connected,mainstream
403,popular_1_exp_Experiment_1_seed_42,1,0.06086167557334163,connected,mainstream
18,popular_1_exp_Experiment_1_seed_42,1,0.01972825319258382,connected,niche
550,popular_1_exp_Experiment_1_seed_42,1,0.045267814197510914,connected,mainstream
149,popular_1_exp_Experiment_1_seed_42,1,0.05140241530400288,connected,mainstream
314,popular_1_exp_Experiment_1_seed_42,1,0.05324374057811889,connected,mainstream
237,popular_1_exp_Experiment_1_seed_42,1,0.05079179585026002,connected,mainstream
354,popular_1_exp_Experiment_1_seed_42,1,0.05911279744273671,connected,mainstream
468,popular_1_exp_Experiment_1_seed_42,1,0.0458768369634604,connected,mainstream
330,popular_1_exp_Experiment_1_seed_42,1,0.05452726599530692,connected,mainstream
372,popular_1_exp_Experiment_1_seed_42,1,0.04732104984227767,connected,mainstream
254,popular_1_exp_Experiment_1_seed_42,1,0.048274569704245186,connected,mainstream
327,popular_1_exp_Experiment_1_seed_42,1,0.044448719284530126,connected,mainstream
278,popular_1_exp_Experiment_1_seed_42,1,0.04379462017640162,connected,mainstream
333,popular_1_exp_Experiment_1_seed_42,1,0.04951372529362456,connected,mainstream
131,popular_1_exp_Experiment_1_seed_42,1,0.04211009106692726,connected,mainstream
304,popular_1_exp_Experiment_1_seed_42,1,0.046202420032985636,connected,mainstream
567,popular_1_exp_Experiment_1_seed_42,1,0.06061392879928406,connected,mainstream
54,popular_1_exp_Experiment_1_seed_42,1,0.017109555227412313,connected,niche
163,popular_1_exp_Experiment_1_seed_42,1,0.04927000997913927,connected,mainstream
30,popular_1_exp_Experiment_1_seed_42,1,0.015882008366128648,connected,niche
204,popular_1_exp_Experiment_1_seed_42,1,0.04654949531703054,connected,mainstream
80,popular_1_exp_Experiment_1_seed_42,1,0.04839618700371221,connected,mainstream
447,popular_1_exp_Experiment_1_seed_42,1,0.05081454363808902,connected,mainstream
343,popular_1_exp_Experiment_1_seed_42,1,0.05078379572312144,connected,mainstream
108,popular_1_exp_Experiment_1_seed_42,1,0.04759826399181754,connected,mainstream
386,popular_1_exp_Experiment_1_seed_42,1,0.04563075912059411,connected,mainstream
374,popular_1_exp_Experiment_1_seed_42,1,0.054508503321569,connected,mainstream
210,popular_1_exp_Experiment_1_seed_42,1,0.06250993446619925,connected,mainstream
238,popular_1_exp_Experiment_1_seed_42,1,0.048948474853998364,connected,mainstream
122,popular_1_exp_Experiment_1_seed_42,1,0.0429619875279632,connected,mainstream
521,popular_1_exp_Experiment_1_seed_42,1,0.043084229423794994,connected,mainstream
341,popular_1_exp_Experiment_1_seed_42,1,0.059806843624687724,connected,mainstream
69,popular_1_exp_Experiment_1_seed_42,1,0.04629267644526655,connected,mainstream
114,popular_1_exp_Experiment_1_seed_42,1,0.0483783096584548,connected,mainstream
373,popular_1_exp_Experiment_1_seed_42,1,0.055997998675854165,connected,mainstream
313,popular_1_exp_Experiment_1_seed_42,1,0.0504329801443116,connected,mainstream
153,popular_1_exp_Experiment_1_seed_42,1,0.04484258575089354,connected,mainstream
367,popular_1_exp_Experiment_1_seed_42,1,0.05305321071673081,connected,mainstream
577,popular_1_exp_Experiment_1_seed_42,1,0.05063615769585377,connected,mainstream
598,popular_1_exp_Experiment_1_seed_42,1,0.04448758131800962,connected,mainstream
390,popular_1_exp_Experiment_1_seed_42,1,0.06248234990817616,connected,mainstream
317,popular_1_exp_Experiment_1_seed_42,1,0.05509972747390863,connected,mainstream
66,popular_1_exp_Experiment_1_seed_42,1,0.047369970739157656,connected,mainstream
339,popular_1_exp_Experiment_1_seed_42,1,0.05095816397620684,connected,mainstream
116,popular_1_exp_Experiment_1_seed_42,1,0.043898868355108846,connected,mainstream
509,popular_1_exp_Experiment_1_seed_42,1,0.045951710481101006,connected,mainstream
121,popular_1_exp_Experiment_1_seed_42,1,0.05776172761938444,connected,mainstream
81,popular_1_exp_Experiment_1_seed_42,1,0.046078615385665204,connected,mainstream
356,popular_1_exp_Experiment_1_seed_42,1,0.04757826579729681,connected,mainstream
91,popular_1_exp_Experiment_1_seed_42,1,0.0493234366517882,connected,mainstream
22,popular_1_exp_Experiment_1_seed_42,1,0.01138527474264127,connected,niche
269,popular_1_exp_Experiment_1_seed_42,1,0.04861249460164497,connected,mainstream
397,popular_1_exp_Experiment_1_seed_42,1,0.05808527455770085,connected,mainstream
524,popular_1_exp_Experiment_1_seed_42,1,0.04183370893613023,connected,mainstream
470,popular_1_exp_Experiment_1_seed_42,1,0.05071000753774782,connected,mainstream
223,popular_1_exp_Experiment_1_seed_42,1,0.050343856685876896,connected,mainstream
212,popular_1_exp_Experiment_1_seed_42,1,0.04600322119735534,connected,mainstream
219,popular_1_exp_Experiment_1_seed_42,1,0.045917609063931435,connected,mainstream
249,popular_1_exp_Experiment_1_seed_42,1,0.0450648653661232,connected,mainstream
216,popular_1_exp_Experiment_1_seed_42,1,0.05178061243039442,connected,mainstream
346,popular_1_exp_Experiment_1_seed_42,1,0.04399789090141601,connected,mainstream
340,popular_1_exp_Experiment_1_seed_42,1,0.04758917191488141,connected,mainstream
312,popular_1_exp_Experiment_1_seed_42,1,0.057251294907436585,connected,mainstream
246,popular_1_exp_Experiment_1_seed_42,1,0.044992310818339674,connected,mainstream
229,popular_1_exp_Experiment_1_seed_42,1,0.046124181837529095,connected,mainstream
50,popular_1_exp_Experiment_1_seed_42,1,0.017171035458990163,connected,niche
392,popular_1_exp_Experiment_1_seed_42,2,0.06157574255655185,connected,mainstream
253,popular_1_exp_Experiment_1_seed_42,2,0.05467844605169029,connected,mainstream
558,popular_1_exp_Experiment_1_seed_42,2,0.04818746829493709,connected,mainstream
138,popular_1_exp_Experiment_1_seed_42,2,0.055470949800239734,connected,mainstream
539,popular_1_exp_Experiment_1_seed_42,2,0.06542098209237947,connected,mainstream
57,popular_1_exp_Experiment_1_seed_42,2,0.0326642376936365,connected,niche
433,popular_1_exp_Experiment_1_seed_42,2,0.05701882363464259,connected,mainstream
565,popular_1_exp_Experiment_1_seed_42,2,0.06329914443745333,connected,mainstream
196,popular_1_exp_Experiment_1_seed_42,2,0.0695434151246578,connected,mainstream
77,popular_1_exp_Experiment_1_seed_42,2,0.05100711943361158,connected,mainstream
319,popular_1_exp_Experiment_1_seed_42,2,0.05846675287896363,connected,mainstream
484,popular_1_exp_Experiment_1_seed_42,2,0.04915456017667905,connected,mainstream
398,popular_1_exp_Experiment_1_seed_42,2,0.05914247180120019,connected,mainstream
252,popular_1_exp_Experiment_1_seed_42,2,0.054473224156692035,connected,mainstream
197,popular_1_exp_Experiment_1_seed_42,2,0.053119006705930776,connected,mainstream
78,popular_1_exp_Experiment_1_seed_42,2,0.06353966373294884,connected,mainstream
350,popular_1_exp_Experiment_1_seed_42,2,0.05687962691214854,connected,mainstream
458,popular_1_exp_Experiment_1_seed_42,2,0.051097039429610684,connected,mainstream
423,popular_1_exp_Experiment_1_seed_42,2,0.049787234715717055,connected,mainstream
4,popular_1_exp_Experiment_1_seed_42,2,0.01592039980002763,connected,niche
409,popular_1_exp_Experiment_1_seed_42,2,0.04763873451491608,connected,mainstream
191,popular_1_exp_Experiment_1_seed_42,2,0.05448400721777085,connected,mainstream
84,popular_1_exp_Experiment_1_seed_42,2,0.051147226576506104,connected,mainstream
140,popular_1_exp_Experiment_1_seed_42,2,0.08860842594333346,connected,mainstream
486,popular_1_exp_Experiment_1_seed_42,2,0.05602069033976235,connected,mainstream
39,popular_1_exp_Experiment_1_seed_42,2,0.01352809015380362,connected,niche
382,popular_1_exp_Experiment_1_seed_42,2,0.06280599598755383,connected,mainstream
291,popular_1_exp_Experiment_1_seed_42,2,0.05481632363033364,connected,mainstream
146,popular_1_exp_Experiment_1_seed_42,2,0.05419030407312809,connected,mainstream
336,popular_1_exp_Experiment_1_seed_42,2,0.04788737570907923,connected,mainstream
353,popular_1_exp_Experiment_1_seed_42,2,0.051334273597154804,connected,mainstream
408,popular_1_exp_Experiment_1_seed_42,2,0.06004606424903609,connected,mainstream
549,popular_1_exp_Experiment_1_seed_42,2,0.05535608319069299,connected,mainstream
37,popular_1_exp_Experiment_1_seed_42,2,0.02975506249289701,connected,niche
296,popular_1_exp_Experiment_1_seed_42,2,0.057159425030986775,connected,mainstream
207,popular_1_exp_Experiment_1_seed_42,2,0.06599259660472682,connected,mainstream
533,popular_1_exp_Experiment_1_seed_42,2,0.05142375715977516,connected,mainstream
240,popular_1_exp_Experiment_1_seed_42,2,0.058602670395949,connected,mainstream
110,popular_1_exp_Experiment_1_seed_42,2,0.04987617829139892,connected,mainstream
245,popular_1_exp_Experiment_1_seed_42,2,0.05480324567169063,connected,mainstream
395,popular_1_exp_Experiment_1_seed_42,2,0.059821505275752564,connected,mainstream
52,popular_1_exp_Experiment_1_seed_42,2,0.014034005650939546,connected,niche
530,popular_1_exp_Experiment_1_seed_42,2,0.05645576254667648,connected,mainstream
371,popular_1_exp_Experiment_1_seed_42,2,0.0599717517804457,connected,mainstream
405,popular_1_exp_Experiment_1_seed_42,2,0.060176503625769935,connected,mainstream
164,popular_1_exp_Experiment_1_seed_42,2,0.05804970556259279,connected,mainstream
496,popular_1_exp_Experiment_1_seed_42,2,0.06290545052156027,connected,mainstream
342,popular_1_exp_Experiment_1_seed_42,2,0.05361689302281386,connected,mainstream
507,popular_1_exp_Experiment_1_seed_42,2,0.07092728814269857,connected,mainstream
31,popular_1_exp_Experiment_1_seed_42,2,0.01998826537915022,connected,niche
26,popular_1_exp_Experiment_1_seed_42,2,0.01581579233055665,connected,niche
555,popular_1_exp_Experiment_1_seed_42,2,0.06726556295115847,connected,mainstream
189,popular_1_exp_Experiment_1_seed_42,2,0.05136316959612782,connected,mainstream
176,popular_1_exp_Experiment_1_seed_42,2,0.05377781879969921,connected,mainstream
180,popular_1_exp_Experiment_1_seed_42,2,0.061720800496406235,connected,mainstream
61,popular_1_exp_Experiment_1_seed_42,2,0.04767141225153992,connected,mainstream
370,popular_1_exp_Experiment_1_seed_42,2,0.05052912918586323,connected,mainstream
47,popular_1_exp_Experiment_1_seed_42,2,0.021769390284213614,connected,niche
203,popular_1_exp_Experiment_1_seed_42,2,0.056558853986721475,connected,mainstream
169,popular_1_exp_Experiment_1_seed_42,2,0.06582562784418784,connected,mainstream
316,popular_1_exp_Experiment_1_seed_42,2,0.05088820311445255,connected,mainstream
498,popular_1_exp_Experiment_1_seed_42,2,0.05253289095165884,connected,mainstream
321,popular_1_exp_Experiment_1_seed_42,2,0.05570548268086383,connected,mainstream
542,popular_1_exp_Experiment_1_seed_42,2,0.05323241673720095,connected,mainstream
455,popular_1_exp_Experiment_1_seed_42,2,0.07140659749066323,connected,mainstream
451,popular_1_exp_Experiment_1_seed_42,2,0.053929502137505615,connected,mainstream
294,popular_1_exp_Experiment_1_seed_42,2,0.05164099879393882,connected,mainstream
227,popular_1_exp_Experiment_1_seed_42,2,0.051386070962642395,connected,mainstream
124,popular_1_exp_Experiment_1_seed_42,2,0.054047263427337906,connected,mainstream
265,popular_1_exp_Experiment_1_seed_42,2,0.054828111911633115,connected,mainstream
322,popular_1_exp_Experiment_1_seed_42,2,0.05112358419576313,connected,mainstream
107,popular_1_exp_Experiment_1_seed_42,2,0.06280163233796777,connected,mainstream
508,popular_1_exp_Experiment_1_seed_42,2,0.05551556906226348,connected,mainstream
259,popular_1_exp_Experiment_1_seed_42,2,0.05658897678233137,connected,mainstream
152,popular_1_exp_Experiment_1_seed_42,2,0.07270390886069335,connected,mainstream
162,popular_1_exp_Experiment_1_seed_42,2,0.04561935612118633,connected,mainstream
75,popular_1_exp_Experiment_1_seed_42,2,0.050105600819483405,connected,mainstream
512,popular_1_exp_Experiment_1_seed_42,2,0.056546900034307235,connected,mainstream
541,popular_1_exp_Experiment_1_seed_42,2,0.05156983516573707,connected,mainstream
125,popular_1_exp_Experiment_1_seed_42,2,0.053740041413848506,connected,mainstream
24,popular_1_exp_Experiment_1_seed_42,2,0.022482871921031166,connected,niche
453,popular_1_exp_Experiment_1_seed_42,2,0.05048279586261075,connected,mainstream
520,popular_1_exp_Experiment_1_seed_42,2,0.067325465356682,connected,mainstream
525,popular_1_exp_Experiment_1_seed_42,2,0.06508555246531807,connected,mainstream
129,popular_1_exp_Experiment_1_seed_42,2,0.052310956586689245,connected,mainstream
586,popular_1_exp_Experiment_1_seed_42,2,0.05076397434744929,connected,mainstream
200,popular_1_exp_Experiment_1_seed_42,2,0.053939732547118945,connected,mainstream
543,popular_1_exp_Experiment_1_seed_42,2,0.050824950630419995,connected,mainstream
243,popular_1_exp_Experiment_1_seed_42,2,0.04972000371878477,connected,mainstream
239,popular_1_exp_Experiment_1_seed_42,2,0.0680502047775814,connected,mainstream
413,popular_1_exp_Experiment_1_seed_42,2,0.07921250143345641,connected,mainstream
476,popular_1_exp_Experiment_1_seed_42,2,0.05075594291817509,connected,mainstream
452,popular_1_exp_Experiment_1_seed_42,2,0.06905742188767851,connected,mainstream
105,popular_1_exp_Experiment_1_seed_42,2,0.07881104739274779,connected,mainstream
217,popular_1_exp_Experiment_1_seed_42,2,0.05261290667623864,connected,mainstream
159,popular_1_exp_Experiment_1_seed_42,2,0.048688999511578124,connected,mainstream
142,popular_1_exp_Experiment_1_seed_42,2,0.0548855905441043,connected,mainstream
517,popular_1_exp_Experiment_1_seed_42,2,0.05091547433095946,connected,mainstream
15,popular_1_exp_Experiment_1_seed_42,2,0.021771464342280302,connected,niche
444,popular_1_exp_Experiment_1_seed_42,2,0.05331151140872518,connected,mainstream
211,popular_1_exp_Experiment_1_seed_42,2,0.056279622638557736,connected,mainstream
375,popular_1_exp_Experiment_1_seed_42,2,0.06295108204654716,connected,mainstream
170,popular_1_exp_Experiment_1_seed_42,2,0.05728043891017203,connected,mainstream
415,popular_1_exp_Experiment_1_seed_42,2,0.06620160266379277,connected,mainstream
571,popular_1_exp_Experiment_1_seed_42,2,0.050682200852084046,connected,mainstream
251,popular_1_exp_Experiment_1_seed_42,2,0.05281009913021462,connected,mainstream
188,popular_1_exp_Experiment_1_seed_42,2,0.055337538852694594,connected,mainstream
194,popular_1_exp_Experiment_1_seed_42,2,0.05703792612527963,connected,mainstream
137,popular_1_exp_Experiment_1_seed_42,2,0.049551729685400364,connected,mainstream
527,popular_1_exp_Experiment_1_seed_42,2,0.05721381235949946,connected,mainstream
118,popular_1_exp_Experiment_1_seed_42,2,0.0573013460099109,connected,mainstream
519,popular_1_exp_Experiment_1_seed_42,2,0.05021973808572774,connected,mainstream
456,popular_1_exp_Experiment_1_seed_42,2,0.05099560718051824,connected,mainstream
471,popular_1_exp_Experiment_1_seed_42,2,0.05145760364883259,connected,mainstream
491,popular_1_exp_Experiment_1_seed_42,2,0.056794648037305766,connected,mainstream
425,popular_1_exp_Experiment_1_seed_42,2,0.055118112841910115,connected,mainstream
389,popular_1_exp_Experiment_1_seed_42,2,0.051900961683590104,connected,mainstream
434,popular_1_exp_Experiment_1_seed_42,2,0.05879298214628185,connected,mainstream
0,popular_1_exp_Experiment_1_seed_42,2,0.01766440725267213,connected,niche
263,popular_1_exp_Experiment_1_seed_42,2,0.05600338746629522,connected,mainstream
215,popular_1_exp_Experiment_1_seed_42,2,0.05651124360215167,connected,mainstream
428,popular_1_exp_Experiment_1_seed_42,2,0.05837865693723851,connected,mainstream
499,popular_1_exp_Experiment_1_seed_42,2,0.06361862971206207,connected,mainstream
147,popular_1_exp_Experiment_1_seed_42,2,0.062339689940971645,connected,mainstream
12,popular_1_exp_Experiment_1_seed_42,2,0.016809304903818458,connected,niche
205,popular_1_exp_Experiment_1_seed_42,2,0.05627820722358382,connected,mainstream
574,popular_1_exp_Experiment_1_seed_42,2,0.052494961653498394,connected,mainstream
435,popular_1_exp_Experiment_1_seed_42,2,0.05503799289808834,connected,mainstream
528,popular_1_exp_Experiment_1_seed_42,2,0.05151941698705542,connected,mainstream
568,popular_1_exp_Experiment_1_seed_42,2,0.060841740780033036,connected,mainstream
213,popular_1_exp_Experiment_1_seed_42,2,0.05252476132023678,connected,mainstream
337,popular_1_exp_Experiment_1_seed_42,2,0.06893411309940146,connected,mainstream
544,popular_1_exp_Experiment_1_seed_42,2,0.06746383204720714,connected,mainstream
21,popular_1_exp_Experiment_1_seed_42,2,0.012906875900836874,connected,niche
329,popular_1_exp_Experiment_1_seed_42,2,0.05130970906351528,connected,mainstream
400,popular_1_exp_Experiment_1_seed_42,2,0.056600210867828876,connected,mainstream
67,popular_1_exp_Experiment_1_seed_42,2,0.05147283479862822,connected,mainstream
234,popular_1_exp_Experiment_1_seed_42,2,0.05451515627088388,connected,mainstream
271,popular_1_exp_Experiment_1_seed_42,2,0.05058057475400235,connected,mainstream
76,popular_1_exp_Experiment_1_seed_42,2,0.06204185940246332,connected,mainstream
198,popular_1_exp_Experiment_1_seed_42,2,0.05617254472754272,connected,mainstream
351,popular_1_exp_Experiment_1_seed_42,2,0.0522159691732908,connected,mainstream
141,popular_1_exp_Experiment_1_seed_42,2,0.050452146730082865,connected,mainstream
421,popular_1_exp_Experiment_1_seed_42,2,0.05688356003815021,connected,mainstream
166,popular_1_exp_Experiment_1_seed_42,2,0.05403150369510068,connected,mainstream
580,popular_1_exp_Experiment_1_seed_42,2,0.051507477144483456,connected,mainstream
154,popular_1_exp_Experiment_1_seed_42,2,0.05396076620714884,connected,mainstream
303,popular_1_exp_Experiment_1_seed_42,2,0.05244560395376444,connected,mainstream
268,popular_1_exp_Experiment_1_seed_42,2,0.05007697027620053,connected,mainstream
64,popular_1_exp_Experiment_1_seed_42,2,0.05103780390833193,connected,mainstream
224,popular_1_exp_Experiment_1_seed_42,2,0.0585363953397498,connected,mainstream
264,popular_1_exp_Experiment_1_seed_42,2,0.051014355234714114,connected,mainstream
70,popular_1_exp_Experiment_1_seed_42,2,0.05966831580000992,connected,mainstream
144,popular_1_exp_Experiment_1_seed_42,2,0.052906869658105,connected,mainstream
546,popular_1_exp_Experiment_1_seed_42,2,0.057799031830434784,connected,mainstream
41,popular_1_exp_Experiment_1_seed_42,2,0.016269439721582523,connected,niche
59,popular_1_exp_Experiment_1_seed_42,2,0.017466146431502422,connected,niche
502,popular_1_exp_Experiment_1_seed_42,2,0.051561884036726104,connected,mainstream
379,popular_1_exp_Experiment_1_seed_42,2,0.056138870888430316,connected,mainstream
506,popular_1_exp_Experiment_1_seed_42,2,0.05473669484970676,connected,mainstream
226,popular_1_exp_Experiment_1_seed_42,2,0.05091623148586389,connected,mainstream
436,popular_1_exp_Experiment_1_seed_42,2,0.050510678547759556,connected,mainstream
483,popular_1_exp_Experiment_1_seed_42,2,0.07138239625697813,connected,mainstream
463,popular_1_exp_Experiment_1_seed_42,2,0.05787886646746058,connected,mainstream
177,popular_1_exp_Experiment_1_seed_42,2,0.06272828237446608,connected,mainstream
95,popular_1_exp_Experiment_1_seed_42,2,0.051868231822628695,connected,mainstream
104,popular_1_exp_Experiment_1_seed_42,2,0.07030393674909487,connected,mainstream
378,popular_1_exp_Experiment_1_seed_42,2,0.07619950926678552,connected,mainstream
328,popular_1_exp_Experiment_1_seed_42,2,0.05127585114787111,connected,mainstream
464,popular_1_exp_Experiment_1_seed_42,2,0.056206317739185906,connected,mainstream
115,popular_1_exp_Experiment_1_seed_42,2,0.051237160449504306,connected,mainstream
184,popular_1_exp_Experiment_1_seed_42,2,0.06442832789696275,connected,mainstream
547,popular_1_exp_Experiment_1_seed_42,2,0.06480044702638245,connected,mainstream
220,popular_1_exp_Experiment_1_seed_42,2,0.06810488960752105,connected,mainstream
515,popular_1_exp_Experiment_1_seed_42,2,0.05189813410384742,connected,mainstream
450,popular_1_exp_Experiment_1_seed_42,2,0.050785486556346286,connected,mainstream
79,popular_1_exp_Experiment_1_seed_42,2,0.0547148758926996,connected,mainstream
193,popular_1_exp_Experiment_1_seed_42,2,0.05302962554297034,connected,mainstream
347,popular_1_exp_Experiment_1_seed_42,2,0.05478827337909142,connected,mainstream
332,popular_1_exp_Experiment_1_seed_42,2,0.057608739841471135,connected,mainstream
101,popular_1_exp_Experiment_1_seed_42,2,0.05129200639331577,connected,mainstream
443,popular_1_exp_Experiment_1_seed_42,2,0.05602167230018098,connected,mainstream
36,popular_1_exp_Experiment_1_seed_42,2,0.014420506764042842,connected,niche
283,popular_1_exp_Experiment_1_seed_42,2,0.0638651987451225,connected,mainstream
383,popular_1_exp_Experiment_1_seed_42,2,0.057464350268693176,connected,mainstream
94,popular_1_exp_Experiment_1_seed_42,2,0.05065510428080996,connected,mainstream
260,popular_1_exp_Experiment_1_seed_42,2,0.06550994702276403,connected,mainstream
534,popular_1_exp_Experiment_1_seed_42,2,0.05585428946646448,connected,mainstream
355,popular_1_exp_Experiment_1_seed_42,2,0.05997233516891653,connected,mainstream
513,popular_1_exp_Experiment_1_seed_42,2,0.04249256033739612,connected,mainstream
579,popular_1_exp_Experiment_1_seed_42,2,0.05148596275241766,connected,mainstream
331,popular_1_exp_Experiment_1_seed_42,2,0.052408418172506126,connected,mainstream
112,popular_1_exp_Experiment_1_seed_42,2,0.059050384188757736,connected,mainstream
25,popular_1_exp_Experiment_1_seed_42,2,0.015400557759681618,connected,niche
462,popular_1_exp_Experiment_1_seed_42,2,0.051868836790752354,connected,mainstream
441,popular_1_exp_Experiment_1_seed_42,2,0.05976716740567209,connected,mainstream
72,popular_1_exp_Experiment_1_seed_42,2,0.05326934407184092,connected,mainstream
2,popular_1_exp_Experiment_1_seed_42,2,0.01726649475147277,connected,niche
221,popular_1_exp_Experiment_1_seed_42,2,0.06005543449506468,connected,mainstream
591,popular_1_exp_Experiment_1_seed_42,2,0.05505420669640925,connected,mainstream
289,popular_1_exp_Experiment_1_seed_42,2,0.061176465773127554,connected,mainstream
262,popular_1_exp_Experiment_1_seed_42,2,0.051421662972150096,connected,mainstream
344,popular_1_exp_Experiment_1_seed_42,2,0.05411866220852671,connected,mainstream
325,popular_1_exp_Experiment_1_seed_42,2,0.060540863666839334,connected,mainstream
247,popular_1_exp_Experiment_1_seed_42,2,0.05985263604755415,connected,mainstream
255,popular_1_exp_Experiment_1_seed_42,2,0.057120598783865106,connected,mainstream
377,popular_1_exp_Experiment_1_seed_42,2,0.05389360431788204,connected,mainstream
552,popular_1_exp_Experiment_1_seed_42,2,0.06401978211226882,connected,mainstream
195,popular_1_exp_Experiment_1_seed_42,2,0.0512315003565425,connected,mainstream
585,popular_1_exp_Experiment_1_seed_42,2,0.049578640421753785,connected,mainstream
175,popular_1_exp_Experiment_1_seed_42,2,0.060750858812358456,connected,mainstream
576,popular_1_exp_Experiment_1_seed_42,2,0.05345344110462422,connected,mainstream
438,popular_1_exp_Experiment_1_seed_42,2,0.06367797110892089,connected,mainstream
178,popular_1_exp_Experiment_1_seed_42,2,0.053400733899284895,connected,mainstream
290,popular_1_exp_Experiment_1_seed_42,2,0.05149809564514226,connected,mainstream
282,popular_1_exp_Experiment_1_seed_42,2,0.05086469443832234,connected,mainstream
536,popular_1_exp_Experiment_1_seed_42,2,0.05355583959360568,connected,mainstream
173,popular_1_exp_Experiment_1_seed_42,2,0.057795410789930134,connected,mainstream
358,popular_1_exp_Experiment_1_seed_42,2,0.0632940550655169,connected,mainstream
531,popular_1_exp_Experiment_1_seed_42,2,0.05402763783173468,connected,mainstream
27,popular_1_exp_Experiment_1_seed_42,2,0.018662843788474975,connected,niche
38,popular_1_exp_Experiment_1_seed_42,2,0.021033100689189985,connected,niche
482,popular_1_exp_Experiment_1_seed_42,2,0.04986670505960459,connected,mainstream
128,popular_1_exp_Experiment_1_seed_42,2,0.05550854154247465,connected,mainstream
126,popular_1_exp_Experiment_1_seed_42,2,0.05031387661656097,connected,mainstream
225,popular_1_exp_Experiment_1_seed_42,2,0.05223226559029423,connected,mainstream
257,popular_1_exp_Experiment_1_seed_42,2,0.05624710582168202,connected,mainstream
158,popular_1_exp_Experiment_1_seed_42,2,0.054479678924763,connected,mainstream
448,popular_1_exp_Experiment_1_seed_42,2,0.051495260381031804,connected,mainstream
99,popular_1_exp_Experiment_1_seed_42,2,0.054231958043307216,connected,mainstream
7,popular_1_exp_Experiment_1_seed_42,2,0.01776096338433267,connected,niche
418,popular_1_exp_Experiment_1_seed_42,2,0.04981774839832983,connected,mainstream
564,popular_1_exp_Experiment_1_seed_42,2,0.05216527057990589,connected,mainstream
493,popular_1_exp_Experiment_1_seed_42,2,0.06655505524723525,connected,mainstream
419,popular_1_exp_Experiment_1_seed_42,2,0.06131161553225772,connected,mainstream
362,popular_1_exp_Experiment_1_seed_42,2,0.051960348679823576,connected,mainstream
102,popular_1_exp_Experiment_1_seed_42,2,0.04948917998844086,connected,mainstream
590,popular_1_exp_Experiment_1_seed_42,2,0.05403787957138806,connected,mainstream
58,popular_1_exp_Experiment_1_seed_42,2,0.019288890434877557,connected,niche
230,popular_1_exp_Experiment_1_seed_42,2,0.05441904069360085,connected,mainstream
49,popular_1_exp_Experiment_1_seed_42,2,0.015072651630162798,connected,niche
309,popular_1_exp_Experiment_1_seed_42,2,0.05449814468245174,connected,mainstream
439,popular_1_exp_Experiment_1_seed_42,2,0.0574579757173661,connected,mainstream
388,popular_1_exp_Experiment_1_seed_42,2,0.05355259446315266,connected,mainstream
582,popular_1_exp_Experiment_1_seed_42,2,0.053446317036655054,connected,mainstream
45,popular_1_exp_Experiment_1_seed_42,2,0.016615038176603175,connected,niche
548,popular_1_exp_Experiment_1_seed_42,2,0.06108584445087045,connected,mainstream
523,popular_1_exp_Experiment_1_seed_42,2,0.06001104178805303,connected,mainstream
538,popular_1_exp_Experiment_1_seed_42,2,0.04897858273740807,connected,mainstream
357,popular_1_exp_Experiment_1_seed_42,2,0.06450390313760361,connected,mainstream
192,popular_1_exp_Experiment_1_seed_42,2,0.04976241187612554,connected,mainstream
399,popular_1_exp_Experiment_1_seed_42,2,0.049886324426340396,connected,mainstream
479,popular_1_exp_Experiment_1_seed_42,2,0.05148507090032361,connected,mainstream
93,popular_1_exp_Experiment_1_seed_42,2,0.07200539836155018,connected,mainstream
46,popular_1_exp_Experiment_1_seed_42,2,0.014225014002374171,connected,niche
573,popular_1_exp_Experiment_1_seed_42,2,0.0513588537557931,connected,mainstream
490,popular_1_exp_Experiment_1_seed_42,2,0.05301272345424953,connected,mainstream
182,popular_1_exp_Experiment_1_seed_42,2,0.050531321581041455,connected,mainstream
214,popular_1_exp_Experiment_1_seed_42,2,0.05469444689527572,connected,mainstream
306,popular_1_exp_Experiment_1_seed_42,2,0.060194905924509955,connected,mainstream
148,popular_1_exp_Experiment_1_seed_42,2,0.05157602148379877,connected,mainstream
106,popular_1_exp_Experiment_1_seed_42,2,0.05683365217644357,connected,mainstream
380,popular_1_exp_Experiment_1_seed_42,2,0.051197191786799774,connected,mainstream
3,popular_1_exp_Experiment_1_seed_42,2,0.017264836531601435,connected,niche
510,popular_1_exp_Experiment_1_seed_42,2,0.06080640869840207,connected,mainstream
467,popular_1_exp_Experiment_1_seed_42,2,0.06330193120434544,connected,mainstream
578,popular_1_exp_Experiment_1_seed_42,2,0.05340743440205122,connected,mainstream
244,popular_1_exp_Experiment_1_seed_42,2,0.05071686127821587,connected,mainstream
276,popular_1_exp_Experiment_1_seed_42,2,0.06223560134851208,connected,mainstream
174,popular_1_exp_Experiment_1_seed_42,2,0.053118502781646516,connected,mainstream
145,popular_1_exp_Experiment_1_seed_42,2,0.04998247238118988,connected,mainstream
171,popular_1_exp_Experiment_1_seed_42,2,0.0590073381282023,connected,mainstream
92,popular_1_exp_Experiment_1_seed_42,2,0.05602240738013498,connected,mainstream
572,popular_1_exp_Experiment_1_seed_42,2,0.05948862570264362,connected,mainstream
232,popular_1_exp_Experiment_1_seed_42,2,0.05694504400562165,connected,mainstream
168,popular_1_exp_Experiment_1_seed_42,2,0.05554000117997076,connected,mainstream
485,popular_1_exp_Experiment_1_seed_42,2,0.06815528930338101,connected,mainstream
97,popular_1_exp_Experiment_1_seed_42,2,0.05501086327787563,connected,mainstream
55,popular_1_exp_Experiment_1_seed_42,2,0.026973009588476777,connected,niche
275,popular_1_exp_Experiment_1_seed_42,2,0.053376217161236174,connected,mainstream
557,popular_1_exp_Experiment_1_seed_42,2,0.06659200161742411,connected,mainstream
315,popular_1_exp_Experiment_1_seed_42,2,0.05431441376216878,connected,mainstream
286,popular_1_exp_Experiment_1_seed_42,2,0.06615414472351379,connected,mainstream
250,popular_1_exp_Experiment_1_seed_42,2,0.05858744118529879,connected,mainstream
566,popular_1_exp_Experiment_1_seed_42,2,0.05625489658419821,connected,mainstream
235,popular_1_exp_Experiment_1_seed_42,2,0.059800905519966883,connected,mainstream
472,popular_1_exp_Experiment_1_seed_42,2,0.0522981676217866,connected,mainstream
258,popular_1_exp_Experiment_1_seed_42,2,0.052811407741700046,connected,mainstream
363,popular_1_exp_Experiment_1_seed_42,2,0.05267020605860822,connected,mainstream
222,popular_1_exp_Experiment_1_seed_42,2,0.05030966490693046,connected,mainstream
588,popular_1_exp_Experiment_1_seed_42,2,0.043624856255639756,connected,mainstream
431,popular_1_exp_Experiment_1_seed_42,2,0.05516622180803462,connected,mainstream
261,popular_1_exp_Experiment_1_seed_42,2,0.054266211292898305,connected,mainstream
345,popular_1_exp_Experiment_1_seed_42,2,0.06283259367717707,connected,mainstream
308,popular_1_exp_Experiment_1_seed_42,2,0.05514808954570308,connected,mainstream
416,popular_1_exp_Experiment_1_seed_42,2,0.055551097516716406,connected,mainstream
595,popular_1_exp_Experiment_1_seed_42,2,0.05376002666223914,connected,mainstream
228,popular_1_exp_Experiment_1_seed_42,2,0.055182749490977116,connected,mainstream
348,popular_1_exp_Experiment_1_seed_42,2,0.05334247407621693,connected,mainstream
120,popular_1_exp_Experiment_1_seed_42,2,0.05171975980829243,connected,mainstream
71,popular_1_exp_Experiment_1_seed_42,2,0.05482790482585085,connected,mainstream
323,popular_1_exp_Experiment_1_seed_42,2,0.05123976488865923,connected,mainstream
505,popular_1_exp_Experiment_1_seed_42,2,0.06074563155373879,connected,mainstream
181,popular_1_exp_Experiment_1_seed_42,2,0.06347247255579332,connected,mainstream
335,popular_1_exp_Experiment_1_seed_42,2,0.06756185393490412,connected,mainstream
594,popular_1_exp_Experiment_1_seed_42,2,0.054911936224271755,connected,mainstream
119,popular_1_exp_Experiment_1_seed_42,2,0.05971805728711307,connected,mainstream
562,popular_1_exp_Experiment_1_seed_42,2,0.05907218085542015,connected,mainstream
503,popular_1_exp_Experiment_1_seed_42,2,0.05063619945227468,connected,mainstream
288,popular_1_exp_Experiment_1_seed_42,2,0.05125531050494004,connected,mainstream
488,popular_1_exp_Experiment_1_seed_42,2,0.045673688152178364,connected,mainstream
407,popular_1_exp_Experiment_1_seed_42,2,0.06461938770778726,connected,mainstream
1,popular_1_exp_Experiment_1_seed_42,2,0.027536822818325674,connected,niche
85,popular_1_exp_Experiment_1_seed_42,2,0.059688616938281064,connected,mainstream
100,popular_1_exp_Experiment_1_seed_42,2,0.06884140995531055,connected,mainstream
43,popular_1_exp_Experiment_1_seed_42,2,0.026237161113451302,connected,niche
497,popular_1_exp_Experiment_1_seed_42,2,0.051591385093766144,connected,mainstream
139,popular_1_exp_Experiment_1_seed_42,2,0.05427095197395391,connected,mainstream
96,popular_1_exp_Experiment_1_seed_42,2,0.07160760248971045,connected,mainstream
87,popular_1_exp_Experiment_1_seed_42,2,0.07465885371506426,connected,mainstream
88,popular_1_exp_Experiment_1_seed_42,2,0.053354937670730594,connected,mainstream
366,popular_1_exp_Experiment_1_seed_42,2,0.056953193496350384,connected,mainstream
561,popular_1_exp_Experiment_1_seed_42,2,0.05566970707094002,connected,mainstream
596,popular_1_exp_Experiment_1_seed_42,2,0.051754957665730274,connected,mainstream
44,popular_1_exp_Experiment_1_seed_42,2,0.02218921945506995,connected,niche
267,popular_1_exp_Experiment_1_seed_42,2,0.054037772843825126,connected,mainstream
19,popular_1_exp_Experiment_1_seed_42,2,0.017723574361810313,connected,niche
393,popular_1_exp_Experiment_1_seed_42,2,0.0509922813488072,connected,mainstream
13,popular_1_exp_Experiment_1_seed_42,2,0.01618446956005389,connected,niche
127,popular_1_exp_Experiment_1_seed_42,2,0.05343281653184037,connected,mainstream
266,popular_1_exp_Experiment_1_seed_42,2,0.0721227194155805,connected,mainstream
279,popular_1_exp_Experiment_1_seed_42,2,0.04871290179368559,connected,mainstream
494,popular_1_exp_Experiment_1_seed_42,2,0.060258348674248896,connected,mainstream
202,popular_1_exp_Experiment_1_seed_42,2,0.05915458043394903,connected,mainstream
529,popular_1_exp_Experiment_1_seed_42,2,0.05566046290452905,connected,mainstream
376,popular_1_exp_Experiment_1_seed_42,2,0.05499972590022028,connected,mainstream
334,popular_1_exp_Experiment_1_seed_42,2,0.05919880274843908,connected,mainstream
8,popular_1_exp_Experiment_1_seed_42,2,0.01514706772928561,connected,niche
477,popular_1_exp_Experiment_1_seed_42,2,0.050327096527708386,connected,mainstream
130,popular_1_exp_Experiment_1_seed_42,2,0.07701691505132324,connected,mainstream
33,popular_1_exp_Experiment_1_seed_42,2,0.01924570145311841,connected,niche
190,popular_1_exp_Experiment_1_seed_42,2,0.052904350071233695,connected,mainstream
474,popular_1_exp_Experiment_1_seed_42,2,0.05955720880212889,connected,mainstream
165,popular_1_exp_Experiment_1_seed_42,2,0.0658986404526719,connected,mainstream
442,popular_1_exp_Experiment_1_seed_42,2,0.052030699161591754,connected,mainstream
73,popular_1_exp_Experiment_1_seed_42,2,0.06173684806828756,connected,mainstream
401,popular_1_exp_Experiment_1_seed_42,2,0.058477062098207126,connected,mainstream
155,popular_1_exp_Experiment_1_seed_42,2,0.07474605583773147,connected,mainstream
60,popular_1_exp_Experiment_1_seed_42,2,0.05851725072691999,connected,mainstream
187,popular_1_exp_Experiment_1_seed_42,2,0.051819021061336686,connected,mainstream
411,popular_1_exp_Experiment_1_seed_42,2,0.05060167905579069,connected,mainstream
460,popular_1_exp_Experiment_1_seed_42,2,0.059795797906512134,connected,mainstream
273,popular_1_exp_Experiment_1_seed_42,2,0.06688103983941905,connected,mainstream
42,popular_1_exp_Experiment_1_seed_42,2,0.019927334944592767,connected,niche
98,popular_1_exp_Experiment_1_seed_42,2,0.05254800032075984,connected,mainstream
161,popular_1_exp_Experiment_1_seed_42,2,0.05374913397292525,connected,mainstream
231,popular_1_exp_Experiment_1_seed_42,2,0.054633263966165545,connected,mainstream
361,popular_1_exp_Experiment_1_seed_42,2,0.05724890390237488,connected,mainstream
233,popular_1_exp_Experiment_1_seed_42,2,0.05578305759613625,connected,mainstream
151,popular_1_exp_Experiment_1_seed_42,2,0.05743161001957494,connected,mainstream
518,popular_1_exp_Experiment_1_seed_42,2,0.05067614720410963,connected,mainstream
310,popular_1_exp_Experiment_1_seed_42,2,0.050647282711447576,connected,mainstream
160,popular_1_exp_Experiment_1_seed_42,2,0.05644915593583503,connected,mainstream
103,popular_1_exp_Experiment_1_seed_42,2,0.0504480923266572,connected,mainstream
385,popular_1_exp_Experiment_1_seed_42,2,0.052370302927175004,connected,mainstream
83,popular_1_exp_Experiment_1_seed_42,2,0.049517545234509415,connected,mainstream
326,popular_1_exp_Experiment_1_seed_42,2,0.056991008348422384,connected,mainstream
74,popular_1_exp_Experiment_1_seed_42,2,0.06152744019142628,connected,mainstream
406,popular_1_exp_Experiment_1_seed_42,2,0.050544425212344306,connected,mainstream
63,popular_1_exp_Experiment_1_seed_42,2,0.0540501009003071,connected,mainstream
495,popular_1_exp_Experiment_1_seed_42,2,0.049101085884374986,connected,mainstream
504,popular_1_exp_Experiment_1_seed_42,2,0.050520670600089475,connected,mainstream
51,popular_1_exp_Experiment_1_seed_42,2,0.013580730348952663,connected,niche
554,popular_1_exp_Experiment_1_seed_42,2,0.06591553013325026,connected,mainstream
199,popular_1_exp_Experiment_1_seed_42,2,0.059512706607926874,connected,mainstream
209,popular_1_exp_Experiment_1_seed_42,2,0.05499849143114497,connected,mainstream
305,popular_1_exp_Experiment_1_seed_42,2,0.052665634863690934,connected,mainstream
581,popular_1_exp_Experiment_1_seed_42,2,0.048983653183117724,connected,mainstream
23,popular_1_exp_Experiment_1_seed_42,2,0.014268183660254364,connected,niche
481,popular_1_exp_Experiment_1_seed_42,2,0.05711906334519425,connected,mainstream
553,popular_1_exp_Experiment_1_seed_42,2,0.05652558609661943,connected,mainstream
133,popular_1_exp_Experiment_1_seed_42,2,0.05478582475828925,connected,mainstream
551,popular_1_exp_Experiment_1_seed_42,2,0.05119464625573154,connected,mainstream
575,popular_1_exp_Experiment_1_seed_42,2,0.050759133174198855,connected,mainstream
90,popular_1_exp_Experiment_1_seed_42,2,0.05108138383994531,connected,mainstream
311,popular_1_exp_Experiment_1_seed_42,2,0.06854737013119298,connected,mainstream
136,popular_1_exp_Experiment_1_seed_42,2,0.06159577619978424,connected,mainstream
364,popular_1_exp_Experiment_1_seed_42,2,0.04910617058477728,connected,mainstream
422,popular_1_exp_Experiment_1_seed_42,2,0.06324058107039697,connected,mainstream
560,popular_1_exp_Experiment_1_seed_42,2,0.049326376217626644,connected,mainstream
48,popular_1_exp_Experiment_1_seed_42,2,0.01845502439008177,connected,niche
592,popular_1_exp_Experiment_1_seed_42,2,0.05036056980122203,connected,mainstream
466,popular_1_exp_Experiment_1_seed_42,2,0.051326226436606115,connected,mainstream
420,popular_1_exp_Experiment_1_seed_42,2,0.05736585476286623,connected,mainstream
404,popular_1_exp_Experiment_1_seed_42,2,0.061092132764266414,connected,mainstream
437,popular_1_exp_Experiment_1_seed_42,2,0.059032305863922184,connected,mainstream
537,popular_1_exp_Experiment_1_seed_42,2,0.05990423372004341,connected,mainstream
589,popular_1_exp_Experiment_1_seed_42,2,0.05927113759930047,connected,mainstream
56,popular_1_exp_Experiment_1_seed_42,2,0.015131186287833874,connected,niche
352,popular_1_exp_Experiment_1_seed_42,2,0.0543093516471996,connected,mainstream
414,popular_1_exp_Experiment_1_seed_42,2,0.05696966673944681,connected,mainstream
432,popular_1_exp_Experiment_1_seed_42,2,0.05449082328950366,connected,mainstream
563,popular_1_exp_Experiment_1_seed_42,2,0.05246275413801551,connected,mainstream
40,popular_1_exp_Experiment_1_seed_42,2,0.023857204841825987,connected,niche
475,popular_1_exp_Experiment_1_seed_42,2,0.055556147006531255,connected,mainstream
248,popular_1_exp_Experiment_1_seed_42,2,0.05702478552759906,connected,mainstream
62,popular_1_exp_Experiment_1_seed_42,2,0.061102858242754375,connected,mainstream
556,popular_1_exp_Experiment_1_seed_42,2,0.050901580751264754,connected,mainstream
522,popular_1_exp_Experiment_1_seed_42,2,0.060379511893922266,connected,mainstream
492,popular_1_exp_Experiment_1_seed_42,2,0.05841375584512535,connected,mainstream
298,popular_1_exp_Experiment_1_seed_42,2,0.051827845331945975,connected,mainstream
597,popular_1_exp_Experiment_1_seed_42,2,0.05747487995334268,connected,mainstream
487,popular_1_exp_Experiment_1_seed_42,2,0.059016508791524626,connected,mainstream
186,popular_1_exp_Experiment_1_seed_42,2,0.06741617819195762,connected,mainstream
185,popular_1_exp_Experiment_1_seed_42,2,0.05098264026483192,connected,mainstream
324,popular_1_exp_Experiment_1_seed_42,2,0.06521094786478954,connected,mainstream
301,popular_1_exp_Experiment_1_seed_42,2,0.05032528240679937,connected,mainstream
391,popular_1_exp_Experiment_1_seed_42,2,0.055952890584326155,connected,mainstream
584,popular_1_exp_Experiment_1_seed_42,2,0.054001473775054244,connected,mainstream
157,popular_1_exp_Experiment_1_seed_42,2,0.05013074846548173,connected,mainstream
28,popular_1_exp_Experiment_1_seed_42,2,0.018776988339881815,connected,niche
417,popular_1_exp_Experiment_1_seed_42,2,0.04782499783854723,connected,mainstream
236,popular_1_exp_Experiment_1_seed_42,2,0.050772676105629466,connected,mainstream
293,popular_1_exp_Experiment_1_seed_42,2,0.05666750748227481,connected,mainstream
593,popular_1_exp_Experiment_1_seed_42,2,0.06452153814130553,connected,mainstream
299,popular_1_exp_Experiment_1_seed_42,2,0.05385447387432496,connected,mainstream
516,popular_1_exp_Experiment_1_seed_42,2,0.05118314772091035,connected,mainstream
183,popular_1_exp_Experiment_1_seed_42,2,0.06511699191754358,connected,mainstream
396,popular_1_exp_Experiment_1_seed_42,2,0.06128985621546595,connected,mainstream
446,popular_1_exp_Experiment_1_seed_42,2,0.05159459155767576,connected,mainstream
11,popular_1_exp_Experiment_1_seed_42,2,0.017753313993037253,connected,niche
256,popular_1_exp_Experiment_1_seed_42,2,0.05718431422474,connected,mainstream
208,popular_1_exp_Experiment_1_seed_42,2,0.04740104583876562,connected,mainstream
242,popular_1_exp_Experiment_1_seed_42,2,0.05950621572759057,connected,mainstream
117,popular_1_exp_Experiment_1_seed_42,2,0.05253041860742882,connected,mainstream
5,popular_1_exp_Experiment_1_seed_42,2,0.02480442588780408,connected,niche
424,popular_1_exp_Experiment_1_seed_42,2,0.05326392842226704,connected,mainstream
480,popular_1_exp_Experiment_1_seed_42,2,0.05037218228661259,connected,mainstream
113,popular_1_exp_Experiment_1_seed_42,2,0.056955564944849574,connected,mainstream
429,popular_1_exp_Experiment_1_seed_42,2,0.05991674428723857,connected,mainstream
465,popular_1_exp_Experiment_1_seed_42,2,0.06415555384103255,connected,mainstream
280,popular_1_exp_Experiment_1_seed_42,2,0.05021747089906956,connected,mainstream
111,popular_1_exp_Experiment_1_seed_42,2,0.05869465290235454,connected,mainstream
35,popular_1_exp_Experiment_1_seed_42,2,0.014667603640992894,connected,niche
132,popular_1_exp_Experiment_1_seed_42,2,0.06310862298186258,connected,mainstream
287,popular_1_exp_Experiment_1_seed_42,2,0.05173480011551671,connected,mainstream
394,popular_1_exp_Experiment_1_seed_42,2,0.05467735427025503,connected,mainstream
53,popular_1_exp_Experiment_1_seed_42,2,0.014960916280172517,connected,niche
360,popular_1_exp_Experiment_1_seed_42,2,0.05099569595603815,connected,mainstream
29,popular_1_exp_Experiment_1_seed_42,2,0.014552995562982575,connected,niche
545,popular_1_exp_Experiment_1_seed_42,2,0.05539071682815411,connected,mainstream
461,popular_1_exp_Experiment_1_seed_42,2,0.06239320592433609,connected,mainstream
526,popular_1_exp_Experiment_1_seed_42,2,0.06524317897235497,connected,mainstream
426,popular_1_exp_Experiment_1_seed_42,2,0.05014137882329473,connected,mainstream
89,popular_1_exp_Experiment_1_seed_42,2,0.0591911189124937,connected,mainstream
150,popular_1_exp_Experiment_1_seed_42,2,0.0681719878514815,connected,mainstream
570,popular_1_exp_Experiment_1_seed_42,2,0.05548900209405796,connected,mainstream
295,popular_1_exp_Experiment_1_seed_42,2,0.05742963706825466,connected,mainstream
427,popular_1_exp_Experiment_1_seed_42,2,0.05546972032143176,connected,mainstream
297,popular_1_exp_Experiment_1_seed_42,2,0.07148958233463443,connected,mainstream
65,popular_1_exp_Experiment_1_seed_42,2,0.0592385477642782,connected,mainstream
206,popular_1_exp_Experiment_1_seed_42,2,0.05024943846929849,connected,mainstream
387,popular_1_exp_Experiment_1_seed_42,2,0.0731951215270399,connected,mainstream
14,popular_1_exp_Experiment_1_seed_42,2,0.01944250547261557,connected,niche
318,popular_1_exp_Experiment_1_seed_42,2,0.05030462871238112,connected,mainstream
156,popular_1_exp_Experiment_1_seed_42,2,0.06513798856622509,connected,mainstream
32,popular_1_exp_Experiment_1_seed_42,2,0.015817498650193187,connected,niche
412,popular_1_exp_Experiment_1_seed_42,2,0.05044308670114234,connected,mainstream
532,popular_1_exp_Experiment_1_seed_42,2,0.07819425127467028,connected,mainstream
134,popular_1_exp_Experiment_1_seed_42,2,0.05123948043737605,connected,mainstream
218,popular_1_exp_Experiment_1_seed_42,2,0.05161043371026691,connected,mainstream
16,popular_1_exp_Experiment_1_seed_42,2,0.020149053483341645,connected,niche
307,popular_1_exp_Experiment_1_seed_42,2,0.05454215201276454,connected,mainstream
292,popular_1_exp_Experiment_1_seed_42,2,0.058285272473915566,connected,mainstream
469,popular_1_exp_Experiment_1_seed_42,2,0.05515032728583157,connected,mainstream
402,popular_1_exp_Experiment_1_seed_42,2,0.05420698439023624,connected,mainstream
368,popular_1_exp_Experiment_1_seed_42,2,0.06686507988676672,connected,mainstream
241,popular_1_exp_Experiment_1_seed_42,2,0.05774410894775186,connected,mainstream
284,popular_1_exp_Experiment_1_seed_42,2,0.05586964627560544,connected,mainstream
270,popular_1_exp_Experiment_1_seed_42,2,0.062184024229027086,connected,mainstream
430,popular_1_exp_Experiment_1_seed_42,2,0.05950118310627132,connected,mainstream
459,popular_1_exp_Experiment_1_seed_42,2,0.05292761636281065,connected,mainstream
300,popular_1_exp_Experiment_1_seed_42,2,0.05604913361788095,connected,mainstream
583,popular_1_exp_Experiment_1_seed_42,2,0.06005115889894056,connected,mainstream
489,popular_1_exp_Experiment_1_seed_42,2,0.05643890343091482,connected,mainstream
381,popular_1_exp_Experiment_1_seed_42,2,0.05796367021632224,connected,mainstream
359,popular_1_exp_Experiment_1_seed_42,2,0.05424779865200804,connected,mainstream
569,popular_1_exp_Experiment_1_seed_42,2,0.053006019149431226,connected,mainstream
587,popular_1_exp_Experiment_1_seed_42,2,0.05995494833257409,connected,mainstream
511,popular_1_exp_Experiment_1_seed_42,2,0.05955136709023116,connected,mainstream
34,popular_1_exp_Experiment_1_seed_42,2,0.01252688407048641,connected,niche
82,popular_1_exp_Experiment_1_seed_42,2,0.07001349443254967,connected,mainstream
365,popular_1_exp_Experiment_1_seed_42,2,0.05128815861992123,connected,mainstream
454,popular_1_exp_Experiment_1_seed_42,2,0.058002089772250055,connected,mainstream
143,popular_1_exp_Experiment_1_seed_42,2,0.049575489289383046,connected,mainstream
68,popular_1_exp_Experiment_1_seed_42,2,0.05375356798723013,connected,mainstream
109,popular_1_exp_Experiment_1_seed_42,2,0.057159059282602696,connected,mainstream
201,popular_1_exp_Experiment_1_seed_42,2,0.059595156003966344,connected,mainstream
478,popular_1_exp_Experiment_1_seed_42,2,0.05144824742316997,connected,mainstream
277,popular_1_exp_Experiment_1_seed_42,2,0.06703783464530562,connected,mainstream
384,popular_1_exp_Experiment_1_seed_42,2,0.06465626004631483,connected,mainstream
440,popular_1_exp_Experiment_1_seed_42,2,0.05413074967845701,connected,mainstream
20,popular_1_exp_Experiment_1_seed_42,2,0.019162641914026602,connected,niche
135,popular_1_exp_Experiment_1_seed_42,2,0.05470306636435268,connected,mainstream
410,popular_1_exp_Experiment_1_seed_42,2,0.04730626736234681,connected,mainstream
272,popular_1_exp_Experiment_1_seed_42,2,0.05558992423736562,connected,mainstream
369,popular_1_exp_Experiment_1_seed_42,2,0.05436919840495838,connected,mainstream
320,popular_1_exp_Experiment_1_seed_42,2,0.059729841295682005,connected,mainstream
349,popular_1_exp_Experiment_1_seed_42,2,0.055872922895141335,connected,mainstream
6,popular_1_exp_Experiment_1_seed_42,2,0.016055623029487227,connected,niche
473,popular_1_exp_Experiment_1_seed_42,2,0.06541134248253451,connected,mainstream
599,popular_1_exp_Experiment_1_seed_42,2,0.05599827459024751,connected,mainstream
9,popular_1_exp_Experiment_1_seed_42,2,0.0175596026310636,connected,niche
501,popular_1_exp_Experiment_1_seed_42,2,0.0665691102204626,connected,mainstream
302,popular_1_exp_Experiment_1_seed_42,2,0.05249243911650294,connected,mainstream
457,popular_1_exp_Experiment_1_seed_42,2,0.05625007603970315,connected,mainstream
500,popular_1_exp_Experiment_1_seed_42,2,0.0560987018298304,connected,mainstream
10,popular_1_exp_Experiment_1_seed_42,2,0.01733622467390186,connected,niche
338,popular_1_exp_Experiment_1_seed_42,2,0.05025080184780695,connected,mainstream
514,popular_1_exp_Experiment_1_seed_42,2,0.06878618075413112,connected,mainstream
179,popular_1_exp_Experiment_1_seed_42,2,0.05219766986192004,connected,mainstream
535,popular_1_exp_Experiment_1_seed_42,2,0.06554939796434396,connected,mainstream
86,popular_1_exp_Experiment_1_seed_42,2,0.04866563733153186,connected,mainstream
540,popular_1_exp_Experiment_1_seed_42,2,0.05246733054941749,connected,mainstream
559,popular_1_exp_Experiment_1_seed_42,2,0.05136076020565295,connected,mainstream
123,popular_1_exp_Experiment_1_seed_42,2,0.05492067016179277,connected,mainstream
167,popular_1_exp_Experiment_1_seed_42,2,0.06363154300343626,connected,mainstream
172,popular_1_exp_Experiment_1_seed_42,2,0.05109649149112255,connected,mainstream
274,popular_1_exp_Experiment_1_seed_42,2,0.05388124972847296,connected,mainstream
281,popular_1_exp_Experiment_1_seed_42,2,0.055469245192680816,connected,mainstream
445,popular_1_exp_Experiment_1_seed_42,2,0.05785575592908324,connected,mainstream
449,popular_1_exp_Experiment_1_seed_42,2,0.06323646502086078,connected,mainstream
17,popular_1_exp_Experiment_1_seed_42,2,0.02969261645030918,connected,niche
285,popular_1_exp_Experiment_1_seed_42,2,0.0624877910696842,connected,mainstream
403,popular_1_exp_Experiment_1_seed_42,2,0.06271662923034604,connected,mainstream
18,popular_1_exp_Experiment_1_seed_42,2,0.016087439812322243,connected,niche
550,popular_1_exp_Experiment_1_seed_42,2,0.05175960783851576,connected,mainstream
149,popular_1_exp_Experiment_1_seed_42,2,0.05556565554630092,connected,mainstream
314,popular_1_exp_Experiment_1_seed_42,2,0.058678311830423054,connected,mainstream
237,popular_1_exp_Experiment_1_seed_42,2,0.05852524288246541,connected,mainstream
354,popular_1_exp_Experiment_1_seed_42,2,0.06980199314175119,connected,mainstream
468,popular_1_exp_Experiment_1_seed_42,2,0.05232764258176182,connected,mainstream
330,popular_1_exp_Experiment_1_seed_42,2,0.0604422759161668,connected,mainstream
372,popular_1_exp_Experiment_1_seed_42,2,0.049432284184036675,connected,mainstream
254,popular_1_exp_Experiment_1_seed_42,2,0.055782297835490845,connected,mainstream
327,popular_1_exp_Experiment_1_seed_42,2,0.04985704091558627,connected,mainstream
278,popular_1_exp_Experiment_1_seed_42,2,0.05165457846108337,connected,mainstream
333,popular_1_exp_Experiment_1_seed_42,2,0.057318478712225784,connected,mainstream
131,popular_1_exp_Experiment_1_seed_42,2,0.04870890981754524,connected,mainstream
304,popular_1_exp_Experiment_1_seed_42,2,0.057918705519839846,connected,mainstream
567,popular_1_exp_Experiment_1_seed_42,2,0.0686048781794842,connected,mainstream
54,popular_1_exp_Experiment_1_seed_42,2,0.01882719826719754,connected,niche
163,popular_1_exp_Experiment_1_seed_42,2,0.05144640854697208,connected,mainstream
30,popular_1_exp_Experiment_1_seed_42,2,0.019107546899923975,connected,niche
204,popular_1_exp_Experiment_1_seed_42,2,0.05282691956733243,connected,mainstream
80,popular_1_exp_Experiment_1_seed_42,2,0.046359910384444876,connected,mainstream
447,popular_1_exp_Experiment_1_seed_42,2,0.055929314602557643,connected,mainstream
343,popular_1_exp_Experiment_1_seed_42,2,0.059713214965569146,connected,mainstream
108,popular_1_exp_Experiment_1_seed_42,2,0.05341447870430143,connected,mainstream
386,popular_1_exp_Experiment_1_seed_42,2,0.04880471888384985,connected,mainstream
374,popular_1_exp_Experiment_1_seed_42,2,0.06167754928496294,connected,mainstream
210,popular_1_exp_Experiment_1_seed_42,2,0.0667356125342267,connected,mainstream
238,popular_1_exp_Experiment_1_seed_42,2,0.060367644492122376,connected,mainstream
122,popular_1_exp_Experiment_1_seed_42,2,0.04982615366136114,connected,mainstream
521,popular_1_exp_Experiment_1_seed_42,2,0.05286618089264677,connected,mainstream
341,popular_1_exp_Experiment_1_seed_42,2,0.07102028639111879,connected,mainstream
69,popular_1_exp_Experiment_1_seed_42,2,0.054017582125523676,connected,mainstream
114,popular_1_exp_Experiment_1_seed_42,2,0.0537034604581891,connected,mainstream
373,popular_1_exp_Experiment_1_seed_42,2,0.05749960386148264,connected,mainstream
313,popular_1_exp_Experiment_1_seed_42,2,0.05712913748318149,connected,mainstream
153,popular_1_exp_Experiment_1_seed_42,2,0.051737268841929744,connected,mainstream
367,popular_1_exp_Experiment_1_seed_42,2,0.05525649857473239,connected,mainstream
577,popular_1_exp_Experiment_1_seed_42,2,0.05641443114647136,connected,mainstream
598,popular_1_exp_Experiment_1_seed_42,2,0.049695320088544354,connected,mainstream
390,popular_1_exp_Experiment_1_seed_42,2,0.07311621967971477,connected,mainstream
317,popular_1_exp_Experiment_1_seed_42,2,0.05971812997532481,connected,mainstream
66,popular_1_exp_Experiment_1_seed_42,2,0.05082281660414754,connected,mainstream
339,popular_1_exp_Experiment_1_seed_42,2,0.06320494171059522,connected,mainstream
116,popular_1_exp_Experiment_1_seed_42,2,0.051287665088434124,connected,mainstream
509,popular_1_exp_Experiment_1_seed_42,2,0.049283741947592545,connected,mainstream
121,popular_1_exp_Experiment_1_seed_42,2,0.05977120922492685,connected,mainstream
81,popular_1_exp_Experiment_1_seed_42,2,0.05202769272266194,connected,mainstream
356,popular_1_exp_Experiment_1_seed_42,2,0.056838909615994644,connected,mainstream
91,popular_1_exp_Experiment_1_seed_42,2,0.0550422158482883,connected,mainstream
22,popular_1_exp_Experiment_1_seed_42,2,0.015464548442980263,connected,niche
269,popular_1_exp_Experiment_1_seed_42,2,0.05552206634474299,connected,mainstream
397,popular_1_exp_Experiment_1_seed_42,2,0.069664809118344,connected,mainstream
524,popular_1_exp_Experiment_1_seed_42,2,0.04936558900756274,connected,mainstream
470,popular_1_exp_Experiment_1_seed_42,2,0.0561227287671564,connected,mainstream
223,popular_1_exp_Experiment_1_seed_42,2,0.05381929666574301,connected,mainstream
212,popular_1_exp_Experiment_1_seed_42,2,0.05178240905907078,connected,mainstream
219,popular_1_exp_Experiment_1_seed_42,2,0.05070294733813501,connected,mainstream
249,popular_1_exp_Experiment_1_seed_42,2,0.04846247332381972,connected,mainstream
216,popular_1_exp_Experiment_1_seed_42,2,0.06086594154377393,connected,mainstream
346,popular_1_exp_Experiment_1_seed_42,2,0.04961797527896886,connected,mainstream
340,popular_1_exp_Experiment_1_seed_42,2,0.05316301521214193,connected,mainstream
312,popular_1_exp_Experiment_1_seed_42,2,0.06397643541607344,connected,mainstream
246,popular_1_exp_Experiment_1_seed_42,2,0.05055464165173857,connected,mainstream
229,popular_1_exp_Experiment_1_seed_42,2,0.051943216675464886,connected,mainstream
50,popular_1_exp_Experiment_1_seed_42,2,0.014744604681217424,connected,niche
392,popular_1_exp_Experiment_1_seed_42,3,0.06692985720820456,connected,mainstream
253,popular_1_exp_Experiment_1_seed_42,3,0.06154407295748112,connected,mainstream
558,popular_1_exp_Experiment_1_seed_42,3,0.05050078449840197,connected,mainstream
138,popular_1_exp_Experiment_1_seed_42,3,0.059290252585949825,connected,mainstream
539,popular_1_exp_Experiment_1_seed_42,3,0.064937812566335,connected,mainstream
57,popular_1_exp_Experiment_1_seed_42,3,0.029668304596026637,connected,niche
433,popular_1_exp_Experiment_1_seed_42,3,0.05651191549622972,connected,mainstream
565,popular_1_exp_Experiment_1_seed_42,3,0.05822980310213698,connected,mainstream
196,popular_1_exp_Experiment_1_seed_42,3,0.06728853207293566,connected,mainstream
77,popular_1_exp_Experiment_1_seed_42,3,0.054393769264362395,connected,mainstream
319,popular_1_exp_Experiment_1_seed_42,3,0.06236744636672542,connected,mainstream
484,popular_1_exp_Experiment_1_seed_42,3,0.051997671763485964,connected,mainstream
398,popular_1_exp_Experiment_1_seed_42,3,0.06260082551585856,connected,mainstream
252,popular_1_exp_Experiment_1_seed_42,3,0.062194856368408026,connected,mainstream
197,popular_1_exp_Experiment_1_seed_42,3,0.05378204316710076,connected,mainstream
78,popular_1_exp_Experiment_1_seed_42,3,0.06042926027022449,connected,mainstream
350,popular_1_exp_Experiment_1_seed_42,3,0.058360517876447394,connected,mainstream
458,popular_1_exp_Experiment_1_seed_42,3,0.05221054404031126,connected,mainstream
423,popular_1_exp_Experiment_1_seed_42,3,0.05554939754393758,connected,mainstream
4,popular_1_exp_Experiment_1_seed_42,3,0.016653404114991263,connected,niche
409,popular_1_exp_Experiment_1_seed_42,3,0.05142872733065012,connected,mainstream
191,popular_1_exp_Experiment_1_seed_42,3,0.0555801489886483,connected,mainstream
84,popular_1_exp_Experiment_1_seed_42,3,0.05058614923157273,connected,mainstream
140,popular_1_exp_Experiment_1_seed_42,3,0.07813713622382339,connected,mainstream
486,popular_1_exp_Experiment_1_seed_42,3,0.056958794906454724,connected,mainstream
39,popular_1_exp_Experiment_1_seed_42,3,0.01720008913628227,connected,niche
382,popular_1_exp_Experiment_1_seed_42,3,0.07300094649299776,connected,mainstream
291,popular_1_exp_Experiment_1_seed_42,3,0.05707658844417862,connected,mainstream
146,popular_1_exp_Experiment_1_seed_42,3,0.05510954463207557,connected,mainstream
336,popular_1_exp_Experiment_1_seed_42,3,0.05165724801808124,connected,mainstream
353,popular_1_exp_Experiment_1_seed_42,3,0.04949009841774158,connected,mainstream
408,popular_1_exp_Experiment_1_seed_42,3,0.06354292401422341,connected,mainstream
549,popular_1_exp_Experiment_1_seed_42,3,0.055364170780380195,connected,mainstream
37,popular_1_exp_Experiment_1_seed_42,3,0.022056195477038385,connected,niche
296,popular_1_exp_Experiment_1_seed_42,3,0.0547369206899575,connected,mainstream
207,popular_1_exp_Experiment_1_seed_42,3,0.064550694189848,connected,mainstream
533,popular_1_exp_Experiment_1_seed_42,3,0.051484306604005915,connected,mainstream
240,popular_1_exp_Experiment_1_seed_42,3,0.057528848455658886,connected,mainstream
110,popular_1_exp_Experiment_1_seed_42,3,0.05190402740652425,connected,mainstream
245,popular_1_exp_Experiment_1_seed_42,3,0.05626611172280344,connected,mainstream
395,popular_1_exp_Experiment_1_seed_42,3,0.05767033019353681,connected,mainstream
52,popular_1_exp_Experiment_1_seed_42,3,0.026878300486076617,connected,niche
530,popular_1_exp_Experiment_1_seed_42,3,0.058557209706224154,connected,mainstream
371,popular_1_exp_Experiment_1_seed_42,3,0.055524838088545324,connected,mainstream
405,popular_1_exp_Experiment_1_seed_42,3,0.055115443567920745,connected,mainstream
164,popular_1_exp_Experiment_1_seed_42,3,0.06682315409991287,connected,mainstream
496,popular_1_exp_Experiment_1_seed_42,3,0.05979057900695269,connected,mainstream
342,popular_1_exp_Experiment_1_seed_42,3,0.05762950544709012,connected,mainstream
507,popular_1_exp_Experiment_1_seed_42,3,0.0632592280650463,connected,mainstream
31,popular_1_exp_Experiment_1_seed_42,3,0.01706033013429372,connected,niche
26,popular_1_exp_Experiment_1_seed_42,3,0.022656239244339044,connected,niche
555,popular_1_exp_Experiment_1_seed_42,3,0.0600318054186314,connected,mainstream
189,popular_1_exp_Experiment_1_seed_42,3,0.05146877970994481,connected,mainstream
176,popular_1_exp_Experiment_1_seed_42,3,0.0618958561918757,connected,mainstream
180,popular_1_exp_Experiment_1_seed_42,3,0.05971793988982805,connected,mainstream
61,popular_1_exp_Experiment_1_seed_42,3,0.05310896414298768,connected,mainstream
370,popular_1_exp_Experiment_1_seed_42,3,0.051789137068643964,connected,mainstream
47,popular_1_exp_Experiment_1_seed_42,3,0.01630238155240471,connected,niche
203,popular_1_exp_Experiment_1_seed_42,3,0.057675232117682634,connected,mainstream
169,popular_1_exp_Experiment_1_seed_42,3,0.0655016260441757,connected,mainstream
316,popular_1_exp_Experiment_1_seed_42,3,0.05225991328580809,connected,mainstream
498,popular_1_exp_Experiment_1_seed_42,3,0.05418053336908805,connected,mainstream
321,popular_1_exp_Experiment_1_seed_42,3,0.05662903437527764,connected,mainstream
542,popular_1_exp_Experiment_1_seed_42,3,0.05437913792140329,connected,mainstream
455,popular_1_exp_Experiment_1_seed_42,3,0.07088840975005677,connected,mainstream
451,popular_1_exp_Experiment_1_seed_42,3,0.05614009957047073,connected,mainstream
294,popular_1_exp_Experiment_1_seed_42,3,0.05193935840611858,connected,mainstream
227,popular_1_exp_Experiment_1_seed_42,3,0.05160845894669857,connected,mainstream
124,popular_1_exp_Experiment_1_seed_42,3,0.055182763465603545,connected,mainstream
265,popular_1_exp_Experiment_1_seed_42,3,0.052820436060916,connected,mainstream
322,popular_1_exp_Experiment_1_seed_42,3,0.05343007735410505,connected,mainstream
107,popular_1_exp_Experiment_1_seed_42,3,0.06191144226984576,connected,mainstream
508,popular_1_exp_Experiment_1_seed_42,3,0.05634081915712291,connected,mainstream
259,popular_1_exp_Experiment_1_seed_42,3,0.05788408770459382,connected,mainstream
152,popular_1_exp_Experiment_1_seed_42,3,0.06754192674979004,connected,mainstream
162,popular_1_exp_Experiment_1_seed_42,3,0.05392844725887158,connected,mainstream
75,popular_1_exp_Experiment_1_seed_42,3,0.053750053533527443,connected,mainstream
512,popular_1_exp_Experiment_1_seed_42,3,0.04974213414228216,connected,mainstream
541,popular_1_exp_Experiment_1_seed_42,3,0.05342246946532053,connected,mainstream
125,popular_1_exp_Experiment_1_seed_42,3,0.05210883225450744,connected,mainstream
24,popular_1_exp_Experiment_1_seed_42,3,0.03041543286346916,connected,niche
453,popular_1_exp_Experiment_1_seed_42,3,0.05439514430382832,connected,mainstream
520,popular_1_exp_Experiment_1_seed_42,3,0.05706692299192336,connected,mainstream
525,popular_1_exp_Experiment_1_seed_42,3,0.0635764617610897,connected,mainstream
129,popular_1_exp_Experiment_1_seed_42,3,0.054785735647108404,connected,mainstream
586,popular_1_exp_Experiment_1_seed_42,3,0.05081506203438174,connected,mainstream
200,popular_1_exp_Experiment_1_seed_42,3,0.05053133712353266,connected,mainstream
543,popular_1_exp_Experiment_1_seed_42,3,0.052285072011375666,connected,mainstream
243,popular_1_exp_Experiment_1_seed_42,3,0.051013105700089705,connected,mainstream
239,popular_1_exp_Experiment_1_seed_42,3,0.06761858011689514,connected,mainstream
413,popular_1_exp_Experiment_1_seed_42,3,0.09628242510846634,connected,mainstream
476,popular_1_exp_Experiment_1_seed_42,3,0.05113571975543526,connected,mainstream
452,popular_1_exp_Experiment_1_seed_42,3,0.08331828345260008,connected,mainstream
105,popular_1_exp_Experiment_1_seed_42,3,0.07754457280527403,connected,mainstream
217,popular_1_exp_Experiment_1_seed_42,3,0.054862981127711985,connected,mainstream
159,popular_1_exp_Experiment_1_seed_42,3,0.05088274379392833,connected,mainstream
142,popular_1_exp_Experiment_1_seed_42,3,0.05719160859968909,connected,mainstream
517,popular_1_exp_Experiment_1_seed_42,3,0.05149960334357027,connected,mainstream
15,popular_1_exp_Experiment_1_seed_42,3,0.01809554346745777,connected,niche
444,popular_1_exp_Experiment_1_seed_42,3,0.05175136550992737,connected,mainstream
211,popular_1_exp_Experiment_1_seed_42,3,0.05395561943303128,connected,mainstream
375,popular_1_exp_Experiment_1_seed_42,3,0.0632136583163105,connected,mainstream
170,popular_1_exp_Experiment_1_seed_42,3,0.0601859710606428,connected,mainstream
415,popular_1_exp_Experiment_1_seed_42,3,0.062000604275490735,connected,mainstream
571,popular_1_exp_Experiment_1_seed_42,3,0.05206375283979046,connected,mainstream
251,popular_1_exp_Experiment_1_seed_42,3,0.053411568638032515,connected,mainstream
188,popular_1_exp_Experiment_1_seed_42,3,0.061640058837003096,connected,mainstream
194,popular_1_exp_Experiment_1_seed_42,3,0.05912325410142529,connected,mainstream
137,popular_1_exp_Experiment_1_seed_42,3,0.05459576029328104,connected,mainstream
527,popular_1_exp_Experiment_1_seed_42,3,0.05639441129704912,connected,mainstream
118,popular_1_exp_Experiment_1_seed_42,3,0.05362813156938645,connected,mainstream
519,popular_1_exp_Experiment_1_seed_42,3,0.054814483734161173,connected,mainstream
456,popular_1_exp_Experiment_1_seed_42,3,0.05130320431725249,connected,mainstream
471,popular_1_exp_Experiment_1_seed_42,3,0.048674822557025106,connected,mainstream
491,popular_1_exp_Experiment_1_seed_42,3,0.05881885019112448,connected,mainstream
425,popular_1_exp_Experiment_1_seed_42,3,0.05770658441200318,connected,mainstream
389,popular_1_exp_Experiment_1_seed_42,3,0.05090332390879577,connected,mainstream
434,popular_1_exp_Experiment_1_seed_42,3,0.05960127620499291,connected,mainstream
0,popular_1_exp_Experiment_1_seed_42,3,0.019499981813722974,connected,niche
263,popular_1_exp_Experiment_1_seed_42,3,0.056636058393498036,connected,mainstream
215,popular_1_exp_Experiment_1_seed_42,3,0.05546757115036068,connected,mainstream
428,popular_1_exp_Experiment_1_seed_42,3,0.05822861043026415,connected,mainstream
499,popular_1_exp_Experiment_1_seed_42,3,0.06197387079683651,connected,mainstream
147,popular_1_exp_Experiment_1_seed_42,3,0.06424213690520411,connected,mainstream
12,popular_1_exp_Experiment_1_seed_42,3,0.014243776214912254,connected,niche
205,popular_1_exp_Experiment_1_seed_42,3,0.05226884662191614,connected,mainstream
574,popular_1_exp_Experiment_1_seed_42,3,0.04747888646377162,connected,mainstream
435,popular_1_exp_Experiment_1_seed_42,3,0.06145248731525845,connected,mainstream
528,popular_1_exp_Experiment_1_seed_42,3,0.050134250820126465,connected,mainstream
568,popular_1_exp_Experiment_1_seed_42,3,0.0634013771492191,connected,mainstream
213,popular_1_exp_Experiment_1_seed_42,3,0.05483930973632175,connected,mainstream
337,popular_1_exp_Experiment_1_seed_42,3,0.06605811276599044,connected,mainstream
544,popular_1_exp_Experiment_1_seed_42,3,0.06600858460021236,connected,mainstream
21,popular_1_exp_Experiment_1_seed_42,3,0.01844698690621929,connected,niche
329,popular_1_exp_Experiment_1_seed_42,3,0.05190671670190805,connected,mainstream
400,popular_1_exp_Experiment_1_seed_42,3,0.05999396981530896,connected,mainstream
67,popular_1_exp_Experiment_1_seed_42,3,0.05124753213386771,connected,mainstream
234,popular_1_exp_Experiment_1_seed_42,3,0.0530891588404093,connected,mainstream
271,popular_1_exp_Experiment_1_seed_42,3,0.05146913139055814,connected,mainstream
76,popular_1_exp_Experiment_1_seed_42,3,0.0634447488211975,connected,mainstream
198,popular_1_exp_Experiment_1_seed_42,3,0.05809611446680291,connected,mainstream
351,popular_1_exp_Experiment_1_seed_42,3,0.0531052795834634,connected,mainstream
141,popular_1_exp_Experiment_1_seed_42,3,0.05304459055903615,connected,mainstream
421,popular_1_exp_Experiment_1_seed_42,3,0.053185735462012045,connected,mainstream
166,popular_1_exp_Experiment_1_seed_42,3,0.052979769528135545,connected,mainstream
580,popular_1_exp_Experiment_1_seed_42,3,0.05115308143571597,connected,mainstream
154,popular_1_exp_Experiment_1_seed_42,3,0.05379561946158409,connected,mainstream
303,popular_1_exp_Experiment_1_seed_42,3,0.047722028408037076,connected,mainstream
268,popular_1_exp_Experiment_1_seed_42,3,0.05469711519988793,connected,mainstream
64,popular_1_exp_Experiment_1_seed_42,3,0.051971146974827874,connected,mainstream
224,popular_1_exp_Experiment_1_seed_42,3,0.05535975947063606,connected,mainstream
264,popular_1_exp_Experiment_1_seed_42,3,0.050944230859301755,connected,mainstream
70,popular_1_exp_Experiment_1_seed_42,3,0.05138958373079022,connected,mainstream
144,popular_1_exp_Experiment_1_seed_42,3,0.060419232097518434,connected,mainstream
546,popular_1_exp_Experiment_1_seed_42,3,0.05770310482362282,connected,mainstream
41,popular_1_exp_Experiment_1_seed_42,3,0.014482865998275592,connected,niche
59,popular_1_exp_Experiment_1_seed_42,3,0.015214923335981205,connected,niche
502,popular_1_exp_Experiment_1_seed_42,3,0.05143776857496918,connected,mainstream
379,popular_1_exp_Experiment_1_seed_42,3,0.06118786950594177,connected,mainstream
506,popular_1_exp_Experiment_1_seed_42,3,0.061287866564451704,connected,mainstream
226,popular_1_exp_Experiment_1_seed_42,3,0.05168087029067053,connected,mainstream
436,popular_1_exp_Experiment_1_seed_42,3,0.05252889331161617,connected,mainstream
483,popular_1_exp_Experiment_1_seed_42,3,0.07942544170610855,connected,mainstream
463,popular_1_exp_Experiment_1_seed_42,3,0.054328308964567314,connected,mainstream
177,popular_1_exp_Experiment_1_seed_42,3,0.06449499266936813,connected,mainstream
95,popular_1_exp_Experiment_1_seed_42,3,0.055286350760657584,connected,mainstream
104,popular_1_exp_Experiment_1_seed_42,3,0.061652312438568314,connected,mainstream
378,popular_1_exp_Experiment_1_seed_42,3,0.07142249832068508,connected,mainstream
328,popular_1_exp_Experiment_1_seed_42,3,0.0557384040456483,connected,mainstream
464,popular_1_exp_Experiment_1_seed_42,3,0.05735197572837797,connected,mainstream
115,popular_1_exp_Experiment_1_seed_42,3,0.05126481183481626,connected,mainstream
184,popular_1_exp_Experiment_1_seed_42,3,0.0648274205973647,connected,mainstream
547,popular_1_exp_Experiment_1_seed_42,3,0.0639957568902154,connected,mainstream
220,popular_1_exp_Experiment_1_seed_42,3,0.06768418147975253,connected,mainstream
515,popular_1_exp_Experiment_1_seed_42,3,0.05124958874606225,connected,mainstream
450,popular_1_exp_Experiment_1_seed_42,3,0.0544863034003421,connected,mainstream
79,popular_1_exp_Experiment_1_seed_42,3,0.06308771461234201,connected,mainstream
193,popular_1_exp_Experiment_1_seed_42,3,0.054037730754052625,connected,mainstream
347,popular_1_exp_Experiment_1_seed_42,3,0.052029853813565875,connected,mainstream
332,popular_1_exp_Experiment_1_seed_42,3,0.06372096282927758,connected,mainstream
101,popular_1_exp_Experiment_1_seed_42,3,0.051585622779398065,connected,mainstream
443,popular_1_exp_Experiment_1_seed_42,3,0.06408865264703212,connected,mainstream
36,popular_1_exp_Experiment_1_seed_42,3,0.02012492498544075,connected,niche
283,popular_1_exp_Experiment_1_seed_42,3,0.060224997274333246,connected,mainstream
383,popular_1_exp_Experiment_1_seed_42,3,0.06296300870402463,connected,mainstream
94,popular_1_exp_Experiment_1_seed_42,3,0.05731071107631284,connected,mainstream
260,popular_1_exp_Experiment_1_seed_42,3,0.06291651646891719,connected,mainstream
534,popular_1_exp_Experiment_1_seed_42,3,0.05133756454120036,connected,mainstream
355,popular_1_exp_Experiment_1_seed_42,3,0.06429617107865192,connected,mainstream
513,popular_1_exp_Experiment_1_seed_42,3,0.054187137832714304,connected,mainstream
579,popular_1_exp_Experiment_1_seed_42,3,0.05586559130525246,connected,mainstream
331,popular_1_exp_Experiment_1_seed_42,3,0.055176915603273834,connected,mainstream
112,popular_1_exp_Experiment_1_seed_42,3,0.05957623598099101,connected,mainstream
25,popular_1_exp_Experiment_1_seed_42,3,0.02070911508823128,connected,niche
462,popular_1_exp_Experiment_1_seed_42,3,0.05480181917635097,connected,mainstream
441,popular_1_exp_Experiment_1_seed_42,3,0.06040349644820473,connected,mainstream
72,popular_1_exp_Experiment_1_seed_42,3,0.050857072600834885,connected,mainstream
2,popular_1_exp_Experiment_1_seed_42,3,0.014543514761525989,connected,niche
221,popular_1_exp_Experiment_1_seed_42,3,0.06389729964425335,connected,mainstream
591,popular_1_exp_Experiment_1_seed_42,3,0.05802361764334246,connected,mainstream
289,popular_1_exp_Experiment_1_seed_42,3,0.05633169305351665,connected,mainstream
262,popular_1_exp_Experiment_1_seed_42,3,0.0518200558418317,connected,mainstream
344,popular_1_exp_Experiment_1_seed_42,3,0.05289840746288105,connected,mainstream
325,popular_1_exp_Experiment_1_seed_42,3,0.0625935691239801,connected,mainstream
247,popular_1_exp_Experiment_1_seed_42,3,0.05892357944523093,connected,mainstream
255,popular_1_exp_Experiment_1_seed_42,3,0.05506481182532071,connected,mainstream
377,popular_1_exp_Experiment_1_seed_42,3,0.05133683698344041,connected,mainstream
552,popular_1_exp_Experiment_1_seed_42,3,0.0621340892608039,connected,mainstream
195,popular_1_exp_Experiment_1_seed_42,3,0.05056060421584604,connected,mainstream
585,popular_1_exp_Experiment_1_seed_42,3,0.05168969404036267,connected,mainstream
175,popular_1_exp_Experiment_1_seed_42,3,0.060957591588070986,connected,mainstream
576,popular_1_exp_Experiment_1_seed_42,3,0.054096252689362405,connected,mainstream
438,popular_1_exp_Experiment_1_seed_42,3,0.06389108976264618,connected,mainstream
178,popular_1_exp_Experiment_1_seed_42,3,0.05302380671784319,connected,mainstream
290,popular_1_exp_Experiment_1_seed_42,3,0.05119041646723435,connected,mainstream
282,popular_1_exp_Experiment_1_seed_42,3,0.05271337938040741,connected,mainstream
536,popular_1_exp_Experiment_1_seed_42,3,0.053363555367076744,connected,mainstream
173,popular_1_exp_Experiment_1_seed_42,3,0.05528944049351656,connected,mainstream
358,popular_1_exp_Experiment_1_seed_42,3,0.06402938400782575,connected,mainstream
531,popular_1_exp_Experiment_1_seed_42,3,0.05818000147494697,connected,mainstream
27,popular_1_exp_Experiment_1_seed_42,3,0.015031052004515098,connected,niche
38,popular_1_exp_Experiment_1_seed_42,3,0.02999593079620913,connected,niche
482,popular_1_exp_Experiment_1_seed_42,3,0.0551304803270836,connected,mainstream
128,popular_1_exp_Experiment_1_seed_42,3,0.05321148721437861,connected,mainstream
126,popular_1_exp_Experiment_1_seed_42,3,0.05246268714874592,connected,mainstream
225,popular_1_exp_Experiment_1_seed_42,3,0.053063075360055646,connected,mainstream
257,popular_1_exp_Experiment_1_seed_42,3,0.05597641441358129,connected,mainstream
158,popular_1_exp_Experiment_1_seed_42,3,0.05457384661270385,connected,mainstream
448,popular_1_exp_Experiment_1_seed_42,3,0.052202334854098226,connected,mainstream
99,popular_1_exp_Experiment_1_seed_42,3,0.056767973318000105,connected,mainstream
7,popular_1_exp_Experiment_1_seed_42,3,0.01967446167374842,connected,niche
418,popular_1_exp_Experiment_1_seed_42,3,0.05680673117503477,connected,mainstream
564,popular_1_exp_Experiment_1_seed_42,3,0.0532451088531456,connected,mainstream
493,popular_1_exp_Experiment_1_seed_42,3,0.06263561717110082,connected,mainstream
419,popular_1_exp_Experiment_1_seed_42,3,0.06073500514478982,connected,mainstream
362,popular_1_exp_Experiment_1_seed_42,3,0.052483335373618545,connected,mainstream
102,popular_1_exp_Experiment_1_seed_42,3,0.05119281304526633,connected,mainstream
590,popular_1_exp_Experiment_1_seed_42,3,0.05442473939656647,connected,mainstream
58,popular_1_exp_Experiment_1_seed_42,3,0.01805753977907733,connected,niche
230,popular_1_exp_Experiment_1_seed_42,3,0.05330862534540796,connected,mainstream
49,popular_1_exp_Experiment_1_seed_42,3,0.018521588910815307,connected,niche
309,popular_1_exp_Experiment_1_seed_42,3,0.059021186686196464,connected,mainstream
439,popular_1_exp_Experiment_1_seed_42,3,0.05653384920688925,connected,mainstream
388,popular_1_exp_Experiment_1_seed_42,3,0.05207344241390983,connected,mainstream
582,popular_1_exp_Experiment_1_seed_42,3,0.053803454446564536,connected,mainstream
45,popular_1_exp_Experiment_1_seed_42,3,0.01883524342709615,connected,niche
548,popular_1_exp_Experiment_1_seed_42,3,0.05985233055293191,connected,mainstream
523,popular_1_exp_Experiment_1_seed_42,3,0.060951549020691116,connected,mainstream
538,popular_1_exp_Experiment_1_seed_42,3,0.0526207085820492,connected,mainstream
357,popular_1_exp_Experiment_1_seed_42,3,0.0665584571233509,connected,mainstream
192,popular_1_exp_Experiment_1_seed_42,3,0.05300235946661417,connected,mainstream
399,popular_1_exp_Experiment_1_seed_42,3,0.04643141757050732,connected,mainstream
479,popular_1_exp_Experiment_1_seed_42,3,0.05137128951522826,connected,mainstream
93,popular_1_exp_Experiment_1_seed_42,3,0.06663490958341325,connected,mainstream
46,popular_1_exp_Experiment_1_seed_42,3,0.02189032191255405,connected,niche
573,popular_1_exp_Experiment_1_seed_42,3,0.05180895203251957,connected,mainstream
490,popular_1_exp_Experiment_1_seed_42,3,0.053865518448380695,connected,mainstream
182,popular_1_exp_Experiment_1_seed_42,3,0.05218359734392136,connected,mainstream
214,popular_1_exp_Experiment_1_seed_42,3,0.055721487142705535,connected,mainstream
306,popular_1_exp_Experiment_1_seed_42,3,0.05713259900130289,connected,mainstream
148,popular_1_exp_Experiment_1_seed_42,3,0.049308095658500105,connected,mainstream
106,popular_1_exp_Experiment_1_seed_42,3,0.049348431106478276,connected,mainstream
380,popular_1_exp_Experiment_1_seed_42,3,0.056299369413166565,connected,mainstream
3,popular_1_exp_Experiment_1_seed_42,3,0.017487709205923838,connected,niche
510,popular_1_exp_Experiment_1_seed_42,3,0.05931945047188306,connected,mainstream
467,popular_1_exp_Experiment_1_seed_42,3,0.0687165335455116,connected,mainstream
578,popular_1_exp_Experiment_1_seed_42,3,0.050277134279851865,connected,mainstream
244,popular_1_exp_Experiment_1_seed_42,3,0.049011367752426815,connected,mainstream
276,popular_1_exp_Experiment_1_seed_42,3,0.06047063156539271,connected,mainstream
174,popular_1_exp_Experiment_1_seed_42,3,0.05637376668202121,connected,mainstream
145,popular_1_exp_Experiment_1_seed_42,3,0.0500513138340297,connected,mainstream
171,popular_1_exp_Experiment_1_seed_42,3,0.059125968736229474,connected,mainstream
92,popular_1_exp_Experiment_1_seed_42,3,0.05649196734012063,connected,mainstream
572,popular_1_exp_Experiment_1_seed_42,3,0.058622623247293955,connected,mainstream
232,popular_1_exp_Experiment_1_seed_42,3,0.05746738628059551,connected,mainstream
168,popular_1_exp_Experiment_1_seed_42,3,0.06080793335105344,connected,mainstream
485,popular_1_exp_Experiment_1_seed_42,3,0.07125964032570918,connected,mainstream
97,popular_1_exp_Experiment_1_seed_42,3,0.05717101336260247,connected,mainstream
55,popular_1_exp_Experiment_1_seed_42,3,0.0171629278420587,connected,niche
275,popular_1_exp_Experiment_1_seed_42,3,0.051182842463592636,connected,mainstream
557,popular_1_exp_Experiment_1_seed_42,3,0.05732269023663076,connected,mainstream
315,popular_1_exp_Experiment_1_seed_42,3,0.05799767825172402,connected,mainstream
286,popular_1_exp_Experiment_1_seed_42,3,0.05972431170309036,connected,mainstream
250,popular_1_exp_Experiment_1_seed_42,3,0.06006550666294922,connected,mainstream
566,popular_1_exp_Experiment_1_seed_42,3,0.055993136150546886,connected,mainstream
235,popular_1_exp_Experiment_1_seed_42,3,0.061745135319679734,connected,mainstream
472,popular_1_exp_Experiment_1_seed_42,3,0.0540205160385984,connected,mainstream
258,popular_1_exp_Experiment_1_seed_42,3,0.05382247552816813,connected,mainstream
363,popular_1_exp_Experiment_1_seed_42,3,0.05106041840887674,connected,mainstream
222,popular_1_exp_Experiment_1_seed_42,3,0.051582767519049194,connected,mainstream
588,popular_1_exp_Experiment_1_seed_42,3,0.05501271783088397,connected,mainstream
431,popular_1_exp_Experiment_1_seed_42,3,0.054029726985477096,connected,mainstream
261,popular_1_exp_Experiment_1_seed_42,3,0.05237326176751161,connected,mainstream
345,popular_1_exp_Experiment_1_seed_42,3,0.0625170366362358,connected,mainstream
308,popular_1_exp_Experiment_1_seed_42,3,0.05531668705794401,connected,mainstream
416,popular_1_exp_Experiment_1_seed_42,3,0.055063351969614725,connected,mainstream
595,popular_1_exp_Experiment_1_seed_42,3,0.049296772321605224,connected,mainstream
228,popular_1_exp_Experiment_1_seed_42,3,0.05172806892236806,connected,mainstream
348,popular_1_exp_Experiment_1_seed_42,3,0.05344343425400891,connected,mainstream
120,popular_1_exp_Experiment_1_seed_42,3,0.052620344519760776,connected,mainstream
71,popular_1_exp_Experiment_1_seed_42,3,0.05291719645739721,connected,mainstream
323,popular_1_exp_Experiment_1_seed_42,3,0.05184951290137412,connected,mainstream
505,popular_1_exp_Experiment_1_seed_42,3,0.06404389486959366,connected,mainstream
181,popular_1_exp_Experiment_1_seed_42,3,0.061761680200820845,connected,mainstream
335,popular_1_exp_Experiment_1_seed_42,3,0.06756478253526625,connected,mainstream
594,popular_1_exp_Experiment_1_seed_42,3,0.050535185809751144,connected,mainstream
119,popular_1_exp_Experiment_1_seed_42,3,0.059543375804758276,connected,mainstream
562,popular_1_exp_Experiment_1_seed_42,3,0.06564310404221503,connected,mainstream
503,popular_1_exp_Experiment_1_seed_42,3,0.0521368962115267,connected,mainstream
288,popular_1_exp_Experiment_1_seed_42,3,0.05144003070973042,connected,mainstream
488,popular_1_exp_Experiment_1_seed_42,3,0.052178902085199354,connected,mainstream
407,popular_1_exp_Experiment_1_seed_42,3,0.060190343667770096,connected,mainstream
1,popular_1_exp_Experiment_1_seed_42,3,0.01801424365350682,connected,niche
85,popular_1_exp_Experiment_1_seed_42,3,0.05602471627180461,connected,mainstream
100,popular_1_exp_Experiment_1_seed_42,3,0.07384280393932376,connected,mainstream
43,popular_1_exp_Experiment_1_seed_42,3,0.017122796401060913,connected,niche
497,popular_1_exp_Experiment_1_seed_42,3,0.05241803541500526,connected,mainstream
139,popular_1_exp_Experiment_1_seed_42,3,0.05351279166593657,connected,mainstream
96,popular_1_exp_Experiment_1_seed_42,3,0.07513555518173473,connected,mainstream
87,popular_1_exp_Experiment_1_seed_42,3,0.07178522154214018,connected,mainstream
88,popular_1_exp_Experiment_1_seed_42,3,0.05642409036542656,connected,mainstream
366,popular_1_exp_Experiment_1_seed_42,3,0.051001448569969264,connected,mainstream
561,popular_1_exp_Experiment_1_seed_42,3,0.05352483198049494,connected,mainstream
596,popular_1_exp_Experiment_1_seed_42,3,0.05343496809900659,connected,mainstream
44,popular_1_exp_Experiment_1_seed_42,3,0.022536550399870084,connected,niche
267,popular_1_exp_Experiment_1_seed_42,3,0.05451751340955655,connected,mainstream
19,popular_1_exp_Experiment_1_seed_42,3,0.016010966089564524,connected,niche
393,popular_1_exp_Experiment_1_seed_42,3,0.05064620224737431,connected,mainstream
13,popular_1_exp_Experiment_1_seed_42,3,0.021452376967660492,connected,niche
127,popular_1_exp_Experiment_1_seed_42,3,0.0551026165957978,connected,mainstream
266,popular_1_exp_Experiment_1_seed_42,3,0.06922460327370973,connected,mainstream
279,popular_1_exp_Experiment_1_seed_42,3,0.05182175620704441,connected,mainstream
494,popular_1_exp_Experiment_1_seed_42,3,0.06037814184853311,connected,mainstream
202,popular_1_exp_Experiment_1_seed_42,3,0.05891482363861777,connected,mainstream
529,popular_1_exp_Experiment_1_seed_42,3,0.054541329444491464,connected,mainstream
376,popular_1_exp_Experiment_1_seed_42,3,0.05803889537543138,connected,mainstream
334,popular_1_exp_Experiment_1_seed_42,3,0.05837094462488179,connected,mainstream
8,popular_1_exp_Experiment_1_seed_42,3,0.02318112194764101,connected,niche
477,popular_1_exp_Experiment_1_seed_42,3,0.052053368035801906,connected,mainstream
130,popular_1_exp_Experiment_1_seed_42,3,0.06475821722615473,connected,mainstream
33,popular_1_exp_Experiment_1_seed_42,3,0.015449955025064686,connected,niche
190,popular_1_exp_Experiment_1_seed_42,3,0.05818854794591937,connected,mainstream
474,popular_1_exp_Experiment_1_seed_42,3,0.06248772491199614,connected,mainstream
165,popular_1_exp_Experiment_1_seed_42,3,0.06296546627705149,connected,mainstream
442,popular_1_exp_Experiment_1_seed_42,3,0.05275631870992803,connected,mainstream
73,popular_1_exp_Experiment_1_seed_42,3,0.0689255449638777,connected,mainstream
401,popular_1_exp_Experiment_1_seed_42,3,0.05628206344540329,connected,mainstream
155,popular_1_exp_Experiment_1_seed_42,3,0.0776320699449572,connected,mainstream
60,popular_1_exp_Experiment_1_seed_42,3,0.06422521885165802,connected,mainstream
187,popular_1_exp_Experiment_1_seed_42,3,0.05605231313115535,connected,mainstream
411,popular_1_exp_Experiment_1_seed_42,3,0.05443302074970604,connected,mainstream
460,popular_1_exp_Experiment_1_seed_42,3,0.06260000420921737,connected,mainstream
273,popular_1_exp_Experiment_1_seed_42,3,0.06707017271023097,connected,mainstream
42,popular_1_exp_Experiment_1_seed_42,3,0.015861619847791865,connected,niche
98,popular_1_exp_Experiment_1_seed_42,3,0.05306345505565068,connected,mainstream
161,popular_1_exp_Experiment_1_seed_42,3,0.06614740891731209,connected,mainstream
231,popular_1_exp_Experiment_1_seed_42,3,0.05436061469784124,connected,mainstream
361,popular_1_exp_Experiment_1_seed_42,3,0.05622410850597198,connected,mainstream
233,popular_1_exp_Experiment_1_seed_42,3,0.05606027911866768,connected,mainstream
151,popular_1_exp_Experiment_1_seed_42,3,0.05809921745914115,connected,mainstream
518,popular_1_exp_Experiment_1_seed_42,3,0.05420632700722563,connected,mainstream
310,popular_1_exp_Experiment_1_seed_42,3,0.05197944971792382,connected,mainstream
160,popular_1_exp_Experiment_1_seed_42,3,0.06177650210541099,connected,mainstream
103,popular_1_exp_Experiment_1_seed_42,3,0.05490023055534086,connected,mainstream
385,popular_1_exp_Experiment_1_seed_42,3,0.052673609353704555,connected,mainstream
83,popular_1_exp_Experiment_1_seed_42,3,0.05086262534767843,connected,mainstream
326,popular_1_exp_Experiment_1_seed_42,3,0.055090460195494906,connected,mainstream
74,popular_1_exp_Experiment_1_seed_42,3,0.06496795587009828,connected,mainstream
406,popular_1_exp_Experiment_1_seed_42,3,0.055810805650591294,connected,mainstream
63,popular_1_exp_Experiment_1_seed_42,3,0.055430371734493285,connected,mainstream
495,popular_1_exp_Experiment_1_seed_42,3,0.05069880979152924,connected,mainstream
504,popular_1_exp_Experiment_1_seed_42,3,0.05123917355861928,connected,mainstream
51,popular_1_exp_Experiment_1_seed_42,3,0.019879491625852865,connected,niche
554,popular_1_exp_Experiment_1_seed_42,3,0.06458409127818421,connected,mainstream
199,popular_1_exp_Experiment_1_seed_42,3,0.06289026903282653,connected,mainstream
209,popular_1_exp_Experiment_1_seed_42,3,0.05258327473531488,connected,mainstream
305,popular_1_exp_Experiment_1_seed_42,3,0.05245135329820924,connected,mainstream
581,popular_1_exp_Experiment_1_seed_42,3,0.05120168868365688,connected,mainstream
23,popular_1_exp_Experiment_1_seed_42,3,0.015467550134230451,connected,niche
481,popular_1_exp_Experiment_1_seed_42,3,0.05552542502759115,connected,mainstream
553,popular_1_exp_Experiment_1_seed_42,3,0.058453883054879086,connected,mainstream
133,popular_1_exp_Experiment_1_seed_42,3,0.05028260557129933,connected,mainstream
551,popular_1_exp_Experiment_1_seed_42,3,0.05085232060233583,connected,mainstream
575,popular_1_exp_Experiment_1_seed_42,3,0.05031207891599904,connected,mainstream
90,popular_1_exp_Experiment_1_seed_42,3,0.05166164693777903,connected,mainstream
311,popular_1_exp_Experiment_1_seed_42,3,0.05767428509648751,connected,mainstream
136,popular_1_exp_Experiment_1_seed_42,3,0.06074337472593375,connected,mainstream
364,popular_1_exp_Experiment_1_seed_42,3,0.04996219156792699,connected,mainstream
422,popular_1_exp_Experiment_1_seed_42,3,0.05637067715932561,connected,mainstream
560,popular_1_exp_Experiment_1_seed_42,3,0.05011915725275168,connected,mainstream
48,popular_1_exp_Experiment_1_seed_42,3,0.014340052554090427,connected,niche
592,popular_1_exp_Experiment_1_seed_42,3,0.05575400342188951,connected,mainstream
466,popular_1_exp_Experiment_1_seed_42,3,0.0509946079189161,connected,mainstream
420,popular_1_exp_Experiment_1_seed_42,3,0.05104943829998356,connected,mainstream
404,popular_1_exp_Experiment_1_seed_42,3,0.061939129090524146,connected,mainstream
437,popular_1_exp_Experiment_1_seed_42,3,0.06188476562374562,connected,mainstream
537,popular_1_exp_Experiment_1_seed_42,3,0.057075673961747474,connected,mainstream
589,popular_1_exp_Experiment_1_seed_42,3,0.057600879723705735,connected,mainstream
56,popular_1_exp_Experiment_1_seed_42,3,0.021474721689394016,connected,niche
352,popular_1_exp_Experiment_1_seed_42,3,0.055159047876893665,connected,mainstream
414,popular_1_exp_Experiment_1_seed_42,3,0.05562614257713163,connected,mainstream
432,popular_1_exp_Experiment_1_seed_42,3,0.06423295664908764,connected,mainstream
563,popular_1_exp_Experiment_1_seed_42,3,0.05514292753380218,connected,mainstream
40,popular_1_exp_Experiment_1_seed_42,3,0.019033918766645157,connected,niche
475,popular_1_exp_Experiment_1_seed_42,3,0.05532795877993996,connected,mainstream
248,popular_1_exp_Experiment_1_seed_42,3,0.06230345197115783,connected,mainstream
62,popular_1_exp_Experiment_1_seed_42,3,0.06383159233069144,connected,mainstream
556,popular_1_exp_Experiment_1_seed_42,3,0.05113017153043035,connected,mainstream
522,popular_1_exp_Experiment_1_seed_42,3,0.06165405024489507,connected,mainstream
492,popular_1_exp_Experiment_1_seed_42,3,0.06171844527585491,connected,mainstream
298,popular_1_exp_Experiment_1_seed_42,3,0.050701107136605646,connected,mainstream
597,popular_1_exp_Experiment_1_seed_42,3,0.059530705238850734,connected,mainstream
487,popular_1_exp_Experiment_1_seed_42,3,0.05856683128218051,connected,mainstream
186,popular_1_exp_Experiment_1_seed_42,3,0.07762204510509513,connected,mainstream
185,popular_1_exp_Experiment_1_seed_42,3,0.05145202574967262,connected,mainstream
324,popular_1_exp_Experiment_1_seed_42,3,0.06700318021958629,connected,mainstream
301,popular_1_exp_Experiment_1_seed_42,3,0.04982600189823814,connected,mainstream
391,popular_1_exp_Experiment_1_seed_42,3,0.055781460388548025,connected,mainstream
584,popular_1_exp_Experiment_1_seed_42,3,0.05253174688955109,connected,mainstream
157,popular_1_exp_Experiment_1_seed_42,3,0.053304175552368584,connected,mainstream
28,popular_1_exp_Experiment_1_seed_42,3,0.01644144828316894,connected,niche
417,popular_1_exp_Experiment_1_seed_42,3,0.04984868697928579,connected,mainstream
236,popular_1_exp_Experiment_1_seed_42,3,0.05197749811978892,connected,mainstream
293,popular_1_exp_Experiment_1_seed_42,3,0.061647839806300085,connected,mainstream
593,popular_1_exp_Experiment_1_seed_42,3,0.06381559168304113,connected,mainstream
299,popular_1_exp_Experiment_1_seed_42,3,0.053883363333960654,connected,mainstream
516,popular_1_exp_Experiment_1_seed_42,3,0.05198192432665866,connected,mainstream
183,popular_1_exp_Experiment_1_seed_42,3,0.06418896809617196,connected,mainstream
396,popular_1_exp_Experiment_1_seed_42,3,0.06373706262337991,connected,mainstream
446,popular_1_exp_Experiment_1_seed_42,3,0.05132815007835717,connected,mainstream
11,popular_1_exp_Experiment_1_seed_42,3,0.016801435359450497,connected,niche
256,popular_1_exp_Experiment_1_seed_42,3,0.04889863461230299,connected,mainstream
208,popular_1_exp_Experiment_1_seed_42,3,0.051105885367673104,connected,mainstream
242,popular_1_exp_Experiment_1_seed_42,3,0.061922974491889916,connected,mainstream
117,popular_1_exp_Experiment_1_seed_42,3,0.058828604262921656,connected,mainstream
5,popular_1_exp_Experiment_1_seed_42,3,0.02107200581648777,connected,niche
424,popular_1_exp_Experiment_1_seed_42,3,0.053296895657961196,connected,mainstream
480,popular_1_exp_Experiment_1_seed_42,3,0.0501519703809589,connected,mainstream
113,popular_1_exp_Experiment_1_seed_42,3,0.05690310973068439,connected,mainstream
429,popular_1_exp_Experiment_1_seed_42,3,0.06125824075763995,connected,mainstream
465,popular_1_exp_Experiment_1_seed_42,3,0.06174254968100945,connected,mainstream
280,popular_1_exp_Experiment_1_seed_42,3,0.05210615314783445,connected,mainstream
111,popular_1_exp_Experiment_1_seed_42,3,0.06013139589682162,connected,mainstream
35,popular_1_exp_Experiment_1_seed_42,3,0.014882755406010492,connected,niche
132,popular_1_exp_Experiment_1_seed_42,3,0.06698144436022974,connected,mainstream
287,popular_1_exp_Experiment_1_seed_42,3,0.05105866774383563,connected,mainstream
394,popular_1_exp_Experiment_1_seed_42,3,0.054899171206526855,connected,mainstream
53,popular_1_exp_Experiment_1_seed_42,3,0.02112925973461209,connected,niche
360,popular_1_exp_Experiment_1_seed_42,3,0.05138045405677275,connected,mainstream
29,popular_1_exp_Experiment_1_seed_42,3,0.017107047479392897,connected,niche
545,popular_1_exp_Experiment_1_seed_42,3,0.06356268919991416,connected,mainstream
461,popular_1_exp_Experiment_1_seed_42,3,0.05939557427612879,connected,mainstream
526,popular_1_exp_Experiment_1_seed_42,3,0.0638274544560435,connected,mainstream
426,popular_1_exp_Experiment_1_seed_42,3,0.050153312612618926,connected,mainstream
89,popular_1_exp_Experiment_1_seed_42,3,0.057206002468643775,connected,mainstream
150,popular_1_exp_Experiment_1_seed_42,3,0.07206486652501236,connected,mainstream
570,popular_1_exp_Experiment_1_seed_42,3,0.057688514220086425,connected,mainstream
295,popular_1_exp_Experiment_1_seed_42,3,0.05333678557267372,connected,mainstream
427,popular_1_exp_Experiment_1_seed_42,3,0.056649886533977234,connected,mainstream
297,popular_1_exp_Experiment_1_seed_42,3,0.06340300782925394,connected,mainstream
65,popular_1_exp_Experiment_1_seed_42,3,0.05538668380795248,connected,mainstream
206,popular_1_exp_Experiment_1_seed_42,3,0.05215961876116265,connected,mainstream
387,popular_1_exp_Experiment_1_seed_42,3,0.0770613300453631,connected,mainstream
14,popular_1_exp_Experiment_1_seed_42,3,0.014280546598288908,connected,niche
318,popular_1_exp_Experiment_1_seed_42,3,0.050389913728522674,connected,mainstream
156,popular_1_exp_Experiment_1_seed_42,3,0.06183346736256773,connected,mainstream
32,popular_1_exp_Experiment_1_seed_42,3,0.016639383819847964,connected,niche
412,popular_1_exp_Experiment_1_seed_42,3,0.05184056626239844,connected,mainstream
532,popular_1_exp_Experiment_1_seed_42,3,0.06413791070275676,connected,mainstream
134,popular_1_exp_Experiment_1_seed_42,3,0.052192926783172056,connected,mainstream
218,popular_1_exp_Experiment_1_seed_42,3,0.0517666699288323,connected,mainstream
16,popular_1_exp_Experiment_1_seed_42,3,0.016171227121394297,connected,niche
307,popular_1_exp_Experiment_1_seed_42,3,0.05588811636097054,connected,mainstream
292,popular_1_exp_Experiment_1_seed_42,3,0.0598592362814932,connected,mainstream
469,popular_1_exp_Experiment_1_seed_42,3,0.0587078024437909,connected,mainstream
402,popular_1_exp_Experiment_1_seed_42,3,0.05317879864335937,connected,mainstream
368,popular_1_exp_Experiment_1_seed_42,3,0.0703522316649003,connected,mainstream
241,popular_1_exp_Experiment_1_seed_42,3,0.05878324625389181,connected,mainstream
284,popular_1_exp_Experiment_1_seed_42,3,0.05828345983401046,connected,mainstream
270,popular_1_exp_Experiment_1_seed_42,3,0.06131592909401574,connected,mainstream
430,popular_1_exp_Experiment_1_seed_42,3,0.06781270089416237,connected,mainstream
459,popular_1_exp_Experiment_1_seed_42,3,0.05450172972365641,connected,mainstream
300,popular_1_exp_Experiment_1_seed_42,3,0.05965654768270338,connected,mainstream
583,popular_1_exp_Experiment_1_seed_42,3,0.06327263682627408,connected,mainstream
489,popular_1_exp_Experiment_1_seed_42,3,0.05283663111722204,connected,mainstream
381,popular_1_exp_Experiment_1_seed_42,3,0.05137070473131716,connected,mainstream
359,popular_1_exp_Experiment_1_seed_42,3,0.052302070859973036,connected,mainstream
569,popular_1_exp_Experiment_1_seed_42,3,0.05446405950817573,connected,mainstream
587,popular_1_exp_Experiment_1_seed_42,3,0.06429219103832877,connected,mainstream
511,popular_1_exp_Experiment_1_seed_42,3,0.057207978089889915,connected,mainstream
34,popular_1_exp_Experiment_1_seed_42,3,0.016384496713552008,connected,niche
82,popular_1_exp_Experiment_1_seed_42,3,0.0817484005825533,connected,mainstream
365,popular_1_exp_Experiment_1_seed_42,3,0.05732610299456698,connected,mainstream
454,popular_1_exp_Experiment_1_seed_42,3,0.06156017905386645,connected,mainstream
143,popular_1_exp_Experiment_1_seed_42,3,0.054855212747713246,connected,mainstream
68,popular_1_exp_Experiment_1_seed_42,3,0.05516325261387348,connected,mainstream
109,popular_1_exp_Experiment_1_seed_42,3,0.056446243220793356,connected,mainstream
201,popular_1_exp_Experiment_1_seed_42,3,0.059287568045129246,connected,mainstream
478,popular_1_exp_Experiment_1_seed_42,3,0.052010306161056584,connected,mainstream
277,popular_1_exp_Experiment_1_seed_42,3,0.07062457000235206,connected,mainstream
384,popular_1_exp_Experiment_1_seed_42,3,0.07433975166763591,connected,mainstream
440,popular_1_exp_Experiment_1_seed_42,3,0.059522258269654606,connected,mainstream
20,popular_1_exp_Experiment_1_seed_42,3,0.017236442212402437,connected,niche
135,popular_1_exp_Experiment_1_seed_42,3,0.05640421370260206,connected,mainstream
410,popular_1_exp_Experiment_1_seed_42,3,0.04925004743652762,connected,mainstream
272,popular_1_exp_Experiment_1_seed_42,3,0.05963654669001343,connected,mainstream
369,popular_1_exp_Experiment_1_seed_42,3,0.05515661618346231,connected,mainstream
320,popular_1_exp_Experiment_1_seed_42,3,0.06094933640460792,connected,mainstream
349,popular_1_exp_Experiment_1_seed_42,3,0.056188414385801765,connected,mainstream
6,popular_1_exp_Experiment_1_seed_42,3,0.02251162898467257,connected,niche
473,popular_1_exp_Experiment_1_seed_42,3,0.06428544479085728,connected,mainstream
599,popular_1_exp_Experiment_1_seed_42,3,0.05873799800984133,connected,mainstream
9,popular_1_exp_Experiment_1_seed_42,3,0.02098244511866448,connected,niche
501,popular_1_exp_Experiment_1_seed_42,3,0.06672155180984556,connected,mainstream
302,popular_1_exp_Experiment_1_seed_42,3,0.051001945079233856,connected,mainstream
457,popular_1_exp_Experiment_1_seed_42,3,0.053781975902783274,connected,mainstream
500,popular_1_exp_Experiment_1_seed_42,3,0.05487642928407266,connected,mainstream
10,popular_1_exp_Experiment_1_seed_42,3,0.021404290971392497,connected,niche
338,popular_1_exp_Experiment_1_seed_42,3,0.05185331231337731,connected,mainstream
514,popular_1_exp_Experiment_1_seed_42,3,0.06982129855662032,connected,mainstream
179,popular_1_exp_Experiment_1_seed_42,3,0.05192214797628367,connected,mainstream
535,popular_1_exp_Experiment_1_seed_42,3,0.06054451665455946,connected,mainstream
86,popular_1_exp_Experiment_1_seed_42,3,0.050213109936052845,connected,mainstream
540,popular_1_exp_Experiment_1_seed_42,3,0.048375820672198415,connected,mainstream
559,popular_1_exp_Experiment_1_seed_42,3,0.051341722020745904,connected,mainstream
123,popular_1_exp_Experiment_1_seed_42,3,0.054081723398363646,connected,mainstream
167,popular_1_exp_Experiment_1_seed_42,3,0.06690201094031291,connected,mainstream
172,popular_1_exp_Experiment_1_seed_42,3,0.052684166563712276,connected,mainstream
274,popular_1_exp_Experiment_1_seed_42,3,0.05447610314541915,connected,mainstream
281,popular_1_exp_Experiment_1_seed_42,3,0.04541715942955896,connected,mainstream
445,popular_1_exp_Experiment_1_seed_42,3,0.05947929152710545,connected,mainstream
449,popular_1_exp_Experiment_1_seed_42,3,0.06723634475070898,connected,mainstream
17,popular_1_exp_Experiment_1_seed_42,3,0.020980813282125393,connected,niche
285,popular_1_exp_Experiment_1_seed_42,3,0.06037671872335674,connected,mainstream
403,popular_1_exp_Experiment_1_seed_42,3,0.062086111364675234,connected,mainstream
18,popular_1_exp_Experiment_1_seed_42,3,0.02410363586566919,connected,niche
550,popular_1_exp_Experiment_1_seed_42,3,0.05148286632219218,connected,mainstream
149,popular_1_exp_Experiment_1_seed_42,3,0.060632206222055646,connected,mainstream
314,popular_1_exp_Experiment_1_seed_42,3,0.05837598154737414,connected,mainstream
237,popular_1_exp_Experiment_1_seed_42,3,0.05943575953345257,connected,mainstream
354,popular_1_exp_Experiment_1_seed_42,3,0.06256113693965822,connected,mainstream
468,popular_1_exp_Experiment_1_seed_42,3,0.05192303538051526,connected,mainstream
330,popular_1_exp_Experiment_1_seed_42,3,0.058069405677248054,connected,mainstream
372,popular_1_exp_Experiment_1_seed_42,3,0.055712991547298224,connected,mainstream
254,popular_1_exp_Experiment_1_seed_42,3,0.05063816403136023,connected,mainstream
327,popular_1_exp_Experiment_1_seed_42,3,0.050638562456135676,connected,mainstream
278,popular_1_exp_Experiment_1_seed_42,3,0.05125378758386983,connected,mainstream
333,popular_1_exp_Experiment_1_seed_42,3,0.05590588907208763,connected,mainstream
131,popular_1_exp_Experiment_1_seed_42,3,0.05142651446254017,connected,mainstream
304,popular_1_exp_Experiment_1_seed_42,3,0.0569039055735002,connected,mainstream
567,popular_1_exp_Experiment_1_seed_42,3,0.06999782004287977,connected,mainstream
54,popular_1_exp_Experiment_1_seed_42,3,0.017790555017986737,connected,niche
163,popular_1_exp_Experiment_1_seed_42,3,0.04749886519318108,connected,mainstream
30,popular_1_exp_Experiment_1_seed_42,3,0.015668886151377955,connected,niche
204,popular_1_exp_Experiment_1_seed_42,3,0.05827264822139996,connected,mainstream
80,popular_1_exp_Experiment_1_seed_42,3,0.051975460429814935,connected,mainstream
447,popular_1_exp_Experiment_1_seed_42,3,0.05323008968895878,connected,mainstream
343,popular_1_exp_Experiment_1_seed_42,3,0.050609971847125505,connected,mainstream
108,popular_1_exp_Experiment_1_seed_42,3,0.05656301066255962,connected,mainstream
386,popular_1_exp_Experiment_1_seed_42,3,0.05263339190249231,connected,mainstream
374,popular_1_exp_Experiment_1_seed_42,3,0.06141613109741171,connected,mainstream
210,popular_1_exp_Experiment_1_seed_42,3,0.05535090612541061,connected,mainstream
238,popular_1_exp_Experiment_1_seed_42,3,0.05437464100121897,connected,mainstream
122,popular_1_exp_Experiment_1_seed_42,3,0.05155977783819568,connected,mainstream
521,popular_1_exp_Experiment_1_seed_42,3,0.05622610876367857,connected,mainstream
341,popular_1_exp_Experiment_1_seed_42,3,0.0621120344328805,connected,mainstream
69,popular_1_exp_Experiment_1_seed_42,3,0.05869318420924924,connected,mainstream
114,popular_1_exp_Experiment_1_seed_42,3,0.0535840872148039,connected,mainstream
373,popular_1_exp_Experiment_1_seed_42,3,0.06366242232185816,connected,mainstream
313,popular_1_exp_Experiment_1_seed_42,3,0.059250602634711796,connected,mainstream
153,popular_1_exp_Experiment_1_seed_42,3,0.047287685480380426,connected,mainstream
367,popular_1_exp_Experiment_1_seed_42,3,0.057435802667762624,connected,mainstream
577,popular_1_exp_Experiment_1_seed_42,3,0.05615594943568075,connected,mainstream
598,popular_1_exp_Experiment_1_seed_42,3,0.051510144212280166,connected,mainstream
390,popular_1_exp_Experiment_1_seed_42,3,0.07280132715467405,connected,mainstream
317,popular_1_exp_Experiment_1_seed_42,3,0.05744384675602615,connected,mainstream
66,popular_1_exp_Experiment_1_seed_42,3,0.054293578937734566,connected,mainstream
339,popular_1_exp_Experiment_1_seed_42,3,0.06323028852228836,connected,mainstream
116,popular_1_exp_Experiment_1_seed_42,3,0.0511268912370384,connected,mainstream
509,popular_1_exp_Experiment_1_seed_42,3,0.05486005725045168,connected,mainstream
121,popular_1_exp_Experiment_1_seed_42,3,0.06242488813819319,connected,mainstream
81,popular_1_exp_Experiment_1_seed_42,3,0.050271217303307435,connected,mainstream
356,popular_1_exp_Experiment_1_seed_42,3,0.056377682488104826,connected,mainstream
91,popular_1_exp_Experiment_1_seed_42,3,0.05612270551008581,connected,mainstream
22,popular_1_exp_Experiment_1_seed_42,3,0.023314058583822753,connected,niche
269,popular_1_exp_Experiment_1_seed_42,3,0.054876362586365766,connected,mainstream
397,popular_1_exp_Experiment_1_seed_42,3,0.06289146939142447,connected,mainstream
524,popular_1_exp_Experiment_1_seed_42,3,0.05614803361341491,connected,mainstream
470,popular_1_exp_Experiment_1_seed_42,3,0.05740211113220115,connected,mainstream
223,popular_1_exp_Experiment_1_seed_42,3,0.0523765237435739,connected,mainstream
212,popular_1_exp_Experiment_1_seed_42,3,0.054602571286938094,connected,mainstream
219,popular_1_exp_Experiment_1_seed_42,3,0.05285916160515475,connected,mainstream
249,popular_1_exp_Experiment_1_seed_42,3,0.05134373883890811,connected,mainstream
216,popular_1_exp_Experiment_1_seed_42,3,0.05960856216074645,connected,mainstream
346,popular_1_exp_Experiment_1_seed_42,3,0.049533749283552676,connected,mainstream
340,popular_1_exp_Experiment_1_seed_42,3,0.05522880841285257,connected,mainstream
312,popular_1_exp_Experiment_1_seed_42,3,0.07195555110080394,connected,mainstream
246,popular_1_exp_Experiment_1_seed_42,3,0.051549857301946604,connected,mainstream
229,popular_1_exp_Experiment_1_seed_42,3,0.054559067360121144,connected,mainstream
50,popular_1_exp_Experiment_1_seed_42,3,0.020757833535840726,connected,niche
392,popular_1_exp_Experiment_1_seed_42,4,0.06550520932175186,connected,mainstream
253,popular_1_exp_Experiment_1_seed_42,4,0.05876055014985344,connected,mainstream
558,popular_1_exp_Experiment_1_seed_42,4,0.05013892135040068,connected,mainstream
138,popular_1_exp_Experiment_1_seed_42,4,0.05951700292286083,connected,mainstream
539,popular_1_exp_Experiment_1_seed_42,4,0.06545301736741797,connected,mainstream
57,popular_1_exp_Experiment_1_seed_42,4,0.03265839957765778,connected,niche
433,popular_1_exp_Experiment_1_seed_42,4,0.05401504094443862,connected,mainstream
565,popular_1_exp_Experiment_1_seed_42,4,0.060817966293081005,connected,mainstream
196,popular_1_exp_Experiment_1_seed_42,4,0.06669356321777814,connected,mainstream
77,popular_1_exp_Experiment_1_seed_42,4,0.05756692973174641,connected,mainstream
319,popular_1_exp_Experiment_1_seed_42,4,0.056826354930429986,connected,mainstream
484,popular_1_exp_Experiment_1_seed_42,4,0.051519629389964926,connected,mainstream
398,popular_1_exp_Experiment_1_seed_42,4,0.06185214872124679,connected,mainstream
252,popular_1_exp_Experiment_1_seed_42,4,0.055716043603894115,connected,mainstream
197,popular_1_exp_Experiment_1_seed_42,4,0.054280838921572296,connected,mainstream
78,popular_1_exp_Experiment_1_seed_42,4,0.0680525255966122,connected,mainstream
350,popular_1_exp_Experiment_1_seed_42,4,0.056024517331920785,connected,mainstream
458,popular_1_exp_Experiment_1_seed_42,4,0.05070120523618171,connected,mainstream
423,popular_1_exp_Experiment_1_seed_42,4,0.05290587274689488,connected,mainstream
4,popular_1_exp_Experiment_1_seed_42,4,0.015349943871694548,connected,niche
409,popular_1_exp_Experiment_1_seed_42,4,0.051946653071597675,connected,mainstream
191,popular_1_exp_Experiment_1_seed_42,4,0.05525883987256432,connected,mainstream
84,popular_1_exp_Experiment_1_seed_42,4,0.05194277124192346,connected,mainstream
140,popular_1_exp_Experiment_1_seed_42,4,0.0891066927137915,connected,mainstream
486,popular_1_exp_Experiment_1_seed_42,4,0.055609164585106154,connected,mainstream
39,popular_1_exp_Experiment_1_seed_42,4,0.019820079682498732,connected,niche
382,popular_1_exp_Experiment_1_seed_42,4,0.06852803052526307,connected,mainstream
291,popular_1_exp_Experiment_1_seed_42,4,0.05354523892433504,connected,mainstream
146,popular_1_exp_Experiment_1_seed_42,4,0.051890591407408065,connected,mainstream
336,popular_1_exp_Experiment_1_seed_42,4,0.050122386900245924,connected,mainstream
353,popular_1_exp_Experiment_1_seed_42,4,0.0510657030299724,connected,mainstream
408,popular_1_exp_Experiment_1_seed_42,4,0.06290383381656052,connected,mainstream
549,popular_1_exp_Experiment_1_seed_42,4,0.05515056801747293,connected,mainstream
37,popular_1_exp_Experiment_1_seed_42,4,0.014802280894948124,connected,niche
296,popular_1_exp_Experiment_1_seed_42,4,0.05686099470573131,connected,mainstream
207,popular_1_exp_Experiment_1_seed_42,4,0.05483112913572463,connected,mainstream
533,popular_1_exp_Experiment_1_seed_42,4,0.04723447718310222,connected,mainstream
240,popular_1_exp_Experiment_1_seed_42,4,0.053260169580528205,connected,mainstream
110,popular_1_exp_Experiment_1_seed_42,4,0.051397821645443466,connected,mainstream
245,popular_1_exp_Experiment_1_seed_42,4,0.061184598919445644,connected,mainstream
395,popular_1_exp_Experiment_1_seed_42,4,0.06107525921560969,connected,mainstream
52,popular_1_exp_Experiment_1_seed_42,4,0.01582942026703212,connected,niche
530,popular_1_exp_Experiment_1_seed_42,4,0.0564413146058062,connected,mainstream
371,popular_1_exp_Experiment_1_seed_42,4,0.05849222245547103,connected,mainstream
405,popular_1_exp_Experiment_1_seed_42,4,0.054416169833298465,connected,mainstream
164,popular_1_exp_Experiment_1_seed_42,4,0.06400823574295937,connected,mainstream
496,popular_1_exp_Experiment_1_seed_42,4,0.06797153082213804,connected,mainstream
342,popular_1_exp_Experiment_1_seed_42,4,0.05839963319059723,connected,mainstream
507,popular_1_exp_Experiment_1_seed_42,4,0.059418351339132376,connected,mainstream
31,popular_1_exp_Experiment_1_seed_42,4,0.02004156783000068,connected,niche
26,popular_1_exp_Experiment_1_seed_42,4,0.02523760421310142,connected,niche
555,popular_1_exp_Experiment_1_seed_42,4,0.06987276422709883,connected,mainstream
189,popular_1_exp_Experiment_1_seed_42,4,0.05245477438625315,connected,mainstream
176,popular_1_exp_Experiment_1_seed_42,4,0.06263826921052418,connected,mainstream
180,popular_1_exp_Experiment_1_seed_42,4,0.05903035037422421,connected,mainstream
61,popular_1_exp_Experiment_1_seed_42,4,0.04760608241533337,connected,mainstream
370,popular_1_exp_Experiment_1_seed_42,4,0.05095559403525974,connected,mainstream
47,popular_1_exp_Experiment_1_seed_42,4,0.020341424179775237,connected,niche
203,popular_1_exp_Experiment_1_seed_42,4,0.059545397010222795,connected,mainstream
169,popular_1_exp_Experiment_1_seed_42,4,0.066634287244688,connected,mainstream
316,popular_1_exp_Experiment_1_seed_42,4,0.05115348328655576,connected,mainstream
498,popular_1_exp_Experiment_1_seed_42,4,0.05350397273089443,connected,mainstream
321,popular_1_exp_Experiment_1_seed_42,4,0.0534108498876901,connected,mainstream
542,popular_1_exp_Experiment_1_seed_42,4,0.05536683009458374,connected,mainstream
455,popular_1_exp_Experiment_1_seed_42,4,0.06631014364913597,connected,mainstream
451,popular_1_exp_Experiment_1_seed_42,4,0.057862509332076394,connected,mainstream
294,popular_1_exp_Experiment_1_seed_42,4,0.05552889258320095,connected,mainstream
227,popular_1_exp_Experiment_1_seed_42,4,0.05167530831561498,connected,mainstream
124,popular_1_exp_Experiment_1_seed_42,4,0.052406934545501764,connected,mainstream
265,popular_1_exp_Experiment_1_seed_42,4,0.056656872494009226,connected,mainstream
322,popular_1_exp_Experiment_1_seed_42,4,0.057254150439865224,connected,mainstream
107,popular_1_exp_Experiment_1_seed_42,4,0.0607901350153087,connected,mainstream
508,popular_1_exp_Experiment_1_seed_42,4,0.05393861031263391,connected,mainstream
259,popular_1_exp_Experiment_1_seed_42,4,0.05779128017621419,connected,mainstream
152,popular_1_exp_Experiment_1_seed_42,4,0.05727872167112653,connected,mainstream
162,popular_1_exp_Experiment_1_seed_42,4,0.04933611438126755,connected,mainstream
75,popular_1_exp_Experiment_1_seed_42,4,0.057824037790672835,connected,mainstream
512,popular_1_exp_Experiment_1_seed_42,4,0.05063562424444231,connected,mainstream
541,popular_1_exp_Experiment_1_seed_42,4,0.045548533301145944,connected,mainstream
125,popular_1_exp_Experiment_1_seed_42,4,0.05108678593940691,connected,mainstream
24,popular_1_exp_Experiment_1_seed_42,4,0.02702191052853933,connected,niche
453,popular_1_exp_Experiment_1_seed_42,4,0.051253552991561896,connected,mainstream
520,popular_1_exp_Experiment_1_seed_42,4,0.062478669546468746,connected,mainstream
525,popular_1_exp_Experiment_1_seed_42,4,0.06382281283540482,connected,mainstream
129,popular_1_exp_Experiment_1_seed_42,4,0.054623695346791824,connected,mainstream
586,popular_1_exp_Experiment_1_seed_42,4,0.05024088255446909,connected,mainstream
200,popular_1_exp_Experiment_1_seed_42,4,0.05239016029089369,connected,mainstream
543,popular_1_exp_Experiment_1_seed_42,4,0.05229468749916937,connected,mainstream
243,popular_1_exp_Experiment_1_seed_42,4,0.05072221908727489,connected,mainstream
239,popular_1_exp_Experiment_1_seed_42,4,0.06656037948011666,connected,mainstream
413,popular_1_exp_Experiment_1_seed_42,4,0.10137065145082685,connected,mainstream
476,popular_1_exp_Experiment_1_seed_42,4,0.05098803690126296,connected,mainstream
452,popular_1_exp_Experiment_1_seed_42,4,0.08057864628878803,connected,mainstream
105,popular_1_exp_Experiment_1_seed_42,4,0.07959600215519376,connected,mainstream
217,popular_1_exp_Experiment_1_seed_42,4,0.054055660690441154,connected,mainstream
159,popular_1_exp_Experiment_1_seed_42,4,0.05171963592067933,connected,mainstream
142,popular_1_exp_Experiment_1_seed_42,4,0.058073952730895884,connected,mainstream
517,popular_1_exp_Experiment_1_seed_42,4,0.05148092206043451,connected,mainstream
15,popular_1_exp_Experiment_1_seed_42,4,0.016145461309346413,connected,niche
444,popular_1_exp_Experiment_1_seed_42,4,0.05119967537686492,connected,mainstream
211,popular_1_exp_Experiment_1_seed_42,4,0.05507926695609261,connected,mainstream
375,popular_1_exp_Experiment_1_seed_42,4,0.05682968169110799,connected,mainstream
170,popular_1_exp_Experiment_1_seed_42,4,0.061245857782772306,connected,mainstream
415,popular_1_exp_Experiment_1_seed_42,4,0.05875637378935966,connected,mainstream
571,popular_1_exp_Experiment_1_seed_42,4,0.05013488196835884,connected,mainstream
251,popular_1_exp_Experiment_1_seed_42,4,0.05119403770212125,connected,mainstream
188,popular_1_exp_Experiment_1_seed_42,4,0.05875135724294626,connected,mainstream
194,popular_1_exp_Experiment_1_seed_42,4,0.05643450441770002,connected,mainstream
137,popular_1_exp_Experiment_1_seed_42,4,0.048860757602996886,connected,mainstream
527,popular_1_exp_Experiment_1_seed_42,4,0.05454402160058147,connected,mainstream
118,popular_1_exp_Experiment_1_seed_42,4,0.05839344033014455,connected,mainstream
519,popular_1_exp_Experiment_1_seed_42,4,0.05396304181250005,connected,mainstream
456,popular_1_exp_Experiment_1_seed_42,4,0.05195823081620881,connected,mainstream
471,popular_1_exp_Experiment_1_seed_42,4,0.05208550386532692,connected,mainstream
491,popular_1_exp_Experiment_1_seed_42,4,0.0614233824492666,connected,mainstream
425,popular_1_exp_Experiment_1_seed_42,4,0.0574761569837558,connected,mainstream
389,popular_1_exp_Experiment_1_seed_42,4,0.05251158306949305,connected,mainstream
434,popular_1_exp_Experiment_1_seed_42,4,0.05874287494772868,connected,mainstream
0,popular_1_exp_Experiment_1_seed_42,4,0.019454992331336782,connected,niche
263,popular_1_exp_Experiment_1_seed_42,4,0.05789367674145324,connected,mainstream
215,popular_1_exp_Experiment_1_seed_42,4,0.055008191682184605,connected,mainstream
428,popular_1_exp_Experiment_1_seed_42,4,0.05811712077796327,connected,mainstream
499,popular_1_exp_Experiment_1_seed_42,4,0.060766639813189645,connected,mainstream
147,popular_1_exp_Experiment_1_seed_42,4,0.06529267950648521,connected,mainstream
12,popular_1_exp_Experiment_1_seed_42,4,0.01446559757361573,connected,niche
205,popular_1_exp_Experiment_1_seed_42,4,0.05337832890312083,connected,mainstream
574,popular_1_exp_Experiment_1_seed_42,4,0.05210182548201674,connected,mainstream
435,popular_1_exp_Experiment_1_seed_42,4,0.05590317209777158,connected,mainstream
528,popular_1_exp_Experiment_1_seed_42,4,0.05222062427163265,connected,mainstream
568,popular_1_exp_Experiment_1_seed_42,4,0.062179853764015906,connected,mainstream
213,popular_1_exp_Experiment_1_seed_42,4,0.053547802282244115,connected,mainstream
337,popular_1_exp_Experiment_1_seed_42,4,0.044801386853478405,connected,mainstream
544,popular_1_exp_Experiment_1_seed_42,4,0.0686264217245575,connected,mainstream
21,popular_1_exp_Experiment_1_seed_42,4,0.02130638315942167,connected,niche
329,popular_1_exp_Experiment_1_seed_42,4,0.0503322218193629,connected,mainstream
400,popular_1_exp_Experiment_1_seed_42,4,0.058968921433509146,connected,mainstream
67,popular_1_exp_Experiment_1_seed_42,4,0.051693856956251207,connected,mainstream
234,popular_1_exp_Experiment_1_seed_42,4,0.05452505330597235,connected,mainstream
271,popular_1_exp_Experiment_1_seed_42,4,0.05019222318091587,connected,mainstream
76,popular_1_exp_Experiment_1_seed_42,4,0.060575348521372974,connected,mainstream
198,popular_1_exp_Experiment_1_seed_42,4,0.058491371993634335,connected,mainstream
351,popular_1_exp_Experiment_1_seed_42,4,0.054255665987972414,connected,mainstream
141,popular_1_exp_Experiment_1_seed_42,4,0.052207537064217054,connected,mainstream
421,popular_1_exp_Experiment_1_seed_42,4,0.05815329162020377,connected,mainstream
166,popular_1_exp_Experiment_1_seed_42,4,0.05360021899514044,connected,mainstream
580,popular_1_exp_Experiment_1_seed_42,4,0.053003980833028826,connected,mainstream
154,popular_1_exp_Experiment_1_seed_42,4,0.048609259046875075,connected,mainstream
303,popular_1_exp_Experiment_1_seed_42,4,0.05459094711334194,connected,mainstream
268,popular_1_exp_Experiment_1_seed_42,4,0.053857536555104064,connected,mainstream
64,popular_1_exp_Experiment_1_seed_42,4,0.053727195748111994,connected,mainstream
224,popular_1_exp_Experiment_1_seed_42,4,0.05959208576936259,connected,mainstream
264,popular_1_exp_Experiment_1_seed_42,4,0.05200010157242876,connected,mainstream
70,popular_1_exp_Experiment_1_seed_42,4,0.06090659254902528,connected,mainstream
144,popular_1_exp_Experiment_1_seed_42,4,0.06166166282930055,connected,mainstream
546,popular_1_exp_Experiment_1_seed_42,4,0.05170402453585909,connected,mainstream
41,popular_1_exp_Experiment_1_seed_42,4,0.019725546641952713,connected,niche
59,popular_1_exp_Experiment_1_seed_42,4,0.0148579308677943,connected,niche
502,popular_1_exp_Experiment_1_seed_42,4,0.051890463759207174,connected,mainstream
379,popular_1_exp_Experiment_1_seed_42,4,0.04884954794630997,connected,mainstream
506,popular_1_exp_Experiment_1_seed_42,4,0.06122506164748006,connected,mainstream
226,popular_1_exp_Experiment_1_seed_42,4,0.05121963021057554,connected,mainstream
436,popular_1_exp_Experiment_1_seed_42,4,0.05080637045575967,connected,mainstream
483,popular_1_exp_Experiment_1_seed_42,4,0.07910670639427478,connected,mainstream
463,popular_1_exp_Experiment_1_seed_42,4,0.05354120529942966,connected,mainstream
177,popular_1_exp_Experiment_1_seed_42,4,0.06341783731441562,connected,mainstream
95,popular_1_exp_Experiment_1_seed_42,4,0.053839813642510524,connected,mainstream
104,popular_1_exp_Experiment_1_seed_42,4,0.06785912109791599,connected,mainstream
378,popular_1_exp_Experiment_1_seed_42,4,0.07138451378756581,connected,mainstream
328,popular_1_exp_Experiment_1_seed_42,4,0.05300729907855695,connected,mainstream
464,popular_1_exp_Experiment_1_seed_42,4,0.055182127285967664,connected,mainstream
115,popular_1_exp_Experiment_1_seed_42,4,0.05238581124923164,connected,mainstream
184,popular_1_exp_Experiment_1_seed_42,4,0.06708482027662495,connected,mainstream
547,popular_1_exp_Experiment_1_seed_42,4,0.06241735794578362,connected,mainstream
220,popular_1_exp_Experiment_1_seed_42,4,0.06435466184381518,connected,mainstream
515,popular_1_exp_Experiment_1_seed_42,4,0.05156392726270994,connected,mainstream
450,popular_1_exp_Experiment_1_seed_42,4,0.05760183327475133,connected,mainstream
79,popular_1_exp_Experiment_1_seed_42,4,0.06187831168310546,connected,mainstream
193,popular_1_exp_Experiment_1_seed_42,4,0.05467588670853805,connected,mainstream
347,popular_1_exp_Experiment_1_seed_42,4,0.05071397402716713,connected,mainstream
332,popular_1_exp_Experiment_1_seed_42,4,0.06382397340708151,connected,mainstream
101,popular_1_exp_Experiment_1_seed_42,4,0.052260737084420555,connected,mainstream
443,popular_1_exp_Experiment_1_seed_42,4,0.06360925454098963,connected,mainstream
36,popular_1_exp_Experiment_1_seed_42,4,0.0193682751386146,connected,niche
283,popular_1_exp_Experiment_1_seed_42,4,0.06500850879601278,connected,mainstream
383,popular_1_exp_Experiment_1_seed_42,4,0.06697573668235525,connected,mainstream
94,popular_1_exp_Experiment_1_seed_42,4,0.05550161039577687,connected,mainstream
260,popular_1_exp_Experiment_1_seed_42,4,0.0647708054911884,connected,mainstream
534,popular_1_exp_Experiment_1_seed_42,4,0.05588510387604634,connected,mainstream
355,popular_1_exp_Experiment_1_seed_42,4,0.06338632830613415,connected,mainstream
513,popular_1_exp_Experiment_1_seed_42,4,0.05539471747072263,connected,mainstream
579,popular_1_exp_Experiment_1_seed_42,4,0.058401846304756234,connected,mainstream
331,popular_1_exp_Experiment_1_seed_42,4,0.0553568985896807,connected,mainstream
112,popular_1_exp_Experiment_1_seed_42,4,0.06055724852147468,connected,mainstream
25,popular_1_exp_Experiment_1_seed_42,4,0.024322338537982408,connected,niche
462,popular_1_exp_Experiment_1_seed_42,4,0.053885295087669684,connected,mainstream
441,popular_1_exp_Experiment_1_seed_42,4,0.05951988216631116,connected,mainstream
72,popular_1_exp_Experiment_1_seed_42,4,0.053355209514582246,connected,mainstream
2,popular_1_exp_Experiment_1_seed_42,4,0.018242673681226562,connected,niche
221,popular_1_exp_Experiment_1_seed_42,4,0.06470528930148035,connected,mainstream
591,popular_1_exp_Experiment_1_seed_42,4,0.057684058272247186,connected,mainstream
289,popular_1_exp_Experiment_1_seed_42,4,0.05273147699247486,connected,mainstream
262,popular_1_exp_Experiment_1_seed_42,4,0.05067382549052202,connected,mainstream
344,popular_1_exp_Experiment_1_seed_42,4,0.05552644314441429,connected,mainstream
325,popular_1_exp_Experiment_1_seed_42,4,0.06535456556275931,connected,mainstream
247,popular_1_exp_Experiment_1_seed_42,4,0.059395897709223565,connected,mainstream
255,popular_1_exp_Experiment_1_seed_42,4,0.056901889998692466,connected,mainstream
377,popular_1_exp_Experiment_1_seed_42,4,0.05348477427628073,connected,mainstream
552,popular_1_exp_Experiment_1_seed_42,4,0.06589574936383401,connected,mainstream
195,popular_1_exp_Experiment_1_seed_42,4,0.051974085555477584,connected,mainstream
585,popular_1_exp_Experiment_1_seed_42,4,0.051835660340011885,connected,mainstream
175,popular_1_exp_Experiment_1_seed_42,4,0.05895376483552233,connected,mainstream
576,popular_1_exp_Experiment_1_seed_42,4,0.05041175059582556,connected,mainstream
438,popular_1_exp_Experiment_1_seed_42,4,0.06296616498749728,connected,mainstream
178,popular_1_exp_Experiment_1_seed_42,4,0.05515479101872952,connected,mainstream
290,popular_1_exp_Experiment_1_seed_42,4,0.04985516626682488,connected,mainstream
282,popular_1_exp_Experiment_1_seed_42,4,0.05350759530286519,connected,mainstream
536,popular_1_exp_Experiment_1_seed_42,4,0.05350596747275624,connected,mainstream
173,popular_1_exp_Experiment_1_seed_42,4,0.05359198225532618,connected,mainstream
358,popular_1_exp_Experiment_1_seed_42,4,0.0632386338085712,connected,mainstream
531,popular_1_exp_Experiment_1_seed_42,4,0.05393669014445198,connected,mainstream
27,popular_1_exp_Experiment_1_seed_42,4,0.017662774847945147,connected,niche
38,popular_1_exp_Experiment_1_seed_42,4,0.028003019709268568,connected,niche
482,popular_1_exp_Experiment_1_seed_42,4,0.06022781817319067,connected,mainstream
128,popular_1_exp_Experiment_1_seed_42,4,0.056480868007942296,connected,mainstream
126,popular_1_exp_Experiment_1_seed_42,4,0.05259298623529368,connected,mainstream
225,popular_1_exp_Experiment_1_seed_42,4,0.054431913439676544,connected,mainstream
257,popular_1_exp_Experiment_1_seed_42,4,0.05463984460718702,connected,mainstream
158,popular_1_exp_Experiment_1_seed_42,4,0.0550585943942668,connected,mainstream
448,popular_1_exp_Experiment_1_seed_42,4,0.052217845547247864,connected,mainstream
99,popular_1_exp_Experiment_1_seed_42,4,0.057953941484568235,connected,mainstream
7,popular_1_exp_Experiment_1_seed_42,4,0.01698446378018387,connected,niche
418,popular_1_exp_Experiment_1_seed_42,4,0.05605812587500563,connected,mainstream
564,popular_1_exp_Experiment_1_seed_42,4,0.052753155246666635,connected,mainstream
493,popular_1_exp_Experiment_1_seed_42,4,0.06833550810560131,connected,mainstream
419,popular_1_exp_Experiment_1_seed_42,4,0.05740752043087827,connected,mainstream
362,popular_1_exp_Experiment_1_seed_42,4,0.0520541422536416,connected,mainstream
102,popular_1_exp_Experiment_1_seed_42,4,0.050638753492082654,connected,mainstream
590,popular_1_exp_Experiment_1_seed_42,4,0.055420067286929775,connected,mainstream
58,popular_1_exp_Experiment_1_seed_42,4,0.016014970680837456,connected,niche
230,popular_1_exp_Experiment_1_seed_42,4,0.05691535553012841,connected,mainstream
49,popular_1_exp_Experiment_1_seed_42,4,0.016677174763694794,connected,niche
309,popular_1_exp_Experiment_1_seed_42,4,0.06092361936156785,connected,mainstream
439,popular_1_exp_Experiment_1_seed_42,4,0.05854244901117905,connected,mainstream
388,popular_1_exp_Experiment_1_seed_42,4,0.045044184269161236,connected,mainstream
582,popular_1_exp_Experiment_1_seed_42,4,0.0536933146066596,connected,mainstream
45,popular_1_exp_Experiment_1_seed_42,4,0.017710412208552146,connected,niche
548,popular_1_exp_Experiment_1_seed_42,4,0.06558163808575047,connected,mainstream
523,popular_1_exp_Experiment_1_seed_42,4,0.05975485598173172,connected,mainstream
538,popular_1_exp_Experiment_1_seed_42,4,0.04837258324132173,connected,mainstream
357,popular_1_exp_Experiment_1_seed_42,4,0.06346412422195045,connected,mainstream
192,popular_1_exp_Experiment_1_seed_42,4,0.05128700083529356,connected,mainstream
399,popular_1_exp_Experiment_1_seed_42,4,0.049706313155389446,connected,mainstream
479,popular_1_exp_Experiment_1_seed_42,4,0.050074108239479415,connected,mainstream
93,popular_1_exp_Experiment_1_seed_42,4,0.06922638763416987,connected,mainstream
46,popular_1_exp_Experiment_1_seed_42,4,0.019234131016688735,connected,niche
573,popular_1_exp_Experiment_1_seed_42,4,0.05118634558606128,connected,mainstream
490,popular_1_exp_Experiment_1_seed_42,4,0.05266941381650838,connected,mainstream
182,popular_1_exp_Experiment_1_seed_42,4,0.052625184853368624,connected,mainstream
214,popular_1_exp_Experiment_1_seed_42,4,0.055988985227420296,connected,mainstream
306,popular_1_exp_Experiment_1_seed_42,4,0.06312525796357403,connected,mainstream
148,popular_1_exp_Experiment_1_seed_42,4,0.05131803951169519,connected,mainstream
106,popular_1_exp_Experiment_1_seed_42,4,0.054208792978280074,connected,mainstream
380,popular_1_exp_Experiment_1_seed_42,4,0.05292268535812627,connected,mainstream
3,popular_1_exp_Experiment_1_seed_42,4,0.0305682355977684,connected,niche
510,popular_1_exp_Experiment_1_seed_42,4,0.06242115720735605,connected,mainstream
467,popular_1_exp_Experiment_1_seed_42,4,0.07158375247787636,connected,mainstream
578,popular_1_exp_Experiment_1_seed_42,4,0.05323600302121937,connected,mainstream
244,popular_1_exp_Experiment_1_seed_42,4,0.048670511615036625,connected,mainstream
276,popular_1_exp_Experiment_1_seed_42,4,0.057732035851343844,connected,mainstream
174,popular_1_exp_Experiment_1_seed_42,4,0.0514762717753865,connected,mainstream
145,popular_1_exp_Experiment_1_seed_42,4,0.05102505287088054,connected,mainstream
171,popular_1_exp_Experiment_1_seed_42,4,0.058644631475728765,connected,mainstream
92,popular_1_exp_Experiment_1_seed_42,4,0.0579600298463322,connected,mainstream
572,popular_1_exp_Experiment_1_seed_42,4,0.05635626725680321,connected,mainstream
232,popular_1_exp_Experiment_1_seed_42,4,0.05563209750868947,connected,mainstream
168,popular_1_exp_Experiment_1_seed_42,4,0.060498945455053195,connected,mainstream
485,popular_1_exp_Experiment_1_seed_42,4,0.06517094036876381,connected,mainstream
97,popular_1_exp_Experiment_1_seed_42,4,0.054665209157212534,connected,mainstream
55,popular_1_exp_Experiment_1_seed_42,4,0.017579353313695607,connected,niche
275,popular_1_exp_Experiment_1_seed_42,4,0.05320861245000544,connected,mainstream
557,popular_1_exp_Experiment_1_seed_42,4,0.06099693167112586,connected,mainstream
315,popular_1_exp_Experiment_1_seed_42,4,0.057710627322207164,connected,mainstream
286,popular_1_exp_Experiment_1_seed_42,4,0.06025820640507712,connected,mainstream
250,popular_1_exp_Experiment_1_seed_42,4,0.06099614803115996,connected,mainstream
566,popular_1_exp_Experiment_1_seed_42,4,0.05529781085600582,connected,mainstream
235,popular_1_exp_Experiment_1_seed_42,4,0.05112927733932408,connected,mainstream
472,popular_1_exp_Experiment_1_seed_42,4,0.05379834945602288,connected,mainstream
258,popular_1_exp_Experiment_1_seed_42,4,0.05193896561798763,connected,mainstream
363,popular_1_exp_Experiment_1_seed_42,4,0.05336712305084723,connected,mainstream
222,popular_1_exp_Experiment_1_seed_42,4,0.05195421646012888,connected,mainstream
588,popular_1_exp_Experiment_1_seed_42,4,0.059624708087576785,connected,mainstream
431,popular_1_exp_Experiment_1_seed_42,4,0.05533389701206307,connected,mainstream
261,popular_1_exp_Experiment_1_seed_42,4,0.062233373645393754,connected,mainstream
345,popular_1_exp_Experiment_1_seed_42,4,0.06318060927196253,connected,mainstream
308,popular_1_exp_Experiment_1_seed_42,4,0.05567523388978735,connected,mainstream
416,popular_1_exp_Experiment_1_seed_42,4,0.058251264416380934,connected,mainstream
595,popular_1_exp_Experiment_1_seed_42,4,0.050664138822607625,connected,mainstream
228,popular_1_exp_Experiment_1_seed_42,4,0.05674643926812321,connected,mainstream
348,popular_1_exp_Experiment_1_seed_42,4,0.05527750018332698,connected,mainstream
120,popular_1_exp_Experiment_1_seed_42,4,0.052894792269390555,connected,mainstream
71,popular_1_exp_Experiment_1_seed_42,4,0.04532083293463015,connected,mainstream
323,popular_1_exp_Experiment_1_seed_42,4,0.052173601221043024,connected,mainstream
505,popular_1_exp_Experiment_1_seed_42,4,0.05966437212853465,connected,mainstream
181,popular_1_exp_Experiment_1_seed_42,4,0.06237081383364321,connected,mainstream
335,popular_1_exp_Experiment_1_seed_42,4,0.06930927879280198,connected,mainstream
594,popular_1_exp_Experiment_1_seed_42,4,0.052396005963631385,connected,mainstream
119,popular_1_exp_Experiment_1_seed_42,4,0.06821277139701275,connected,mainstream
562,popular_1_exp_Experiment_1_seed_42,4,0.07196152878587128,connected,mainstream
503,popular_1_exp_Experiment_1_seed_42,4,0.05052590341089511,connected,mainstream
288,popular_1_exp_Experiment_1_seed_42,4,0.05064156351461427,connected,mainstream
488,popular_1_exp_Experiment_1_seed_42,4,0.0547564937917124,connected,mainstream
407,popular_1_exp_Experiment_1_seed_42,4,0.05927304067856439,connected,mainstream
1,popular_1_exp_Experiment_1_seed_42,4,0.014572557356996604,connected,niche
85,popular_1_exp_Experiment_1_seed_42,4,0.05967241177846557,connected,mainstream
100,popular_1_exp_Experiment_1_seed_42,4,0.061132405269656,connected,mainstream
43,popular_1_exp_Experiment_1_seed_42,4,0.0154725849864566,connected,niche
497,popular_1_exp_Experiment_1_seed_42,4,0.05027394479527735,connected,mainstream
139,popular_1_exp_Experiment_1_seed_42,4,0.05582476020882333,connected,mainstream
96,popular_1_exp_Experiment_1_seed_42,4,0.0699891974398102,connected,mainstream
87,popular_1_exp_Experiment_1_seed_42,4,0.07236730170334736,connected,mainstream
88,popular_1_exp_Experiment_1_seed_42,4,0.05399251694749455,connected,mainstream
366,popular_1_exp_Experiment_1_seed_42,4,0.053880601744532984,connected,mainstream
561,popular_1_exp_Experiment_1_seed_42,4,0.05434872810308048,connected,mainstream
596,popular_1_exp_Experiment_1_seed_42,4,0.05115296024342301,connected,mainstream
44,popular_1_exp_Experiment_1_seed_42,4,0.022220739518849657,connected,niche
267,popular_1_exp_Experiment_1_seed_42,4,0.05415825886437917,connected,mainstream
19,popular_1_exp_Experiment_1_seed_42,4,0.016975567054976468,connected,niche
393,popular_1_exp_Experiment_1_seed_42,4,0.05178440808487589,connected,mainstream
13,popular_1_exp_Experiment_1_seed_42,4,0.027642878906064473,connected,niche
127,popular_1_exp_Experiment_1_seed_42,4,0.05370021548509694,connected,mainstream
266,popular_1_exp_Experiment_1_seed_42,4,0.0690098033222528,connected,mainstream
279,popular_1_exp_Experiment_1_seed_42,4,0.05271165478164252,connected,mainstream
494,popular_1_exp_Experiment_1_seed_42,4,0.06047430928201027,connected,mainstream
202,popular_1_exp_Experiment_1_seed_42,4,0.06032573053803464,connected,mainstream
529,popular_1_exp_Experiment_1_seed_42,4,0.0570832595155966,connected,mainstream
376,popular_1_exp_Experiment_1_seed_42,4,0.05646226613691644,connected,mainstream
334,popular_1_exp_Experiment_1_seed_42,4,0.05596737754814111,connected,mainstream
8,popular_1_exp_Experiment_1_seed_42,4,0.015445411168654727,connected,niche
477,popular_1_exp_Experiment_1_seed_42,4,0.05190103499190799,connected,mainstream
130,popular_1_exp_Experiment_1_seed_42,4,0.07438826408006839,connected,mainstream
33,popular_1_exp_Experiment_1_seed_42,4,0.021650282438216695,connected,niche
190,popular_1_exp_Experiment_1_seed_42,4,0.057535111449626954,connected,mainstream
474,popular_1_exp_Experiment_1_seed_42,4,0.05888751009579829,connected,mainstream
165,popular_1_exp_Experiment_1_seed_42,4,0.06378568498813732,connected,mainstream
442,popular_1_exp_Experiment_1_seed_42,4,0.05232365077234764,connected,mainstream
73,popular_1_exp_Experiment_1_seed_42,4,0.06273699491425956,connected,mainstream
401,popular_1_exp_Experiment_1_seed_42,4,0.061026816907286896,connected,mainstream
155,popular_1_exp_Experiment_1_seed_42,4,0.07688846433682427,connected,mainstream
60,popular_1_exp_Experiment_1_seed_42,4,0.06792925048594078,connected,mainstream
187,popular_1_exp_Experiment_1_seed_42,4,0.05786583298810158,connected,mainstream
411,popular_1_exp_Experiment_1_seed_42,4,0.052831374908851626,connected,mainstream
460,popular_1_exp_Experiment_1_seed_42,4,0.06654826542410319,connected,mainstream
273,popular_1_exp_Experiment_1_seed_42,4,0.06812445275019514,connected,mainstream
42,popular_1_exp_Experiment_1_seed_42,4,0.014085821749839625,connected,niche
98,popular_1_exp_Experiment_1_seed_42,4,0.05282325243152906,connected,mainstream
161,popular_1_exp_Experiment_1_seed_42,4,0.06528317938549615,connected,mainstream
231,popular_1_exp_Experiment_1_seed_42,4,0.05594899837947472,connected,mainstream
361,popular_1_exp_Experiment_1_seed_42,4,0.0583639943667007,connected,mainstream
233,popular_1_exp_Experiment_1_seed_42,4,0.05531573588302192,connected,mainstream
151,popular_1_exp_Experiment_1_seed_42,4,0.05585005470933877,connected,mainstream
518,popular_1_exp_Experiment_1_seed_42,4,0.054465413817772985,connected,mainstream
310,popular_1_exp_Experiment_1_seed_42,4,0.05061977730148661,connected,mainstream
160,popular_1_exp_Experiment_1_seed_42,4,0.05519160324317641,connected,mainstream
103,popular_1_exp_Experiment_1_seed_42,4,0.05176754953180365,connected,mainstream
385,popular_1_exp_Experiment_1_seed_42,4,0.05451674720944333,connected,mainstream
83,popular_1_exp_Experiment_1_seed_42,4,0.05418615298795574,connected,mainstream
326,popular_1_exp_Experiment_1_seed_42,4,0.05527891354871334,connected,mainstream
74,popular_1_exp_Experiment_1_seed_42,4,0.06819432353703879,connected,mainstream
406,popular_1_exp_Experiment_1_seed_42,4,0.05731820785449133,connected,mainstream
63,popular_1_exp_Experiment_1_seed_42,4,0.05377172104472407,connected,mainstream
495,popular_1_exp_Experiment_1_seed_42,4,0.050343391085748944,connected,mainstream
504,popular_1_exp_Experiment_1_seed_42,4,0.04899597002648182,connected,mainstream
51,popular_1_exp_Experiment_1_seed_42,4,0.01743530795998839,connected,niche
554,popular_1_exp_Experiment_1_seed_42,4,0.06826128299527162,connected,mainstream
199,popular_1_exp_Experiment_1_seed_42,4,0.061359123604788464,connected,mainstream
209,popular_1_exp_Experiment_1_seed_42,4,0.05558057833348399,connected,mainstream
305,popular_1_exp_Experiment_1_seed_42,4,0.0495397961924555,connected,mainstream
581,popular_1_exp_Experiment_1_seed_42,4,0.057102785269479504,connected,mainstream
23,popular_1_exp_Experiment_1_seed_42,4,0.01718249622432572,connected,niche
481,popular_1_exp_Experiment_1_seed_42,4,0.058353433317909126,connected,mainstream
553,popular_1_exp_Experiment_1_seed_42,4,0.06009194316276254,connected,mainstream
133,popular_1_exp_Experiment_1_seed_42,4,0.055594860168399894,connected,mainstream
551,popular_1_exp_Experiment_1_seed_42,4,0.052767741860877015,connected,mainstream
575,popular_1_exp_Experiment_1_seed_42,4,0.05097599829217613,connected,mainstream
90,popular_1_exp_Experiment_1_seed_42,4,0.04987528826315638,connected,mainstream
311,popular_1_exp_Experiment_1_seed_42,4,0.06718433380607135,connected,mainstream
136,popular_1_exp_Experiment_1_seed_42,4,0.05997887817145645,connected,mainstream
364,popular_1_exp_Experiment_1_seed_42,4,0.0518503046861603,connected,mainstream
422,popular_1_exp_Experiment_1_seed_42,4,0.05886103969996373,connected,mainstream
560,popular_1_exp_Experiment_1_seed_42,4,0.0478144802627268,connected,mainstream
48,popular_1_exp_Experiment_1_seed_42,4,0.013977308963905545,connected,niche
592,popular_1_exp_Experiment_1_seed_42,4,0.059487321570879235,connected,mainstream
466,popular_1_exp_Experiment_1_seed_42,4,0.052986775730408275,connected,mainstream
420,popular_1_exp_Experiment_1_seed_42,4,0.058657124634514723,connected,mainstream
404,popular_1_exp_Experiment_1_seed_42,4,0.05539595431772687,connected,mainstream
437,popular_1_exp_Experiment_1_seed_42,4,0.06393421924551622,connected,mainstream
537,popular_1_exp_Experiment_1_seed_42,4,0.060544857451892024,connected,mainstream
589,popular_1_exp_Experiment_1_seed_42,4,0.06043501579807098,connected,mainstream
56,popular_1_exp_Experiment_1_seed_42,4,0.014160500054984981,connected,niche
352,popular_1_exp_Experiment_1_seed_42,4,0.05476712194547447,connected,mainstream
414,popular_1_exp_Experiment_1_seed_42,4,0.055654923991511805,connected,mainstream
432,popular_1_exp_Experiment_1_seed_42,4,0.06595768162181048,connected,mainstream
563,popular_1_exp_Experiment_1_seed_42,4,0.05454014199012208,connected,mainstream
40,popular_1_exp_Experiment_1_seed_42,4,0.017099704789536024,connected,niche
475,popular_1_exp_Experiment_1_seed_42,4,0.04912611261101762,connected,mainstream
248,popular_1_exp_Experiment_1_seed_42,4,0.06453718788880713,connected,mainstream
62,popular_1_exp_Experiment_1_seed_42,4,0.06564977181417028,connected,mainstream
556,popular_1_exp_Experiment_1_seed_42,4,0.05192885954142829,connected,mainstream
522,popular_1_exp_Experiment_1_seed_42,4,0.06667686081585739,connected,mainstream
492,popular_1_exp_Experiment_1_seed_42,4,0.05848851630590837,connected,mainstream
298,popular_1_exp_Experiment_1_seed_42,4,0.05234173642018671,connected,mainstream
597,popular_1_exp_Experiment_1_seed_42,4,0.05909652406323379,connected,mainstream
487,popular_1_exp_Experiment_1_seed_42,4,0.06101091677616294,connected,mainstream
186,popular_1_exp_Experiment_1_seed_42,4,0.08043023563145196,connected,mainstream
185,popular_1_exp_Experiment_1_seed_42,4,0.05229674806827517,connected,mainstream
324,popular_1_exp_Experiment_1_seed_42,4,0.05900085806653289,connected,mainstream
301,popular_1_exp_Experiment_1_seed_42,4,0.05163504230015748,connected,mainstream
391,popular_1_exp_Experiment_1_seed_42,4,0.048336064279667086,connected,mainstream
584,popular_1_exp_Experiment_1_seed_42,4,0.05288426497878292,connected,mainstream
157,popular_1_exp_Experiment_1_seed_42,4,0.05533176652178906,connected,mainstream
28,popular_1_exp_Experiment_1_seed_42,4,0.0139797948303585,connected,niche
417,popular_1_exp_Experiment_1_seed_42,4,0.05279351449995886,connected,mainstream
236,popular_1_exp_Experiment_1_seed_42,4,0.05170564838193231,connected,mainstream
293,popular_1_exp_Experiment_1_seed_42,4,0.05870374988389493,connected,mainstream
593,popular_1_exp_Experiment_1_seed_42,4,0.06832037423485829,connected,mainstream
299,popular_1_exp_Experiment_1_seed_42,4,0.05474250775072248,connected,mainstream
516,popular_1_exp_Experiment_1_seed_42,4,0.05215067225179496,connected,mainstream
183,popular_1_exp_Experiment_1_seed_42,4,0.06619925358172313,connected,mainstream
396,popular_1_exp_Experiment_1_seed_42,4,0.059804148718512064,connected,mainstream
446,popular_1_exp_Experiment_1_seed_42,4,0.052058071023384916,connected,mainstream
11,popular_1_exp_Experiment_1_seed_42,4,0.01549857764262212,connected,niche
256,popular_1_exp_Experiment_1_seed_42,4,0.055744633843046475,connected,mainstream
208,popular_1_exp_Experiment_1_seed_42,4,0.050346531719945326,connected,mainstream
242,popular_1_exp_Experiment_1_seed_42,4,0.0623399516256398,connected,mainstream
117,popular_1_exp_Experiment_1_seed_42,4,0.05082517242016701,connected,mainstream
5,popular_1_exp_Experiment_1_seed_42,4,0.01546231066712968,connected,niche
424,popular_1_exp_Experiment_1_seed_42,4,0.05496022063840692,connected,mainstream
480,popular_1_exp_Experiment_1_seed_42,4,0.05095553446186862,connected,mainstream
113,popular_1_exp_Experiment_1_seed_42,4,0.0546717618654492,connected,mainstream
429,popular_1_exp_Experiment_1_seed_42,4,0.05700253611232386,connected,mainstream
465,popular_1_exp_Experiment_1_seed_42,4,0.06132419571477857,connected,mainstream
280,popular_1_exp_Experiment_1_seed_42,4,0.05002840351492408,connected,mainstream
111,popular_1_exp_Experiment_1_seed_42,4,0.058330732254743216,connected,mainstream
35,popular_1_exp_Experiment_1_seed_42,4,0.014651424101448174,connected,niche
132,popular_1_exp_Experiment_1_seed_42,4,0.058844999153735374,connected,mainstream
287,popular_1_exp_Experiment_1_seed_42,4,0.05231466368655379,connected,mainstream
394,popular_1_exp_Experiment_1_seed_42,4,0.05645133606262243,connected,mainstream
53,popular_1_exp_Experiment_1_seed_42,4,0.02210414542792209,connected,niche
360,popular_1_exp_Experiment_1_seed_42,4,0.05110220009356883,connected,mainstream
29,popular_1_exp_Experiment_1_seed_42,4,0.026764415196192284,connected,niche
545,popular_1_exp_Experiment_1_seed_42,4,0.06518556083110782,connected,mainstream
461,popular_1_exp_Experiment_1_seed_42,4,0.060474784602224906,connected,mainstream
526,popular_1_exp_Experiment_1_seed_42,4,0.06395971612359508,connected,mainstream
426,popular_1_exp_Experiment_1_seed_42,4,0.04993783650269739,connected,mainstream
89,popular_1_exp_Experiment_1_seed_42,4,0.05726473834806361,connected,mainstream
150,popular_1_exp_Experiment_1_seed_42,4,0.06754124791386013,connected,mainstream
570,popular_1_exp_Experiment_1_seed_42,4,0.061827155099380665,connected,mainstream
295,popular_1_exp_Experiment_1_seed_42,4,0.0533076526895909,connected,mainstream
427,popular_1_exp_Experiment_1_seed_42,4,0.0583409469919858,connected,mainstream
297,popular_1_exp_Experiment_1_seed_42,4,0.0714609882119054,connected,mainstream
65,popular_1_exp_Experiment_1_seed_42,4,0.05475012494002667,connected,mainstream
206,popular_1_exp_Experiment_1_seed_42,4,0.04598880473029302,connected,mainstream
387,popular_1_exp_Experiment_1_seed_42,4,0.06700776155728153,connected,mainstream
14,popular_1_exp_Experiment_1_seed_42,4,0.021013219307878608,connected,niche
318,popular_1_exp_Experiment_1_seed_42,4,0.051167219310430744,connected,mainstream
156,popular_1_exp_Experiment_1_seed_42,4,0.06419177182020666,connected,mainstream
32,popular_1_exp_Experiment_1_seed_42,4,0.018690717650827637,connected,niche
412,popular_1_exp_Experiment_1_seed_42,4,0.05236007354759403,connected,mainstream
532,popular_1_exp_Experiment_1_seed_42,4,0.07328196537954695,connected,mainstream
134,popular_1_exp_Experiment_1_seed_42,4,0.05035480259816192,connected,mainstream
218,popular_1_exp_Experiment_1_seed_42,4,0.051985217249499414,connected,mainstream
16,popular_1_exp_Experiment_1_seed_42,4,0.022721538730915435,connected,niche
307,popular_1_exp_Experiment_1_seed_42,4,0.05760694711830666,connected,mainstream
292,popular_1_exp_Experiment_1_seed_42,4,0.06243757802753628,connected,mainstream
469,popular_1_exp_Experiment_1_seed_42,4,0.0542899924640717,connected,mainstream
402,popular_1_exp_Experiment_1_seed_42,4,0.05508966892253605,connected,mainstream
368,popular_1_exp_Experiment_1_seed_42,4,0.06447571057968078,connected,mainstream
241,popular_1_exp_Experiment_1_seed_42,4,0.06193964382910972,connected,mainstream
284,popular_1_exp_Experiment_1_seed_42,4,0.05929515776244932,connected,mainstream
270,popular_1_exp_Experiment_1_seed_42,4,0.06614605855091807,connected,mainstream
430,popular_1_exp_Experiment_1_seed_42,4,0.06529453480646923,connected,mainstream
459,popular_1_exp_Experiment_1_seed_42,4,0.05550399870342804,connected,mainstream
300,popular_1_exp_Experiment_1_seed_42,4,0.0558646042311071,connected,mainstream
583,popular_1_exp_Experiment_1_seed_42,4,0.06064458208606244,connected,mainstream
489,popular_1_exp_Experiment_1_seed_42,4,0.05749052578289935,connected,mainstream
381,popular_1_exp_Experiment_1_seed_42,4,0.05941763358471769,connected,mainstream
359,popular_1_exp_Experiment_1_seed_42,4,0.0526677827992194,connected,mainstream
569,popular_1_exp_Experiment_1_seed_42,4,0.05407466641140285,connected,mainstream
587,popular_1_exp_Experiment_1_seed_42,4,0.06477114402329144,connected,mainstream
511,popular_1_exp_Experiment_1_seed_42,4,0.06235898904888762,connected,mainstream
34,popular_1_exp_Experiment_1_seed_42,4,0.019934469157851593,connected,niche
82,popular_1_exp_Experiment_1_seed_42,4,0.07483156044563366,connected,mainstream
365,popular_1_exp_Experiment_1_seed_42,4,0.0587761234759687,connected,mainstream
454,popular_1_exp_Experiment_1_seed_42,4,0.06198039972003192,connected,mainstream
143,popular_1_exp_Experiment_1_seed_42,4,0.0505729659220631,connected,mainstream
68,popular_1_exp_Experiment_1_seed_42,4,0.05497126723510241,connected,mainstream
109,popular_1_exp_Experiment_1_seed_42,4,0.05287130404657878,connected,mainstream
201,popular_1_exp_Experiment_1_seed_42,4,0.05991090722983963,connected,mainstream
478,popular_1_exp_Experiment_1_seed_42,4,0.05324861453669915,connected,mainstream
277,popular_1_exp_Experiment_1_seed_42,4,0.06516448881172685,connected,mainstream
384,popular_1_exp_Experiment_1_seed_42,4,0.06830772657736957,connected,mainstream
440,popular_1_exp_Experiment_1_seed_42,4,0.0597605311733724,connected,mainstream
20,popular_1_exp_Experiment_1_seed_42,4,0.01924366159229488,connected,niche
135,popular_1_exp_Experiment_1_seed_42,4,0.05732728255783907,connected,mainstream
410,popular_1_exp_Experiment_1_seed_42,4,0.050522556218996824,connected,mainstream
272,popular_1_exp_Experiment_1_seed_42,4,0.05446942635490049,connected,mainstream
369,popular_1_exp_Experiment_1_seed_42,4,0.054305324811753736,connected,mainstream
320,popular_1_exp_Experiment_1_seed_42,4,0.062108249520638925,connected,mainstream
349,popular_1_exp_Experiment_1_seed_42,4,0.05836501396025229,connected,mainstream
6,popular_1_exp_Experiment_1_seed_42,4,0.024283036096099483,connected,niche
473,popular_1_exp_Experiment_1_seed_42,4,0.06565294828388905,connected,mainstream
599,popular_1_exp_Experiment_1_seed_42,4,0.04842701323924683,connected,mainstream
9,popular_1_exp_Experiment_1_seed_42,4,0.020965492600159827,connected,niche
501,popular_1_exp_Experiment_1_seed_42,4,0.062144944675509496,connected,mainstream
302,popular_1_exp_Experiment_1_seed_42,4,0.05174748910833566,connected,mainstream
457,popular_1_exp_Experiment_1_seed_42,4,0.0567576978087484,connected,mainstream
500,popular_1_exp_Experiment_1_seed_42,4,0.051002915877216864,connected,mainstream
10,popular_1_exp_Experiment_1_seed_42,4,0.022833708466001666,connected,niche
338,popular_1_exp_Experiment_1_seed_42,4,0.05035058255790964,connected,mainstream
514,popular_1_exp_Experiment_1_seed_42,4,0.07054369788809464,connected,mainstream
179,popular_1_exp_Experiment_1_seed_42,4,0.050308369296424106,connected,mainstream
535,popular_1_exp_Experiment_1_seed_42,4,0.06626779241675537,connected,mainstream
86,popular_1_exp_Experiment_1_seed_42,4,0.049460405866641986,connected,mainstream
540,popular_1_exp_Experiment_1_seed_42,4,0.05318289367618967,connected,mainstream
559,popular_1_exp_Experiment_1_seed_42,4,0.05252965329432774,connected,mainstream
123,popular_1_exp_Experiment_1_seed_42,4,0.05371338190867881,connected,mainstream
167,popular_1_exp_Experiment_1_seed_42,4,0.06011610398231349,connected,mainstream
172,popular_1_exp_Experiment_1_seed_42,4,0.052087608353774184,connected,mainstream
274,popular_1_exp_Experiment_1_seed_42,4,0.05523965759579704,connected,mainstream
281,popular_1_exp_Experiment_1_seed_42,4,0.05498504698937972,connected,mainstream
445,popular_1_exp_Experiment_1_seed_42,4,0.06026271419835636,connected,mainstream
449,popular_1_exp_Experiment_1_seed_42,4,0.058834703416795926,connected,mainstream
17,popular_1_exp_Experiment_1_seed_42,4,0.015143472052910875,connected,niche
285,popular_1_exp_Experiment_1_seed_42,4,0.05441843924202892,connected,mainstream
403,popular_1_exp_Experiment_1_seed_42,4,0.0679670971277762,connected,mainstream
18,popular_1_exp_Experiment_1_seed_42,4,0.02150671208396836,connected,niche
550,popular_1_exp_Experiment_1_seed_42,4,0.049267612871313225,connected,mainstream
149,popular_1_exp_Experiment_1_seed_42,4,0.05966284205288528,connected,mainstream
314,popular_1_exp_Experiment_1_seed_42,4,0.059840731309288096,connected,mainstream
237,popular_1_exp_Experiment_1_seed_42,4,0.0564875704649414,connected,mainstream
354,popular_1_exp_Experiment_1_seed_42,4,0.06880789569560702,connected,mainstream
468,popular_1_exp_Experiment_1_seed_42,4,0.04900260993727778,connected,mainstream
330,popular_1_exp_Experiment_1_seed_42,4,0.06313793279867984,connected,mainstream
372,popular_1_exp_Experiment_1_seed_42,4,0.05409026504710293,connected,mainstream
254,popular_1_exp_Experiment_1_seed_42,4,0.04997984777085892,connected,mainstream
327,popular_1_exp_Experiment_1_seed_42,4,0.04724327936233994,connected,mainstream
278,popular_1_exp_Experiment_1_seed_42,4,0.05273799077779114,connected,mainstream
333,popular_1_exp_Experiment_1_seed_42,4,0.05663287077098369,connected,mainstream
131,popular_1_exp_Experiment_1_seed_42,4,0.0499096913621599,connected,mainstream
304,popular_1_exp_Experiment_1_seed_42,4,0.05519836946038242,connected,mainstream
567,popular_1_exp_Experiment_1_seed_42,4,0.07422777412806417,connected,mainstream
54,popular_1_exp_Experiment_1_seed_42,4,0.0254663770553078,connected,niche
163,popular_1_exp_Experiment_1_seed_42,4,0.06325806401329089,connected,mainstream
30,popular_1_exp_Experiment_1_seed_42,4,0.016083413352489157,connected,niche
204,popular_1_exp_Experiment_1_seed_42,4,0.060597126593721094,connected,mainstream
80,popular_1_exp_Experiment_1_seed_42,4,0.05688327161941769,connected,mainstream
447,popular_1_exp_Experiment_1_seed_42,4,0.05654900953107555,connected,mainstream
343,popular_1_exp_Experiment_1_seed_42,4,0.05726868015268305,connected,mainstream
108,popular_1_exp_Experiment_1_seed_42,4,0.050163210523167995,connected,mainstream
386,popular_1_exp_Experiment_1_seed_42,4,0.051071212743368614,connected,mainstream
374,popular_1_exp_Experiment_1_seed_42,4,0.05836636723847729,connected,mainstream
210,popular_1_exp_Experiment_1_seed_42,4,0.06361533241665059,connected,mainstream
238,popular_1_exp_Experiment_1_seed_42,4,0.0517150429824846,connected,mainstream
122,popular_1_exp_Experiment_1_seed_42,4,0.050582896606940375,connected,mainstream
521,popular_1_exp_Experiment_1_seed_42,4,0.05695953264743928,connected,mainstream
341,popular_1_exp_Experiment_1_seed_42,4,0.06434212753325218,connected,mainstream
69,popular_1_exp_Experiment_1_seed_42,4,0.05774543952300074,connected,mainstream
114,popular_1_exp_Experiment_1_seed_42,4,0.05441411606786151,connected,mainstream
373,popular_1_exp_Experiment_1_seed_42,4,0.06513086859327764,connected,mainstream
313,popular_1_exp_Experiment_1_seed_42,4,0.06057014172894276,connected,mainstream
153,popular_1_exp_Experiment_1_seed_42,4,0.052003312412836004,connected,mainstream
367,popular_1_exp_Experiment_1_seed_42,4,0.05398319873346141,connected,mainstream
577,popular_1_exp_Experiment_1_seed_42,4,0.05788150146903376,connected,mainstream
598,popular_1_exp_Experiment_1_seed_42,4,0.04719328817470494,connected,mainstream
390,popular_1_exp_Experiment_1_seed_42,4,0.060584210843308915,connected,mainstream
317,popular_1_exp_Experiment_1_seed_42,4,0.06371747543679766,connected,mainstream
66,popular_1_exp_Experiment_1_seed_42,4,0.047140237712938626,connected,mainstream
339,popular_1_exp_Experiment_1_seed_42,4,0.06258410422955499,connected,mainstream
116,popular_1_exp_Experiment_1_seed_42,4,0.0517244270894188,connected,mainstream
509,popular_1_exp_Experiment_1_seed_42,4,0.05660768615269509,connected,mainstream
121,popular_1_exp_Experiment_1_seed_42,4,0.06362388914645405,connected,mainstream
81,popular_1_exp_Experiment_1_seed_42,4,0.052611329939216855,connected,mainstream
356,popular_1_exp_Experiment_1_seed_42,4,0.05619758014774642,connected,mainstream
91,popular_1_exp_Experiment_1_seed_42,4,0.054565580497369016,connected,mainstream
22,popular_1_exp_Experiment_1_seed_42,4,0.014500143635637347,connected,niche
269,popular_1_exp_Experiment_1_seed_42,4,0.05814443346884279,connected,mainstream
397,popular_1_exp_Experiment_1_seed_42,4,0.0656702395400699,connected,mainstream
524,popular_1_exp_Experiment_1_seed_42,4,0.056977507534636644,connected,mainstream
470,popular_1_exp_Experiment_1_seed_42,4,0.05722826784597379,connected,mainstream
223,popular_1_exp_Experiment_1_seed_42,4,0.05773880645302454,connected,mainstream
212,popular_1_exp_Experiment_1_seed_42,4,0.054949471738601825,connected,mainstream
219,popular_1_exp_Experiment_1_seed_42,4,0.05166006467166941,connected,mainstream
249,popular_1_exp_Experiment_1_seed_42,4,0.049061473686477314,connected,mainstream
216,popular_1_exp_Experiment_1_seed_42,4,0.05629694279240526,connected,mainstream
346,popular_1_exp_Experiment_1_seed_42,4,0.050596210358294695,connected,mainstream
340,popular_1_exp_Experiment_1_seed_42,4,0.054921917531972904,connected,mainstream
312,popular_1_exp_Experiment_1_seed_42,4,0.0796905966386033,connected,mainstream
246,popular_1_exp_Experiment_1_seed_42,4,0.04982627514155777,connected,mainstream
229,popular_1_exp_Experiment_1_seed_42,4,0.04812823558402444,connected,mainstream
50,popular_1_exp_Experiment_1_seed_42,4,0.015915706216088375,connected,niche
392,popular_1_exp_Experiment_1_seed_42,5,0.06204423646861538,connected,mainstream
253,popular_1_exp_Experiment_1_seed_42,5,0.047249026306534214,connected,mainstream
558,popular_1_exp_Experiment_1_seed_42,5,0.053534846404253746,connected,mainstream
138,popular_1_exp_Experiment_1_seed_42,5,0.062156204350882184,connected,mainstream
539,popular_1_exp_Experiment_1_seed_42,5,0.0654116461338309,connected,mainstream
57,popular_1_exp_Experiment_1_seed_42,5,0.032926060228847254,connected,niche
433,popular_1_exp_Experiment_1_seed_42,5,0.055288117234667984,connected,mainstream
565,popular_1_exp_Experiment_1_seed_42,5,0.06382565854225015,connected,mainstream
196,popular_1_exp_Experiment_1_seed_42,5,0.06410558012670026,connected,mainstream
77,popular_1_exp_Experiment_1_seed_42,5,0.05587816892526124,connected,mainstream
319,popular_1_exp_Experiment_1_seed_42,5,0.05676463369830645,connected,mainstream
484,popular_1_exp_Experiment_1_seed_42,5,0.052012046064,connected,mainstream
398,popular_1_exp_Experiment_1_seed_42,5,0.05723888035150831,connected,mainstream
252,popular_1_exp_Experiment_1_seed_42,5,0.054256345615073386,connected,mainstream
197,popular_1_exp_Experiment_1_seed_42,5,0.051930072731456334,connected,mainstream
78,popular_1_exp_Experiment_1_seed_42,5,0.0636633160418467,connected,mainstream
350,popular_1_exp_Experiment_1_seed_42,5,0.06379974983514342,connected,mainstream
458,popular_1_exp_Experiment_1_seed_42,5,0.04970798253160961,connected,mainstream
423,popular_1_exp_Experiment_1_seed_42,5,0.05558476086561013,connected,mainstream
4,popular_1_exp_Experiment_1_seed_42,5,0.02777390517229561,connected,niche
409,popular_1_exp_Experiment_1_seed_42,5,0.0515363125423633,connected,mainstream
191,popular_1_exp_Experiment_1_seed_42,5,0.054001979782714406,connected,mainstream
84,popular_1_exp_Experiment_1_seed_42,5,0.0518875536224811,connected,mainstream
140,popular_1_exp_Experiment_1_seed_42,5,0.08563647004235171,connected,mainstream
486,popular_1_exp_Experiment_1_seed_42,5,0.05816481564012572,connected,mainstream
39,popular_1_exp_Experiment_1_seed_42,5,0.01372585088018261,connected,niche
382,popular_1_exp_Experiment_1_seed_42,5,0.06992036921434673,connected,mainstream
291,popular_1_exp_Experiment_1_seed_42,5,0.058858393761089346,connected,mainstream
146,popular_1_exp_Experiment_1_seed_42,5,0.05351154098448987,connected,mainstream
336,popular_1_exp_Experiment_1_seed_42,5,0.05057883583912773,connected,mainstream
353,popular_1_exp_Experiment_1_seed_42,5,0.05079942814338718,connected,mainstream
408,popular_1_exp_Experiment_1_seed_42,5,0.0630191787334242,connected,mainstream
549,popular_1_exp_Experiment_1_seed_42,5,0.050586926323274876,connected,mainstream
37,popular_1_exp_Experiment_1_seed_42,5,0.022187416104107,connected,niche
296,popular_1_exp_Experiment_1_seed_42,5,0.05517855913787741,connected,mainstream
207,popular_1_exp_Experiment_1_seed_42,5,0.06567413076834805,connected,mainstream
533,popular_1_exp_Experiment_1_seed_42,5,0.05105770447703273,connected,mainstream
240,popular_1_exp_Experiment_1_seed_42,5,0.050276713514066707,connected,mainstream
110,popular_1_exp_Experiment_1_seed_42,5,0.05179562368429657,connected,mainstream
245,popular_1_exp_Experiment_1_seed_42,5,0.05877874251107562,connected,mainstream
395,popular_1_exp_Experiment_1_seed_42,5,0.05936757492661854,connected,mainstream
52,popular_1_exp_Experiment_1_seed_42,5,0.014930307450734497,connected,niche
530,popular_1_exp_Experiment_1_seed_42,5,0.05428506160360554,connected,mainstream
371,popular_1_exp_Experiment_1_seed_42,5,0.06223408336668296,connected,mainstream
405,popular_1_exp_Experiment_1_seed_42,5,0.060965795810059314,connected,mainstream
164,popular_1_exp_Experiment_1_seed_42,5,0.06141553703822761,connected,mainstream
496,popular_1_exp_Experiment_1_seed_42,5,0.05545545450776191,connected,mainstream
342,popular_1_exp_Experiment_1_seed_42,5,0.057283150600870525,connected,mainstream
507,popular_1_exp_Experiment_1_seed_42,5,0.06864800844454141,connected,mainstream
31,popular_1_exp_Experiment_1_seed_42,5,0.02003166236093915,connected,niche
26,popular_1_exp_Experiment_1_seed_42,5,0.016193486592620307,connected,niche
555,popular_1_exp_Experiment_1_seed_42,5,0.07637600522916384,connected,mainstream
189,popular_1_exp_Experiment_1_seed_42,5,0.05109599043337765,connected,mainstream
176,popular_1_exp_Experiment_1_seed_42,5,0.060969997947533244,connected,mainstream
180,popular_1_exp_Experiment_1_seed_42,5,0.05353315333262346,connected,mainstream
61,popular_1_exp_Experiment_1_seed_42,5,0.04755517517650915,connected,mainstream
370,popular_1_exp_Experiment_1_seed_42,5,0.051575420929564575,connected,mainstream
47,popular_1_exp_Experiment_1_seed_42,5,0.01600087238157064,connected,niche
203,popular_1_exp_Experiment_1_seed_42,5,0.05609890810303137,connected,mainstream
169,popular_1_exp_Experiment_1_seed_42,5,0.06516996583424933,connected,mainstream
316,popular_1_exp_Experiment_1_seed_42,5,0.05254844517469242,connected,mainstream
498,popular_1_exp_Experiment_1_seed_42,5,0.055463057236087354,connected,mainstream
321,popular_1_exp_Experiment_1_seed_42,5,0.053999272667764435,connected,mainstream
542,popular_1_exp_Experiment_1_seed_42,5,0.053742437474561755,connected,mainstream
455,popular_1_exp_Experiment_1_seed_42,5,0.0725013289800264,connected,mainstream
451,popular_1_exp_Experiment_1_seed_42,5,0.05350487727528531,connected,mainstream
294,popular_1_exp_Experiment_1_seed_42,5,0.056974601629682015,connected,mainstream
227,popular_1_exp_Experiment_1_seed_42,5,0.05104554546313959,connected,mainstream
124,popular_1_exp_Experiment_1_seed_42,5,0.054237983022378096,connected,mainstream
265,popular_1_exp_Experiment_1_seed_42,5,0.050135782404435426,connected,mainstream
322,popular_1_exp_Experiment_1_seed_42,5,0.05436560030870036,connected,mainstream
107,popular_1_exp_Experiment_1_seed_42,5,0.06236970262458539,connected,mainstream
508,popular_1_exp_Experiment_1_seed_42,5,0.055644835260848236,connected,mainstream
259,popular_1_exp_Experiment_1_seed_42,5,0.054437298758106684,connected,mainstream
152,popular_1_exp_Experiment_1_seed_42,5,0.06392834164400925,connected,mainstream
162,popular_1_exp_Experiment_1_seed_42,5,0.049161582828316515,connected,mainstream
75,popular_1_exp_Experiment_1_seed_42,5,0.05632139999633382,connected,mainstream
512,popular_1_exp_Experiment_1_seed_42,5,0.057874880648719686,connected,mainstream
541,popular_1_exp_Experiment_1_seed_42,5,0.053546778033708047,connected,mainstream
125,popular_1_exp_Experiment_1_seed_42,5,0.05367958458557132,connected,mainstream
24,popular_1_exp_Experiment_1_seed_42,5,0.01661357813977352,connected,niche
453,popular_1_exp_Experiment_1_seed_42,5,0.04642125693503321,connected,mainstream
520,popular_1_exp_Experiment_1_seed_42,5,0.07044067998934951,connected,mainstream
525,popular_1_exp_Experiment_1_seed_42,5,0.06924473703494805,connected,mainstream
129,popular_1_exp_Experiment_1_seed_42,5,0.05535744677187198,connected,mainstream
586,popular_1_exp_Experiment_1_seed_42,5,0.05344914473553317,connected,mainstream
200,popular_1_exp_Experiment_1_seed_42,5,0.053686812718863754,connected,mainstream
543,popular_1_exp_Experiment_1_seed_42,5,0.052417251179978815,connected,mainstream
243,popular_1_exp_Experiment_1_seed_42,5,0.05115018337748336,connected,mainstream
239,popular_1_exp_Experiment_1_seed_42,5,0.06837334541215899,connected,mainstream
413,popular_1_exp_Experiment_1_seed_42,5,0.09634176397376411,connected,mainstream
476,popular_1_exp_Experiment_1_seed_42,5,0.05152474758532535,connected,mainstream
452,popular_1_exp_Experiment_1_seed_42,5,0.06742442723112459,connected,mainstream
105,popular_1_exp_Experiment_1_seed_42,5,0.07941567014351046,connected,mainstream
217,popular_1_exp_Experiment_1_seed_42,5,0.05215319648622462,connected,mainstream
159,popular_1_exp_Experiment_1_seed_42,5,0.04744222222034835,connected,mainstream
142,popular_1_exp_Experiment_1_seed_42,5,0.05903407369295175,connected,mainstream
517,popular_1_exp_Experiment_1_seed_42,5,0.05176583872072731,connected,mainstream
15,popular_1_exp_Experiment_1_seed_42,5,0.021824703501323317,connected,niche
444,popular_1_exp_Experiment_1_seed_42,5,0.05092042202198296,connected,mainstream
211,popular_1_exp_Experiment_1_seed_42,5,0.05623451723089928,connected,mainstream
375,popular_1_exp_Experiment_1_seed_42,5,0.056019690657779474,connected,mainstream
170,popular_1_exp_Experiment_1_seed_42,5,0.06399443626481639,connected,mainstream
415,popular_1_exp_Experiment_1_seed_42,5,0.06321974993944768,connected,mainstream
571,popular_1_exp_Experiment_1_seed_42,5,0.0513615934298805,connected,mainstream
251,popular_1_exp_Experiment_1_seed_42,5,0.05333785371422794,connected,mainstream
188,popular_1_exp_Experiment_1_seed_42,5,0.05700631204278078,connected,mainstream
194,popular_1_exp_Experiment_1_seed_42,5,0.05897562751625842,connected,mainstream
137,popular_1_exp_Experiment_1_seed_42,5,0.05420085081313061,connected,mainstream
527,popular_1_exp_Experiment_1_seed_42,5,0.05847389462260406,connected,mainstream
118,popular_1_exp_Experiment_1_seed_42,5,0.05878207684235017,connected,mainstream
519,popular_1_exp_Experiment_1_seed_42,5,0.056823448253595234,connected,mainstream
456,popular_1_exp_Experiment_1_seed_42,5,0.05306734314448744,connected,mainstream
471,popular_1_exp_Experiment_1_seed_42,5,0.051444938003926556,connected,mainstream
491,popular_1_exp_Experiment_1_seed_42,5,0.05981216628069952,connected,mainstream
425,popular_1_exp_Experiment_1_seed_42,5,0.05486333322309475,connected,mainstream
389,popular_1_exp_Experiment_1_seed_42,5,0.052449014403820805,connected,mainstream
434,popular_1_exp_Experiment_1_seed_42,5,0.05700813609263411,connected,mainstream
0,popular_1_exp_Experiment_1_seed_42,5,0.01947089108804993,connected,niche
263,popular_1_exp_Experiment_1_seed_42,5,0.057529049083835916,connected,mainstream
215,popular_1_exp_Experiment_1_seed_42,5,0.05723737958972499,connected,mainstream
428,popular_1_exp_Experiment_1_seed_42,5,0.0549119554368353,connected,mainstream
499,popular_1_exp_Experiment_1_seed_42,5,0.06414924283128443,connected,mainstream
147,popular_1_exp_Experiment_1_seed_42,5,0.06751397952269289,connected,mainstream
12,popular_1_exp_Experiment_1_seed_42,5,0.023704937005168857,connected,niche
205,popular_1_exp_Experiment_1_seed_42,5,0.05516116721701623,connected,mainstream
574,popular_1_exp_Experiment_1_seed_42,5,0.053675651692230826,connected,mainstream
435,popular_1_exp_Experiment_1_seed_42,5,0.060517538506191716,connected,mainstream
528,popular_1_exp_Experiment_1_seed_42,5,0.05188266910980168,connected,mainstream
568,popular_1_exp_Experiment_1_seed_42,5,0.06594860933622994,connected,mainstream
213,popular_1_exp_Experiment_1_seed_42,5,0.05378621248588763,connected,mainstream
337,popular_1_exp_Experiment_1_seed_42,5,0.06747966723875937,connected,mainstream
544,popular_1_exp_Experiment_1_seed_42,5,0.07004972610748261,connected,mainstream
21,popular_1_exp_Experiment_1_seed_42,5,0.019066727715603932,connected,niche
329,popular_1_exp_Experiment_1_seed_42,5,0.05076444194243496,connected,mainstream
400,popular_1_exp_Experiment_1_seed_42,5,0.06796919651016209,connected,mainstream
67,popular_1_exp_Experiment_1_seed_42,5,0.05241352847724794,connected,mainstream
234,popular_1_exp_Experiment_1_seed_42,5,0.051991866724093165,connected,mainstream
271,popular_1_exp_Experiment_1_seed_42,5,0.05199596579076755,connected,mainstream
76,popular_1_exp_Experiment_1_seed_42,5,0.06637050930550122,connected,mainstream
198,popular_1_exp_Experiment_1_seed_42,5,0.056433816850886664,connected,mainstream
351,popular_1_exp_Experiment_1_seed_42,5,0.05488243797765605,connected,mainstream
141,popular_1_exp_Experiment_1_seed_42,5,0.055653003612356006,connected,mainstream
421,popular_1_exp_Experiment_1_seed_42,5,0.05937166933948826,connected,mainstream
166,popular_1_exp_Experiment_1_seed_42,5,0.05321853755342826,connected,mainstream
580,popular_1_exp_Experiment_1_seed_42,5,0.05155328770220846,connected,mainstream
154,popular_1_exp_Experiment_1_seed_42,5,0.051791603580010025,connected,mainstream
303,popular_1_exp_Experiment_1_seed_42,5,0.05384364286262092,connected,mainstream
268,popular_1_exp_Experiment_1_seed_42,5,0.04966328605077706,connected,mainstream
64,popular_1_exp_Experiment_1_seed_42,5,0.052688096001892136,connected,mainstream
224,popular_1_exp_Experiment_1_seed_42,5,0.057635672292630995,connected,mainstream
264,popular_1_exp_Experiment_1_seed_42,5,0.0504407626813288,connected,mainstream
70,popular_1_exp_Experiment_1_seed_42,5,0.05906274124988047,connected,mainstream
144,popular_1_exp_Experiment_1_seed_42,5,0.0615604413033922,connected,mainstream
546,popular_1_exp_Experiment_1_seed_42,5,0.054561058717343784,connected,mainstream
41,popular_1_exp_Experiment_1_seed_42,5,0.02290861592769101,connected,niche
59,popular_1_exp_Experiment_1_seed_42,5,0.01531526329950632,connected,niche
502,popular_1_exp_Experiment_1_seed_42,5,0.05219709557689956,connected,mainstream
379,popular_1_exp_Experiment_1_seed_42,5,0.05662120605153328,connected,mainstream
506,popular_1_exp_Experiment_1_seed_42,5,0.05679981405506939,connected,mainstream
226,popular_1_exp_Experiment_1_seed_42,5,0.05164329533366708,connected,mainstream
436,popular_1_exp_Experiment_1_seed_42,5,0.05231031622009341,connected,mainstream
483,popular_1_exp_Experiment_1_seed_42,5,0.07618359761988676,connected,mainstream
463,popular_1_exp_Experiment_1_seed_42,5,0.05317395243885951,connected,mainstream
177,popular_1_exp_Experiment_1_seed_42,5,0.0629113910725147,connected,mainstream
95,popular_1_exp_Experiment_1_seed_42,5,0.05167865526329174,connected,mainstream
104,popular_1_exp_Experiment_1_seed_42,5,0.07333145123845891,connected,mainstream
378,popular_1_exp_Experiment_1_seed_42,5,0.07330639646744434,connected,mainstream
328,popular_1_exp_Experiment_1_seed_42,5,0.05182158938763656,connected,mainstream
464,popular_1_exp_Experiment_1_seed_42,5,0.057544134661079556,connected,mainstream
115,popular_1_exp_Experiment_1_seed_42,5,0.05186720984441994,connected,mainstream
184,popular_1_exp_Experiment_1_seed_42,5,0.0677838147838777,connected,mainstream
547,popular_1_exp_Experiment_1_seed_42,5,0.06675111706882862,connected,mainstream
220,popular_1_exp_Experiment_1_seed_42,5,0.06153244435808186,connected,mainstream
515,popular_1_exp_Experiment_1_seed_42,5,0.05144564467639232,connected,mainstream
450,popular_1_exp_Experiment_1_seed_42,5,0.059239126121781,connected,mainstream
79,popular_1_exp_Experiment_1_seed_42,5,0.06224469391532017,connected,mainstream
193,popular_1_exp_Experiment_1_seed_42,5,0.05541822284086726,connected,mainstream
347,popular_1_exp_Experiment_1_seed_42,5,0.057133061971184736,connected,mainstream
332,popular_1_exp_Experiment_1_seed_42,5,0.06452692846656743,connected,mainstream
101,popular_1_exp_Experiment_1_seed_42,5,0.05152132550016289,connected,mainstream
443,popular_1_exp_Experiment_1_seed_42,5,0.0642537335221597,connected,mainstream
36,popular_1_exp_Experiment_1_seed_42,5,0.01947873153897248,connected,niche
283,popular_1_exp_Experiment_1_seed_42,5,0.06554128797328877,connected,mainstream
383,popular_1_exp_Experiment_1_seed_42,5,0.06707947811220848,connected,mainstream
94,popular_1_exp_Experiment_1_seed_42,5,0.055801288616216825,connected,mainstream
260,popular_1_exp_Experiment_1_seed_42,5,0.06560674429899717,connected,mainstream
534,popular_1_exp_Experiment_1_seed_42,5,0.05716857391640227,connected,mainstream
355,popular_1_exp_Experiment_1_seed_42,5,0.06293564117238798,connected,mainstream
513,popular_1_exp_Experiment_1_seed_42,5,0.053657859098740525,connected,mainstream
579,popular_1_exp_Experiment_1_seed_42,5,0.057378835709520654,connected,mainstream
331,popular_1_exp_Experiment_1_seed_42,5,0.05565180606917542,connected,mainstream
112,popular_1_exp_Experiment_1_seed_42,5,0.058857045270024326,connected,mainstream
25,popular_1_exp_Experiment_1_seed_42,5,0.031235519189746767,connected,niche
462,popular_1_exp_Experiment_1_seed_42,5,0.05423042801014124,connected,mainstream
441,popular_1_exp_Experiment_1_seed_42,5,0.05872563074317851,connected,mainstream
72,popular_1_exp_Experiment_1_seed_42,5,0.05230866292232248,connected,mainstream
2,popular_1_exp_Experiment_1_seed_42,5,0.016751810584764788,connected,niche
221,popular_1_exp_Experiment_1_seed_42,5,0.059157140062324455,connected,mainstream
591,popular_1_exp_Experiment_1_seed_42,5,0.06064807348084466,connected,mainstream
289,popular_1_exp_Experiment_1_seed_42,5,0.05706358214602142,connected,mainstream
262,popular_1_exp_Experiment_1_seed_42,5,0.05109905875487886,connected,mainstream
344,popular_1_exp_Experiment_1_seed_42,5,0.05457377689680676,connected,mainstream
325,popular_1_exp_Experiment_1_seed_42,5,0.05765420674269603,connected,mainstream
247,popular_1_exp_Experiment_1_seed_42,5,0.061090420676881994,connected,mainstream
255,popular_1_exp_Experiment_1_seed_42,5,0.05173422389316575,connected,mainstream
377,popular_1_exp_Experiment_1_seed_42,5,0.05454604404014918,connected,mainstream
552,popular_1_exp_Experiment_1_seed_42,5,0.06366565430140494,connected,mainstream
195,popular_1_exp_Experiment_1_seed_42,5,0.05216249771028164,connected,mainstream
585,popular_1_exp_Experiment_1_seed_42,5,0.04972931937413502,connected,mainstream
175,popular_1_exp_Experiment_1_seed_42,5,0.06109939713361858,connected,mainstream
576,popular_1_exp_Experiment_1_seed_42,5,0.0495791070571181,connected,mainstream
438,popular_1_exp_Experiment_1_seed_42,5,0.05925831248745256,connected,mainstream
178,popular_1_exp_Experiment_1_seed_42,5,0.053245009520218385,connected,mainstream
290,popular_1_exp_Experiment_1_seed_42,5,0.05044774405320183,connected,mainstream
282,popular_1_exp_Experiment_1_seed_42,5,0.051268993377307746,connected,mainstream
536,popular_1_exp_Experiment_1_seed_42,5,0.051403285359729996,connected,mainstream
173,popular_1_exp_Experiment_1_seed_42,5,0.05670495488605323,connected,mainstream
358,popular_1_exp_Experiment_1_seed_42,5,0.06333537588516684,connected,mainstream
531,popular_1_exp_Experiment_1_seed_42,5,0.0553398323525909,connected,mainstream
27,popular_1_exp_Experiment_1_seed_42,5,0.017599408228588177,connected,niche
38,popular_1_exp_Experiment_1_seed_42,5,0.02697323788493285,connected,niche
482,popular_1_exp_Experiment_1_seed_42,5,0.06030564516533677,connected,mainstream
128,popular_1_exp_Experiment_1_seed_42,5,0.05391510493795232,connected,mainstream
126,popular_1_exp_Experiment_1_seed_42,5,0.052615638493270445,connected,mainstream
225,popular_1_exp_Experiment_1_seed_42,5,0.05071500848941498,connected,mainstream
257,popular_1_exp_Experiment_1_seed_42,5,0.05311841008555374,connected,mainstream
158,popular_1_exp_Experiment_1_seed_42,5,0.054224213761924434,connected,mainstream
448,popular_1_exp_Experiment_1_seed_42,5,0.052378436798547,connected,mainstream
99,popular_1_exp_Experiment_1_seed_42,5,0.05742208958181502,connected,mainstream
7,popular_1_exp_Experiment_1_seed_42,5,0.013633113277239694,connected,niche
418,popular_1_exp_Experiment_1_seed_42,5,0.05626222146670637,connected,mainstream
564,popular_1_exp_Experiment_1_seed_42,5,0.05328589771983483,connected,mainstream
493,popular_1_exp_Experiment_1_seed_42,5,0.0692719680042974,connected,mainstream
419,popular_1_exp_Experiment_1_seed_42,5,0.05968746755761952,connected,mainstream
362,popular_1_exp_Experiment_1_seed_42,5,0.05284965561336082,connected,mainstream
102,popular_1_exp_Experiment_1_seed_42,5,0.050619780345629944,connected,mainstream
590,popular_1_exp_Experiment_1_seed_42,5,0.05560021033456738,connected,mainstream
58,popular_1_exp_Experiment_1_seed_42,5,0.02345067500740103,connected,niche
230,popular_1_exp_Experiment_1_seed_42,5,0.05584639145787126,connected,mainstream
49,popular_1_exp_Experiment_1_seed_42,5,0.02539990163256969,connected,niche
309,popular_1_exp_Experiment_1_seed_42,5,0.05788855174415325,connected,mainstream
439,popular_1_exp_Experiment_1_seed_42,5,0.057553314968796364,connected,mainstream
388,popular_1_exp_Experiment_1_seed_42,5,0.05399914726411078,connected,mainstream
582,popular_1_exp_Experiment_1_seed_42,5,0.053121865044797455,connected,mainstream
45,popular_1_exp_Experiment_1_seed_42,5,0.015176446129150076,connected,niche
548,popular_1_exp_Experiment_1_seed_42,5,0.06843758063160675,connected,mainstream
523,popular_1_exp_Experiment_1_seed_42,5,0.05772783203439263,connected,mainstream
538,popular_1_exp_Experiment_1_seed_42,5,0.05493548619675728,connected,mainstream
357,popular_1_exp_Experiment_1_seed_42,5,0.05789803435544616,connected,mainstream
192,popular_1_exp_Experiment_1_seed_42,5,0.053734267271523466,connected,mainstream
399,popular_1_exp_Experiment_1_seed_42,5,0.0517166441647157,connected,mainstream
479,popular_1_exp_Experiment_1_seed_42,5,0.051482502948231014,connected,mainstream
93,popular_1_exp_Experiment_1_seed_42,5,0.07236107608570301,connected,mainstream
46,popular_1_exp_Experiment_1_seed_42,5,0.020115284019109798,connected,niche
573,popular_1_exp_Experiment_1_seed_42,5,0.051323749641585675,connected,mainstream
490,popular_1_exp_Experiment_1_seed_42,5,0.055163193793226206,connected,mainstream
182,popular_1_exp_Experiment_1_seed_42,5,0.052616688480112285,connected,mainstream
214,popular_1_exp_Experiment_1_seed_42,5,0.059572601761332666,connected,mainstream
306,popular_1_exp_Experiment_1_seed_42,5,0.06418405830365868,connected,mainstream
148,popular_1_exp_Experiment_1_seed_42,5,0.05222490069811861,connected,mainstream
106,popular_1_exp_Experiment_1_seed_42,5,0.05501369519217044,connected,mainstream
380,popular_1_exp_Experiment_1_seed_42,5,0.05745848159983257,connected,mainstream
3,popular_1_exp_Experiment_1_seed_42,5,0.01754862054614024,connected,niche
510,popular_1_exp_Experiment_1_seed_42,5,0.05928383789912651,connected,mainstream
467,popular_1_exp_Experiment_1_seed_42,5,0.0739642202707131,connected,mainstream
578,popular_1_exp_Experiment_1_seed_42,5,0.05546258666417631,connected,mainstream
244,popular_1_exp_Experiment_1_seed_42,5,0.05211190102734034,connected,mainstream
276,popular_1_exp_Experiment_1_seed_42,5,0.06573585627909977,connected,mainstream
174,popular_1_exp_Experiment_1_seed_42,5,0.05614713576355479,connected,mainstream
145,popular_1_exp_Experiment_1_seed_42,5,0.05052070447127561,connected,mainstream
171,popular_1_exp_Experiment_1_seed_42,5,0.05781053743926267,connected,mainstream
92,popular_1_exp_Experiment_1_seed_42,5,0.05466860999551639,connected,mainstream
572,popular_1_exp_Experiment_1_seed_42,5,0.05328521342795714,connected,mainstream
232,popular_1_exp_Experiment_1_seed_42,5,0.05577849490123382,connected,mainstream
168,popular_1_exp_Experiment_1_seed_42,5,0.06380816353148962,connected,mainstream
485,popular_1_exp_Experiment_1_seed_42,5,0.06686815053918481,connected,mainstream
97,popular_1_exp_Experiment_1_seed_42,5,0.060337669246124936,connected,mainstream
55,popular_1_exp_Experiment_1_seed_42,5,0.018404680437271895,connected,niche
275,popular_1_exp_Experiment_1_seed_42,5,0.056965398369748566,connected,mainstream
557,popular_1_exp_Experiment_1_seed_42,5,0.06139649982096094,connected,mainstream
315,popular_1_exp_Experiment_1_seed_42,5,0.056992917932668474,connected,mainstream
286,popular_1_exp_Experiment_1_seed_42,5,0.0622655138489717,connected,mainstream
250,popular_1_exp_Experiment_1_seed_42,5,0.05959108172787045,connected,mainstream
566,popular_1_exp_Experiment_1_seed_42,5,0.05716746704965959,connected,mainstream
235,popular_1_exp_Experiment_1_seed_42,5,0.05646069168351048,connected,mainstream
472,popular_1_exp_Experiment_1_seed_42,5,0.0544617970422237,connected,mainstream
258,popular_1_exp_Experiment_1_seed_42,5,0.050591184767658746,connected,mainstream
363,popular_1_exp_Experiment_1_seed_42,5,0.05345704097551406,connected,mainstream
222,popular_1_exp_Experiment_1_seed_42,5,0.0511433729518559,connected,mainstream
588,popular_1_exp_Experiment_1_seed_42,5,0.05333979125738597,connected,mainstream
431,popular_1_exp_Experiment_1_seed_42,5,0.05605699076904819,connected,mainstream
261,popular_1_exp_Experiment_1_seed_42,5,0.06249443351779086,connected,mainstream
345,popular_1_exp_Experiment_1_seed_42,5,0.06296723515623277,connected,mainstream
308,popular_1_exp_Experiment_1_seed_42,5,0.05695043662766545,connected,mainstream
416,popular_1_exp_Experiment_1_seed_42,5,0.05683271161802069,connected,mainstream
595,popular_1_exp_Experiment_1_seed_42,5,0.05489998926851763,connected,mainstream
228,popular_1_exp_Experiment_1_seed_42,5,0.05861139331532652,connected,mainstream
348,popular_1_exp_Experiment_1_seed_42,5,0.05452910488385151,connected,mainstream
120,popular_1_exp_Experiment_1_seed_42,5,0.05365903217833832,connected,mainstream
71,popular_1_exp_Experiment_1_seed_42,5,0.05229914118411816,connected,mainstream
323,popular_1_exp_Experiment_1_seed_42,5,0.05271092715478553,connected,mainstream
505,popular_1_exp_Experiment_1_seed_42,5,0.05689149790532777,connected,mainstream
181,popular_1_exp_Experiment_1_seed_42,5,0.059756573191658925,connected,mainstream
335,popular_1_exp_Experiment_1_seed_42,5,0.06705667823457973,connected,mainstream
594,popular_1_exp_Experiment_1_seed_42,5,0.054351706022102486,connected,mainstream
119,popular_1_exp_Experiment_1_seed_42,5,0.06794226344119345,connected,mainstream
562,popular_1_exp_Experiment_1_seed_42,5,0.06481624890890873,connected,mainstream
503,popular_1_exp_Experiment_1_seed_42,5,0.05214005086413154,connected,mainstream
288,popular_1_exp_Experiment_1_seed_42,5,0.05234566365202562,connected,mainstream
488,popular_1_exp_Experiment_1_seed_42,5,0.0557770882326506,connected,mainstream
407,popular_1_exp_Experiment_1_seed_42,5,0.05437881978375724,connected,mainstream
1,popular_1_exp_Experiment_1_seed_42,5,0.015176781233233296,connected,niche
85,popular_1_exp_Experiment_1_seed_42,5,0.05710363103888044,connected,mainstream
100,popular_1_exp_Experiment_1_seed_42,5,0.07087061785544613,connected,mainstream
43,popular_1_exp_Experiment_1_seed_42,5,0.01494513389401976,connected,niche
497,popular_1_exp_Experiment_1_seed_42,5,0.051748177009573466,connected,mainstream
139,popular_1_exp_Experiment_1_seed_42,5,0.05545750423295589,connected,mainstream
96,popular_1_exp_Experiment_1_seed_42,5,0.0780010201582398,connected,mainstream
87,popular_1_exp_Experiment_1_seed_42,5,0.07432121464709598,connected,mainstream
88,popular_1_exp_Experiment_1_seed_42,5,0.054214383864273276,connected,mainstream
366,popular_1_exp_Experiment_1_seed_42,5,0.055114073174205004,connected,mainstream
561,popular_1_exp_Experiment_1_seed_42,5,0.055500250533900584,connected,mainstream
596,popular_1_exp_Experiment_1_seed_42,5,0.056318112005400676,connected,mainstream
44,popular_1_exp_Experiment_1_seed_42,5,0.02747089093609242,connected,niche
267,popular_1_exp_Experiment_1_seed_42,5,0.054415974504417514,connected,mainstream
19,popular_1_exp_Experiment_1_seed_42,5,0.018138555520967117,connected,niche
393,popular_1_exp_Experiment_1_seed_42,5,0.052251617463940414,connected,mainstream
13,popular_1_exp_Experiment_1_seed_42,5,0.026780920388265652,connected,niche
127,popular_1_exp_Experiment_1_seed_42,5,0.05505172353710974,connected,mainstream
266,popular_1_exp_Experiment_1_seed_42,5,0.06325135482943813,connected,mainstream
279,popular_1_exp_Experiment_1_seed_42,5,0.058002112739480305,connected,mainstream
494,popular_1_exp_Experiment_1_seed_42,5,0.05682375222171834,connected,mainstream
202,popular_1_exp_Experiment_1_seed_42,5,0.05988245038703533,connected,mainstream
529,popular_1_exp_Experiment_1_seed_42,5,0.053755322071494895,connected,mainstream
376,popular_1_exp_Experiment_1_seed_42,5,0.05512495647180097,connected,mainstream
334,popular_1_exp_Experiment_1_seed_42,5,0.05990958009744805,connected,mainstream
8,popular_1_exp_Experiment_1_seed_42,5,0.026164153377459577,connected,niche
477,popular_1_exp_Experiment_1_seed_42,5,0.050953979852066345,connected,mainstream
130,popular_1_exp_Experiment_1_seed_42,5,0.07145192811069234,connected,mainstream
33,popular_1_exp_Experiment_1_seed_42,5,0.019617437604327218,connected,niche
190,popular_1_exp_Experiment_1_seed_42,5,0.06157902640292537,connected,mainstream
474,popular_1_exp_Experiment_1_seed_42,5,0.06280592187393284,connected,mainstream
165,popular_1_exp_Experiment_1_seed_42,5,0.06436112431820236,connected,mainstream
442,popular_1_exp_Experiment_1_seed_42,5,0.05264748427321825,connected,mainstream
73,popular_1_exp_Experiment_1_seed_42,5,0.06427465688884508,connected,mainstream
401,popular_1_exp_Experiment_1_seed_42,5,0.0541442369260432,connected,mainstream
155,popular_1_exp_Experiment_1_seed_42,5,0.07244599747614916,connected,mainstream
60,popular_1_exp_Experiment_1_seed_42,5,0.06249100160358154,connected,mainstream
187,popular_1_exp_Experiment_1_seed_42,5,0.05431994566206592,connected,mainstream
411,popular_1_exp_Experiment_1_seed_42,5,0.055362468066124625,connected,mainstream
460,popular_1_exp_Experiment_1_seed_42,5,0.05573384535111336,connected,mainstream
273,popular_1_exp_Experiment_1_seed_42,5,0.07175237425553176,connected,mainstream
42,popular_1_exp_Experiment_1_seed_42,5,0.020950389315262923,connected,niche
98,popular_1_exp_Experiment_1_seed_42,5,0.050924418458440035,connected,mainstream
161,popular_1_exp_Experiment_1_seed_42,5,0.0636832060569029,connected,mainstream
231,popular_1_exp_Experiment_1_seed_42,5,0.0580745986641803,connected,mainstream
361,popular_1_exp_Experiment_1_seed_42,5,0.0577935736475568,connected,mainstream
233,popular_1_exp_Experiment_1_seed_42,5,0.055629874736356805,connected,mainstream
151,popular_1_exp_Experiment_1_seed_42,5,0.0566816322661259,connected,mainstream
518,popular_1_exp_Experiment_1_seed_42,5,0.050793604867715836,connected,mainstream
310,popular_1_exp_Experiment_1_seed_42,5,0.050621144435405795,connected,mainstream
160,popular_1_exp_Experiment_1_seed_42,5,0.05550446512207687,connected,mainstream
103,popular_1_exp_Experiment_1_seed_42,5,0.051397153111340334,connected,mainstream
385,popular_1_exp_Experiment_1_seed_42,5,0.0581366247447189,connected,mainstream
83,popular_1_exp_Experiment_1_seed_42,5,0.05439310560993273,connected,mainstream
326,popular_1_exp_Experiment_1_seed_42,5,0.05325813555412112,connected,mainstream
74,popular_1_exp_Experiment_1_seed_42,5,0.06436860678611346,connected,mainstream
406,popular_1_exp_Experiment_1_seed_42,5,0.05129027445856618,connected,mainstream
63,popular_1_exp_Experiment_1_seed_42,5,0.053806734992265015,connected,mainstream
495,popular_1_exp_Experiment_1_seed_42,5,0.051518774117695225,connected,mainstream
504,popular_1_exp_Experiment_1_seed_42,5,0.05034736682793247,connected,mainstream
51,popular_1_exp_Experiment_1_seed_42,5,0.014428778201434194,connected,niche
554,popular_1_exp_Experiment_1_seed_42,5,0.06653037319367416,connected,mainstream
199,popular_1_exp_Experiment_1_seed_42,5,0.0569388780835012,connected,mainstream
209,popular_1_exp_Experiment_1_seed_42,5,0.05480941434349738,connected,mainstream
305,popular_1_exp_Experiment_1_seed_42,5,0.053221958277898634,connected,mainstream
581,popular_1_exp_Experiment_1_seed_42,5,0.05372729104434604,connected,mainstream
23,popular_1_exp_Experiment_1_seed_42,5,0.018723293657314427,connected,niche
481,popular_1_exp_Experiment_1_seed_42,5,0.05844297440452318,connected,mainstream
553,popular_1_exp_Experiment_1_seed_42,5,0.05637751771226814,connected,mainstream
133,popular_1_exp_Experiment_1_seed_42,5,0.05400308015324339,connected,mainstream
551,popular_1_exp_Experiment_1_seed_42,5,0.05250322952032286,connected,mainstream
575,popular_1_exp_Experiment_1_seed_42,5,0.050902482908508,connected,mainstream
90,popular_1_exp_Experiment_1_seed_42,5,0.05135123852566605,connected,mainstream
311,popular_1_exp_Experiment_1_seed_42,5,0.06986811040348788,connected,mainstream
136,popular_1_exp_Experiment_1_seed_42,5,0.06244337578965667,connected,mainstream
364,popular_1_exp_Experiment_1_seed_42,5,0.05164171979819185,connected,mainstream
422,popular_1_exp_Experiment_1_seed_42,5,0.0607990188436151,connected,mainstream
560,popular_1_exp_Experiment_1_seed_42,5,0.05151082068925449,connected,mainstream
48,popular_1_exp_Experiment_1_seed_42,5,0.01849618976885085,connected,niche
592,popular_1_exp_Experiment_1_seed_42,5,0.05802415292252976,connected,mainstream
466,popular_1_exp_Experiment_1_seed_42,5,0.04916910964624749,connected,mainstream
420,popular_1_exp_Experiment_1_seed_42,5,0.0599450819103176,connected,mainstream
404,popular_1_exp_Experiment_1_seed_42,5,0.06383315767465032,connected,mainstream
437,popular_1_exp_Experiment_1_seed_42,5,0.06558304527468206,connected,mainstream
537,popular_1_exp_Experiment_1_seed_42,5,0.058293331093633584,connected,mainstream
589,popular_1_exp_Experiment_1_seed_42,5,0.05771519341362815,connected,mainstream
56,popular_1_exp_Experiment_1_seed_42,5,0.02045784134449666,connected,niche
352,popular_1_exp_Experiment_1_seed_42,5,0.05460526723139505,connected,mainstream
414,popular_1_exp_Experiment_1_seed_42,5,0.053092590347327655,connected,mainstream
432,popular_1_exp_Experiment_1_seed_42,5,0.058950147700325896,connected,mainstream
563,popular_1_exp_Experiment_1_seed_42,5,0.05426499249110042,connected,mainstream
40,popular_1_exp_Experiment_1_seed_42,5,0.0252455818607501,connected,niche
475,popular_1_exp_Experiment_1_seed_42,5,0.054236024401670045,connected,mainstream
248,popular_1_exp_Experiment_1_seed_42,5,0.06437597283894049,connected,mainstream
62,popular_1_exp_Experiment_1_seed_42,5,0.06530088273576999,connected,mainstream
556,popular_1_exp_Experiment_1_seed_42,5,0.05202583418692886,connected,mainstream
522,popular_1_exp_Experiment_1_seed_42,5,0.0624975288007939,connected,mainstream
492,popular_1_exp_Experiment_1_seed_42,5,0.053298511353280585,connected,mainstream
298,popular_1_exp_Experiment_1_seed_42,5,0.05279608681827686,connected,mainstream
597,popular_1_exp_Experiment_1_seed_42,5,0.06076007764609795,connected,mainstream
487,popular_1_exp_Experiment_1_seed_42,5,0.06069807184400546,connected,mainstream
186,popular_1_exp_Experiment_1_seed_42,5,0.07528727996999067,connected,mainstream
185,popular_1_exp_Experiment_1_seed_42,5,0.051465969839141514,connected,mainstream
324,popular_1_exp_Experiment_1_seed_42,5,0.06768463426928054,connected,mainstream
301,popular_1_exp_Experiment_1_seed_42,5,0.05122944257823093,connected,mainstream
391,popular_1_exp_Experiment_1_seed_42,5,0.05541995085448676,connected,mainstream
584,popular_1_exp_Experiment_1_seed_42,5,0.05516549709384907,connected,mainstream
157,popular_1_exp_Experiment_1_seed_42,5,0.055635594781529706,connected,mainstream
28,popular_1_exp_Experiment_1_seed_42,5,0.014966486448297395,connected,niche
417,popular_1_exp_Experiment_1_seed_42,5,0.05479520737610727,connected,mainstream
236,popular_1_exp_Experiment_1_seed_42,5,0.051811225549949276,connected,mainstream
293,popular_1_exp_Experiment_1_seed_42,5,0.05644250955352136,connected,mainstream
593,popular_1_exp_Experiment_1_seed_42,5,0.06546718072406078,connected,mainstream
299,popular_1_exp_Experiment_1_seed_42,5,0.05392630692689825,connected,mainstream
516,popular_1_exp_Experiment_1_seed_42,5,0.05114588668300074,connected,mainstream
183,popular_1_exp_Experiment_1_seed_42,5,0.06424957000895785,connected,mainstream
396,popular_1_exp_Experiment_1_seed_42,5,0.06216233020082046,connected,mainstream
446,popular_1_exp_Experiment_1_seed_42,5,0.052435254379892104,connected,mainstream
11,popular_1_exp_Experiment_1_seed_42,5,0.017058808065085147,connected,niche
256,popular_1_exp_Experiment_1_seed_42,5,0.057893161916340176,connected,mainstream
208,popular_1_exp_Experiment_1_seed_42,5,0.051939067616399576,connected,mainstream
242,popular_1_exp_Experiment_1_seed_42,5,0.06266913448329574,connected,mainstream
117,popular_1_exp_Experiment_1_seed_42,5,0.05618345667567572,connected,mainstream
5,popular_1_exp_Experiment_1_seed_42,5,0.020324205356674424,connected,niche
424,popular_1_exp_Experiment_1_seed_42,5,0.05424811358503336,connected,mainstream
480,popular_1_exp_Experiment_1_seed_42,5,0.051818230120951596,connected,mainstream
113,popular_1_exp_Experiment_1_seed_42,5,0.059305077374717054,connected,mainstream
429,popular_1_exp_Experiment_1_seed_42,5,0.060856775065863344,connected,mainstream
465,popular_1_exp_Experiment_1_seed_42,5,0.06439171510256571,connected,mainstream
280,popular_1_exp_Experiment_1_seed_42,5,0.049312941440380155,connected,mainstream
111,popular_1_exp_Experiment_1_seed_42,5,0.058753109002439574,connected,mainstream
35,popular_1_exp_Experiment_1_seed_42,5,0.018555423245552344,connected,niche
132,popular_1_exp_Experiment_1_seed_42,5,0.06614897234546639,connected,mainstream
287,popular_1_exp_Experiment_1_seed_42,5,0.05257640957420553,connected,mainstream
394,popular_1_exp_Experiment_1_seed_42,5,0.05604170307762706,connected,mainstream
53,popular_1_exp_Experiment_1_seed_42,5,0.019909914002577214,connected,niche
360,popular_1_exp_Experiment_1_seed_42,5,0.0514799429892231,connected,mainstream
29,popular_1_exp_Experiment_1_seed_42,5,0.016447049919775057,connected,niche
545,popular_1_exp_Experiment_1_seed_42,5,0.06736665584007538,connected,mainstream
461,popular_1_exp_Experiment_1_seed_42,5,0.05791891781314532,connected,mainstream
526,popular_1_exp_Experiment_1_seed_42,5,0.06215081287897434,connected,mainstream
426,popular_1_exp_Experiment_1_seed_42,5,0.051404383073376296,connected,mainstream
89,popular_1_exp_Experiment_1_seed_42,5,0.05884377952709474,connected,mainstream
150,popular_1_exp_Experiment_1_seed_42,5,0.07735569624239158,connected,mainstream
570,popular_1_exp_Experiment_1_seed_42,5,0.06221741395250429,connected,mainstream
295,popular_1_exp_Experiment_1_seed_42,5,0.05738303005712266,connected,mainstream
427,popular_1_exp_Experiment_1_seed_42,5,0.057710166432253296,connected,mainstream
297,popular_1_exp_Experiment_1_seed_42,5,0.06386779692376755,connected,mainstream
65,popular_1_exp_Experiment_1_seed_42,5,0.05674357402034877,connected,mainstream
206,popular_1_exp_Experiment_1_seed_42,5,0.05024138403760473,connected,mainstream
387,popular_1_exp_Experiment_1_seed_42,5,0.06703026782587762,connected,mainstream
14,popular_1_exp_Experiment_1_seed_42,5,0.014903841774833842,connected,niche
318,popular_1_exp_Experiment_1_seed_42,5,0.05109760204303504,connected,mainstream
156,popular_1_exp_Experiment_1_seed_42,5,0.060370046004406624,connected,mainstream
32,popular_1_exp_Experiment_1_seed_42,5,0.015143222723347298,connected,niche
412,popular_1_exp_Experiment_1_seed_42,5,0.05251045449220083,connected,mainstream
532,popular_1_exp_Experiment_1_seed_42,5,0.06606950157478943,connected,mainstream
134,popular_1_exp_Experiment_1_seed_42,5,0.05086873223203323,connected,mainstream
218,popular_1_exp_Experiment_1_seed_42,5,0.05155591515622376,connected,mainstream
16,popular_1_exp_Experiment_1_seed_42,5,0.019858102786576976,connected,niche
307,popular_1_exp_Experiment_1_seed_42,5,0.05693574664683663,connected,mainstream
292,popular_1_exp_Experiment_1_seed_42,5,0.052563329426933626,connected,mainstream
469,popular_1_exp_Experiment_1_seed_42,5,0.058341036103385736,connected,mainstream
402,popular_1_exp_Experiment_1_seed_42,5,0.054852182596350836,connected,mainstream
368,popular_1_exp_Experiment_1_seed_42,5,0.06286592330754363,connected,mainstream
241,popular_1_exp_Experiment_1_seed_42,5,0.05582127315861637,connected,mainstream
284,popular_1_exp_Experiment_1_seed_42,5,0.05928275300435381,connected,mainstream
270,popular_1_exp_Experiment_1_seed_42,5,0.06961300709977553,connected,mainstream
430,popular_1_exp_Experiment_1_seed_42,5,0.06375661873099209,connected,mainstream
459,popular_1_exp_Experiment_1_seed_42,5,0.052035870405875706,connected,mainstream
300,popular_1_exp_Experiment_1_seed_42,5,0.053668389083020296,connected,mainstream
583,popular_1_exp_Experiment_1_seed_42,5,0.06533362861401952,connected,mainstream
489,popular_1_exp_Experiment_1_seed_42,5,0.055629748618492236,connected,mainstream
381,popular_1_exp_Experiment_1_seed_42,5,0.062210281244844956,connected,mainstream
359,popular_1_exp_Experiment_1_seed_42,5,0.05648316964620115,connected,mainstream
569,popular_1_exp_Experiment_1_seed_42,5,0.05512933349926885,connected,mainstream
587,popular_1_exp_Experiment_1_seed_42,5,0.06187365620041468,connected,mainstream
511,popular_1_exp_Experiment_1_seed_42,5,0.06731362206769825,connected,mainstream
34,popular_1_exp_Experiment_1_seed_42,5,0.014599103393784672,connected,niche
82,popular_1_exp_Experiment_1_seed_42,5,0.06881955389988893,connected,mainstream
365,popular_1_exp_Experiment_1_seed_42,5,0.05776063052801957,connected,mainstream
454,popular_1_exp_Experiment_1_seed_42,5,0.06372616854603715,connected,mainstream
143,popular_1_exp_Experiment_1_seed_42,5,0.05479617209761459,connected,mainstream
68,popular_1_exp_Experiment_1_seed_42,5,0.0550746891553594,connected,mainstream
109,popular_1_exp_Experiment_1_seed_42,5,0.05655251271089507,connected,mainstream
201,popular_1_exp_Experiment_1_seed_42,5,0.05980970184819043,connected,mainstream
478,popular_1_exp_Experiment_1_seed_42,5,0.05199449006102976,connected,mainstream
277,popular_1_exp_Experiment_1_seed_42,5,0.06886219884238594,connected,mainstream
384,popular_1_exp_Experiment_1_seed_42,5,0.06072232520234183,connected,mainstream
440,popular_1_exp_Experiment_1_seed_42,5,0.05813674698517607,connected,mainstream
20,popular_1_exp_Experiment_1_seed_42,5,0.022759223956906303,connected,niche
135,popular_1_exp_Experiment_1_seed_42,5,0.058157669568686315,connected,mainstream
410,popular_1_exp_Experiment_1_seed_42,5,0.049657232865885644,connected,mainstream
272,popular_1_exp_Experiment_1_seed_42,5,0.060014500918147896,connected,mainstream
369,popular_1_exp_Experiment_1_seed_42,5,0.058372188881837185,connected,mainstream
320,popular_1_exp_Experiment_1_seed_42,5,0.06089410945084345,connected,mainstream
349,popular_1_exp_Experiment_1_seed_42,5,0.05751843267065177,connected,mainstream
6,popular_1_exp_Experiment_1_seed_42,5,0.01853126926231785,connected,niche
473,popular_1_exp_Experiment_1_seed_42,5,0.0647137587554361,connected,mainstream
599,popular_1_exp_Experiment_1_seed_42,5,0.05703938856683105,connected,mainstream
9,popular_1_exp_Experiment_1_seed_42,5,0.019587261823579026,connected,niche
501,popular_1_exp_Experiment_1_seed_42,5,0.06547304744009043,connected,mainstream
302,popular_1_exp_Experiment_1_seed_42,5,0.05213417018894301,connected,mainstream
457,popular_1_exp_Experiment_1_seed_42,5,0.055844543853995336,connected,mainstream
500,popular_1_exp_Experiment_1_seed_42,5,0.055388294888470545,connected,mainstream
10,popular_1_exp_Experiment_1_seed_42,5,0.017645506823421978,connected,niche
338,popular_1_exp_Experiment_1_seed_42,5,0.052454472691293635,connected,mainstream
514,popular_1_exp_Experiment_1_seed_42,5,0.06589768546460363,connected,mainstream
179,popular_1_exp_Experiment_1_seed_42,5,0.04956733658644891,connected,mainstream
535,popular_1_exp_Experiment_1_seed_42,5,0.06416993157805025,connected,mainstream
86,popular_1_exp_Experiment_1_seed_42,5,0.051269027605491936,connected,mainstream
540,popular_1_exp_Experiment_1_seed_42,5,0.046301369585490464,connected,mainstream
559,popular_1_exp_Experiment_1_seed_42,5,0.05260789836592466,connected,mainstream
123,popular_1_exp_Experiment_1_seed_42,5,0.054547309582255156,connected,mainstream
167,popular_1_exp_Experiment_1_seed_42,5,0.06535232425119623,connected,mainstream
172,popular_1_exp_Experiment_1_seed_42,5,0.05178890813929332,connected,mainstream
274,popular_1_exp_Experiment_1_seed_42,5,0.05469443014589046,connected,mainstream
281,popular_1_exp_Experiment_1_seed_42,5,0.051948979805782135,connected,mainstream
445,popular_1_exp_Experiment_1_seed_42,5,0.0607648877637775,connected,mainstream
449,popular_1_exp_Experiment_1_seed_42,5,0.06575915585411833,connected,mainstream
17,popular_1_exp_Experiment_1_seed_42,5,0.01863023788002519,connected,niche
285,popular_1_exp_Experiment_1_seed_42,5,0.05214417162395222,connected,mainstream
403,popular_1_exp_Experiment_1_seed_42,5,0.06819340600339413,connected,mainstream
18,popular_1_exp_Experiment_1_seed_42,5,0.02567468295164507,connected,niche
550,popular_1_exp_Experiment_1_seed_42,5,0.05022175942278578,connected,mainstream
149,popular_1_exp_Experiment_1_seed_42,5,0.058491204999785974,connected,mainstream
314,popular_1_exp_Experiment_1_seed_42,5,0.06028505627075446,connected,mainstream
237,popular_1_exp_Experiment_1_seed_42,5,0.057905146302702666,connected,mainstream
354,popular_1_exp_Experiment_1_seed_42,5,0.0617795094113362,connected,mainstream
468,popular_1_exp_Experiment_1_seed_42,5,0.054781808470467465,connected,mainstream
330,popular_1_exp_Experiment_1_seed_42,5,0.06224489921442452,connected,mainstream
372,popular_1_exp_Experiment_1_seed_42,5,0.05665130061552418,connected,mainstream
254,popular_1_exp_Experiment_1_seed_42,5,0.05719751859044203,connected,mainstream
327,popular_1_exp_Experiment_1_seed_42,5,0.05138088305114589,connected,mainstream
278,popular_1_exp_Experiment_1_seed_42,5,0.05249092906266567,connected,mainstream
333,popular_1_exp_Experiment_1_seed_42,5,0.05581785305868268,connected,mainstream
131,popular_1_exp_Experiment_1_seed_42,5,0.05101400953703067,connected,mainstream
304,popular_1_exp_Experiment_1_seed_42,5,0.05705478268893618,connected,mainstream
567,popular_1_exp_Experiment_1_seed_42,5,0.06586705123391946,connected,mainstream
54,popular_1_exp_Experiment_1_seed_42,5,0.01807373297791198,connected,niche
163,popular_1_exp_Experiment_1_seed_42,5,0.05783745221199187,connected,mainstream
30,popular_1_exp_Experiment_1_seed_42,5,0.023103657254048504,connected,niche
204,popular_1_exp_Experiment_1_seed_42,5,0.05262285192635241,connected,mainstream
80,popular_1_exp_Experiment_1_seed_42,5,0.05128616576128544,connected,mainstream
447,popular_1_exp_Experiment_1_seed_42,5,0.057606600676252236,connected,mainstream
343,popular_1_exp_Experiment_1_seed_42,5,0.061314060982988465,connected,mainstream
108,popular_1_exp_Experiment_1_seed_42,5,0.05281664859328491,connected,mainstream
386,popular_1_exp_Experiment_1_seed_42,5,0.050599976735559486,connected,mainstream
374,popular_1_exp_Experiment_1_seed_42,5,0.05942572755898179,connected,mainstream
210,popular_1_exp_Experiment_1_seed_42,5,0.06872232872470878,connected,mainstream
238,popular_1_exp_Experiment_1_seed_42,5,0.05585160164289043,connected,mainstream
122,popular_1_exp_Experiment_1_seed_42,5,0.04925990496237364,connected,mainstream
521,popular_1_exp_Experiment_1_seed_42,5,0.056147386073822754,connected,mainstream
341,popular_1_exp_Experiment_1_seed_42,5,0.06660166352407476,connected,mainstream
69,popular_1_exp_Experiment_1_seed_42,5,0.0564112578616185,connected,mainstream
114,popular_1_exp_Experiment_1_seed_42,5,0.05534755342409418,connected,mainstream
373,popular_1_exp_Experiment_1_seed_42,5,0.06033768214394963,connected,mainstream
313,popular_1_exp_Experiment_1_seed_42,5,0.05914847939268688,connected,mainstream
153,popular_1_exp_Experiment_1_seed_42,5,0.05191034965713127,connected,mainstream
367,popular_1_exp_Experiment_1_seed_42,5,0.06003046682296487,connected,mainstream
577,popular_1_exp_Experiment_1_seed_42,5,0.05807998425884117,connected,mainstream
598,popular_1_exp_Experiment_1_seed_42,5,0.051128451840872585,connected,mainstream
390,popular_1_exp_Experiment_1_seed_42,5,0.06928650757055528,connected,mainstream
317,popular_1_exp_Experiment_1_seed_42,5,0.06508077762905083,connected,mainstream
66,popular_1_exp_Experiment_1_seed_42,5,0.05335914177893797,connected,mainstream
339,popular_1_exp_Experiment_1_seed_42,5,0.05791447837902792,connected,mainstream
116,popular_1_exp_Experiment_1_seed_42,5,0.05010733552678585,connected,mainstream
509,popular_1_exp_Experiment_1_seed_42,5,0.05431639384864347,connected,mainstream
121,popular_1_exp_Experiment_1_seed_42,5,0.05479388374175087,connected,mainstream
81,popular_1_exp_Experiment_1_seed_42,5,0.05302177087017839,connected,mainstream
356,popular_1_exp_Experiment_1_seed_42,5,0.05799052460218576,connected,mainstream
91,popular_1_exp_Experiment_1_seed_42,5,0.05437278909589022,connected,mainstream
22,popular_1_exp_Experiment_1_seed_42,5,0.013253532434840334,connected,niche
269,popular_1_exp_Experiment_1_seed_42,5,0.05635563739564197,connected,mainstream
397,popular_1_exp_Experiment_1_seed_42,5,0.06614161758865066,connected,mainstream
524,popular_1_exp_Experiment_1_seed_42,5,0.05806990753311767,connected,mainstream
470,popular_1_exp_Experiment_1_seed_42,5,0.053591188665968896,connected,mainstream
223,popular_1_exp_Experiment_1_seed_42,5,0.05714258429878797,connected,mainstream
212,popular_1_exp_Experiment_1_seed_42,5,0.053405549595400066,connected,mainstream
219,popular_1_exp_Experiment_1_seed_42,5,0.05218006597044599,connected,mainstream
249,popular_1_exp_Experiment_1_seed_42,5,0.04628101320298952,connected,mainstream
216,popular_1_exp_Experiment_1_seed_42,5,0.058761000341796515,connected,mainstream
346,popular_1_exp_Experiment_1_seed_42,5,0.049761869638945445,connected,mainstream
340,popular_1_exp_Experiment_1_seed_42,5,0.05427356264123784,connected,mainstream
312,popular_1_exp_Experiment_1_seed_42,5,0.06071660811661312,connected,mainstream
246,popular_1_exp_Experiment_1_seed_42,5,0.05077028707414871,connected,mainstream
229,popular_1_exp_Experiment_1_seed_42,5,0.052252108843463076,connected,mainstream
50,popular_1_exp_Experiment_1_seed_42,5,0.018822236551729755,connected,niche
