consumer_id,recommender_id,cycle,satisfaction_score,rec_state,controlled
424,popular_1_exp_Experiment_1_seed_42,1,0.0526138360475036,connected,mainstream
39,popular_1_exp_Experiment_1_seed_42,1,0.023976683806488163,connected,niche
245,popular_1_exp_Experiment_1_seed_42,1,0.05398696473555293,connected,mainstream
228,popular_1_exp_Experiment_1_seed_42,1,0.05083570873485261,connected,mainstream
412,popular_1_exp_Experiment_1_seed_42,1,0.05101549374740775,connected,mainstream
450,popular_1_exp_Experiment_1_seed_42,1,0.05726460017200685,connected,mainstream
136,popular_1_exp_Experiment_1_seed_42,1,0.0519134817354901,connected,mainstream
437,popular_1_exp_Experiment_1_seed_42,1,0.06307560003882136,connected,mainstream
12,popular_1_exp_Experiment_1_seed_42,1,0.015712792557630872,connected,niche
173,popular_1_exp_Experiment_1_seed_42,1,0.05309537997601563,connected,mainstream
84,popular_1_exp_Experiment_1_seed_42,1,0.060367534155268486,connected,mainstream
33,popular_1_exp_Experiment_1_seed_42,1,0.015960382342458973,connected,niche
532,popular_1_exp_Experiment_1_seed_42,1,0.06199146329063195,connected,mainstream
246,popular_1_exp_Experiment_1_seed_42,1,0.05775546882740871,connected,mainstream
4,popular_1_exp_Experiment_1_seed_42,1,0.017332840288254988,connected,niche
491,popular_1_exp_Experiment_1_seed_42,1,0.05390578078996341,connected,mainstream
477,popular_1_exp_Experiment_1_seed_42,1,0.05173437805301594,connected,mainstream
371,popular_1_exp_Experiment_1_seed_42,1,0.04468484127834271,connected,mainstream
590,popular_1_exp_Experiment_1_seed_42,1,0.05168424061275267,connected,mainstream
277,popular_1_exp_Experiment_1_seed_42,1,0.049476619039446744,connected,mainstream
254,popular_1_exp_Experiment_1_seed_42,1,0.051475215755014014,connected,mainstream
57,popular_1_exp_Experiment_1_seed_42,1,0.01750813609852533,connected,niche
74,popular_1_exp_Experiment_1_seed_42,1,0.05649117265034492,connected,mainstream
217,popular_1_exp_Experiment_1_seed_42,1,0.06433218324716178,connected,mainstream
192,popular_1_exp_Experiment_1_seed_42,1,0.06177685799077173,connected,mainstream
13,popular_1_exp_Experiment_1_seed_42,1,0.013825727905639811,connected,niche
560,popular_1_exp_Experiment_1_seed_42,1,0.05465626279482306,connected,mainstream
120,popular_1_exp_Experiment_1_seed_42,1,0.059641602067350995,connected,mainstream
415,popular_1_exp_Experiment_1_seed_42,1,0.06259703207540883,connected,mainstream
235,popular_1_exp_Experiment_1_seed_42,1,0.054316032032951295,connected,mainstream
555,popular_1_exp_Experiment_1_seed_42,1,0.06143293712603596,connected,mainstream
408,popular_1_exp_Experiment_1_seed_42,1,0.051083237131327223,connected,mainstream
500,popular_1_exp_Experiment_1_seed_42,1,0.057599817887195925,connected,mainstream
385,popular_1_exp_Experiment_1_seed_42,1,0.0654265465777989,connected,mainstream
221,popular_1_exp_Experiment_1_seed_42,1,0.05599012176325496,connected,mainstream
128,popular_1_exp_Experiment_1_seed_42,1,0.05644785063810404,connected,mainstream
223,popular_1_exp_Experiment_1_seed_42,1,0.05500620868035372,connected,mainstream
377,popular_1_exp_Experiment_1_seed_42,1,0.055507687117230343,connected,mainstream
179,popular_1_exp_Experiment_1_seed_42,1,0.056787031779124995,connected,mainstream
374,popular_1_exp_Experiment_1_seed_42,1,0.05815914699903021,connected,mainstream
205,popular_1_exp_Experiment_1_seed_42,1,0.058582059764192784,connected,mainstream
521,popular_1_exp_Experiment_1_seed_42,1,0.06309985035705871,connected,mainstream
291,popular_1_exp_Experiment_1_seed_42,1,0.05651452013881314,connected,mainstream
150,popular_1_exp_Experiment_1_seed_42,1,0.05904850320162159,connected,mainstream
7,popular_1_exp_Experiment_1_seed_42,1,0.017744077692585007,connected,niche
284,popular_1_exp_Experiment_1_seed_42,1,0.06423582263322047,connected,mainstream
588,popular_1_exp_Experiment_1_seed_42,1,0.05438729923865041,connected,mainstream
144,popular_1_exp_Experiment_1_seed_42,1,0.05258049168149704,connected,mainstream
399,popular_1_exp_Experiment_1_seed_42,1,0.05938110974245168,connected,mainstream
287,popular_1_exp_Experiment_1_seed_42,1,0.06991589269684174,connected,mainstream
403,popular_1_exp_Experiment_1_seed_42,1,0.05231716150370258,connected,mainstream
30,popular_1_exp_Experiment_1_seed_42,1,0.017764273171081747,connected,niche
178,popular_1_exp_Experiment_1_seed_42,1,0.06293962980507946,connected,mainstream
258,popular_1_exp_Experiment_1_seed_42,1,0.053683033417972,connected,mainstream
101,popular_1_exp_Experiment_1_seed_42,1,0.05243781858714031,connected,mainstream
561,popular_1_exp_Experiment_1_seed_42,1,0.051793853583623706,connected,mainstream
202,popular_1_exp_Experiment_1_seed_42,1,0.05395042832704163,connected,mainstream
279,popular_1_exp_Experiment_1_seed_42,1,0.04983206081573007,connected,mainstream
79,popular_1_exp_Experiment_1_seed_42,1,0.056127477002473135,connected,mainstream
290,popular_1_exp_Experiment_1_seed_42,1,0.054664972222395414,connected,mainstream
318,popular_1_exp_Experiment_1_seed_42,1,0.050594625129222526,connected,mainstream
342,popular_1_exp_Experiment_1_seed_42,1,0.062329841384617723,connected,mainstream
244,popular_1_exp_Experiment_1_seed_42,1,0.05963524574586864,connected,mainstream
186,popular_1_exp_Experiment_1_seed_42,1,0.057662877197363016,connected,mainstream
579,popular_1_exp_Experiment_1_seed_42,1,0.05285358861967865,connected,mainstream
533,popular_1_exp_Experiment_1_seed_42,1,0.08683395650482213,connected,mainstream
198,popular_1_exp_Experiment_1_seed_42,1,0.05078453222374662,connected,mainstream
23,popular_1_exp_Experiment_1_seed_42,1,0.013904469978269678,connected,niche
375,popular_1_exp_Experiment_1_seed_42,1,0.055215182816305185,connected,mainstream
527,popular_1_exp_Experiment_1_seed_42,1,0.05591009019430632,connected,mainstream
161,popular_1_exp_Experiment_1_seed_42,1,0.06036935435095276,connected,mainstream
248,popular_1_exp_Experiment_1_seed_42,1,0.048592843488667624,connected,mainstream
54,popular_1_exp_Experiment_1_seed_42,1,0.02088573672997011,connected,niche
439,popular_1_exp_Experiment_1_seed_42,1,0.05676761726214081,connected,mainstream
47,popular_1_exp_Experiment_1_seed_42,1,0.015226406801124644,connected,niche
410,popular_1_exp_Experiment_1_seed_42,1,0.056619654448474104,connected,mainstream
392,popular_1_exp_Experiment_1_seed_42,1,0.06464985593888778,connected,mainstream
135,popular_1_exp_Experiment_1_seed_42,1,0.058994110179382976,connected,mainstream
363,popular_1_exp_Experiment_1_seed_42,1,0.05418780699622024,connected,mainstream
137,popular_1_exp_Experiment_1_seed_42,1,0.05541370487373967,connected,mainstream
210,popular_1_exp_Experiment_1_seed_42,1,0.06245842273188463,connected,mainstream
466,popular_1_exp_Experiment_1_seed_42,1,0.0612588585343937,connected,mainstream
434,popular_1_exp_Experiment_1_seed_42,1,0.06497188032570266,connected,mainstream
126,popular_1_exp_Experiment_1_seed_42,1,0.0465361283593782,connected,mainstream
115,popular_1_exp_Experiment_1_seed_42,1,0.051777380313020406,connected,mainstream
172,popular_1_exp_Experiment_1_seed_42,1,0.05096482056965368,connected,mainstream
77,popular_1_exp_Experiment_1_seed_42,1,0.05070312142886793,connected,mainstream
78,popular_1_exp_Experiment_1_seed_42,1,0.05745183401515286,connected,mainstream
484,popular_1_exp_Experiment_1_seed_42,1,0.05767380497764713,connected,mainstream
141,popular_1_exp_Experiment_1_seed_42,1,0.06198067259036758,connected,mainstream
395,popular_1_exp_Experiment_1_seed_42,1,0.06662266374550387,connected,mainstream
528,popular_1_exp_Experiment_1_seed_42,1,0.0653041379792864,connected,mainstream
130,popular_1_exp_Experiment_1_seed_42,1,0.05103918563644483,connected,mainstream
352,popular_1_exp_Experiment_1_seed_42,1,0.05672119576282735,connected,mainstream
170,popular_1_exp_Experiment_1_seed_42,1,0.05022288266868669,connected,mainstream
37,popular_1_exp_Experiment_1_seed_42,1,0.016216602250557762,connected,niche
401,popular_1_exp_Experiment_1_seed_42,1,0.05012824467126945,connected,mainstream
499,popular_1_exp_Experiment_1_seed_42,1,0.06137862749193079,connected,mainstream
24,popular_1_exp_Experiment_1_seed_42,1,0.033110272210943384,connected,niche
459,popular_1_exp_Experiment_1_seed_42,1,0.05602714021566949,connected,mainstream
538,popular_1_exp_Experiment_1_seed_42,1,0.0516270882419132,connected,mainstream
301,popular_1_exp_Experiment_1_seed_42,1,0.04953515063498373,connected,mainstream
378,popular_1_exp_Experiment_1_seed_42,1,0.06607364199090966,connected,mainstream
550,popular_1_exp_Experiment_1_seed_42,1,0.0688380647245654,connected,mainstream
249,popular_1_exp_Experiment_1_seed_42,1,0.05820750307026642,connected,mainstream
405,popular_1_exp_Experiment_1_seed_42,1,0.05857456863917516,connected,mainstream
325,popular_1_exp_Experiment_1_seed_42,1,0.06818237136181966,connected,mainstream
470,popular_1_exp_Experiment_1_seed_42,1,0.05183658176482001,connected,mainstream
140,popular_1_exp_Experiment_1_seed_42,1,0.06336797789590394,connected,mainstream
492,popular_1_exp_Experiment_1_seed_42,1,0.06847332806296974,connected,mainstream
89,popular_1_exp_Experiment_1_seed_42,1,0.05418501063921646,connected,mainstream
451,popular_1_exp_Experiment_1_seed_42,1,0.06273798873583285,connected,mainstream
565,popular_1_exp_Experiment_1_seed_42,1,0.049835609299410784,connected,mainstream
169,popular_1_exp_Experiment_1_seed_42,1,0.05494931541245442,connected,mainstream
497,popular_1_exp_Experiment_1_seed_42,1,0.06327952366879007,connected,mainstream
573,popular_1_exp_Experiment_1_seed_42,1,0.05788603843818951,connected,mainstream
327,popular_1_exp_Experiment_1_seed_42,1,0.05038722279113755,connected,mainstream
556,popular_1_exp_Experiment_1_seed_42,1,0.050725684373849576,connected,mainstream
107,popular_1_exp_Experiment_1_seed_42,1,0.05107357016603695,connected,mainstream
53,popular_1_exp_Experiment_1_seed_42,1,0.018494522349759755,connected,niche
394,popular_1_exp_Experiment_1_seed_42,1,0.055506669708511834,connected,mainstream
215,popular_1_exp_Experiment_1_seed_42,1,0.06189730408630043,connected,mainstream
112,popular_1_exp_Experiment_1_seed_42,1,0.05417735139582458,connected,mainstream
328,popular_1_exp_Experiment_1_seed_42,1,0.062294492245083544,connected,mainstream
87,popular_1_exp_Experiment_1_seed_42,1,0.05459052724990728,connected,mainstream
119,popular_1_exp_Experiment_1_seed_42,1,0.07758596474288719,connected,mainstream
185,popular_1_exp_Experiment_1_seed_42,1,0.060252288542655415,connected,mainstream
269,popular_1_exp_Experiment_1_seed_42,1,0.05794029267317383,connected,mainstream
457,popular_1_exp_Experiment_1_seed_42,1,0.05893438458244941,connected,mainstream
302,popular_1_exp_Experiment_1_seed_42,1,0.05049045783899871,connected,mainstream
18,popular_1_exp_Experiment_1_seed_42,1,0.019054815548332143,connected,niche
261,popular_1_exp_Experiment_1_seed_42,1,0.05036297007594608,connected,mainstream
134,popular_1_exp_Experiment_1_seed_42,1,0.06756802847716166,connected,mainstream
237,popular_1_exp_Experiment_1_seed_42,1,0.07468689543706554,connected,mainstream
229,popular_1_exp_Experiment_1_seed_42,1,0.06278881431128046,connected,mainstream
184,popular_1_exp_Experiment_1_seed_42,1,0.05885252625848014,connected,mainstream
45,popular_1_exp_Experiment_1_seed_42,1,0.019126425717820597,connected,niche
82,popular_1_exp_Experiment_1_seed_42,1,0.07625991162153328,connected,mainstream
444,popular_1_exp_Experiment_1_seed_42,1,0.05104750681863592,connected,mainstream
189,popular_1_exp_Experiment_1_seed_42,1,0.04883691661302397,connected,mainstream
461,popular_1_exp_Experiment_1_seed_42,1,0.048377335602931844,connected,mainstream
506,popular_1_exp_Experiment_1_seed_42,1,0.056676644989717494,connected,mainstream
121,popular_1_exp_Experiment_1_seed_42,1,0.06190622652027652,connected,mainstream
379,popular_1_exp_Experiment_1_seed_42,1,0.05630244306202715,connected,mainstream
423,popular_1_exp_Experiment_1_seed_42,1,0.0500427262879741,connected,mainstream
20,popular_1_exp_Experiment_1_seed_42,1,0.015855655551832087,connected,niche
583,popular_1_exp_Experiment_1_seed_42,1,0.05233934235044272,connected,mainstream
539,popular_1_exp_Experiment_1_seed_42,1,0.06064913616409878,connected,mainstream
585,popular_1_exp_Experiment_1_seed_42,1,0.05957213650278443,connected,mainstream
158,popular_1_exp_Experiment_1_seed_42,1,0.05370469969369629,connected,mainstream
285,popular_1_exp_Experiment_1_seed_42,1,0.05388870601775773,connected,mainstream
323,popular_1_exp_Experiment_1_seed_42,1,0.05013260744827913,connected,mainstream
15,popular_1_exp_Experiment_1_seed_42,1,0.014796258557522498,connected,niche
591,popular_1_exp_Experiment_1_seed_42,1,0.07386058697493965,connected,mainstream
485,popular_1_exp_Experiment_1_seed_42,1,0.05904532386621996,connected,mainstream
182,popular_1_exp_Experiment_1_seed_42,1,0.06813429002181841,connected,mainstream
52,popular_1_exp_Experiment_1_seed_42,1,0.023771675378732163,connected,niche
351,popular_1_exp_Experiment_1_seed_42,1,0.05397207863894287,connected,mainstream
494,popular_1_exp_Experiment_1_seed_42,1,0.06004691211433221,connected,mainstream
319,popular_1_exp_Experiment_1_seed_42,1,0.05143334637229346,connected,mainstream
537,popular_1_exp_Experiment_1_seed_42,1,0.05033092084876642,connected,mainstream
545,popular_1_exp_Experiment_1_seed_42,1,0.0562504873598667,connected,mainstream
483,popular_1_exp_Experiment_1_seed_42,1,0.0500354460373264,connected,mainstream
195,popular_1_exp_Experiment_1_seed_42,1,0.0581007903181752,connected,mainstream
356,popular_1_exp_Experiment_1_seed_42,1,0.05187919639045851,connected,mainstream
310,popular_1_exp_Experiment_1_seed_42,1,0.06209458066128232,connected,mainstream
380,popular_1_exp_Experiment_1_seed_42,1,0.05534396057804991,connected,mainstream
139,popular_1_exp_Experiment_1_seed_42,1,0.06340674091887599,connected,mainstream
157,popular_1_exp_Experiment_1_seed_42,1,0.0560694041544956,connected,mainstream
441,popular_1_exp_Experiment_1_seed_42,1,0.07041029526015881,connected,mainstream
570,popular_1_exp_Experiment_1_seed_42,1,0.054049418657437044,connected,mainstream
391,popular_1_exp_Experiment_1_seed_42,1,0.057181823050279613,connected,mainstream
212,popular_1_exp_Experiment_1_seed_42,1,0.0627474667502564,connected,mainstream
167,popular_1_exp_Experiment_1_seed_42,1,0.05580549540188198,connected,mainstream
598,popular_1_exp_Experiment_1_seed_42,1,0.05378281790516124,connected,mainstream
458,popular_1_exp_Experiment_1_seed_42,1,0.054390492078252674,connected,mainstream
196,popular_1_exp_Experiment_1_seed_42,1,0.05632249914655265,connected,mainstream
314,popular_1_exp_Experiment_1_seed_42,1,0.054192891530384125,connected,mainstream
14,popular_1_exp_Experiment_1_seed_42,1,0.016370961985656324,connected,niche
436,popular_1_exp_Experiment_1_seed_42,1,0.0500910623235443,connected,mainstream
250,popular_1_exp_Experiment_1_seed_42,1,0.06279808876290022,connected,mainstream
340,popular_1_exp_Experiment_1_seed_42,1,0.06678915548669272,connected,mainstream
418,popular_1_exp_Experiment_1_seed_42,1,0.05761407643440484,connected,mainstream
339,popular_1_exp_Experiment_1_seed_42,1,0.06914955070170363,connected,mainstream
576,popular_1_exp_Experiment_1_seed_42,1,0.05150259715041026,connected,mainstream
447,popular_1_exp_Experiment_1_seed_42,1,0.061879147321249696,connected,mainstream
493,popular_1_exp_Experiment_1_seed_42,1,0.05380945249904107,connected,mainstream
507,popular_1_exp_Experiment_1_seed_42,1,0.053544131291142084,connected,mainstream
433,popular_1_exp_Experiment_1_seed_42,1,0.05074551181952106,connected,mainstream
400,popular_1_exp_Experiment_1_seed_42,1,0.05425669512756306,connected,mainstream
95,popular_1_exp_Experiment_1_seed_42,1,0.055030107978183224,connected,mainstream
343,popular_1_exp_Experiment_1_seed_42,1,0.058000313156730404,connected,mainstream
487,popular_1_exp_Experiment_1_seed_42,1,0.0800553384628707,connected,mainstream
419,popular_1_exp_Experiment_1_seed_42,1,0.0630717052541367,connected,mainstream
331,popular_1_exp_Experiment_1_seed_42,1,0.053057690077206066,connected,mainstream
577,popular_1_exp_Experiment_1_seed_42,1,0.05288014379748254,connected,mainstream
67,popular_1_exp_Experiment_1_seed_42,1,0.05332543416523914,connected,mainstream
398,popular_1_exp_Experiment_1_seed_42,1,0.05412052441045755,connected,mainstream
542,popular_1_exp_Experiment_1_seed_42,1,0.06992082694574364,connected,mainstream
207,popular_1_exp_Experiment_1_seed_42,1,0.05448725282291408,connected,mainstream
522,popular_1_exp_Experiment_1_seed_42,1,0.04948304847981962,connected,mainstream
65,popular_1_exp_Experiment_1_seed_42,1,0.0530736688831713,connected,mainstream
326,popular_1_exp_Experiment_1_seed_42,1,0.07061000707620929,connected,mainstream
446,popular_1_exp_Experiment_1_seed_42,1,0.049552538522244914,connected,mainstream
595,popular_1_exp_Experiment_1_seed_42,1,0.055746117986065054,connected,mainstream
58,popular_1_exp_Experiment_1_seed_42,1,0.016512377103318,connected,niche
305,popular_1_exp_Experiment_1_seed_42,1,0.06935753074246172,connected,mainstream
200,popular_1_exp_Experiment_1_seed_42,1,0.05247115140157859,connected,mainstream
92,popular_1_exp_Experiment_1_seed_42,1,0.05963991251140786,connected,mainstream
432,popular_1_exp_Experiment_1_seed_42,1,0.08556181628065153,connected,mainstream
268,popular_1_exp_Experiment_1_seed_42,1,0.05846572710467809,connected,mainstream
372,popular_1_exp_Experiment_1_seed_42,1,0.05399308119549382,connected,mainstream
0,popular_1_exp_Experiment_1_seed_42,1,0.016666848719938402,connected,niche
257,popular_1_exp_Experiment_1_seed_42,1,0.04978011677435812,connected,mainstream
94,popular_1_exp_Experiment_1_seed_42,1,0.05229010981509193,connected,mainstream
558,popular_1_exp_Experiment_1_seed_42,1,0.050924677232135444,connected,mainstream
122,popular_1_exp_Experiment_1_seed_42,1,0.06215203870140886,connected,mainstream
16,popular_1_exp_Experiment_1_seed_42,1,0.01901112515871084,connected,niche
467,popular_1_exp_Experiment_1_seed_42,1,0.054791205349973636,connected,mainstream
421,popular_1_exp_Experiment_1_seed_42,1,0.05448479036304149,connected,mainstream
270,popular_1_exp_Experiment_1_seed_42,1,0.05396640334049349,connected,mainstream
321,popular_1_exp_Experiment_1_seed_42,1,0.06039027813151473,connected,mainstream
584,popular_1_exp_Experiment_1_seed_42,1,0.05449006968797526,connected,mainstream
567,popular_1_exp_Experiment_1_seed_42,1,0.053038442548442276,connected,mainstream
481,popular_1_exp_Experiment_1_seed_42,1,0.05319044512769452,connected,mainstream
479,popular_1_exp_Experiment_1_seed_42,1,0.05493646668574701,connected,mainstream
241,popular_1_exp_Experiment_1_seed_42,1,0.0498425034014603,connected,mainstream
114,popular_1_exp_Experiment_1_seed_42,1,0.04917612211775849,connected,mainstream
346,popular_1_exp_Experiment_1_seed_42,1,0.05685686419399808,connected,mainstream
116,popular_1_exp_Experiment_1_seed_42,1,0.05625645796453546,connected,mainstream
81,popular_1_exp_Experiment_1_seed_42,1,0.06802860911294324,connected,mainstream
188,popular_1_exp_Experiment_1_seed_42,1,0.05284748329118082,connected,mainstream
256,popular_1_exp_Experiment_1_seed_42,1,0.06533111430859181,connected,mainstream
512,popular_1_exp_Experiment_1_seed_42,1,0.07261153571611416,connected,mainstream
187,popular_1_exp_Experiment_1_seed_42,1,0.05047044219482336,connected,mainstream
299,popular_1_exp_Experiment_1_seed_42,1,0.0667417789053517,connected,mainstream
501,popular_1_exp_Experiment_1_seed_42,1,0.05429145274603023,connected,mainstream
566,popular_1_exp_Experiment_1_seed_42,1,0.05684480897656526,connected,mainstream
453,popular_1_exp_Experiment_1_seed_42,1,0.05402268200016611,connected,mainstream
496,popular_1_exp_Experiment_1_seed_42,1,0.05381088560185713,connected,mainstream
240,popular_1_exp_Experiment_1_seed_42,1,0.06494172309864778,connected,mainstream
498,popular_1_exp_Experiment_1_seed_42,1,0.05390679856972603,connected,mainstream
414,popular_1_exp_Experiment_1_seed_42,1,0.05216707617221523,connected,mainstream
251,popular_1_exp_Experiment_1_seed_42,1,0.05104259398842701,connected,mainstream
29,popular_1_exp_Experiment_1_seed_42,1,0.021789456682640596,connected,niche
442,popular_1_exp_Experiment_1_seed_42,1,0.07188129417531376,connected,mainstream
594,popular_1_exp_Experiment_1_seed_42,1,0.06073797315079491,connected,mainstream
520,popular_1_exp_Experiment_1_seed_42,1,0.06114954403352072,connected,mainstream
296,popular_1_exp_Experiment_1_seed_42,1,0.05102183038710218,connected,mainstream
41,popular_1_exp_Experiment_1_seed_42,1,0.023675028321094246,connected,niche
334,popular_1_exp_Experiment_1_seed_42,1,0.062135473952760846,connected,mainstream
49,popular_1_exp_Experiment_1_seed_42,1,0.01587426308659117,connected,niche
28,popular_1_exp_Experiment_1_seed_42,1,0.02227830169850466,connected,niche
96,popular_1_exp_Experiment_1_seed_42,1,0.053912868008586835,connected,mainstream
541,popular_1_exp_Experiment_1_seed_42,1,0.059984676581869435,connected,mainstream
153,popular_1_exp_Experiment_1_seed_42,1,0.06423957028754007,connected,mainstream
263,popular_1_exp_Experiment_1_seed_42,1,0.06330016955256175,connected,mainstream
464,popular_1_exp_Experiment_1_seed_42,1,0.05939159767203947,connected,mainstream
283,popular_1_exp_Experiment_1_seed_42,1,0.05380364947853979,connected,mainstream
75,popular_1_exp_Experiment_1_seed_42,1,0.05146253546734283,connected,mainstream
70,popular_1_exp_Experiment_1_seed_42,1,0.06859140226581245,connected,mainstream
596,popular_1_exp_Experiment_1_seed_42,1,0.05080662441880309,connected,mainstream
50,popular_1_exp_Experiment_1_seed_42,1,0.022830920479156618,connected,niche
72,popular_1_exp_Experiment_1_seed_42,1,0.05444346003497996,connected,mainstream
429,popular_1_exp_Experiment_1_seed_42,1,0.052862869858484283,connected,mainstream
569,popular_1_exp_Experiment_1_seed_42,1,0.05200826280822041,connected,mainstream
190,popular_1_exp_Experiment_1_seed_42,1,0.0482851646905762,connected,mainstream
337,popular_1_exp_Experiment_1_seed_42,1,0.05549118447060126,connected,mainstream
10,popular_1_exp_Experiment_1_seed_42,1,0.016927216447401246,connected,niche
463,popular_1_exp_Experiment_1_seed_42,1,0.05656788135595645,connected,mainstream
384,popular_1_exp_Experiment_1_seed_42,1,0.06579010403359992,connected,mainstream
66,popular_1_exp_Experiment_1_seed_42,1,0.0672891495368748,connected,mainstream
519,popular_1_exp_Experiment_1_seed_42,1,0.050898362548190745,connected,mainstream
515,popular_1_exp_Experiment_1_seed_42,1,0.052228185848309676,connected,mainstream
509,popular_1_exp_Experiment_1_seed_42,1,0.062253650335962564,connected,mainstream
129,popular_1_exp_Experiment_1_seed_42,1,0.06129431841413909,connected,mainstream
224,popular_1_exp_Experiment_1_seed_42,1,0.06191786555290648,connected,mainstream
123,popular_1_exp_Experiment_1_seed_42,1,0.059340545162371534,connected,mainstream
568,popular_1_exp_Experiment_1_seed_42,1,0.05582983694277485,connected,mainstream
71,popular_1_exp_Experiment_1_seed_42,1,0.054634556851657474,connected,mainstream
255,popular_1_exp_Experiment_1_seed_42,1,0.04836041925019443,connected,mainstream
288,popular_1_exp_Experiment_1_seed_42,1,0.06773654288481545,connected,mainstream
511,popular_1_exp_Experiment_1_seed_42,1,0.05129804858251117,connected,mainstream
474,popular_1_exp_Experiment_1_seed_42,1,0.05193737841072955,connected,mainstream
64,popular_1_exp_Experiment_1_seed_42,1,0.06345533573221214,connected,mainstream
214,popular_1_exp_Experiment_1_seed_42,1,0.051093708211454654,connected,mainstream
108,popular_1_exp_Experiment_1_seed_42,1,0.053294999002567234,connected,mainstream
443,popular_1_exp_Experiment_1_seed_42,1,0.05945482466334941,connected,mainstream
267,popular_1_exp_Experiment_1_seed_42,1,0.052036472841606674,connected,mainstream
335,popular_1_exp_Experiment_1_seed_42,1,0.06632999714586786,connected,mainstream
552,popular_1_exp_Experiment_1_seed_42,1,0.05100823163606575,connected,mainstream
132,popular_1_exp_Experiment_1_seed_42,1,0.0662393211599459,connected,mainstream
264,popular_1_exp_Experiment_1_seed_42,1,0.051754522253626783,connected,mainstream
295,popular_1_exp_Experiment_1_seed_42,1,0.060082784912365995,connected,mainstream
341,popular_1_exp_Experiment_1_seed_42,1,0.0497522835205195,connected,mainstream
149,popular_1_exp_Experiment_1_seed_42,1,0.05308821325886276,connected,mainstream
111,popular_1_exp_Experiment_1_seed_42,1,0.05308451336639334,connected,mainstream
222,popular_1_exp_Experiment_1_seed_42,1,0.0654187941836553,connected,mainstream
360,popular_1_exp_Experiment_1_seed_42,1,0.05542776401727665,connected,mainstream
309,popular_1_exp_Experiment_1_seed_42,1,0.049230022464037855,connected,mainstream
278,popular_1_exp_Experiment_1_seed_42,1,0.049431834962525865,connected,mainstream
19,popular_1_exp_Experiment_1_seed_42,1,0.01356753648648045,connected,niche
338,popular_1_exp_Experiment_1_seed_42,1,0.051499801644338906,connected,mainstream
332,popular_1_exp_Experiment_1_seed_42,1,0.05180527043306086,connected,mainstream
243,popular_1_exp_Experiment_1_seed_42,1,0.053445214300313106,connected,mainstream
345,popular_1_exp_Experiment_1_seed_42,1,0.05250578750022728,connected,mainstream
83,popular_1_exp_Experiment_1_seed_42,1,0.05570784720400853,connected,mainstream
220,popular_1_exp_Experiment_1_seed_42,1,0.051270218311655395,connected,mainstream
514,popular_1_exp_Experiment_1_seed_42,1,0.05270488910095698,connected,mainstream
211,popular_1_exp_Experiment_1_seed_42,1,0.058916449750633336,connected,mainstream
226,popular_1_exp_Experiment_1_seed_42,1,0.06103783846570676,connected,mainstream
38,popular_1_exp_Experiment_1_seed_42,1,0.0194808610128883,connected,niche
495,popular_1_exp_Experiment_1_seed_42,1,0.055168024306450764,connected,mainstream
547,popular_1_exp_Experiment_1_seed_42,1,0.04976609174309942,connected,mainstream
488,popular_1_exp_Experiment_1_seed_42,1,0.06604829965260674,connected,mainstream
357,popular_1_exp_Experiment_1_seed_42,1,0.0596268164258375,connected,mainstream
518,popular_1_exp_Experiment_1_seed_42,1,0.06385753670212939,connected,mainstream
505,popular_1_exp_Experiment_1_seed_42,1,0.06079961688600913,connected,mainstream
308,popular_1_exp_Experiment_1_seed_42,1,0.0506472695644059,connected,mainstream
253,popular_1_exp_Experiment_1_seed_42,1,0.05448964625703464,connected,mainstream
553,popular_1_exp_Experiment_1_seed_42,1,0.06754965547826741,connected,mainstream
526,popular_1_exp_Experiment_1_seed_42,1,0.048729837804639325,connected,mainstream
60,popular_1_exp_Experiment_1_seed_42,1,0.0521234996189858,connected,mainstream
452,popular_1_exp_Experiment_1_seed_42,1,0.0520123860270357,connected,mainstream
25,popular_1_exp_Experiment_1_seed_42,1,0.02399294805831093,connected,niche
431,popular_1_exp_Experiment_1_seed_42,1,0.057326174179922994,connected,mainstream
503,popular_1_exp_Experiment_1_seed_42,1,0.06933110700840882,connected,mainstream
43,popular_1_exp_Experiment_1_seed_42,1,0.019607704661699726,connected,niche
559,popular_1_exp_Experiment_1_seed_42,1,0.05366032197718926,connected,mainstream
316,popular_1_exp_Experiment_1_seed_42,1,0.06301845646872144,connected,mainstream
529,popular_1_exp_Experiment_1_seed_42,1,0.05743257986491256,connected,mainstream
239,popular_1_exp_Experiment_1_seed_42,1,0.059024804878450764,connected,mainstream
580,popular_1_exp_Experiment_1_seed_42,1,0.06254778339067246,connected,mainstream
21,popular_1_exp_Experiment_1_seed_42,1,0.01386908764758185,connected,niche
359,popular_1_exp_Experiment_1_seed_42,1,0.059538303471302616,connected,mainstream
454,popular_1_exp_Experiment_1_seed_42,1,0.05813312487324703,connected,mainstream
347,popular_1_exp_Experiment_1_seed_42,1,0.07165896767674566,connected,mainstream
530,popular_1_exp_Experiment_1_seed_42,1,0.06019702531661412,connected,mainstream
80,popular_1_exp_Experiment_1_seed_42,1,0.05144928777104035,connected,mainstream
103,popular_1_exp_Experiment_1_seed_42,1,0.06375678545167833,connected,mainstream
201,popular_1_exp_Experiment_1_seed_42,1,0.05148027456979227,connected,mainstream
389,popular_1_exp_Experiment_1_seed_42,1,0.05484668168892626,connected,mainstream
381,popular_1_exp_Experiment_1_seed_42,1,0.05284642171860312,connected,mainstream
353,popular_1_exp_Experiment_1_seed_42,1,0.055223871359905086,connected,mainstream
176,popular_1_exp_Experiment_1_seed_42,1,0.05250380153056197,connected,mainstream
98,popular_1_exp_Experiment_1_seed_42,1,0.04983534641143055,connected,mainstream
390,popular_1_exp_Experiment_1_seed_42,1,0.06311671023682125,connected,mainstream
508,popular_1_exp_Experiment_1_seed_42,1,0.05215262475438487,connected,mainstream
272,popular_1_exp_Experiment_1_seed_42,1,0.058870787164966444,connected,mainstream
382,popular_1_exp_Experiment_1_seed_42,1,0.06416810326202967,connected,mainstream
460,popular_1_exp_Experiment_1_seed_42,1,0.055693232520895454,connected,mainstream
362,popular_1_exp_Experiment_1_seed_42,1,0.058095161408800215,connected,mainstream
469,popular_1_exp_Experiment_1_seed_42,1,0.06578800908712797,connected,mainstream
159,popular_1_exp_Experiment_1_seed_42,1,0.05654605403822277,connected,mainstream
155,popular_1_exp_Experiment_1_seed_42,1,0.05058069089674655,connected,mainstream
73,popular_1_exp_Experiment_1_seed_42,1,0.051192702108300854,connected,mainstream
587,popular_1_exp_Experiment_1_seed_42,1,0.053027514099395094,connected,mainstream
22,popular_1_exp_Experiment_1_seed_42,1,0.02578286184749143,connected,niche
445,popular_1_exp_Experiment_1_seed_42,1,0.05264070859506994,connected,mainstream
369,popular_1_exp_Experiment_1_seed_42,1,0.0634655355614006,connected,mainstream
124,popular_1_exp_Experiment_1_seed_42,1,0.059133798098390596,connected,mainstream
373,popular_1_exp_Experiment_1_seed_42,1,0.05410155299971361,connected,mainstream
40,popular_1_exp_Experiment_1_seed_42,1,0.016789168126944125,connected,niche
11,popular_1_exp_Experiment_1_seed_42,1,0.014319927016542564,connected,niche
181,popular_1_exp_Experiment_1_seed_42,1,0.051519034252395686,connected,mainstream
86,popular_1_exp_Experiment_1_seed_42,1,0.0706136627044494,connected,mainstream
274,popular_1_exp_Experiment_1_seed_42,1,0.05040582418378498,connected,mainstream
191,popular_1_exp_Experiment_1_seed_42,1,0.05150219090703304,connected,mainstream
238,popular_1_exp_Experiment_1_seed_42,1,0.05180502861074487,connected,mainstream
298,popular_1_exp_Experiment_1_seed_42,1,0.05712361639571531,connected,mainstream
2,popular_1_exp_Experiment_1_seed_42,1,0.01952090114180178,connected,niche
106,popular_1_exp_Experiment_1_seed_42,1,0.06408953087084873,connected,mainstream
574,popular_1_exp_Experiment_1_seed_42,1,0.05661275075160446,connected,mainstream
350,popular_1_exp_Experiment_1_seed_42,1,0.05521281365364328,connected,mainstream
17,popular_1_exp_Experiment_1_seed_42,1,0.01476512854036577,connected,niche
280,popular_1_exp_Experiment_1_seed_42,1,0.05734500681919965,connected,mainstream
193,popular_1_exp_Experiment_1_seed_42,1,0.06497347202574426,connected,mainstream
204,popular_1_exp_Experiment_1_seed_42,1,0.04975436254774582,connected,mainstream
234,popular_1_exp_Experiment_1_seed_42,1,0.05068661849004253,connected,mainstream
35,popular_1_exp_Experiment_1_seed_42,1,0.014471060679319992,connected,niche
62,popular_1_exp_Experiment_1_seed_42,1,0.054659272507661005,connected,mainstream
293,popular_1_exp_Experiment_1_seed_42,1,0.06311769404190125,connected,mainstream
51,popular_1_exp_Experiment_1_seed_42,1,0.021926104581205266,connected,niche
59,popular_1_exp_Experiment_1_seed_42,1,0.018649626524055857,connected,niche
333,popular_1_exp_Experiment_1_seed_42,1,0.05185157907615673,connected,mainstream
358,popular_1_exp_Experiment_1_seed_42,1,0.061658802931842706,connected,mainstream
462,popular_1_exp_Experiment_1_seed_42,1,0.051907495559877816,connected,mainstream
292,popular_1_exp_Experiment_1_seed_42,1,0.05191541466660752,connected,mainstream
317,popular_1_exp_Experiment_1_seed_42,1,0.055545348060720284,connected,mainstream
592,popular_1_exp_Experiment_1_seed_42,1,0.06715597698261207,connected,mainstream
525,popular_1_exp_Experiment_1_seed_42,1,0.05909559545837694,connected,mainstream
99,popular_1_exp_Experiment_1_seed_42,1,0.05323187460935052,connected,mainstream
582,popular_1_exp_Experiment_1_seed_42,1,0.05096301521785782,connected,mainstream
34,popular_1_exp_Experiment_1_seed_42,1,0.023763034081454578,connected,niche
393,popular_1_exp_Experiment_1_seed_42,1,0.06971156858776684,connected,mainstream
194,popular_1_exp_Experiment_1_seed_42,1,0.05189392465748748,connected,mainstream
88,popular_1_exp_Experiment_1_seed_42,1,0.0470537897269725,connected,mainstream
575,popular_1_exp_Experiment_1_seed_42,1,0.0700710326148784,connected,mainstream
46,popular_1_exp_Experiment_1_seed_42,1,0.014443163618125745,connected,niche
531,popular_1_exp_Experiment_1_seed_42,1,0.06481758464009495,connected,mainstream
383,popular_1_exp_Experiment_1_seed_42,1,0.05545338352521328,connected,mainstream
523,popular_1_exp_Experiment_1_seed_42,1,0.0593667343098539,connected,mainstream
127,popular_1_exp_Experiment_1_seed_42,1,0.053499608070587734,connected,mainstream
354,popular_1_exp_Experiment_1_seed_42,1,0.050815480625307406,connected,mainstream
125,popular_1_exp_Experiment_1_seed_42,1,0.05190337436605496,connected,mainstream
8,popular_1_exp_Experiment_1_seed_42,1,0.01875318888504472,connected,niche
402,popular_1_exp_Experiment_1_seed_42,1,0.052314858157821824,connected,mainstream
230,popular_1_exp_Experiment_1_seed_42,1,0.051953506867043975,connected,mainstream
276,popular_1_exp_Experiment_1_seed_42,1,0.054285652236517525,connected,mainstream
535,popular_1_exp_Experiment_1_seed_42,1,0.05254266669252122,connected,mainstream
557,popular_1_exp_Experiment_1_seed_42,1,0.05689930254746075,connected,mainstream
564,popular_1_exp_Experiment_1_seed_42,1,0.05826663751992269,connected,mainstream
534,popular_1_exp_Experiment_1_seed_42,1,0.06324707199683434,connected,mainstream
174,popular_1_exp_Experiment_1_seed_42,1,0.052073269016042666,connected,mainstream
455,popular_1_exp_Experiment_1_seed_42,1,0.05931629114250811,connected,mainstream
586,popular_1_exp_Experiment_1_seed_42,1,0.05870014634476636,connected,mainstream
348,popular_1_exp_Experiment_1_seed_42,1,0.06649347915930405,connected,mainstream
426,popular_1_exp_Experiment_1_seed_42,1,0.04984748582164982,connected,mainstream
162,popular_1_exp_Experiment_1_seed_42,1,0.05135941670587088,connected,mainstream
247,popular_1_exp_Experiment_1_seed_42,1,0.06224064189875672,connected,mainstream
109,popular_1_exp_Experiment_1_seed_42,1,0.04949340586568391,connected,mainstream
156,popular_1_exp_Experiment_1_seed_42,1,0.06259916581666276,connected,mainstream
183,popular_1_exp_Experiment_1_seed_42,1,0.054387275644645135,connected,mainstream
510,popular_1_exp_Experiment_1_seed_42,1,0.05086030069310071,connected,mainstream
465,popular_1_exp_Experiment_1_seed_42,1,0.05599237508399325,connected,mainstream
478,popular_1_exp_Experiment_1_seed_42,1,0.06517375769756882,connected,mainstream
281,popular_1_exp_Experiment_1_seed_42,1,0.056534522283019285,connected,mainstream
61,popular_1_exp_Experiment_1_seed_42,1,0.050919389485917836,connected,mainstream
536,popular_1_exp_Experiment_1_seed_42,1,0.05092873998542872,connected,mainstream
203,popular_1_exp_Experiment_1_seed_42,1,0.05157779513799383,connected,mainstream
551,popular_1_exp_Experiment_1_seed_42,1,0.052266249668109666,connected,mainstream
422,popular_1_exp_Experiment_1_seed_42,1,0.05444413899417961,connected,mainstream
171,popular_1_exp_Experiment_1_seed_42,1,0.06749240690995624,connected,mainstream
324,popular_1_exp_Experiment_1_seed_42,1,0.051425575181481754,connected,mainstream
138,popular_1_exp_Experiment_1_seed_42,1,0.06685347788099448,connected,mainstream
417,popular_1_exp_Experiment_1_seed_42,1,0.05502495384384822,connected,mainstream
117,popular_1_exp_Experiment_1_seed_42,1,0.054954554685489376,connected,mainstream
471,popular_1_exp_Experiment_1_seed_42,1,0.05403658242862558,connected,mainstream
420,popular_1_exp_Experiment_1_seed_42,1,0.060178403008732125,connected,mainstream
486,popular_1_exp_Experiment_1_seed_42,1,0.052701764589878956,connected,mainstream
113,popular_1_exp_Experiment_1_seed_42,1,0.06830502056473976,connected,mainstream
549,popular_1_exp_Experiment_1_seed_42,1,0.06970435222293016,connected,mainstream
387,popular_1_exp_Experiment_1_seed_42,1,0.054490020906149995,connected,mainstream
152,popular_1_exp_Experiment_1_seed_42,1,0.05730548577131522,connected,mainstream
306,popular_1_exp_Experiment_1_seed_42,1,0.05683734412687014,connected,mainstream
63,popular_1_exp_Experiment_1_seed_42,1,0.06336423056870279,connected,mainstream
480,popular_1_exp_Experiment_1_seed_42,1,0.05197854958240539,connected,mainstream
329,popular_1_exp_Experiment_1_seed_42,1,0.0486786162511178,connected,mainstream
104,popular_1_exp_Experiment_1_seed_42,1,0.05147354468114656,connected,mainstream
367,popular_1_exp_Experiment_1_seed_42,1,0.04984019861197763,connected,mainstream
85,popular_1_exp_Experiment_1_seed_42,1,0.057345384897301295,connected,mainstream
472,popular_1_exp_Experiment_1_seed_42,1,0.05334349693134937,connected,mainstream
6,popular_1_exp_Experiment_1_seed_42,1,0.022851514266145706,connected,niche
266,popular_1_exp_Experiment_1_seed_42,1,0.05687820347957582,connected,mainstream
147,popular_1_exp_Experiment_1_seed_42,1,0.05132488562677395,connected,mainstream
42,popular_1_exp_Experiment_1_seed_42,1,0.02150223264806969,connected,niche
330,popular_1_exp_Experiment_1_seed_42,1,0.060265367006157776,connected,mainstream
236,popular_1_exp_Experiment_1_seed_42,1,0.049650057727281545,connected,mainstream
208,popular_1_exp_Experiment_1_seed_42,1,0.049957039822096344,connected,mainstream
303,popular_1_exp_Experiment_1_seed_42,1,0.05730296095442338,connected,mainstream
599,popular_1_exp_Experiment_1_seed_42,1,0.049050831034876535,connected,mainstream
259,popular_1_exp_Experiment_1_seed_42,1,0.05061256050752159,connected,mainstream
428,popular_1_exp_Experiment_1_seed_42,1,0.06165316730110886,connected,mainstream
548,popular_1_exp_Experiment_1_seed_42,1,0.05961569711152675,connected,mainstream
502,popular_1_exp_Experiment_1_seed_42,1,0.05587043828511918,connected,mainstream
160,popular_1_exp_Experiment_1_seed_42,1,0.06563001865540193,connected,mainstream
31,popular_1_exp_Experiment_1_seed_42,1,0.014840823082268596,connected,niche
404,popular_1_exp_Experiment_1_seed_42,1,0.06084737341732619,connected,mainstream
386,popular_1_exp_Experiment_1_seed_42,1,0.053319270585971745,connected,mainstream
581,popular_1_exp_Experiment_1_seed_42,1,0.048183738080981926,connected,mainstream
68,popular_1_exp_Experiment_1_seed_42,1,0.05048804515272302,connected,mainstream
427,popular_1_exp_Experiment_1_seed_42,1,0.05203280956511056,connected,mainstream
180,popular_1_exp_Experiment_1_seed_42,1,0.04958771306612623,connected,mainstream
396,popular_1_exp_Experiment_1_seed_42,1,0.053587697467505836,connected,mainstream
571,popular_1_exp_Experiment_1_seed_42,1,0.050782326618129696,connected,mainstream
5,popular_1_exp_Experiment_1_seed_42,1,0.03096083660911376,connected,niche
361,popular_1_exp_Experiment_1_seed_42,1,0.05616690325471452,connected,mainstream
48,popular_1_exp_Experiment_1_seed_42,1,0.014421278706248285,connected,niche
93,popular_1_exp_Experiment_1_seed_42,1,0.050515037661409974,connected,mainstream
133,popular_1_exp_Experiment_1_seed_42,1,0.050921729279049595,connected,mainstream
105,popular_1_exp_Experiment_1_seed_42,1,0.053184194452526555,connected,mainstream
589,popular_1_exp_Experiment_1_seed_42,1,0.05150384364828198,connected,mainstream
9,popular_1_exp_Experiment_1_seed_42,1,0.02025133911201327,connected,niche
456,popular_1_exp_Experiment_1_seed_42,1,0.05108276487863117,connected,mainstream
544,popular_1_exp_Experiment_1_seed_42,1,0.05397411575030958,connected,mainstream
312,popular_1_exp_Experiment_1_seed_42,1,0.06213338469649982,connected,mainstream
430,popular_1_exp_Experiment_1_seed_42,1,0.050344159326405104,connected,mainstream
242,popular_1_exp_Experiment_1_seed_42,1,0.04566410518372641,connected,mainstream
164,popular_1_exp_Experiment_1_seed_42,1,0.05140225241273478,connected,mainstream
482,popular_1_exp_Experiment_1_seed_42,1,0.054481114171504974,connected,mainstream
313,popular_1_exp_Experiment_1_seed_42,1,0.05580443850971848,connected,mainstream
26,popular_1_exp_Experiment_1_seed_42,1,0.018527854585046202,connected,niche
489,popular_1_exp_Experiment_1_seed_42,1,0.06480016123625428,connected,mainstream
409,popular_1_exp_Experiment_1_seed_42,1,0.05349902263522577,connected,mainstream
219,popular_1_exp_Experiment_1_seed_42,1,0.05602224441802018,connected,mainstream
473,popular_1_exp_Experiment_1_seed_42,1,0.051327803465276885,connected,mainstream
1,popular_1_exp_Experiment_1_seed_42,1,0.01361863565240002,connected,niche
425,popular_1_exp_Experiment_1_seed_42,1,0.046283016928037095,connected,mainstream
397,popular_1_exp_Experiment_1_seed_42,1,0.04590543749854271,connected,mainstream
209,popular_1_exp_Experiment_1_seed_42,1,0.05351188273711638,connected,mainstream
118,popular_1_exp_Experiment_1_seed_42,1,0.05329272279787378,connected,mainstream
271,popular_1_exp_Experiment_1_seed_42,1,0.050677295852731924,connected,mainstream
151,popular_1_exp_Experiment_1_seed_42,1,0.0546342908271704,connected,mainstream
355,popular_1_exp_Experiment_1_seed_42,1,0.05281180345796055,connected,mainstream
275,popular_1_exp_Experiment_1_seed_42,1,0.05942707676525355,connected,mainstream
55,popular_1_exp_Experiment_1_seed_42,1,0.01979965645133341,connected,niche
294,popular_1_exp_Experiment_1_seed_42,1,0.05301938964656622,connected,mainstream
562,popular_1_exp_Experiment_1_seed_42,1,0.04910004980508172,connected,mainstream
297,popular_1_exp_Experiment_1_seed_42,1,0.0632449025730087,connected,mainstream
407,popular_1_exp_Experiment_1_seed_42,1,0.050111413856357534,connected,mainstream
44,popular_1_exp_Experiment_1_seed_42,1,0.017590425913661372,connected,niche
300,popular_1_exp_Experiment_1_seed_42,1,0.05016355676003684,connected,mainstream
166,popular_1_exp_Experiment_1_seed_42,1,0.05140135853966105,connected,mainstream
232,popular_1_exp_Experiment_1_seed_42,1,0.04962726600211387,connected,mainstream
110,popular_1_exp_Experiment_1_seed_42,1,0.059916403478020526,connected,mainstream
540,popular_1_exp_Experiment_1_seed_42,1,0.057746948868313906,connected,mainstream
516,popular_1_exp_Experiment_1_seed_42,1,0.049178606560719755,connected,mainstream
448,popular_1_exp_Experiment_1_seed_42,1,0.06105661582022912,connected,mainstream
406,popular_1_exp_Experiment_1_seed_42,1,0.05023146967742185,connected,mainstream
273,popular_1_exp_Experiment_1_seed_42,1,0.06078942745331542,connected,mainstream
416,popular_1_exp_Experiment_1_seed_42,1,0.05026237299500147,connected,mainstream
27,popular_1_exp_Experiment_1_seed_42,1,0.01549370145193719,connected,niche
165,popular_1_exp_Experiment_1_seed_42,1,0.051794486455520934,connected,mainstream
344,popular_1_exp_Experiment_1_seed_42,1,0.05427863680496146,connected,mainstream
227,popular_1_exp_Experiment_1_seed_42,1,0.050202602027946776,connected,mainstream
320,popular_1_exp_Experiment_1_seed_42,1,0.05110844101712895,connected,mainstream
597,popular_1_exp_Experiment_1_seed_42,1,0.051479940406349095,connected,mainstream
252,popular_1_exp_Experiment_1_seed_42,1,0.055354649027230224,connected,mainstream
490,popular_1_exp_Experiment_1_seed_42,1,0.05718675520386971,connected,mainstream
218,popular_1_exp_Experiment_1_seed_42,1,0.06390046350456034,connected,mainstream
90,popular_1_exp_Experiment_1_seed_42,1,0.07468941546794487,connected,mainstream
546,popular_1_exp_Experiment_1_seed_42,1,0.057172892778870686,connected,mainstream
563,popular_1_exp_Experiment_1_seed_42,1,0.05184384076817181,connected,mainstream
231,popular_1_exp_Experiment_1_seed_42,1,0.05000280585195884,connected,mainstream
336,popular_1_exp_Experiment_1_seed_42,1,0.0655672603943957,connected,mainstream
97,popular_1_exp_Experiment_1_seed_42,1,0.05072468085231879,connected,mainstream
388,popular_1_exp_Experiment_1_seed_42,1,0.06313111443107156,connected,mainstream
364,popular_1_exp_Experiment_1_seed_42,1,0.052638585378975256,connected,mainstream
286,popular_1_exp_Experiment_1_seed_42,1,0.05677087060291297,connected,mainstream
131,popular_1_exp_Experiment_1_seed_42,1,0.0505557230422096,connected,mainstream
265,popular_1_exp_Experiment_1_seed_42,1,0.07459883789850746,connected,mainstream
56,popular_1_exp_Experiment_1_seed_42,1,0.01721481199667088,connected,niche
163,popular_1_exp_Experiment_1_seed_42,1,0.053284073470201004,connected,mainstream
145,popular_1_exp_Experiment_1_seed_42,1,0.056318425166061316,connected,mainstream
438,popular_1_exp_Experiment_1_seed_42,1,0.0577129249917687,connected,mainstream
225,popular_1_exp_Experiment_1_seed_42,1,0.05072412812639518,connected,mainstream
370,popular_1_exp_Experiment_1_seed_42,1,0.053002324338067876,connected,mainstream
524,popular_1_exp_Experiment_1_seed_42,1,0.055436551418615566,connected,mainstream
154,popular_1_exp_Experiment_1_seed_42,1,0.06206515298530229,connected,mainstream
315,popular_1_exp_Experiment_1_seed_42,1,0.06605338712927028,connected,mainstream
578,popular_1_exp_Experiment_1_seed_42,1,0.04984306960735826,connected,mainstream
289,popular_1_exp_Experiment_1_seed_42,1,0.06175287020353928,connected,mainstream
476,popular_1_exp_Experiment_1_seed_42,1,0.06549565760573751,connected,mainstream
142,popular_1_exp_Experiment_1_seed_42,1,0.049408907971537554,connected,mainstream
440,popular_1_exp_Experiment_1_seed_42,1,0.0617544956896979,connected,mainstream
413,popular_1_exp_Experiment_1_seed_42,1,0.05031210145109369,connected,mainstream
146,popular_1_exp_Experiment_1_seed_42,1,0.05308017555847291,connected,mainstream
376,popular_1_exp_Experiment_1_seed_42,1,0.052228085782506734,connected,mainstream
3,popular_1_exp_Experiment_1_seed_42,1,0.012961624907579475,connected,niche
148,popular_1_exp_Experiment_1_seed_42,1,0.05691966608834865,connected,mainstream
197,popular_1_exp_Experiment_1_seed_42,1,0.056521204422377354,connected,mainstream
311,popular_1_exp_Experiment_1_seed_42,1,0.05420671955824643,connected,mainstream
365,popular_1_exp_Experiment_1_seed_42,1,0.05133870246905989,connected,mainstream
322,popular_1_exp_Experiment_1_seed_42,1,0.057491734580424635,connected,mainstream
260,popular_1_exp_Experiment_1_seed_42,1,0.06761340053457222,connected,mainstream
262,popular_1_exp_Experiment_1_seed_42,1,0.06797685693560467,connected,mainstream
543,popular_1_exp_Experiment_1_seed_42,1,0.058926645616134414,connected,mainstream
282,popular_1_exp_Experiment_1_seed_42,1,0.05956826916542617,connected,mainstream
213,popular_1_exp_Experiment_1_seed_42,1,0.0596728731092824,connected,mainstream
435,popular_1_exp_Experiment_1_seed_42,1,0.049983482832185046,connected,mainstream
32,popular_1_exp_Experiment_1_seed_42,1,0.021505305936336632,connected,niche
366,popular_1_exp_Experiment_1_seed_42,1,0.06875059134632804,connected,mainstream
76,popular_1_exp_Experiment_1_seed_42,1,0.04907178670110274,connected,mainstream
233,popular_1_exp_Experiment_1_seed_42,1,0.05489677862011719,connected,mainstream
177,popular_1_exp_Experiment_1_seed_42,1,0.055341010323315,connected,mainstream
449,popular_1_exp_Experiment_1_seed_42,1,0.0583414294318752,connected,mainstream
307,popular_1_exp_Experiment_1_seed_42,1,0.05625918474729764,connected,mainstream
468,popular_1_exp_Experiment_1_seed_42,1,0.05105615306848249,connected,mainstream
199,popular_1_exp_Experiment_1_seed_42,1,0.050199646717927864,connected,mainstream
168,popular_1_exp_Experiment_1_seed_42,1,0.051159697709608515,connected,mainstream
593,popular_1_exp_Experiment_1_seed_42,1,0.06734053823194337,connected,mainstream
175,popular_1_exp_Experiment_1_seed_42,1,0.055275927919108625,connected,mainstream
349,popular_1_exp_Experiment_1_seed_42,1,0.062112779103058395,connected,mainstream
554,popular_1_exp_Experiment_1_seed_42,1,0.06127524811845544,connected,mainstream
572,popular_1_exp_Experiment_1_seed_42,1,0.05162884844597022,connected,mainstream
304,popular_1_exp_Experiment_1_seed_42,1,0.050977606006302995,connected,mainstream
513,popular_1_exp_Experiment_1_seed_42,1,0.059877471823507424,connected,mainstream
102,popular_1_exp_Experiment_1_seed_42,1,0.04854629774588414,connected,mainstream
206,popular_1_exp_Experiment_1_seed_42,1,0.05161031006163467,connected,mainstream
100,popular_1_exp_Experiment_1_seed_42,1,0.05999504688421926,connected,mainstream
69,popular_1_exp_Experiment_1_seed_42,1,0.06332985760816884,connected,mainstream
517,popular_1_exp_Experiment_1_seed_42,1,0.06929436118735527,connected,mainstream
475,popular_1_exp_Experiment_1_seed_42,1,0.05099634629946828,connected,mainstream
91,popular_1_exp_Experiment_1_seed_42,1,0.0565831333447841,connected,mainstream
216,popular_1_exp_Experiment_1_seed_42,1,0.05348985519270085,connected,mainstream
143,popular_1_exp_Experiment_1_seed_42,1,0.05165621193283194,connected,mainstream
36,popular_1_exp_Experiment_1_seed_42,1,0.015563594140872744,connected,niche
504,popular_1_exp_Experiment_1_seed_42,1,0.051037590820765893,connected,mainstream
411,popular_1_exp_Experiment_1_seed_42,1,0.07364877838468216,connected,mainstream
368,popular_1_exp_Experiment_1_seed_42,1,0.05062317921662209,connected,mainstream
424,popular_1_exp_Experiment_1_seed_42,2,0.05422637226691584,connected,mainstream
39,popular_1_exp_Experiment_1_seed_42,2,0.015442998001779104,connected,niche
245,popular_1_exp_Experiment_1_seed_42,2,0.05622233198053219,connected,mainstream
228,popular_1_exp_Experiment_1_seed_42,2,0.05387915563671897,connected,mainstream
412,popular_1_exp_Experiment_1_seed_42,2,0.05108777778650536,connected,mainstream
450,popular_1_exp_Experiment_1_seed_42,2,0.0558262092347712,connected,mainstream
136,popular_1_exp_Experiment_1_seed_42,2,0.05297911822602842,connected,mainstream
437,popular_1_exp_Experiment_1_seed_42,2,0.06193243531478068,connected,mainstream
12,popular_1_exp_Experiment_1_seed_42,2,0.016229595296055804,connected,niche
173,popular_1_exp_Experiment_1_seed_42,2,0.055252697343620226,connected,mainstream
84,popular_1_exp_Experiment_1_seed_42,2,0.0567904359799787,connected,mainstream
33,popular_1_exp_Experiment_1_seed_42,2,0.02720650755134206,connected,niche
532,popular_1_exp_Experiment_1_seed_42,2,0.058753732340455396,connected,mainstream
246,popular_1_exp_Experiment_1_seed_42,2,0.05478685267074033,connected,mainstream
4,popular_1_exp_Experiment_1_seed_42,2,0.01948462739801721,connected,niche
491,popular_1_exp_Experiment_1_seed_42,2,0.054046228589145796,connected,mainstream
477,popular_1_exp_Experiment_1_seed_42,2,0.049757599937160675,connected,mainstream
371,popular_1_exp_Experiment_1_seed_42,2,0.05494260590568608,connected,mainstream
590,popular_1_exp_Experiment_1_seed_42,2,0.05133862787386629,connected,mainstream
277,popular_1_exp_Experiment_1_seed_42,2,0.05221211469334002,connected,mainstream
254,popular_1_exp_Experiment_1_seed_42,2,0.05097500393016279,connected,mainstream
57,popular_1_exp_Experiment_1_seed_42,2,0.019719368113348863,connected,niche
74,popular_1_exp_Experiment_1_seed_42,2,0.05761949296551763,connected,mainstream
217,popular_1_exp_Experiment_1_seed_42,2,0.05829256945370386,connected,mainstream
192,popular_1_exp_Experiment_1_seed_42,2,0.06806024880578693,connected,mainstream
13,popular_1_exp_Experiment_1_seed_42,2,0.02885072797787928,connected,niche
560,popular_1_exp_Experiment_1_seed_42,2,0.056718400689074716,connected,mainstream
120,popular_1_exp_Experiment_1_seed_42,2,0.06119606089183399,connected,mainstream
415,popular_1_exp_Experiment_1_seed_42,2,0.05866075028012394,connected,mainstream
235,popular_1_exp_Experiment_1_seed_42,2,0.05445846278990751,connected,mainstream
555,popular_1_exp_Experiment_1_seed_42,2,0.06360450442040606,connected,mainstream
408,popular_1_exp_Experiment_1_seed_42,2,0.054684455068918704,connected,mainstream
500,popular_1_exp_Experiment_1_seed_42,2,0.05946468267970639,connected,mainstream
385,popular_1_exp_Experiment_1_seed_42,2,0.054782659651197,connected,mainstream
221,popular_1_exp_Experiment_1_seed_42,2,0.055515762032778776,connected,mainstream
128,popular_1_exp_Experiment_1_seed_42,2,0.0652081585126087,connected,mainstream
223,popular_1_exp_Experiment_1_seed_42,2,0.06471207334684913,connected,mainstream
377,popular_1_exp_Experiment_1_seed_42,2,0.06118979746755718,connected,mainstream
179,popular_1_exp_Experiment_1_seed_42,2,0.057746289591851574,connected,mainstream
374,popular_1_exp_Experiment_1_seed_42,2,0.059952149904194264,connected,mainstream
205,popular_1_exp_Experiment_1_seed_42,2,0.06912153470226365,connected,mainstream
521,popular_1_exp_Experiment_1_seed_42,2,0.06647121347431002,connected,mainstream
291,popular_1_exp_Experiment_1_seed_42,2,0.05943547662238105,connected,mainstream
150,popular_1_exp_Experiment_1_seed_42,2,0.059146891617732254,connected,mainstream
7,popular_1_exp_Experiment_1_seed_42,2,0.025283781475604384,connected,niche
284,popular_1_exp_Experiment_1_seed_42,2,0.06740572247277203,connected,mainstream
588,popular_1_exp_Experiment_1_seed_42,2,0.05673546110327199,connected,mainstream
144,popular_1_exp_Experiment_1_seed_42,2,0.05483964704530367,connected,mainstream
399,popular_1_exp_Experiment_1_seed_42,2,0.05472118656647864,connected,mainstream
287,popular_1_exp_Experiment_1_seed_42,2,0.07169073863224334,connected,mainstream
403,popular_1_exp_Experiment_1_seed_42,2,0.05090865307834935,connected,mainstream
30,popular_1_exp_Experiment_1_seed_42,2,0.03124603443100135,connected,niche
178,popular_1_exp_Experiment_1_seed_42,2,0.06801752861587028,connected,mainstream
258,popular_1_exp_Experiment_1_seed_42,2,0.048116157187338145,connected,mainstream
101,popular_1_exp_Experiment_1_seed_42,2,0.05865123351856555,connected,mainstream
561,popular_1_exp_Experiment_1_seed_42,2,0.05022317135671899,connected,mainstream
202,popular_1_exp_Experiment_1_seed_42,2,0.05379315692525973,connected,mainstream
279,popular_1_exp_Experiment_1_seed_42,2,0.05178328062668804,connected,mainstream
79,popular_1_exp_Experiment_1_seed_42,2,0.05414687079459659,connected,mainstream
290,popular_1_exp_Experiment_1_seed_42,2,0.056080007416825624,connected,mainstream
318,popular_1_exp_Experiment_1_seed_42,2,0.051532138378304,connected,mainstream
342,popular_1_exp_Experiment_1_seed_42,2,0.058478163642272984,connected,mainstream
244,popular_1_exp_Experiment_1_seed_42,2,0.06352537380946623,connected,mainstream
186,popular_1_exp_Experiment_1_seed_42,2,0.06115179137579657,connected,mainstream
579,popular_1_exp_Experiment_1_seed_42,2,0.05241780988455702,connected,mainstream
533,popular_1_exp_Experiment_1_seed_42,2,0.08107706772042582,connected,mainstream
198,popular_1_exp_Experiment_1_seed_42,2,0.05206784971671502,connected,mainstream
23,popular_1_exp_Experiment_1_seed_42,2,0.01595321212804306,connected,niche
375,popular_1_exp_Experiment_1_seed_42,2,0.05928740848619405,connected,mainstream
527,popular_1_exp_Experiment_1_seed_42,2,0.055248626815288866,connected,mainstream
161,popular_1_exp_Experiment_1_seed_42,2,0.06291597157230971,connected,mainstream
248,popular_1_exp_Experiment_1_seed_42,2,0.0608596150750007,connected,mainstream
54,popular_1_exp_Experiment_1_seed_42,2,0.01782506117950981,connected,niche
439,popular_1_exp_Experiment_1_seed_42,2,0.05606609387440742,connected,mainstream
47,popular_1_exp_Experiment_1_seed_42,2,0.022859663532297427,connected,niche
410,popular_1_exp_Experiment_1_seed_42,2,0.05147918571824655,connected,mainstream
392,popular_1_exp_Experiment_1_seed_42,2,0.06343863520796404,connected,mainstream
135,popular_1_exp_Experiment_1_seed_42,2,0.06149471099295436,connected,mainstream
363,popular_1_exp_Experiment_1_seed_42,2,0.05279780849151003,connected,mainstream
137,popular_1_exp_Experiment_1_seed_42,2,0.04755996041415628,connected,mainstream
210,popular_1_exp_Experiment_1_seed_42,2,0.06194839811298458,connected,mainstream
466,popular_1_exp_Experiment_1_seed_42,2,0.06436500397401305,connected,mainstream
434,popular_1_exp_Experiment_1_seed_42,2,0.062189601691679634,connected,mainstream
126,popular_1_exp_Experiment_1_seed_42,2,0.051055833217691894,connected,mainstream
115,popular_1_exp_Experiment_1_seed_42,2,0.058389164025689284,connected,mainstream
172,popular_1_exp_Experiment_1_seed_42,2,0.05185842095511048,connected,mainstream
77,popular_1_exp_Experiment_1_seed_42,2,0.05221841849581436,connected,mainstream
78,popular_1_exp_Experiment_1_seed_42,2,0.0573253966494911,connected,mainstream
484,popular_1_exp_Experiment_1_seed_42,2,0.05730875844767664,connected,mainstream
141,popular_1_exp_Experiment_1_seed_42,2,0.06457278055277728,connected,mainstream
395,popular_1_exp_Experiment_1_seed_42,2,0.06524127714357875,connected,mainstream
528,popular_1_exp_Experiment_1_seed_42,2,0.06356591392673903,connected,mainstream
130,popular_1_exp_Experiment_1_seed_42,2,0.052595715337353306,connected,mainstream
352,popular_1_exp_Experiment_1_seed_42,2,0.056021640366107274,connected,mainstream
170,popular_1_exp_Experiment_1_seed_42,2,0.05112278558313127,connected,mainstream
37,popular_1_exp_Experiment_1_seed_42,2,0.020583686316572307,connected,niche
401,popular_1_exp_Experiment_1_seed_42,2,0.052531172810974726,connected,mainstream
499,popular_1_exp_Experiment_1_seed_42,2,0.05857460353845875,connected,mainstream
24,popular_1_exp_Experiment_1_seed_42,2,0.01615097507428209,connected,niche
459,popular_1_exp_Experiment_1_seed_42,2,0.05817630655028835,connected,mainstream
538,popular_1_exp_Experiment_1_seed_42,2,0.05011754603533077,connected,mainstream
301,popular_1_exp_Experiment_1_seed_42,2,0.053569666283935696,connected,mainstream
378,popular_1_exp_Experiment_1_seed_42,2,0.07190684047934187,connected,mainstream
550,popular_1_exp_Experiment_1_seed_42,2,0.06508605014502282,connected,mainstream
249,popular_1_exp_Experiment_1_seed_42,2,0.05656899005377327,connected,mainstream
405,popular_1_exp_Experiment_1_seed_42,2,0.052827017057827684,connected,mainstream
325,popular_1_exp_Experiment_1_seed_42,2,0.0680100553869208,connected,mainstream
470,popular_1_exp_Experiment_1_seed_42,2,0.05135577777056268,connected,mainstream
140,popular_1_exp_Experiment_1_seed_42,2,0.06502399423967459,connected,mainstream
492,popular_1_exp_Experiment_1_seed_42,2,0.07276095719668803,connected,mainstream
89,popular_1_exp_Experiment_1_seed_42,2,0.05370642290883415,connected,mainstream
451,popular_1_exp_Experiment_1_seed_42,2,0.06251098568408327,connected,mainstream
565,popular_1_exp_Experiment_1_seed_42,2,0.051751265514948575,connected,mainstream
169,popular_1_exp_Experiment_1_seed_42,2,0.05108452315392361,connected,mainstream
497,popular_1_exp_Experiment_1_seed_42,2,0.06356484797102112,connected,mainstream
573,popular_1_exp_Experiment_1_seed_42,2,0.06084721044044795,connected,mainstream
327,popular_1_exp_Experiment_1_seed_42,2,0.051976587341951465,connected,mainstream
556,popular_1_exp_Experiment_1_seed_42,2,0.05150028235921964,connected,mainstream
107,popular_1_exp_Experiment_1_seed_42,2,0.05115793109425523,connected,mainstream
53,popular_1_exp_Experiment_1_seed_42,2,0.018876671395243766,connected,niche
394,popular_1_exp_Experiment_1_seed_42,2,0.05565024237473582,connected,mainstream
215,popular_1_exp_Experiment_1_seed_42,2,0.06938180670408299,connected,mainstream
112,popular_1_exp_Experiment_1_seed_42,2,0.05762364653843541,connected,mainstream
328,popular_1_exp_Experiment_1_seed_42,2,0.06721019501441511,connected,mainstream
87,popular_1_exp_Experiment_1_seed_42,2,0.057083123220624844,connected,mainstream
119,popular_1_exp_Experiment_1_seed_42,2,0.07960476594351612,connected,mainstream
185,popular_1_exp_Experiment_1_seed_42,2,0.06661685219480228,connected,mainstream
269,popular_1_exp_Experiment_1_seed_42,2,0.054859730209924885,connected,mainstream
457,popular_1_exp_Experiment_1_seed_42,2,0.0686522229150899,connected,mainstream
302,popular_1_exp_Experiment_1_seed_42,2,0.050632396488039445,connected,mainstream
18,popular_1_exp_Experiment_1_seed_42,2,0.03349315691336995,connected,niche
261,popular_1_exp_Experiment_1_seed_42,2,0.052338494331922225,connected,mainstream
134,popular_1_exp_Experiment_1_seed_42,2,0.06910788402903058,connected,mainstream
237,popular_1_exp_Experiment_1_seed_42,2,0.07619616175363945,connected,mainstream
229,popular_1_exp_Experiment_1_seed_42,2,0.06770128126035463,connected,mainstream
184,popular_1_exp_Experiment_1_seed_42,2,0.0556445239802879,connected,mainstream
45,popular_1_exp_Experiment_1_seed_42,2,0.019428378651754664,connected,niche
82,popular_1_exp_Experiment_1_seed_42,2,0.06523919846412657,connected,mainstream
444,popular_1_exp_Experiment_1_seed_42,2,0.05141972428238372,connected,mainstream
189,popular_1_exp_Experiment_1_seed_42,2,0.05279873371396724,connected,mainstream
461,popular_1_exp_Experiment_1_seed_42,2,0.0526557565948284,connected,mainstream
506,popular_1_exp_Experiment_1_seed_42,2,0.05701717869538883,connected,mainstream
121,popular_1_exp_Experiment_1_seed_42,2,0.06550866497855985,connected,mainstream
379,popular_1_exp_Experiment_1_seed_42,2,0.057726387663776725,connected,mainstream
423,popular_1_exp_Experiment_1_seed_42,2,0.05072408292320383,connected,mainstream
20,popular_1_exp_Experiment_1_seed_42,2,0.016321799669510206,connected,niche
583,popular_1_exp_Experiment_1_seed_42,2,0.05472996607224784,connected,mainstream
539,popular_1_exp_Experiment_1_seed_42,2,0.05604326288331719,connected,mainstream
585,popular_1_exp_Experiment_1_seed_42,2,0.06019461462739902,connected,mainstream
158,popular_1_exp_Experiment_1_seed_42,2,0.05344399606786271,connected,mainstream
285,popular_1_exp_Experiment_1_seed_42,2,0.06000420763838774,connected,mainstream
323,popular_1_exp_Experiment_1_seed_42,2,0.052292392191429754,connected,mainstream
15,popular_1_exp_Experiment_1_seed_42,2,0.014288856467249833,connected,niche
591,popular_1_exp_Experiment_1_seed_42,2,0.06946633082602224,connected,mainstream
485,popular_1_exp_Experiment_1_seed_42,2,0.0538727191124502,connected,mainstream
182,popular_1_exp_Experiment_1_seed_42,2,0.06313760957026729,connected,mainstream
52,popular_1_exp_Experiment_1_seed_42,2,0.020560701990911236,connected,niche
351,popular_1_exp_Experiment_1_seed_42,2,0.04985888499299714,connected,mainstream
494,popular_1_exp_Experiment_1_seed_42,2,0.058528044354878996,connected,mainstream
319,popular_1_exp_Experiment_1_seed_42,2,0.052526314368750854,connected,mainstream
537,popular_1_exp_Experiment_1_seed_42,2,0.05124497896383729,connected,mainstream
545,popular_1_exp_Experiment_1_seed_42,2,0.0570848153875687,connected,mainstream
483,popular_1_exp_Experiment_1_seed_42,2,0.05122314786093016,connected,mainstream
195,popular_1_exp_Experiment_1_seed_42,2,0.06825327559341014,connected,mainstream
356,popular_1_exp_Experiment_1_seed_42,2,0.05127123988803372,connected,mainstream
310,popular_1_exp_Experiment_1_seed_42,2,0.06408703095326142,connected,mainstream
380,popular_1_exp_Experiment_1_seed_42,2,0.0662855006909481,connected,mainstream
139,popular_1_exp_Experiment_1_seed_42,2,0.057742311427509685,connected,mainstream
157,popular_1_exp_Experiment_1_seed_42,2,0.06096755014742914,connected,mainstream
441,popular_1_exp_Experiment_1_seed_42,2,0.06893450650109667,connected,mainstream
570,popular_1_exp_Experiment_1_seed_42,2,0.05398084706111755,connected,mainstream
391,popular_1_exp_Experiment_1_seed_42,2,0.05458485391272457,connected,mainstream
212,popular_1_exp_Experiment_1_seed_42,2,0.06562200066522018,connected,mainstream
167,popular_1_exp_Experiment_1_seed_42,2,0.057294903809388426,connected,mainstream
598,popular_1_exp_Experiment_1_seed_42,2,0.05951758561670698,connected,mainstream
458,popular_1_exp_Experiment_1_seed_42,2,0.0527497566027375,connected,mainstream
196,popular_1_exp_Experiment_1_seed_42,2,0.058454200115128065,connected,mainstream
314,popular_1_exp_Experiment_1_seed_42,2,0.059788852497780494,connected,mainstream
14,popular_1_exp_Experiment_1_seed_42,2,0.018555328560995992,connected,niche
436,popular_1_exp_Experiment_1_seed_42,2,0.06016918680027328,connected,mainstream
250,popular_1_exp_Experiment_1_seed_42,2,0.07412803614211048,connected,mainstream
340,popular_1_exp_Experiment_1_seed_42,2,0.06936272607999923,connected,mainstream
418,popular_1_exp_Experiment_1_seed_42,2,0.059326432044139475,connected,mainstream
339,popular_1_exp_Experiment_1_seed_42,2,0.06829168865981353,connected,mainstream
576,popular_1_exp_Experiment_1_seed_42,2,0.0523340090014749,connected,mainstream
447,popular_1_exp_Experiment_1_seed_42,2,0.06400368884178272,connected,mainstream
493,popular_1_exp_Experiment_1_seed_42,2,0.05525370064006204,connected,mainstream
507,popular_1_exp_Experiment_1_seed_42,2,0.05538281998861166,connected,mainstream
433,popular_1_exp_Experiment_1_seed_42,2,0.053017538831014906,connected,mainstream
400,popular_1_exp_Experiment_1_seed_42,2,0.05269850352172343,connected,mainstream
95,popular_1_exp_Experiment_1_seed_42,2,0.06744616656684638,connected,mainstream
343,popular_1_exp_Experiment_1_seed_42,2,0.056992339367235474,connected,mainstream
487,popular_1_exp_Experiment_1_seed_42,2,0.08595339810203884,connected,mainstream
419,popular_1_exp_Experiment_1_seed_42,2,0.06312277540254894,connected,mainstream
331,popular_1_exp_Experiment_1_seed_42,2,0.051599282542453474,connected,mainstream
577,popular_1_exp_Experiment_1_seed_42,2,0.05358745201182594,connected,mainstream
67,popular_1_exp_Experiment_1_seed_42,2,0.05231729975984987,connected,mainstream
398,popular_1_exp_Experiment_1_seed_42,2,0.057551051914408076,connected,mainstream
542,popular_1_exp_Experiment_1_seed_42,2,0.06713042446395626,connected,mainstream
207,popular_1_exp_Experiment_1_seed_42,2,0.05725591054871951,connected,mainstream
522,popular_1_exp_Experiment_1_seed_42,2,0.04958268468412946,connected,mainstream
65,popular_1_exp_Experiment_1_seed_42,2,0.053749836745081346,connected,mainstream
326,popular_1_exp_Experiment_1_seed_42,2,0.06715838789475238,connected,mainstream
446,popular_1_exp_Experiment_1_seed_42,2,0.051606800741560745,connected,mainstream
595,popular_1_exp_Experiment_1_seed_42,2,0.06090439792458153,connected,mainstream
58,popular_1_exp_Experiment_1_seed_42,2,0.019410347078104122,connected,niche
305,popular_1_exp_Experiment_1_seed_42,2,0.06339205524460466,connected,mainstream
200,popular_1_exp_Experiment_1_seed_42,2,0.05257121250711183,connected,mainstream
92,popular_1_exp_Experiment_1_seed_42,2,0.05679897410534385,connected,mainstream
432,popular_1_exp_Experiment_1_seed_42,2,0.0780392915250238,connected,mainstream
268,popular_1_exp_Experiment_1_seed_42,2,0.06005669796186908,connected,mainstream
372,popular_1_exp_Experiment_1_seed_42,2,0.051199988445212584,connected,mainstream
0,popular_1_exp_Experiment_1_seed_42,2,0.019468465799299384,connected,niche
257,popular_1_exp_Experiment_1_seed_42,2,0.05465765938571876,connected,mainstream
94,popular_1_exp_Experiment_1_seed_42,2,0.05470307452821337,connected,mainstream
558,popular_1_exp_Experiment_1_seed_42,2,0.05258308219102598,connected,mainstream
122,popular_1_exp_Experiment_1_seed_42,2,0.05918107712161661,connected,mainstream
16,popular_1_exp_Experiment_1_seed_42,2,0.02253347176715781,connected,niche
467,popular_1_exp_Experiment_1_seed_42,2,0.05340112307213466,connected,mainstream
421,popular_1_exp_Experiment_1_seed_42,2,0.05339274128250027,connected,mainstream
270,popular_1_exp_Experiment_1_seed_42,2,0.05423144820194211,connected,mainstream
321,popular_1_exp_Experiment_1_seed_42,2,0.05728261176577661,connected,mainstream
584,popular_1_exp_Experiment_1_seed_42,2,0.05138094636804157,connected,mainstream
567,popular_1_exp_Experiment_1_seed_42,2,0.0580256390377418,connected,mainstream
481,popular_1_exp_Experiment_1_seed_42,2,0.05689691931694748,connected,mainstream
479,popular_1_exp_Experiment_1_seed_42,2,0.058174922419884624,connected,mainstream
241,popular_1_exp_Experiment_1_seed_42,2,0.05146042067804007,connected,mainstream
114,popular_1_exp_Experiment_1_seed_42,2,0.05373746597686499,connected,mainstream
346,popular_1_exp_Experiment_1_seed_42,2,0.05960332471291411,connected,mainstream
116,popular_1_exp_Experiment_1_seed_42,2,0.05803317758045781,connected,mainstream
81,popular_1_exp_Experiment_1_seed_42,2,0.06638174202331798,connected,mainstream
188,popular_1_exp_Experiment_1_seed_42,2,0.0518080383959201,connected,mainstream
256,popular_1_exp_Experiment_1_seed_42,2,0.05413308469444703,connected,mainstream
512,popular_1_exp_Experiment_1_seed_42,2,0.0626070943901152,connected,mainstream
187,popular_1_exp_Experiment_1_seed_42,2,0.05478112283171688,connected,mainstream
299,popular_1_exp_Experiment_1_seed_42,2,0.056815941710714656,connected,mainstream
501,popular_1_exp_Experiment_1_seed_42,2,0.05420416560883532,connected,mainstream
566,popular_1_exp_Experiment_1_seed_42,2,0.0559988965785806,connected,mainstream
453,popular_1_exp_Experiment_1_seed_42,2,0.05360929755526984,connected,mainstream
496,popular_1_exp_Experiment_1_seed_42,2,0.05504818223513904,connected,mainstream
240,popular_1_exp_Experiment_1_seed_42,2,0.07028615333544176,connected,mainstream
498,popular_1_exp_Experiment_1_seed_42,2,0.0545809561347241,connected,mainstream
414,popular_1_exp_Experiment_1_seed_42,2,0.05649367323527275,connected,mainstream
251,popular_1_exp_Experiment_1_seed_42,2,0.05225119861560453,connected,mainstream
29,popular_1_exp_Experiment_1_seed_42,2,0.017498846041861305,connected,niche
442,popular_1_exp_Experiment_1_seed_42,2,0.07978470398533755,connected,mainstream
594,popular_1_exp_Experiment_1_seed_42,2,0.05689035230750556,connected,mainstream
520,popular_1_exp_Experiment_1_seed_42,2,0.0634551477309427,connected,mainstream
296,popular_1_exp_Experiment_1_seed_42,2,0.051969951998049435,connected,mainstream
41,popular_1_exp_Experiment_1_seed_42,2,0.014434743306395376,connected,niche
334,popular_1_exp_Experiment_1_seed_42,2,0.05783128402321702,connected,mainstream
49,popular_1_exp_Experiment_1_seed_42,2,0.01685697922115634,connected,niche
28,popular_1_exp_Experiment_1_seed_42,2,0.026533374914018668,connected,niche
96,popular_1_exp_Experiment_1_seed_42,2,0.05305764261540449,connected,mainstream
541,popular_1_exp_Experiment_1_seed_42,2,0.056749943704135636,connected,mainstream
153,popular_1_exp_Experiment_1_seed_42,2,0.0568049932250444,connected,mainstream
263,popular_1_exp_Experiment_1_seed_42,2,0.0574859162765396,connected,mainstream
464,popular_1_exp_Experiment_1_seed_42,2,0.06275426243620875,connected,mainstream
283,popular_1_exp_Experiment_1_seed_42,2,0.05240245058055853,connected,mainstream
75,popular_1_exp_Experiment_1_seed_42,2,0.05416984746936799,connected,mainstream
70,popular_1_exp_Experiment_1_seed_42,2,0.07062781382967896,connected,mainstream
596,popular_1_exp_Experiment_1_seed_42,2,0.05160432166820506,connected,mainstream
50,popular_1_exp_Experiment_1_seed_42,2,0.013463168863669273,connected,niche
72,popular_1_exp_Experiment_1_seed_42,2,0.05482578658745695,connected,mainstream
429,popular_1_exp_Experiment_1_seed_42,2,0.05276446761854545,connected,mainstream
569,popular_1_exp_Experiment_1_seed_42,2,0.05401944755364981,connected,mainstream
190,popular_1_exp_Experiment_1_seed_42,2,0.053647403468682374,connected,mainstream
337,popular_1_exp_Experiment_1_seed_42,2,0.05364411535102237,connected,mainstream
10,popular_1_exp_Experiment_1_seed_42,2,0.02213965363729141,connected,niche
463,popular_1_exp_Experiment_1_seed_42,2,0.05498689523306435,connected,mainstream
384,popular_1_exp_Experiment_1_seed_42,2,0.0725950134595351,connected,mainstream
66,popular_1_exp_Experiment_1_seed_42,2,0.05661074018040121,connected,mainstream
519,popular_1_exp_Experiment_1_seed_42,2,0.05261690724751301,connected,mainstream
515,popular_1_exp_Experiment_1_seed_42,2,0.053949133181925644,connected,mainstream
509,popular_1_exp_Experiment_1_seed_42,2,0.06171033379919014,connected,mainstream
129,popular_1_exp_Experiment_1_seed_42,2,0.06279074102449204,connected,mainstream
224,popular_1_exp_Experiment_1_seed_42,2,0.06136342542354816,connected,mainstream
123,popular_1_exp_Experiment_1_seed_42,2,0.057138631600120615,connected,mainstream
568,popular_1_exp_Experiment_1_seed_42,2,0.058344730853633696,connected,mainstream
71,popular_1_exp_Experiment_1_seed_42,2,0.05827623201375912,connected,mainstream
255,popular_1_exp_Experiment_1_seed_42,2,0.047913847781022735,connected,mainstream
288,popular_1_exp_Experiment_1_seed_42,2,0.06924809337072751,connected,mainstream
511,popular_1_exp_Experiment_1_seed_42,2,0.05075097146643373,connected,mainstream
474,popular_1_exp_Experiment_1_seed_42,2,0.05213961167995498,connected,mainstream
64,popular_1_exp_Experiment_1_seed_42,2,0.06089987065471338,connected,mainstream
214,popular_1_exp_Experiment_1_seed_42,2,0.04864009178035015,connected,mainstream
108,popular_1_exp_Experiment_1_seed_42,2,0.05393325242714963,connected,mainstream
443,popular_1_exp_Experiment_1_seed_42,2,0.06638442917473214,connected,mainstream
267,popular_1_exp_Experiment_1_seed_42,2,0.05108310175362796,connected,mainstream
335,popular_1_exp_Experiment_1_seed_42,2,0.048948250970191835,connected,mainstream
552,popular_1_exp_Experiment_1_seed_42,2,0.05705693462627862,connected,mainstream
132,popular_1_exp_Experiment_1_seed_42,2,0.0573282323039438,connected,mainstream
264,popular_1_exp_Experiment_1_seed_42,2,0.05144281509004433,connected,mainstream
295,popular_1_exp_Experiment_1_seed_42,2,0.06067582410480891,connected,mainstream
341,popular_1_exp_Experiment_1_seed_42,2,0.053673259687517905,connected,mainstream
149,popular_1_exp_Experiment_1_seed_42,2,0.05460017716032464,connected,mainstream
111,popular_1_exp_Experiment_1_seed_42,2,0.05798696878784949,connected,mainstream
222,popular_1_exp_Experiment_1_seed_42,2,0.06719922202983071,connected,mainstream
360,popular_1_exp_Experiment_1_seed_42,2,0.054149978216778284,connected,mainstream
309,popular_1_exp_Experiment_1_seed_42,2,0.05041574753948899,connected,mainstream
278,popular_1_exp_Experiment_1_seed_42,2,0.05109167357709724,connected,mainstream
19,popular_1_exp_Experiment_1_seed_42,2,0.019180118014593503,connected,niche
338,popular_1_exp_Experiment_1_seed_42,2,0.05166976063337401,connected,mainstream
332,popular_1_exp_Experiment_1_seed_42,2,0.0514135212300123,connected,mainstream
243,popular_1_exp_Experiment_1_seed_42,2,0.0473635281737152,connected,mainstream
345,popular_1_exp_Experiment_1_seed_42,2,0.05047840571298947,connected,mainstream
83,popular_1_exp_Experiment_1_seed_42,2,0.05828587025448886,connected,mainstream
220,popular_1_exp_Experiment_1_seed_42,2,0.051929085107945805,connected,mainstream
514,popular_1_exp_Experiment_1_seed_42,2,0.05712830288220195,connected,mainstream
211,popular_1_exp_Experiment_1_seed_42,2,0.056475430585644804,connected,mainstream
226,popular_1_exp_Experiment_1_seed_42,2,0.05401211401181983,connected,mainstream
38,popular_1_exp_Experiment_1_seed_42,2,0.017038040081813893,connected,niche
495,popular_1_exp_Experiment_1_seed_42,2,0.054126674727354794,connected,mainstream
547,popular_1_exp_Experiment_1_seed_42,2,0.0517382653168588,connected,mainstream
488,popular_1_exp_Experiment_1_seed_42,2,0.06719910144392062,connected,mainstream
357,popular_1_exp_Experiment_1_seed_42,2,0.06174129205310027,connected,mainstream
518,popular_1_exp_Experiment_1_seed_42,2,0.07190618172492251,connected,mainstream
505,popular_1_exp_Experiment_1_seed_42,2,0.060898128806114865,connected,mainstream
308,popular_1_exp_Experiment_1_seed_42,2,0.05667225316778157,connected,mainstream
253,popular_1_exp_Experiment_1_seed_42,2,0.05537909199992197,connected,mainstream
553,popular_1_exp_Experiment_1_seed_42,2,0.06371043422054995,connected,mainstream
526,popular_1_exp_Experiment_1_seed_42,2,0.05278528752344288,connected,mainstream
60,popular_1_exp_Experiment_1_seed_42,2,0.053003235036132516,connected,mainstream
452,popular_1_exp_Experiment_1_seed_42,2,0.05296856367579922,connected,mainstream
25,popular_1_exp_Experiment_1_seed_42,2,0.017531980593622046,connected,niche
431,popular_1_exp_Experiment_1_seed_42,2,0.05695335826328704,connected,mainstream
503,popular_1_exp_Experiment_1_seed_42,2,0.06938418082875031,connected,mainstream
43,popular_1_exp_Experiment_1_seed_42,2,0.02343973808362859,connected,niche
559,popular_1_exp_Experiment_1_seed_42,2,0.05315264940023657,connected,mainstream
316,popular_1_exp_Experiment_1_seed_42,2,0.05450304326452495,connected,mainstream
529,popular_1_exp_Experiment_1_seed_42,2,0.05510100209929098,connected,mainstream
239,popular_1_exp_Experiment_1_seed_42,2,0.061413988254904246,connected,mainstream
580,popular_1_exp_Experiment_1_seed_42,2,0.07416751656825217,connected,mainstream
21,popular_1_exp_Experiment_1_seed_42,2,0.01339792516889795,connected,niche
359,popular_1_exp_Experiment_1_seed_42,2,0.057242892275258826,connected,mainstream
454,popular_1_exp_Experiment_1_seed_42,2,0.06529736520249793,connected,mainstream
347,popular_1_exp_Experiment_1_seed_42,2,0.0731618779145913,connected,mainstream
530,popular_1_exp_Experiment_1_seed_42,2,0.059568211608137266,connected,mainstream
80,popular_1_exp_Experiment_1_seed_42,2,0.049064387058805205,connected,mainstream
103,popular_1_exp_Experiment_1_seed_42,2,0.06442243260058628,connected,mainstream
201,popular_1_exp_Experiment_1_seed_42,2,0.05014554097405294,connected,mainstream
389,popular_1_exp_Experiment_1_seed_42,2,0.052835083625040496,connected,mainstream
381,popular_1_exp_Experiment_1_seed_42,2,0.059449384333292145,connected,mainstream
353,popular_1_exp_Experiment_1_seed_42,2,0.056354940082144166,connected,mainstream
176,popular_1_exp_Experiment_1_seed_42,2,0.05453056308657134,connected,mainstream
98,popular_1_exp_Experiment_1_seed_42,2,0.050182726351255126,connected,mainstream
390,popular_1_exp_Experiment_1_seed_42,2,0.05666194992441648,connected,mainstream
508,popular_1_exp_Experiment_1_seed_42,2,0.05778611908793316,connected,mainstream
272,popular_1_exp_Experiment_1_seed_42,2,0.057013471108522874,connected,mainstream
382,popular_1_exp_Experiment_1_seed_42,2,0.06589526265926725,connected,mainstream
460,popular_1_exp_Experiment_1_seed_42,2,0.059643862196495694,connected,mainstream
362,popular_1_exp_Experiment_1_seed_42,2,0.060252519678115575,connected,mainstream
469,popular_1_exp_Experiment_1_seed_42,2,0.06722907057909722,connected,mainstream
159,popular_1_exp_Experiment_1_seed_42,2,0.058348256567269184,connected,mainstream
155,popular_1_exp_Experiment_1_seed_42,2,0.05462396544005519,connected,mainstream
73,popular_1_exp_Experiment_1_seed_42,2,0.05443478492841372,connected,mainstream
587,popular_1_exp_Experiment_1_seed_42,2,0.05344010300272731,connected,mainstream
22,popular_1_exp_Experiment_1_seed_42,2,0.01932508714855492,connected,niche
445,popular_1_exp_Experiment_1_seed_42,2,0.05714302771901856,connected,mainstream
369,popular_1_exp_Experiment_1_seed_42,2,0.06427796627906046,connected,mainstream
124,popular_1_exp_Experiment_1_seed_42,2,0.05056058432058347,connected,mainstream
373,popular_1_exp_Experiment_1_seed_42,2,0.05410160905246941,connected,mainstream
40,popular_1_exp_Experiment_1_seed_42,2,0.025917312459071154,connected,niche
11,popular_1_exp_Experiment_1_seed_42,2,0.01392454831849546,connected,niche
181,popular_1_exp_Experiment_1_seed_42,2,0.051491957901169755,connected,mainstream
86,popular_1_exp_Experiment_1_seed_42,2,0.07273586956308457,connected,mainstream
274,popular_1_exp_Experiment_1_seed_42,2,0.057646674167315747,connected,mainstream
191,popular_1_exp_Experiment_1_seed_42,2,0.05254595815440827,connected,mainstream
238,popular_1_exp_Experiment_1_seed_42,2,0.052462024171438255,connected,mainstream
298,popular_1_exp_Experiment_1_seed_42,2,0.05448317067050506,connected,mainstream
2,popular_1_exp_Experiment_1_seed_42,2,0.014908618983381298,connected,niche
106,popular_1_exp_Experiment_1_seed_42,2,0.0685382581936713,connected,mainstream
574,popular_1_exp_Experiment_1_seed_42,2,0.057694395594033575,connected,mainstream
350,popular_1_exp_Experiment_1_seed_42,2,0.052453623732081844,connected,mainstream
17,popular_1_exp_Experiment_1_seed_42,2,0.014134616557144033,connected,niche
280,popular_1_exp_Experiment_1_seed_42,2,0.06045328308083806,connected,mainstream
193,popular_1_exp_Experiment_1_seed_42,2,0.06427839444878862,connected,mainstream
204,popular_1_exp_Experiment_1_seed_42,2,0.0517605699065146,connected,mainstream
234,popular_1_exp_Experiment_1_seed_42,2,0.06183833818469356,connected,mainstream
35,popular_1_exp_Experiment_1_seed_42,2,0.02058840020196007,connected,niche
62,popular_1_exp_Experiment_1_seed_42,2,0.05301513830211113,connected,mainstream
293,popular_1_exp_Experiment_1_seed_42,2,0.05783465829647544,connected,mainstream
51,popular_1_exp_Experiment_1_seed_42,2,0.015388880775756661,connected,niche
59,popular_1_exp_Experiment_1_seed_42,2,0.01592152432385091,connected,niche
333,popular_1_exp_Experiment_1_seed_42,2,0.054580389077201856,connected,mainstream
358,popular_1_exp_Experiment_1_seed_42,2,0.05839009628909325,connected,mainstream
462,popular_1_exp_Experiment_1_seed_42,2,0.05599247982658332,connected,mainstream
292,popular_1_exp_Experiment_1_seed_42,2,0.0550798464309786,connected,mainstream
317,popular_1_exp_Experiment_1_seed_42,2,0.058449081192227324,connected,mainstream
592,popular_1_exp_Experiment_1_seed_42,2,0.06905341507533878,connected,mainstream
525,popular_1_exp_Experiment_1_seed_42,2,0.06210031733403676,connected,mainstream
99,popular_1_exp_Experiment_1_seed_42,2,0.05606163425427002,connected,mainstream
582,popular_1_exp_Experiment_1_seed_42,2,0.05571825477615275,connected,mainstream
34,popular_1_exp_Experiment_1_seed_42,2,0.018011022156084983,connected,niche
393,popular_1_exp_Experiment_1_seed_42,2,0.06506547752747067,connected,mainstream
194,popular_1_exp_Experiment_1_seed_42,2,0.05395925010686702,connected,mainstream
88,popular_1_exp_Experiment_1_seed_42,2,0.050697504108318914,connected,mainstream
575,popular_1_exp_Experiment_1_seed_42,2,0.0629458902303703,connected,mainstream
46,popular_1_exp_Experiment_1_seed_42,2,0.012201266540499583,connected,niche
531,popular_1_exp_Experiment_1_seed_42,2,0.07031594596800729,connected,mainstream
383,popular_1_exp_Experiment_1_seed_42,2,0.050725443557856666,connected,mainstream
523,popular_1_exp_Experiment_1_seed_42,2,0.06313945325092642,connected,mainstream
127,popular_1_exp_Experiment_1_seed_42,2,0.05438785285012355,connected,mainstream
354,popular_1_exp_Experiment_1_seed_42,2,0.053985339929995275,connected,mainstream
125,popular_1_exp_Experiment_1_seed_42,2,0.05137702480246889,connected,mainstream
8,popular_1_exp_Experiment_1_seed_42,2,0.016005428713673345,connected,niche
402,popular_1_exp_Experiment_1_seed_42,2,0.055550632980042536,connected,mainstream
230,popular_1_exp_Experiment_1_seed_42,2,0.06818518252951151,connected,mainstream
276,popular_1_exp_Experiment_1_seed_42,2,0.055379072949456924,connected,mainstream
535,popular_1_exp_Experiment_1_seed_42,2,0.054717757501347504,connected,mainstream
557,popular_1_exp_Experiment_1_seed_42,2,0.059326106894019244,connected,mainstream
564,popular_1_exp_Experiment_1_seed_42,2,0.048644749131011106,connected,mainstream
534,popular_1_exp_Experiment_1_seed_42,2,0.05725182064167412,connected,mainstream
174,popular_1_exp_Experiment_1_seed_42,2,0.05193086328333988,connected,mainstream
455,popular_1_exp_Experiment_1_seed_42,2,0.059201129796556305,connected,mainstream
586,popular_1_exp_Experiment_1_seed_42,2,0.06015680000125123,connected,mainstream
348,popular_1_exp_Experiment_1_seed_42,2,0.06425579245232452,connected,mainstream
426,popular_1_exp_Experiment_1_seed_42,2,0.05158991248540912,connected,mainstream
162,popular_1_exp_Experiment_1_seed_42,2,0.05524483884047123,connected,mainstream
247,popular_1_exp_Experiment_1_seed_42,2,0.05700990866667211,connected,mainstream
109,popular_1_exp_Experiment_1_seed_42,2,0.053794788228584224,connected,mainstream
156,popular_1_exp_Experiment_1_seed_42,2,0.06456741075918039,connected,mainstream
183,popular_1_exp_Experiment_1_seed_42,2,0.05947887423030027,connected,mainstream
510,popular_1_exp_Experiment_1_seed_42,2,0.05465191590974822,connected,mainstream
465,popular_1_exp_Experiment_1_seed_42,2,0.058103413140184294,connected,mainstream
478,popular_1_exp_Experiment_1_seed_42,2,0.0650719580682138,connected,mainstream
281,popular_1_exp_Experiment_1_seed_42,2,0.05439136436981259,connected,mainstream
61,popular_1_exp_Experiment_1_seed_42,2,0.051381672818229425,connected,mainstream
536,popular_1_exp_Experiment_1_seed_42,2,0.050606618708705205,connected,mainstream
203,popular_1_exp_Experiment_1_seed_42,2,0.05246913603893247,connected,mainstream
551,popular_1_exp_Experiment_1_seed_42,2,0.05963108151568045,connected,mainstream
422,popular_1_exp_Experiment_1_seed_42,2,0.05539204487225317,connected,mainstream
171,popular_1_exp_Experiment_1_seed_42,2,0.07857841701188499,connected,mainstream
324,popular_1_exp_Experiment_1_seed_42,2,0.0502598456106683,connected,mainstream
138,popular_1_exp_Experiment_1_seed_42,2,0.06805820602412545,connected,mainstream
417,popular_1_exp_Experiment_1_seed_42,2,0.05460254504290737,connected,mainstream
117,popular_1_exp_Experiment_1_seed_42,2,0.05229399538383789,connected,mainstream
471,popular_1_exp_Experiment_1_seed_42,2,0.06244316953401041,connected,mainstream
420,popular_1_exp_Experiment_1_seed_42,2,0.051366262124035555,connected,mainstream
486,popular_1_exp_Experiment_1_seed_42,2,0.05335371079976526,connected,mainstream
113,popular_1_exp_Experiment_1_seed_42,2,0.06788922690043202,connected,mainstream
549,popular_1_exp_Experiment_1_seed_42,2,0.07245493325220294,connected,mainstream
387,popular_1_exp_Experiment_1_seed_42,2,0.0584531243520248,connected,mainstream
152,popular_1_exp_Experiment_1_seed_42,2,0.05688760055146395,connected,mainstream
306,popular_1_exp_Experiment_1_seed_42,2,0.05912413822976994,connected,mainstream
63,popular_1_exp_Experiment_1_seed_42,2,0.06293425259487785,connected,mainstream
480,popular_1_exp_Experiment_1_seed_42,2,0.06414314465957166,connected,mainstream
329,popular_1_exp_Experiment_1_seed_42,2,0.05670685795098653,connected,mainstream
104,popular_1_exp_Experiment_1_seed_42,2,0.05141040910754887,connected,mainstream
367,popular_1_exp_Experiment_1_seed_42,2,0.05089316656219637,connected,mainstream
85,popular_1_exp_Experiment_1_seed_42,2,0.05580932421608923,connected,mainstream
472,popular_1_exp_Experiment_1_seed_42,2,0.0546841308170972,connected,mainstream
6,popular_1_exp_Experiment_1_seed_42,2,0.01796217526647524,connected,niche
266,popular_1_exp_Experiment_1_seed_42,2,0.05400353483738491,connected,mainstream
147,popular_1_exp_Experiment_1_seed_42,2,0.04893853626832762,connected,mainstream
42,popular_1_exp_Experiment_1_seed_42,2,0.037443623854788756,connected,niche
330,popular_1_exp_Experiment_1_seed_42,2,0.05859804773019126,connected,mainstream
236,popular_1_exp_Experiment_1_seed_42,2,0.05640848720144129,connected,mainstream
208,popular_1_exp_Experiment_1_seed_42,2,0.051431486828620816,connected,mainstream
303,popular_1_exp_Experiment_1_seed_42,2,0.05611014745950766,connected,mainstream
599,popular_1_exp_Experiment_1_seed_42,2,0.053470208261880973,connected,mainstream
259,popular_1_exp_Experiment_1_seed_42,2,0.05232056513170994,connected,mainstream
428,popular_1_exp_Experiment_1_seed_42,2,0.05865489337394434,connected,mainstream
548,popular_1_exp_Experiment_1_seed_42,2,0.0584537503410977,connected,mainstream
502,popular_1_exp_Experiment_1_seed_42,2,0.05970471766494711,connected,mainstream
160,popular_1_exp_Experiment_1_seed_42,2,0.06499048753492459,connected,mainstream
31,popular_1_exp_Experiment_1_seed_42,2,0.01672714145290263,connected,niche
404,popular_1_exp_Experiment_1_seed_42,2,0.0514734562658429,connected,mainstream
386,popular_1_exp_Experiment_1_seed_42,2,0.0560451298058077,connected,mainstream
581,popular_1_exp_Experiment_1_seed_42,2,0.05206596950139417,connected,mainstream
68,popular_1_exp_Experiment_1_seed_42,2,0.057477346691611315,connected,mainstream
427,popular_1_exp_Experiment_1_seed_42,2,0.05231546375899667,connected,mainstream
180,popular_1_exp_Experiment_1_seed_42,2,0.0517600779260284,connected,mainstream
396,popular_1_exp_Experiment_1_seed_42,2,0.05464772898864103,connected,mainstream
571,popular_1_exp_Experiment_1_seed_42,2,0.050748657921458384,connected,mainstream
5,popular_1_exp_Experiment_1_seed_42,2,0.03380434475999677,connected,niche
361,popular_1_exp_Experiment_1_seed_42,2,0.05413684276948121,connected,mainstream
48,popular_1_exp_Experiment_1_seed_42,2,0.012946561068686205,connected,niche
93,popular_1_exp_Experiment_1_seed_42,2,0.05077897821897248,connected,mainstream
133,popular_1_exp_Experiment_1_seed_42,2,0.05230746850230037,connected,mainstream
105,popular_1_exp_Experiment_1_seed_42,2,0.05302228461675418,connected,mainstream
589,popular_1_exp_Experiment_1_seed_42,2,0.05430037167763224,connected,mainstream
9,popular_1_exp_Experiment_1_seed_42,2,0.015161439834370715,connected,niche
456,popular_1_exp_Experiment_1_seed_42,2,0.05742655215917967,connected,mainstream
544,popular_1_exp_Experiment_1_seed_42,2,0.050716525019407516,connected,mainstream
312,popular_1_exp_Experiment_1_seed_42,2,0.06408668405601381,connected,mainstream
430,popular_1_exp_Experiment_1_seed_42,2,0.05045631415604573,connected,mainstream
242,popular_1_exp_Experiment_1_seed_42,2,0.05340957892550105,connected,mainstream
164,popular_1_exp_Experiment_1_seed_42,2,0.051222627568105,connected,mainstream
482,popular_1_exp_Experiment_1_seed_42,2,0.05820331764042943,connected,mainstream
313,popular_1_exp_Experiment_1_seed_42,2,0.05836474652321352,connected,mainstream
26,popular_1_exp_Experiment_1_seed_42,2,0.02285905306617804,connected,niche
489,popular_1_exp_Experiment_1_seed_42,2,0.07124363335087146,connected,mainstream
409,popular_1_exp_Experiment_1_seed_42,2,0.05597348199542415,connected,mainstream
219,popular_1_exp_Experiment_1_seed_42,2,0.0575215358570679,connected,mainstream
473,popular_1_exp_Experiment_1_seed_42,2,0.055862959782924305,connected,mainstream
1,popular_1_exp_Experiment_1_seed_42,2,0.015806511286868722,connected,niche
425,popular_1_exp_Experiment_1_seed_42,2,0.051692790549218354,connected,mainstream
397,popular_1_exp_Experiment_1_seed_42,2,0.04931515629045565,connected,mainstream
209,popular_1_exp_Experiment_1_seed_42,2,0.0553791581277244,connected,mainstream
118,popular_1_exp_Experiment_1_seed_42,2,0.05365691070332209,connected,mainstream
271,popular_1_exp_Experiment_1_seed_42,2,0.04883788710721318,connected,mainstream
151,popular_1_exp_Experiment_1_seed_42,2,0.05317193681565887,connected,mainstream
355,popular_1_exp_Experiment_1_seed_42,2,0.05124058322902864,connected,mainstream
275,popular_1_exp_Experiment_1_seed_42,2,0.05988433859222456,connected,mainstream
55,popular_1_exp_Experiment_1_seed_42,2,0.018872411260267053,connected,niche
294,popular_1_exp_Experiment_1_seed_42,2,0.05554656346001832,connected,mainstream
562,popular_1_exp_Experiment_1_seed_42,2,0.051829897850360275,connected,mainstream
297,popular_1_exp_Experiment_1_seed_42,2,0.06359376101413611,connected,mainstream
407,popular_1_exp_Experiment_1_seed_42,2,0.05135187720107228,connected,mainstream
44,popular_1_exp_Experiment_1_seed_42,2,0.0242801500317058,connected,niche
300,popular_1_exp_Experiment_1_seed_42,2,0.05229436599127913,connected,mainstream
166,popular_1_exp_Experiment_1_seed_42,2,0.05173497682548528,connected,mainstream
232,popular_1_exp_Experiment_1_seed_42,2,0.05127119766681345,connected,mainstream
110,popular_1_exp_Experiment_1_seed_42,2,0.057829507420095745,connected,mainstream
540,popular_1_exp_Experiment_1_seed_42,2,0.05719089263932358,connected,mainstream
516,popular_1_exp_Experiment_1_seed_42,2,0.05266620390717505,connected,mainstream
448,popular_1_exp_Experiment_1_seed_42,2,0.05844762784132083,connected,mainstream
406,popular_1_exp_Experiment_1_seed_42,2,0.05016423320732525,connected,mainstream
273,popular_1_exp_Experiment_1_seed_42,2,0.05911937584485216,connected,mainstream
416,popular_1_exp_Experiment_1_seed_42,2,0.0492065004308617,connected,mainstream
27,popular_1_exp_Experiment_1_seed_42,2,0.014580021548998118,connected,niche
165,popular_1_exp_Experiment_1_seed_42,2,0.0496875978625775,connected,mainstream
344,popular_1_exp_Experiment_1_seed_42,2,0.054699116583292885,connected,mainstream
227,popular_1_exp_Experiment_1_seed_42,2,0.051101781598065714,connected,mainstream
320,popular_1_exp_Experiment_1_seed_42,2,0.05204986815706427,connected,mainstream
597,popular_1_exp_Experiment_1_seed_42,2,0.05111434639248985,connected,mainstream
252,popular_1_exp_Experiment_1_seed_42,2,0.057367480991519365,connected,mainstream
490,popular_1_exp_Experiment_1_seed_42,2,0.06246977072500293,connected,mainstream
218,popular_1_exp_Experiment_1_seed_42,2,0.06529011591294258,connected,mainstream
90,popular_1_exp_Experiment_1_seed_42,2,0.07069712063901767,connected,mainstream
546,popular_1_exp_Experiment_1_seed_42,2,0.05822192621919273,connected,mainstream
563,popular_1_exp_Experiment_1_seed_42,2,0.05502192190920808,connected,mainstream
231,popular_1_exp_Experiment_1_seed_42,2,0.052793520405786505,connected,mainstream
336,popular_1_exp_Experiment_1_seed_42,2,0.06319899850867881,connected,mainstream
97,popular_1_exp_Experiment_1_seed_42,2,0.05165233193875368,connected,mainstream
388,popular_1_exp_Experiment_1_seed_42,2,0.061444965598609624,connected,mainstream
364,popular_1_exp_Experiment_1_seed_42,2,0.053892771296583354,connected,mainstream
286,popular_1_exp_Experiment_1_seed_42,2,0.0631488492032641,connected,mainstream
131,popular_1_exp_Experiment_1_seed_42,2,0.05113786077228665,connected,mainstream
265,popular_1_exp_Experiment_1_seed_42,2,0.07717311161107838,connected,mainstream
56,popular_1_exp_Experiment_1_seed_42,2,0.014313311403348196,connected,niche
163,popular_1_exp_Experiment_1_seed_42,2,0.056202667288659615,connected,mainstream
145,popular_1_exp_Experiment_1_seed_42,2,0.05605598306625939,connected,mainstream
438,popular_1_exp_Experiment_1_seed_42,2,0.05649330239790251,connected,mainstream
225,popular_1_exp_Experiment_1_seed_42,2,0.05194117168260556,connected,mainstream
370,popular_1_exp_Experiment_1_seed_42,2,0.054708887152857565,connected,mainstream
524,popular_1_exp_Experiment_1_seed_42,2,0.0522735150370951,connected,mainstream
154,popular_1_exp_Experiment_1_seed_42,2,0.07006572180737716,connected,mainstream
315,popular_1_exp_Experiment_1_seed_42,2,0.06801658758557225,connected,mainstream
578,popular_1_exp_Experiment_1_seed_42,2,0.051820475913275925,connected,mainstream
289,popular_1_exp_Experiment_1_seed_42,2,0.06212524200019579,connected,mainstream
476,popular_1_exp_Experiment_1_seed_42,2,0.06103733701218961,connected,mainstream
142,popular_1_exp_Experiment_1_seed_42,2,0.05121509528629198,connected,mainstream
440,popular_1_exp_Experiment_1_seed_42,2,0.06226396619373517,connected,mainstream
413,popular_1_exp_Experiment_1_seed_42,2,0.05841753450839826,connected,mainstream
146,popular_1_exp_Experiment_1_seed_42,2,0.05508098967084582,connected,mainstream
376,popular_1_exp_Experiment_1_seed_42,2,0.05551780434776371,connected,mainstream
3,popular_1_exp_Experiment_1_seed_42,2,0.01825149108675606,connected,niche
148,popular_1_exp_Experiment_1_seed_42,2,0.057027218674597285,connected,mainstream
197,popular_1_exp_Experiment_1_seed_42,2,0.052456371307402445,connected,mainstream
311,popular_1_exp_Experiment_1_seed_42,2,0.05533338664380208,connected,mainstream
365,popular_1_exp_Experiment_1_seed_42,2,0.05157801786249002,connected,mainstream
322,popular_1_exp_Experiment_1_seed_42,2,0.060164617808172664,connected,mainstream
260,popular_1_exp_Experiment_1_seed_42,2,0.06454304166828563,connected,mainstream
262,popular_1_exp_Experiment_1_seed_42,2,0.06501660905787848,connected,mainstream
543,popular_1_exp_Experiment_1_seed_42,2,0.055602808543252724,connected,mainstream
282,popular_1_exp_Experiment_1_seed_42,2,0.054328417298454744,connected,mainstream
213,popular_1_exp_Experiment_1_seed_42,2,0.05780888823595903,connected,mainstream
435,popular_1_exp_Experiment_1_seed_42,2,0.05220221801932657,connected,mainstream
32,popular_1_exp_Experiment_1_seed_42,2,0.024331913848383194,connected,niche
366,popular_1_exp_Experiment_1_seed_42,2,0.06280010244368736,connected,mainstream
76,popular_1_exp_Experiment_1_seed_42,2,0.04869406571710331,connected,mainstream
233,popular_1_exp_Experiment_1_seed_42,2,0.04991102345885406,connected,mainstream
177,popular_1_exp_Experiment_1_seed_42,2,0.05576539117573056,connected,mainstream
449,popular_1_exp_Experiment_1_seed_42,2,0.06626464016376447,connected,mainstream
307,popular_1_exp_Experiment_1_seed_42,2,0.05864138290142968,connected,mainstream
468,popular_1_exp_Experiment_1_seed_42,2,0.056211883747594955,connected,mainstream
199,popular_1_exp_Experiment_1_seed_42,2,0.05469546716665293,connected,mainstream
168,popular_1_exp_Experiment_1_seed_42,2,0.051906107346318335,connected,mainstream
593,popular_1_exp_Experiment_1_seed_42,2,0.07124097526615787,connected,mainstream
175,popular_1_exp_Experiment_1_seed_42,2,0.05500702895523643,connected,mainstream
349,popular_1_exp_Experiment_1_seed_42,2,0.06627570290348651,connected,mainstream
554,popular_1_exp_Experiment_1_seed_42,2,0.06335834225521604,connected,mainstream
572,popular_1_exp_Experiment_1_seed_42,2,0.05095530425801451,connected,mainstream
304,popular_1_exp_Experiment_1_seed_42,2,0.051893647859457694,connected,mainstream
513,popular_1_exp_Experiment_1_seed_42,2,0.05668542166626625,connected,mainstream
102,popular_1_exp_Experiment_1_seed_42,2,0.05058077553743773,connected,mainstream
206,popular_1_exp_Experiment_1_seed_42,2,0.0509442378948373,connected,mainstream
100,popular_1_exp_Experiment_1_seed_42,2,0.061042781113023026,connected,mainstream
69,popular_1_exp_Experiment_1_seed_42,2,0.07103050929603438,connected,mainstream
517,popular_1_exp_Experiment_1_seed_42,2,0.06777290714742597,connected,mainstream
475,popular_1_exp_Experiment_1_seed_42,2,0.0511198448567484,connected,mainstream
91,popular_1_exp_Experiment_1_seed_42,2,0.05345311333267704,connected,mainstream
216,popular_1_exp_Experiment_1_seed_42,2,0.05356154393035167,connected,mainstream
143,popular_1_exp_Experiment_1_seed_42,2,0.055353773534880774,connected,mainstream
36,popular_1_exp_Experiment_1_seed_42,2,0.016117690436488953,connected,niche
504,popular_1_exp_Experiment_1_seed_42,2,0.052049098038682885,connected,mainstream
411,popular_1_exp_Experiment_1_seed_42,2,0.06578747727095831,connected,mainstream
368,popular_1_exp_Experiment_1_seed_42,2,0.05157769022725096,connected,mainstream
424,popular_1_exp_Experiment_1_seed_42,3,0.053623792771730905,connected,mainstream
39,popular_1_exp_Experiment_1_seed_42,3,0.021436942924759016,connected,niche
245,popular_1_exp_Experiment_1_seed_42,3,0.05710231419056363,connected,mainstream
228,popular_1_exp_Experiment_1_seed_42,3,0.05422747185028103,connected,mainstream
412,popular_1_exp_Experiment_1_seed_42,3,0.05099674348504952,connected,mainstream
450,popular_1_exp_Experiment_1_seed_42,3,0.056560396077037445,connected,mainstream
136,popular_1_exp_Experiment_1_seed_42,3,0.05795306608883899,connected,mainstream
437,popular_1_exp_Experiment_1_seed_42,3,0.06210958732027971,connected,mainstream
12,popular_1_exp_Experiment_1_seed_42,3,0.0143166654135861,connected,niche
173,popular_1_exp_Experiment_1_seed_42,3,0.05471961028892725,connected,mainstream
84,popular_1_exp_Experiment_1_seed_42,3,0.05807204195326878,connected,mainstream
33,popular_1_exp_Experiment_1_seed_42,3,0.019275063374785194,connected,niche
532,popular_1_exp_Experiment_1_seed_42,3,0.05160319278643214,connected,mainstream
246,popular_1_exp_Experiment_1_seed_42,3,0.05734315312172924,connected,mainstream
4,popular_1_exp_Experiment_1_seed_42,3,0.02100778628665767,connected,niche
491,popular_1_exp_Experiment_1_seed_42,3,0.04800001696592659,connected,mainstream
477,popular_1_exp_Experiment_1_seed_42,3,0.05188730283439946,connected,mainstream
371,popular_1_exp_Experiment_1_seed_42,3,0.05248181518363401,connected,mainstream
590,popular_1_exp_Experiment_1_seed_42,3,0.05173781781670908,connected,mainstream
277,popular_1_exp_Experiment_1_seed_42,3,0.055312398474034984,connected,mainstream
254,popular_1_exp_Experiment_1_seed_42,3,0.05156073537665123,connected,mainstream
57,popular_1_exp_Experiment_1_seed_42,3,0.02007579425501724,connected,niche
74,popular_1_exp_Experiment_1_seed_42,3,0.05743994419935325,connected,mainstream
217,popular_1_exp_Experiment_1_seed_42,3,0.06357340464945938,connected,mainstream
192,popular_1_exp_Experiment_1_seed_42,3,0.06225241064451938,connected,mainstream
13,popular_1_exp_Experiment_1_seed_42,3,0.016835187925295828,connected,niche
560,popular_1_exp_Experiment_1_seed_42,3,0.05555370163863375,connected,mainstream
120,popular_1_exp_Experiment_1_seed_42,3,0.0611070008165882,connected,mainstream
415,popular_1_exp_Experiment_1_seed_42,3,0.057920015336533626,connected,mainstream
235,popular_1_exp_Experiment_1_seed_42,3,0.055300301544116776,connected,mainstream
555,popular_1_exp_Experiment_1_seed_42,3,0.06219368584592572,connected,mainstream
408,popular_1_exp_Experiment_1_seed_42,3,0.05553534768577582,connected,mainstream
500,popular_1_exp_Experiment_1_seed_42,3,0.05407900606529804,connected,mainstream
385,popular_1_exp_Experiment_1_seed_42,3,0.06539859236204333,connected,mainstream
221,popular_1_exp_Experiment_1_seed_42,3,0.056797335035518905,connected,mainstream
128,popular_1_exp_Experiment_1_seed_42,3,0.06972752106084795,connected,mainstream
223,popular_1_exp_Experiment_1_seed_42,3,0.06159176165349765,connected,mainstream
377,popular_1_exp_Experiment_1_seed_42,3,0.05912239264643634,connected,mainstream
179,popular_1_exp_Experiment_1_seed_42,3,0.05542417460783632,connected,mainstream
374,popular_1_exp_Experiment_1_seed_42,3,0.05559158766866492,connected,mainstream
205,popular_1_exp_Experiment_1_seed_42,3,0.06570569807099308,connected,mainstream
521,popular_1_exp_Experiment_1_seed_42,3,0.07665014474977212,connected,mainstream
291,popular_1_exp_Experiment_1_seed_42,3,0.059521772115149786,connected,mainstream
150,popular_1_exp_Experiment_1_seed_42,3,0.05926233447139984,connected,mainstream
7,popular_1_exp_Experiment_1_seed_42,3,0.016666808578157447,connected,niche
284,popular_1_exp_Experiment_1_seed_42,3,0.06143436331846012,connected,mainstream
588,popular_1_exp_Experiment_1_seed_42,3,0.05719262177982453,connected,mainstream
144,popular_1_exp_Experiment_1_seed_42,3,0.05663021570999773,connected,mainstream
399,popular_1_exp_Experiment_1_seed_42,3,0.06035850314690663,connected,mainstream
287,popular_1_exp_Experiment_1_seed_42,3,0.06456140542922155,connected,mainstream
403,popular_1_exp_Experiment_1_seed_42,3,0.05311604169006786,connected,mainstream
30,popular_1_exp_Experiment_1_seed_42,3,0.015772677293841634,connected,niche
178,popular_1_exp_Experiment_1_seed_42,3,0.06801848963041306,connected,mainstream
258,popular_1_exp_Experiment_1_seed_42,3,0.05369923086946804,connected,mainstream
101,popular_1_exp_Experiment_1_seed_42,3,0.058039333637076584,connected,mainstream
561,popular_1_exp_Experiment_1_seed_42,3,0.0505881740923256,connected,mainstream
202,popular_1_exp_Experiment_1_seed_42,3,0.055967888277873905,connected,mainstream
279,popular_1_exp_Experiment_1_seed_42,3,0.05047296734377393,connected,mainstream
79,popular_1_exp_Experiment_1_seed_42,3,0.05846955278554795,connected,mainstream
290,popular_1_exp_Experiment_1_seed_42,3,0.055724111576624914,connected,mainstream
318,popular_1_exp_Experiment_1_seed_42,3,0.051702156194170734,connected,mainstream
342,popular_1_exp_Experiment_1_seed_42,3,0.060127442455288706,connected,mainstream
244,popular_1_exp_Experiment_1_seed_42,3,0.061246848582744436,connected,mainstream
186,popular_1_exp_Experiment_1_seed_42,3,0.05738639086620923,connected,mainstream
579,popular_1_exp_Experiment_1_seed_42,3,0.05356558643452739,connected,mainstream
533,popular_1_exp_Experiment_1_seed_42,3,0.08594169467550374,connected,mainstream
198,popular_1_exp_Experiment_1_seed_42,3,0.05500259228744709,connected,mainstream
23,popular_1_exp_Experiment_1_seed_42,3,0.015357405225683156,connected,niche
375,popular_1_exp_Experiment_1_seed_42,3,0.06076375662472642,connected,mainstream
527,popular_1_exp_Experiment_1_seed_42,3,0.0548212980877866,connected,mainstream
161,popular_1_exp_Experiment_1_seed_42,3,0.06303062797261477,connected,mainstream
248,popular_1_exp_Experiment_1_seed_42,3,0.06288694969058102,connected,mainstream
54,popular_1_exp_Experiment_1_seed_42,3,0.018737619122769666,connected,niche
439,popular_1_exp_Experiment_1_seed_42,3,0.054764807702631646,connected,mainstream
47,popular_1_exp_Experiment_1_seed_42,3,0.024699847416568516,connected,niche
410,popular_1_exp_Experiment_1_seed_42,3,0.05514189237071923,connected,mainstream
392,popular_1_exp_Experiment_1_seed_42,3,0.062116653028036574,connected,mainstream
135,popular_1_exp_Experiment_1_seed_42,3,0.05946126057125892,connected,mainstream
363,popular_1_exp_Experiment_1_seed_42,3,0.053719517069705965,connected,mainstream
137,popular_1_exp_Experiment_1_seed_42,3,0.05480074354775278,connected,mainstream
210,popular_1_exp_Experiment_1_seed_42,3,0.05902928960481521,connected,mainstream
466,popular_1_exp_Experiment_1_seed_42,3,0.06089678554885636,connected,mainstream
434,popular_1_exp_Experiment_1_seed_42,3,0.0636497787814506,connected,mainstream
126,popular_1_exp_Experiment_1_seed_42,3,0.05361741242631324,connected,mainstream
115,popular_1_exp_Experiment_1_seed_42,3,0.05701543011966736,connected,mainstream
172,popular_1_exp_Experiment_1_seed_42,3,0.052362580959019335,connected,mainstream
77,popular_1_exp_Experiment_1_seed_42,3,0.051581282152589315,connected,mainstream
78,popular_1_exp_Experiment_1_seed_42,3,0.061420043687457425,connected,mainstream
484,popular_1_exp_Experiment_1_seed_42,3,0.0486548596213594,connected,mainstream
141,popular_1_exp_Experiment_1_seed_42,3,0.063830798631185,connected,mainstream
395,popular_1_exp_Experiment_1_seed_42,3,0.0577059607204933,connected,mainstream
528,popular_1_exp_Experiment_1_seed_42,3,0.05984429157863502,connected,mainstream
130,popular_1_exp_Experiment_1_seed_42,3,0.05221602086131713,connected,mainstream
352,popular_1_exp_Experiment_1_seed_42,3,0.05475894458664284,connected,mainstream
170,popular_1_exp_Experiment_1_seed_42,3,0.061319120284476,connected,mainstream
37,popular_1_exp_Experiment_1_seed_42,3,0.017364671469269566,connected,niche
401,popular_1_exp_Experiment_1_seed_42,3,0.051502811813673555,connected,mainstream
499,popular_1_exp_Experiment_1_seed_42,3,0.06127580077935285,connected,mainstream
24,popular_1_exp_Experiment_1_seed_42,3,0.022128379752093263,connected,niche
459,popular_1_exp_Experiment_1_seed_42,3,0.05323262120073404,connected,mainstream
538,popular_1_exp_Experiment_1_seed_42,3,0.0525503388440583,connected,mainstream
301,popular_1_exp_Experiment_1_seed_42,3,0.054699935395970706,connected,mainstream
378,popular_1_exp_Experiment_1_seed_42,3,0.06928978697651737,connected,mainstream
550,popular_1_exp_Experiment_1_seed_42,3,0.0776204545489735,connected,mainstream
249,popular_1_exp_Experiment_1_seed_42,3,0.05453745169375115,connected,mainstream
405,popular_1_exp_Experiment_1_seed_42,3,0.06018470245660656,connected,mainstream
325,popular_1_exp_Experiment_1_seed_42,3,0.0660642514836476,connected,mainstream
470,popular_1_exp_Experiment_1_seed_42,3,0.05142818332230203,connected,mainstream
140,popular_1_exp_Experiment_1_seed_42,3,0.05806538947466464,connected,mainstream
492,popular_1_exp_Experiment_1_seed_42,3,0.07267079947124595,connected,mainstream
89,popular_1_exp_Experiment_1_seed_42,3,0.05406893378853045,connected,mainstream
451,popular_1_exp_Experiment_1_seed_42,3,0.06520521873747921,connected,mainstream
565,popular_1_exp_Experiment_1_seed_42,3,0.05252212471013947,connected,mainstream
169,popular_1_exp_Experiment_1_seed_42,3,0.054363469328601956,connected,mainstream
497,popular_1_exp_Experiment_1_seed_42,3,0.06190450338586612,connected,mainstream
573,popular_1_exp_Experiment_1_seed_42,3,0.0567123186746028,connected,mainstream
327,popular_1_exp_Experiment_1_seed_42,3,0.05091886372192008,connected,mainstream
556,popular_1_exp_Experiment_1_seed_42,3,0.05117954246095958,connected,mainstream
107,popular_1_exp_Experiment_1_seed_42,3,0.05202651232721769,connected,mainstream
53,popular_1_exp_Experiment_1_seed_42,3,0.021121703501651476,connected,niche
394,popular_1_exp_Experiment_1_seed_42,3,0.057898266346653925,connected,mainstream
215,popular_1_exp_Experiment_1_seed_42,3,0.06688283515004055,connected,mainstream
112,popular_1_exp_Experiment_1_seed_42,3,0.05815851347267175,connected,mainstream
328,popular_1_exp_Experiment_1_seed_42,3,0.06072746707450489,connected,mainstream
87,popular_1_exp_Experiment_1_seed_42,3,0.05643270895504465,connected,mainstream
119,popular_1_exp_Experiment_1_seed_42,3,0.07731799156574398,connected,mainstream
185,popular_1_exp_Experiment_1_seed_42,3,0.06411105449027167,connected,mainstream
269,popular_1_exp_Experiment_1_seed_42,3,0.05748456210795679,connected,mainstream
457,popular_1_exp_Experiment_1_seed_42,3,0.06416805655621216,connected,mainstream
302,popular_1_exp_Experiment_1_seed_42,3,0.051020293863040016,connected,mainstream
18,popular_1_exp_Experiment_1_seed_42,3,0.02000545823586886,connected,niche
261,popular_1_exp_Experiment_1_seed_42,3,0.05222762192108765,connected,mainstream
134,popular_1_exp_Experiment_1_seed_42,3,0.07233873677160535,connected,mainstream
237,popular_1_exp_Experiment_1_seed_42,3,0.07708121165616083,connected,mainstream
229,popular_1_exp_Experiment_1_seed_42,3,0.06589124593054925,connected,mainstream
184,popular_1_exp_Experiment_1_seed_42,3,0.058764209464768034,connected,mainstream
45,popular_1_exp_Experiment_1_seed_42,3,0.014933351018626305,connected,niche
82,popular_1_exp_Experiment_1_seed_42,3,0.07269490362878146,connected,mainstream
444,popular_1_exp_Experiment_1_seed_42,3,0.05095329874225438,connected,mainstream
189,popular_1_exp_Experiment_1_seed_42,3,0.04845500265942973,connected,mainstream
461,popular_1_exp_Experiment_1_seed_42,3,0.05419103005012089,connected,mainstream
506,popular_1_exp_Experiment_1_seed_42,3,0.05712781094411091,connected,mainstream
121,popular_1_exp_Experiment_1_seed_42,3,0.059264390418590135,connected,mainstream
379,popular_1_exp_Experiment_1_seed_42,3,0.05888693985459995,connected,mainstream
423,popular_1_exp_Experiment_1_seed_42,3,0.04974031678355498,connected,mainstream
20,popular_1_exp_Experiment_1_seed_42,3,0.013749994188177142,connected,niche
583,popular_1_exp_Experiment_1_seed_42,3,0.0628469916192856,connected,mainstream
539,popular_1_exp_Experiment_1_seed_42,3,0.057600285231775676,connected,mainstream
585,popular_1_exp_Experiment_1_seed_42,3,0.05783111071162859,connected,mainstream
158,popular_1_exp_Experiment_1_seed_42,3,0.053029746593769383,connected,mainstream
285,popular_1_exp_Experiment_1_seed_42,3,0.056086852443176016,connected,mainstream
323,popular_1_exp_Experiment_1_seed_42,3,0.04915707020799472,connected,mainstream
15,popular_1_exp_Experiment_1_seed_42,3,0.01914914752896884,connected,niche
591,popular_1_exp_Experiment_1_seed_42,3,0.07892648932446288,connected,mainstream
485,popular_1_exp_Experiment_1_seed_42,3,0.05946437438346499,connected,mainstream
182,popular_1_exp_Experiment_1_seed_42,3,0.05860640022903504,connected,mainstream
52,popular_1_exp_Experiment_1_seed_42,3,0.020252603188672808,connected,niche
351,popular_1_exp_Experiment_1_seed_42,3,0.052028363668690895,connected,mainstream
494,popular_1_exp_Experiment_1_seed_42,3,0.07093228642459319,connected,mainstream
319,popular_1_exp_Experiment_1_seed_42,3,0.05036871841785184,connected,mainstream
537,popular_1_exp_Experiment_1_seed_42,3,0.051422229192885714,connected,mainstream
545,popular_1_exp_Experiment_1_seed_42,3,0.05675404784164593,connected,mainstream
483,popular_1_exp_Experiment_1_seed_42,3,0.04824293616582715,connected,mainstream
195,popular_1_exp_Experiment_1_seed_42,3,0.06380197897630775,connected,mainstream
356,popular_1_exp_Experiment_1_seed_42,3,0.051934724778371834,connected,mainstream
310,popular_1_exp_Experiment_1_seed_42,3,0.06903024065972066,connected,mainstream
380,popular_1_exp_Experiment_1_seed_42,3,0.06560460755832576,connected,mainstream
139,popular_1_exp_Experiment_1_seed_42,3,0.06367578804455754,connected,mainstream
157,popular_1_exp_Experiment_1_seed_42,3,0.05289335512168921,connected,mainstream
441,popular_1_exp_Experiment_1_seed_42,3,0.05817732653085287,connected,mainstream
570,popular_1_exp_Experiment_1_seed_42,3,0.055605340721983004,connected,mainstream
391,popular_1_exp_Experiment_1_seed_42,3,0.05728857225360102,connected,mainstream
212,popular_1_exp_Experiment_1_seed_42,3,0.06951393315008625,connected,mainstream
167,popular_1_exp_Experiment_1_seed_42,3,0.056816780191331094,connected,mainstream
598,popular_1_exp_Experiment_1_seed_42,3,0.05555955649297641,connected,mainstream
458,popular_1_exp_Experiment_1_seed_42,3,0.051537441603194935,connected,mainstream
196,popular_1_exp_Experiment_1_seed_42,3,0.059257894063538784,connected,mainstream
314,popular_1_exp_Experiment_1_seed_42,3,0.058037838492751646,connected,mainstream
14,popular_1_exp_Experiment_1_seed_42,3,0.027127903849752097,connected,niche
436,popular_1_exp_Experiment_1_seed_42,3,0.059965666993173794,connected,mainstream
250,popular_1_exp_Experiment_1_seed_42,3,0.07609889400805553,connected,mainstream
340,popular_1_exp_Experiment_1_seed_42,3,0.0701373283042464,connected,mainstream
418,popular_1_exp_Experiment_1_seed_42,3,0.059555297985334155,connected,mainstream
339,popular_1_exp_Experiment_1_seed_42,3,0.0662543144899234,connected,mainstream
576,popular_1_exp_Experiment_1_seed_42,3,0.05248594371715997,connected,mainstream
447,popular_1_exp_Experiment_1_seed_42,3,0.06125473772442547,connected,mainstream
493,popular_1_exp_Experiment_1_seed_42,3,0.05406301245024461,connected,mainstream
507,popular_1_exp_Experiment_1_seed_42,3,0.05454769134109653,connected,mainstream
433,popular_1_exp_Experiment_1_seed_42,3,0.05205880332724624,connected,mainstream
400,popular_1_exp_Experiment_1_seed_42,3,0.05432474148985969,connected,mainstream
95,popular_1_exp_Experiment_1_seed_42,3,0.06368108892222689,connected,mainstream
343,popular_1_exp_Experiment_1_seed_42,3,0.058819870779357,connected,mainstream
487,popular_1_exp_Experiment_1_seed_42,3,0.10477120410946604,connected,mainstream
419,popular_1_exp_Experiment_1_seed_42,3,0.06501822448082799,connected,mainstream
331,popular_1_exp_Experiment_1_seed_42,3,0.05384812866806016,connected,mainstream
577,popular_1_exp_Experiment_1_seed_42,3,0.04707600203542616,connected,mainstream
67,popular_1_exp_Experiment_1_seed_42,3,0.05276301594738867,connected,mainstream
398,popular_1_exp_Experiment_1_seed_42,3,0.05701480721501201,connected,mainstream
542,popular_1_exp_Experiment_1_seed_42,3,0.06715932866547863,connected,mainstream
207,popular_1_exp_Experiment_1_seed_42,3,0.057868703448106934,connected,mainstream
522,popular_1_exp_Experiment_1_seed_42,3,0.050796193563001864,connected,mainstream
65,popular_1_exp_Experiment_1_seed_42,3,0.04975931463860691,connected,mainstream
326,popular_1_exp_Experiment_1_seed_42,3,0.05906025989375805,connected,mainstream
446,popular_1_exp_Experiment_1_seed_42,3,0.051445245290920205,connected,mainstream
595,popular_1_exp_Experiment_1_seed_42,3,0.057825097240035934,connected,mainstream
58,popular_1_exp_Experiment_1_seed_42,3,0.019417719601210286,connected,niche
305,popular_1_exp_Experiment_1_seed_42,3,0.07020294662867826,connected,mainstream
200,popular_1_exp_Experiment_1_seed_42,3,0.051381313097893504,connected,mainstream
92,popular_1_exp_Experiment_1_seed_42,3,0.05878324382801983,connected,mainstream
432,popular_1_exp_Experiment_1_seed_42,3,0.07987845927108238,connected,mainstream
268,popular_1_exp_Experiment_1_seed_42,3,0.05947059452462689,connected,mainstream
372,popular_1_exp_Experiment_1_seed_42,3,0.05346001796961425,connected,mainstream
0,popular_1_exp_Experiment_1_seed_42,3,0.015942250494420517,connected,niche
257,popular_1_exp_Experiment_1_seed_42,3,0.053351660709738284,connected,mainstream
94,popular_1_exp_Experiment_1_seed_42,3,0.053278435202298434,connected,mainstream
558,popular_1_exp_Experiment_1_seed_42,3,0.051150227251477914,connected,mainstream
122,popular_1_exp_Experiment_1_seed_42,3,0.06434557535375157,connected,mainstream
16,popular_1_exp_Experiment_1_seed_42,3,0.016767812745682144,connected,niche
467,popular_1_exp_Experiment_1_seed_42,3,0.05814701046622837,connected,mainstream
421,popular_1_exp_Experiment_1_seed_42,3,0.05627172599934847,connected,mainstream
270,popular_1_exp_Experiment_1_seed_42,3,0.05467452476676097,connected,mainstream
321,popular_1_exp_Experiment_1_seed_42,3,0.057619897585511885,connected,mainstream
584,popular_1_exp_Experiment_1_seed_42,3,0.05677472215114232,connected,mainstream
567,popular_1_exp_Experiment_1_seed_42,3,0.054829100540101705,connected,mainstream
481,popular_1_exp_Experiment_1_seed_42,3,0.05741827056341494,connected,mainstream
479,popular_1_exp_Experiment_1_seed_42,3,0.05854819341530731,connected,mainstream
241,popular_1_exp_Experiment_1_seed_42,3,0.0520024962232239,connected,mainstream
114,popular_1_exp_Experiment_1_seed_42,3,0.05163306257620744,connected,mainstream
346,popular_1_exp_Experiment_1_seed_42,3,0.05595007317964701,connected,mainstream
116,popular_1_exp_Experiment_1_seed_42,3,0.05716340588679348,connected,mainstream
81,popular_1_exp_Experiment_1_seed_42,3,0.0705454479627333,connected,mainstream
188,popular_1_exp_Experiment_1_seed_42,3,0.053012270601129,connected,mainstream
256,popular_1_exp_Experiment_1_seed_42,3,0.06081491711265302,connected,mainstream
512,popular_1_exp_Experiment_1_seed_42,3,0.0415658518713509,connected,mainstream
187,popular_1_exp_Experiment_1_seed_42,3,0.05360508194730488,connected,mainstream
299,popular_1_exp_Experiment_1_seed_42,3,0.06358290770962018,connected,mainstream
501,popular_1_exp_Experiment_1_seed_42,3,0.05297431434179609,connected,mainstream
566,popular_1_exp_Experiment_1_seed_42,3,0.05627773183306462,connected,mainstream
453,popular_1_exp_Experiment_1_seed_42,3,0.054249914400774375,connected,mainstream
496,popular_1_exp_Experiment_1_seed_42,3,0.05506682771604569,connected,mainstream
240,popular_1_exp_Experiment_1_seed_42,3,0.06694271242903503,connected,mainstream
498,popular_1_exp_Experiment_1_seed_42,3,0.05575715406381144,connected,mainstream
414,popular_1_exp_Experiment_1_seed_42,3,0.04997804370785403,connected,mainstream
251,popular_1_exp_Experiment_1_seed_42,3,0.05244816803967672,connected,mainstream
29,popular_1_exp_Experiment_1_seed_42,3,0.017403039682824934,connected,niche
442,popular_1_exp_Experiment_1_seed_42,3,0.07047653876208854,connected,mainstream
594,popular_1_exp_Experiment_1_seed_42,3,0.05934874417064596,connected,mainstream
520,popular_1_exp_Experiment_1_seed_42,3,0.04992450049022953,connected,mainstream
296,popular_1_exp_Experiment_1_seed_42,3,0.05052334128057865,connected,mainstream
41,popular_1_exp_Experiment_1_seed_42,3,0.018132742094694697,connected,niche
334,popular_1_exp_Experiment_1_seed_42,3,0.06485302652036185,connected,mainstream
49,popular_1_exp_Experiment_1_seed_42,3,0.018856728507230944,connected,niche
28,popular_1_exp_Experiment_1_seed_42,3,0.018027129125505487,connected,niche
96,popular_1_exp_Experiment_1_seed_42,3,0.05443528194847502,connected,mainstream
541,popular_1_exp_Experiment_1_seed_42,3,0.06528533714770922,connected,mainstream
153,popular_1_exp_Experiment_1_seed_42,3,0.0644183309324734,connected,mainstream
263,popular_1_exp_Experiment_1_seed_42,3,0.0644293876690269,connected,mainstream
464,popular_1_exp_Experiment_1_seed_42,3,0.0610724963502586,connected,mainstream
283,popular_1_exp_Experiment_1_seed_42,3,0.055075869214331045,connected,mainstream
75,popular_1_exp_Experiment_1_seed_42,3,0.05500056672245577,connected,mainstream
70,popular_1_exp_Experiment_1_seed_42,3,0.07267699669524973,connected,mainstream
596,popular_1_exp_Experiment_1_seed_42,3,0.050459090337910066,connected,mainstream
50,popular_1_exp_Experiment_1_seed_42,3,0.01688294402733548,connected,niche
72,popular_1_exp_Experiment_1_seed_42,3,0.05437360333804048,connected,mainstream
429,popular_1_exp_Experiment_1_seed_42,3,0.05208515579183632,connected,mainstream
569,popular_1_exp_Experiment_1_seed_42,3,0.05081789413648744,connected,mainstream
190,popular_1_exp_Experiment_1_seed_42,3,0.05412131687990063,connected,mainstream
337,popular_1_exp_Experiment_1_seed_42,3,0.05489995750982582,connected,mainstream
10,popular_1_exp_Experiment_1_seed_42,3,0.021448473039045846,connected,niche
463,popular_1_exp_Experiment_1_seed_42,3,0.05578618015791056,connected,mainstream
384,popular_1_exp_Experiment_1_seed_42,3,0.07191300045004378,connected,mainstream
66,popular_1_exp_Experiment_1_seed_42,3,0.06826022287593908,connected,mainstream
519,popular_1_exp_Experiment_1_seed_42,3,0.04939863531982761,connected,mainstream
515,popular_1_exp_Experiment_1_seed_42,3,0.05487722225273666,connected,mainstream
509,popular_1_exp_Experiment_1_seed_42,3,0.0584978510628115,connected,mainstream
129,popular_1_exp_Experiment_1_seed_42,3,0.06851722880161994,connected,mainstream
224,popular_1_exp_Experiment_1_seed_42,3,0.05032959301737583,connected,mainstream
123,popular_1_exp_Experiment_1_seed_42,3,0.060181651146676285,connected,mainstream
568,popular_1_exp_Experiment_1_seed_42,3,0.056105610997535076,connected,mainstream
71,popular_1_exp_Experiment_1_seed_42,3,0.061800872608399726,connected,mainstream
255,popular_1_exp_Experiment_1_seed_42,3,0.05246888031022836,connected,mainstream
288,popular_1_exp_Experiment_1_seed_42,3,0.06004373905184208,connected,mainstream
511,popular_1_exp_Experiment_1_seed_42,3,0.051557226074971436,connected,mainstream
474,popular_1_exp_Experiment_1_seed_42,3,0.052854519108021435,connected,mainstream
64,popular_1_exp_Experiment_1_seed_42,3,0.06448697782729838,connected,mainstream
214,popular_1_exp_Experiment_1_seed_42,3,0.04964694461886113,connected,mainstream
108,popular_1_exp_Experiment_1_seed_42,3,0.052912869342993725,connected,mainstream
443,popular_1_exp_Experiment_1_seed_42,3,0.06332925201187897,connected,mainstream
267,popular_1_exp_Experiment_1_seed_42,3,0.05203688707880708,connected,mainstream
335,popular_1_exp_Experiment_1_seed_42,3,0.06411796754104249,connected,mainstream
552,popular_1_exp_Experiment_1_seed_42,3,0.057429769073316296,connected,mainstream
132,popular_1_exp_Experiment_1_seed_42,3,0.06646261359645536,connected,mainstream
264,popular_1_exp_Experiment_1_seed_42,3,0.05020566163658181,connected,mainstream
295,popular_1_exp_Experiment_1_seed_42,3,0.06148265400367144,connected,mainstream
341,popular_1_exp_Experiment_1_seed_42,3,0.05554806480894533,connected,mainstream
149,popular_1_exp_Experiment_1_seed_42,3,0.053045122612703034,connected,mainstream
111,popular_1_exp_Experiment_1_seed_42,3,0.054806221320613746,connected,mainstream
222,popular_1_exp_Experiment_1_seed_42,3,0.0665685711056731,connected,mainstream
360,popular_1_exp_Experiment_1_seed_42,3,0.05277075715606755,connected,mainstream
309,popular_1_exp_Experiment_1_seed_42,3,0.04617024276121595,connected,mainstream
278,popular_1_exp_Experiment_1_seed_42,3,0.05073441528265688,connected,mainstream
19,popular_1_exp_Experiment_1_seed_42,3,0.013263221431954249,connected,niche
338,popular_1_exp_Experiment_1_seed_42,3,0.05209028428172998,connected,mainstream
332,popular_1_exp_Experiment_1_seed_42,3,0.05264028498196859,connected,mainstream
243,popular_1_exp_Experiment_1_seed_42,3,0.05755099473148987,connected,mainstream
345,popular_1_exp_Experiment_1_seed_42,3,0.05150055363412706,connected,mainstream
83,popular_1_exp_Experiment_1_seed_42,3,0.058836876750686835,connected,mainstream
220,popular_1_exp_Experiment_1_seed_42,3,0.0514829179505954,connected,mainstream
514,popular_1_exp_Experiment_1_seed_42,3,0.054371891336701665,connected,mainstream
211,popular_1_exp_Experiment_1_seed_42,3,0.05225025534343301,connected,mainstream
226,popular_1_exp_Experiment_1_seed_42,3,0.061814794412894246,connected,mainstream
38,popular_1_exp_Experiment_1_seed_42,3,0.017812278907011717,connected,niche
495,popular_1_exp_Experiment_1_seed_42,3,0.05702324861671205,connected,mainstream
547,popular_1_exp_Experiment_1_seed_42,3,0.05096906317324642,connected,mainstream
488,popular_1_exp_Experiment_1_seed_42,3,0.059688119866150496,connected,mainstream
357,popular_1_exp_Experiment_1_seed_42,3,0.060772821468339434,connected,mainstream
518,popular_1_exp_Experiment_1_seed_42,3,0.07091498317574363,connected,mainstream
505,popular_1_exp_Experiment_1_seed_42,3,0.06890119968137313,connected,mainstream
308,popular_1_exp_Experiment_1_seed_42,3,0.055597780569039475,connected,mainstream
253,popular_1_exp_Experiment_1_seed_42,3,0.05489877450425451,connected,mainstream
553,popular_1_exp_Experiment_1_seed_42,3,0.06677475559154745,connected,mainstream
526,popular_1_exp_Experiment_1_seed_42,3,0.05225406239139515,connected,mainstream
60,popular_1_exp_Experiment_1_seed_42,3,0.0540475862818876,connected,mainstream
452,popular_1_exp_Experiment_1_seed_42,3,0.05237962397251777,connected,mainstream
25,popular_1_exp_Experiment_1_seed_42,3,0.018400292515836743,connected,niche
431,popular_1_exp_Experiment_1_seed_42,3,0.056782467065613774,connected,mainstream
503,popular_1_exp_Experiment_1_seed_42,3,0.06950266477588724,connected,mainstream
43,popular_1_exp_Experiment_1_seed_42,3,0.016318327707798137,connected,niche
559,popular_1_exp_Experiment_1_seed_42,3,0.05232925422690023,connected,mainstream
316,popular_1_exp_Experiment_1_seed_42,3,0.05940972410445883,connected,mainstream
529,popular_1_exp_Experiment_1_seed_42,3,0.05375005234858273,connected,mainstream
239,popular_1_exp_Experiment_1_seed_42,3,0.06060665291393943,connected,mainstream
580,popular_1_exp_Experiment_1_seed_42,3,0.07426429302480099,connected,mainstream
21,popular_1_exp_Experiment_1_seed_42,3,0.02237713595706306,connected,niche
359,popular_1_exp_Experiment_1_seed_42,3,0.06012372572396108,connected,mainstream
454,popular_1_exp_Experiment_1_seed_42,3,0.06359235445448408,connected,mainstream
347,popular_1_exp_Experiment_1_seed_42,3,0.07232859719320757,connected,mainstream
530,popular_1_exp_Experiment_1_seed_42,3,0.06316333520037327,connected,mainstream
80,popular_1_exp_Experiment_1_seed_42,3,0.050955077130157865,connected,mainstream
103,popular_1_exp_Experiment_1_seed_42,3,0.06052073291965477,connected,mainstream
201,popular_1_exp_Experiment_1_seed_42,3,0.0494859285075899,connected,mainstream
389,popular_1_exp_Experiment_1_seed_42,3,0.05380971176429714,connected,mainstream
381,popular_1_exp_Experiment_1_seed_42,3,0.05991210199669287,connected,mainstream
353,popular_1_exp_Experiment_1_seed_42,3,0.05654276684121417,connected,mainstream
176,popular_1_exp_Experiment_1_seed_42,3,0.05437306788530331,connected,mainstream
98,popular_1_exp_Experiment_1_seed_42,3,0.05270397663299912,connected,mainstream
390,popular_1_exp_Experiment_1_seed_42,3,0.0623187739079017,connected,mainstream
508,popular_1_exp_Experiment_1_seed_42,3,0.05588794191745986,connected,mainstream
272,popular_1_exp_Experiment_1_seed_42,3,0.05433144427513309,connected,mainstream
382,popular_1_exp_Experiment_1_seed_42,3,0.06479694799061722,connected,mainstream
460,popular_1_exp_Experiment_1_seed_42,3,0.060401053781794944,connected,mainstream
362,popular_1_exp_Experiment_1_seed_42,3,0.058550922418860875,connected,mainstream
469,popular_1_exp_Experiment_1_seed_42,3,0.070898061347378,connected,mainstream
159,popular_1_exp_Experiment_1_seed_42,3,0.05728827155181793,connected,mainstream
155,popular_1_exp_Experiment_1_seed_42,3,0.05384751028797529,connected,mainstream
73,popular_1_exp_Experiment_1_seed_42,3,0.054467757373563186,connected,mainstream
587,popular_1_exp_Experiment_1_seed_42,3,0.05300703497432807,connected,mainstream
22,popular_1_exp_Experiment_1_seed_42,3,0.01767529483375362,connected,niche
445,popular_1_exp_Experiment_1_seed_42,3,0.05665751143382708,connected,mainstream
369,popular_1_exp_Experiment_1_seed_42,3,0.06579135232883902,connected,mainstream
124,popular_1_exp_Experiment_1_seed_42,3,0.05589969099896514,connected,mainstream
373,popular_1_exp_Experiment_1_seed_42,3,0.05410033010700079,connected,mainstream
40,popular_1_exp_Experiment_1_seed_42,3,0.023007843299175417,connected,niche
11,popular_1_exp_Experiment_1_seed_42,3,0.014702896200759727,connected,niche
181,popular_1_exp_Experiment_1_seed_42,3,0.05249389831150775,connected,mainstream
86,popular_1_exp_Experiment_1_seed_42,3,0.07359303758844943,connected,mainstream
274,popular_1_exp_Experiment_1_seed_42,3,0.05721561380314666,connected,mainstream
191,popular_1_exp_Experiment_1_seed_42,3,0.04979569444933926,connected,mainstream
238,popular_1_exp_Experiment_1_seed_42,3,0.05226343062033684,connected,mainstream
298,popular_1_exp_Experiment_1_seed_42,3,0.05938806992626349,connected,mainstream
2,popular_1_exp_Experiment_1_seed_42,3,0.034991201531121736,connected,niche
106,popular_1_exp_Experiment_1_seed_42,3,0.06617408805919768,connected,mainstream
574,popular_1_exp_Experiment_1_seed_42,3,0.05810224701902753,connected,mainstream
350,popular_1_exp_Experiment_1_seed_42,3,0.0541945534263108,connected,mainstream
17,popular_1_exp_Experiment_1_seed_42,3,0.016634366637158667,connected,niche
280,popular_1_exp_Experiment_1_seed_42,3,0.06184512592103316,connected,mainstream
193,popular_1_exp_Experiment_1_seed_42,3,0.07106869561226321,connected,mainstream
204,popular_1_exp_Experiment_1_seed_42,3,0.05001711235975456,connected,mainstream
234,popular_1_exp_Experiment_1_seed_42,3,0.05897367798170213,connected,mainstream
35,popular_1_exp_Experiment_1_seed_42,3,0.013115267495769405,connected,niche
62,popular_1_exp_Experiment_1_seed_42,3,0.05352244818148406,connected,mainstream
293,popular_1_exp_Experiment_1_seed_42,3,0.06358086696471932,connected,mainstream
51,popular_1_exp_Experiment_1_seed_42,3,0.021063505705976104,connected,niche
59,popular_1_exp_Experiment_1_seed_42,3,0.01881555917541437,connected,niche
333,popular_1_exp_Experiment_1_seed_42,3,0.05641725332364528,connected,mainstream
358,popular_1_exp_Experiment_1_seed_42,3,0.05925350900146916,connected,mainstream
462,popular_1_exp_Experiment_1_seed_42,3,0.054977220012920235,connected,mainstream
292,popular_1_exp_Experiment_1_seed_42,3,0.05492597335719838,connected,mainstream
317,popular_1_exp_Experiment_1_seed_42,3,0.056077585026851486,connected,mainstream
592,popular_1_exp_Experiment_1_seed_42,3,0.06390975589934757,connected,mainstream
525,popular_1_exp_Experiment_1_seed_42,3,0.06167203513424569,connected,mainstream
99,popular_1_exp_Experiment_1_seed_42,3,0.056990219864410684,connected,mainstream
582,popular_1_exp_Experiment_1_seed_42,3,0.05288930386571291,connected,mainstream
34,popular_1_exp_Experiment_1_seed_42,3,0.014842205948338565,connected,niche
393,popular_1_exp_Experiment_1_seed_42,3,0.06256605877362305,connected,mainstream
194,popular_1_exp_Experiment_1_seed_42,3,0.054390759826306305,connected,mainstream
88,popular_1_exp_Experiment_1_seed_42,3,0.05089689400625397,connected,mainstream
575,popular_1_exp_Experiment_1_seed_42,3,0.07081817593558298,connected,mainstream
46,popular_1_exp_Experiment_1_seed_42,3,0.014467248047179235,connected,niche
531,popular_1_exp_Experiment_1_seed_42,3,0.06389420060489334,connected,mainstream
383,popular_1_exp_Experiment_1_seed_42,3,0.05365783904529981,connected,mainstream
523,popular_1_exp_Experiment_1_seed_42,3,0.060041172249675624,connected,mainstream
127,popular_1_exp_Experiment_1_seed_42,3,0.052897920427249424,connected,mainstream
354,popular_1_exp_Experiment_1_seed_42,3,0.05496159623147422,connected,mainstream
125,popular_1_exp_Experiment_1_seed_42,3,0.05403290269310627,connected,mainstream
8,popular_1_exp_Experiment_1_seed_42,3,0.016653018386069432,connected,niche
402,popular_1_exp_Experiment_1_seed_42,3,0.054015223703854774,connected,mainstream
230,popular_1_exp_Experiment_1_seed_42,3,0.06747012081351834,connected,mainstream
276,popular_1_exp_Experiment_1_seed_42,3,0.05594010583059212,connected,mainstream
535,popular_1_exp_Experiment_1_seed_42,3,0.05783787450663299,connected,mainstream
557,popular_1_exp_Experiment_1_seed_42,3,0.05923222951318738,connected,mainstream
564,popular_1_exp_Experiment_1_seed_42,3,0.061278456815081705,connected,mainstream
534,popular_1_exp_Experiment_1_seed_42,3,0.06275524548884295,connected,mainstream
174,popular_1_exp_Experiment_1_seed_42,3,0.055005776333282984,connected,mainstream
455,popular_1_exp_Experiment_1_seed_42,3,0.0633763022877735,connected,mainstream
586,popular_1_exp_Experiment_1_seed_42,3,0.06149591562051652,connected,mainstream
348,popular_1_exp_Experiment_1_seed_42,3,0.06820886774211986,connected,mainstream
426,popular_1_exp_Experiment_1_seed_42,3,0.052336614491823995,connected,mainstream
162,popular_1_exp_Experiment_1_seed_42,3,0.05661225143113637,connected,mainstream
247,popular_1_exp_Experiment_1_seed_42,3,0.06268706610195361,connected,mainstream
109,popular_1_exp_Experiment_1_seed_42,3,0.054501005843118046,connected,mainstream
156,popular_1_exp_Experiment_1_seed_42,3,0.06499526837660419,connected,mainstream
183,popular_1_exp_Experiment_1_seed_42,3,0.05782303246926443,connected,mainstream
510,popular_1_exp_Experiment_1_seed_42,3,0.053553438989196255,connected,mainstream
465,popular_1_exp_Experiment_1_seed_42,3,0.053756938480691796,connected,mainstream
478,popular_1_exp_Experiment_1_seed_42,3,0.0637426334208291,connected,mainstream
281,popular_1_exp_Experiment_1_seed_42,3,0.05550636645327802,connected,mainstream
61,popular_1_exp_Experiment_1_seed_42,3,0.05196600506384652,connected,mainstream
536,popular_1_exp_Experiment_1_seed_42,3,0.05677763386922824,connected,mainstream
203,popular_1_exp_Experiment_1_seed_42,3,0.05145268627275842,connected,mainstream
551,popular_1_exp_Experiment_1_seed_42,3,0.059799784199559856,connected,mainstream
422,popular_1_exp_Experiment_1_seed_42,3,0.05448431795171566,connected,mainstream
171,popular_1_exp_Experiment_1_seed_42,3,0.07728410203851405,connected,mainstream
324,popular_1_exp_Experiment_1_seed_42,3,0.052899302155483746,connected,mainstream
138,popular_1_exp_Experiment_1_seed_42,3,0.06842580034901175,connected,mainstream
417,popular_1_exp_Experiment_1_seed_42,3,0.054110135369637546,connected,mainstream
117,popular_1_exp_Experiment_1_seed_42,3,0.054143780369238205,connected,mainstream
471,popular_1_exp_Experiment_1_seed_42,3,0.06067710109251867,connected,mainstream
420,popular_1_exp_Experiment_1_seed_42,3,0.06565038994544181,connected,mainstream
486,popular_1_exp_Experiment_1_seed_42,3,0.05300608630738834,connected,mainstream
113,popular_1_exp_Experiment_1_seed_42,3,0.06091778908466181,connected,mainstream
549,popular_1_exp_Experiment_1_seed_42,3,0.06477966796285661,connected,mainstream
387,popular_1_exp_Experiment_1_seed_42,3,0.06489250662021019,connected,mainstream
152,popular_1_exp_Experiment_1_seed_42,3,0.050980530432381876,connected,mainstream
306,popular_1_exp_Experiment_1_seed_42,3,0.05774917932346118,connected,mainstream
63,popular_1_exp_Experiment_1_seed_42,3,0.06344381403024697,connected,mainstream
480,popular_1_exp_Experiment_1_seed_42,3,0.0599986931076612,connected,mainstream
329,popular_1_exp_Experiment_1_seed_42,3,0.05554619818200079,connected,mainstream
104,popular_1_exp_Experiment_1_seed_42,3,0.05309012478487118,connected,mainstream
367,popular_1_exp_Experiment_1_seed_42,3,0.05134124408870052,connected,mainstream
85,popular_1_exp_Experiment_1_seed_42,3,0.05333655119797012,connected,mainstream
472,popular_1_exp_Experiment_1_seed_42,3,0.04876865941997655,connected,mainstream
6,popular_1_exp_Experiment_1_seed_42,3,0.027542207192473928,connected,niche
266,popular_1_exp_Experiment_1_seed_42,3,0.054604012921062844,connected,mainstream
147,popular_1_exp_Experiment_1_seed_42,3,0.051690244022537385,connected,mainstream
42,popular_1_exp_Experiment_1_seed_42,3,0.016617717152255674,connected,niche
330,popular_1_exp_Experiment_1_seed_42,3,0.06480898493418606,connected,mainstream
236,popular_1_exp_Experiment_1_seed_42,3,0.05652240589780683,connected,mainstream
208,popular_1_exp_Experiment_1_seed_42,3,0.05208605062626878,connected,mainstream
303,popular_1_exp_Experiment_1_seed_42,3,0.05583507584805939,connected,mainstream
599,popular_1_exp_Experiment_1_seed_42,3,0.05205227883356819,connected,mainstream
259,popular_1_exp_Experiment_1_seed_42,3,0.05112313446628194,connected,mainstream
428,popular_1_exp_Experiment_1_seed_42,3,0.060594210621597255,connected,mainstream
548,popular_1_exp_Experiment_1_seed_42,3,0.05838894677379805,connected,mainstream
502,popular_1_exp_Experiment_1_seed_42,3,0.0589556460986635,connected,mainstream
160,popular_1_exp_Experiment_1_seed_42,3,0.06511051171628235,connected,mainstream
31,popular_1_exp_Experiment_1_seed_42,3,0.013644057599688461,connected,niche
404,popular_1_exp_Experiment_1_seed_42,3,0.058450303176246256,connected,mainstream
386,popular_1_exp_Experiment_1_seed_42,3,0.05477924018260529,connected,mainstream
581,popular_1_exp_Experiment_1_seed_42,3,0.051912929728753276,connected,mainstream
68,popular_1_exp_Experiment_1_seed_42,3,0.056097585338027535,connected,mainstream
427,popular_1_exp_Experiment_1_seed_42,3,0.05116409994285912,connected,mainstream
180,popular_1_exp_Experiment_1_seed_42,3,0.05241381332125317,connected,mainstream
396,popular_1_exp_Experiment_1_seed_42,3,0.05475232776198593,connected,mainstream
571,popular_1_exp_Experiment_1_seed_42,3,0.0522063857940562,connected,mainstream
5,popular_1_exp_Experiment_1_seed_42,3,0.03817519629120918,connected,niche
361,popular_1_exp_Experiment_1_seed_42,3,0.05517319509577817,connected,mainstream
48,popular_1_exp_Experiment_1_seed_42,3,0.015160100914927267,connected,niche
93,popular_1_exp_Experiment_1_seed_42,3,0.05175249730819773,connected,mainstream
133,popular_1_exp_Experiment_1_seed_42,3,0.05201958814303868,connected,mainstream
105,popular_1_exp_Experiment_1_seed_42,3,0.05864882385530181,connected,mainstream
589,popular_1_exp_Experiment_1_seed_42,3,0.055622705635410746,connected,mainstream
9,popular_1_exp_Experiment_1_seed_42,3,0.01673864671011142,connected,niche
456,popular_1_exp_Experiment_1_seed_42,3,0.05065995901156382,connected,mainstream
544,popular_1_exp_Experiment_1_seed_42,3,0.04940267528041453,connected,mainstream
312,popular_1_exp_Experiment_1_seed_42,3,0.05859532555848046,connected,mainstream
430,popular_1_exp_Experiment_1_seed_42,3,0.05076575394056826,connected,mainstream
242,popular_1_exp_Experiment_1_seed_42,3,0.04381497986254035,connected,mainstream
164,popular_1_exp_Experiment_1_seed_42,3,0.05019417430166978,connected,mainstream
482,popular_1_exp_Experiment_1_seed_42,3,0.05833931828678898,connected,mainstream
313,popular_1_exp_Experiment_1_seed_42,3,0.06022458910360093,connected,mainstream
26,popular_1_exp_Experiment_1_seed_42,3,0.015713544619314478,connected,niche
489,popular_1_exp_Experiment_1_seed_42,3,0.06777340566945891,connected,mainstream
409,popular_1_exp_Experiment_1_seed_42,3,0.055978283771358044,connected,mainstream
219,popular_1_exp_Experiment_1_seed_42,3,0.05778071722078173,connected,mainstream
473,popular_1_exp_Experiment_1_seed_42,3,0.05280111447871552,connected,mainstream
1,popular_1_exp_Experiment_1_seed_42,3,0.017887537594927307,connected,niche
425,popular_1_exp_Experiment_1_seed_42,3,0.04997424303563922,connected,mainstream
397,popular_1_exp_Experiment_1_seed_42,3,0.052694729930665866,connected,mainstream
209,popular_1_exp_Experiment_1_seed_42,3,0.05353457979949572,connected,mainstream
118,popular_1_exp_Experiment_1_seed_42,3,0.05534727532232007,connected,mainstream
271,popular_1_exp_Experiment_1_seed_42,3,0.05190358935020172,connected,mainstream
151,popular_1_exp_Experiment_1_seed_42,3,0.054566761130401736,connected,mainstream
355,popular_1_exp_Experiment_1_seed_42,3,0.0578225904099485,connected,mainstream
275,popular_1_exp_Experiment_1_seed_42,3,0.061671068008869255,connected,mainstream
55,popular_1_exp_Experiment_1_seed_42,3,0.026583628819333863,connected,niche
294,popular_1_exp_Experiment_1_seed_42,3,0.056295749040959554,connected,mainstream
562,popular_1_exp_Experiment_1_seed_42,3,0.05176757624759409,connected,mainstream
297,popular_1_exp_Experiment_1_seed_42,3,0.05993801489264502,connected,mainstream
407,popular_1_exp_Experiment_1_seed_42,3,0.051672681129041616,connected,mainstream
44,popular_1_exp_Experiment_1_seed_42,3,0.019457590981208927,connected,niche
300,popular_1_exp_Experiment_1_seed_42,3,0.052843431747477465,connected,mainstream
166,popular_1_exp_Experiment_1_seed_42,3,0.05262276802406398,connected,mainstream
232,popular_1_exp_Experiment_1_seed_42,3,0.05184182016182218,connected,mainstream
110,popular_1_exp_Experiment_1_seed_42,3,0.05849408177993464,connected,mainstream
540,popular_1_exp_Experiment_1_seed_42,3,0.05666657659358917,connected,mainstream
516,popular_1_exp_Experiment_1_seed_42,3,0.05242423400597742,connected,mainstream
448,popular_1_exp_Experiment_1_seed_42,3,0.06156184150508832,connected,mainstream
406,popular_1_exp_Experiment_1_seed_42,3,0.05233536565739391,connected,mainstream
273,popular_1_exp_Experiment_1_seed_42,3,0.0620492625358523,connected,mainstream
416,popular_1_exp_Experiment_1_seed_42,3,0.05261335241385378,connected,mainstream
27,popular_1_exp_Experiment_1_seed_42,3,0.03003665327035752,connected,niche
165,popular_1_exp_Experiment_1_seed_42,3,0.05261072678606352,connected,mainstream
344,popular_1_exp_Experiment_1_seed_42,3,0.05713224182072545,connected,mainstream
227,popular_1_exp_Experiment_1_seed_42,3,0.05036596748060009,connected,mainstream
320,popular_1_exp_Experiment_1_seed_42,3,0.05206166523329301,connected,mainstream
597,popular_1_exp_Experiment_1_seed_42,3,0.05137590204529968,connected,mainstream
252,popular_1_exp_Experiment_1_seed_42,3,0.057877541334860026,connected,mainstream
490,popular_1_exp_Experiment_1_seed_42,3,0.055695724859479524,connected,mainstream
218,popular_1_exp_Experiment_1_seed_42,3,0.05195664032585163,connected,mainstream
90,popular_1_exp_Experiment_1_seed_42,3,0.07367543040563126,connected,mainstream
546,popular_1_exp_Experiment_1_seed_42,3,0.05859025037380752,connected,mainstream
563,popular_1_exp_Experiment_1_seed_42,3,0.052106531819221945,connected,mainstream
231,popular_1_exp_Experiment_1_seed_42,3,0.04805008990474261,connected,mainstream
336,popular_1_exp_Experiment_1_seed_42,3,0.06505470565787012,connected,mainstream
97,popular_1_exp_Experiment_1_seed_42,3,0.04956194625984711,connected,mainstream
388,popular_1_exp_Experiment_1_seed_42,3,0.06524236364605301,connected,mainstream
364,popular_1_exp_Experiment_1_seed_42,3,0.05478034367281074,connected,mainstream
286,popular_1_exp_Experiment_1_seed_42,3,0.05939169859516715,connected,mainstream
131,popular_1_exp_Experiment_1_seed_42,3,0.050787585165186805,connected,mainstream
265,popular_1_exp_Experiment_1_seed_42,3,0.06686447538117152,connected,mainstream
56,popular_1_exp_Experiment_1_seed_42,3,0.021834163468207903,connected,niche
163,popular_1_exp_Experiment_1_seed_42,3,0.06096283577191921,connected,mainstream
145,popular_1_exp_Experiment_1_seed_42,3,0.05856028338982216,connected,mainstream
438,popular_1_exp_Experiment_1_seed_42,3,0.059883412592095064,connected,mainstream
225,popular_1_exp_Experiment_1_seed_42,3,0.05167323404101598,connected,mainstream
370,popular_1_exp_Experiment_1_seed_42,3,0.05437733968422618,connected,mainstream
524,popular_1_exp_Experiment_1_seed_42,3,0.054503068169549355,connected,mainstream
154,popular_1_exp_Experiment_1_seed_42,3,0.06745168959657175,connected,mainstream
315,popular_1_exp_Experiment_1_seed_42,3,0.07012060254915137,connected,mainstream
578,popular_1_exp_Experiment_1_seed_42,3,0.05197032094065648,connected,mainstream
289,popular_1_exp_Experiment_1_seed_42,3,0.053460073265756476,connected,mainstream
476,popular_1_exp_Experiment_1_seed_42,3,0.06377564006018731,connected,mainstream
142,popular_1_exp_Experiment_1_seed_42,3,0.05201888537120794,connected,mainstream
440,popular_1_exp_Experiment_1_seed_42,3,0.06072709422553004,connected,mainstream
413,popular_1_exp_Experiment_1_seed_42,3,0.05373884405656843,connected,mainstream
146,popular_1_exp_Experiment_1_seed_42,3,0.051758249544418905,connected,mainstream
376,popular_1_exp_Experiment_1_seed_42,3,0.0492648732956421,connected,mainstream
3,popular_1_exp_Experiment_1_seed_42,3,0.018333485670453682,connected,niche
148,popular_1_exp_Experiment_1_seed_42,3,0.05364333920281491,connected,mainstream
197,popular_1_exp_Experiment_1_seed_42,3,0.053578616215306636,connected,mainstream
311,popular_1_exp_Experiment_1_seed_42,3,0.055012536840322895,connected,mainstream
365,popular_1_exp_Experiment_1_seed_42,3,0.052439703474526235,connected,mainstream
322,popular_1_exp_Experiment_1_seed_42,3,0.05603862973558723,connected,mainstream
260,popular_1_exp_Experiment_1_seed_42,3,0.06442614736695208,connected,mainstream
262,popular_1_exp_Experiment_1_seed_42,3,0.07101669034262222,connected,mainstream
543,popular_1_exp_Experiment_1_seed_42,3,0.05936474312224991,connected,mainstream
282,popular_1_exp_Experiment_1_seed_42,3,0.05252148577109645,connected,mainstream
213,popular_1_exp_Experiment_1_seed_42,3,0.05469737978881072,connected,mainstream
435,popular_1_exp_Experiment_1_seed_42,3,0.04971381521218815,connected,mainstream
32,popular_1_exp_Experiment_1_seed_42,3,0.021335059280706514,connected,niche
366,popular_1_exp_Experiment_1_seed_42,3,0.0664855294673385,connected,mainstream
76,popular_1_exp_Experiment_1_seed_42,3,0.05299204055035652,connected,mainstream
233,popular_1_exp_Experiment_1_seed_42,3,0.05342940949045602,connected,mainstream
177,popular_1_exp_Experiment_1_seed_42,3,0.05376863082291059,connected,mainstream
449,popular_1_exp_Experiment_1_seed_42,3,0.05752268707557053,connected,mainstream
307,popular_1_exp_Experiment_1_seed_42,3,0.0584120204903897,connected,mainstream
468,popular_1_exp_Experiment_1_seed_42,3,0.059312476571617735,connected,mainstream
199,popular_1_exp_Experiment_1_seed_42,3,0.05149377520295037,connected,mainstream
168,popular_1_exp_Experiment_1_seed_42,3,0.050507762259927695,connected,mainstream
593,popular_1_exp_Experiment_1_seed_42,3,0.07270602815450826,connected,mainstream
175,popular_1_exp_Experiment_1_seed_42,3,0.055763400084735903,connected,mainstream
349,popular_1_exp_Experiment_1_seed_42,3,0.06806296377456744,connected,mainstream
554,popular_1_exp_Experiment_1_seed_42,3,0.059820413807646335,connected,mainstream
572,popular_1_exp_Experiment_1_seed_42,3,0.05261059513699153,connected,mainstream
304,popular_1_exp_Experiment_1_seed_42,3,0.05089204205260129,connected,mainstream
513,popular_1_exp_Experiment_1_seed_42,3,0.05856237412967417,connected,mainstream
102,popular_1_exp_Experiment_1_seed_42,3,0.05288234544706988,connected,mainstream
206,popular_1_exp_Experiment_1_seed_42,3,0.05077914726685614,connected,mainstream
100,popular_1_exp_Experiment_1_seed_42,3,0.061823498159295144,connected,mainstream
69,popular_1_exp_Experiment_1_seed_42,3,0.06377920571800057,connected,mainstream
517,popular_1_exp_Experiment_1_seed_42,3,0.06025825669517784,connected,mainstream
475,popular_1_exp_Experiment_1_seed_42,3,0.048342574721978025,connected,mainstream
91,popular_1_exp_Experiment_1_seed_42,3,0.05730508924871777,connected,mainstream
216,popular_1_exp_Experiment_1_seed_42,3,0.052359166622480406,connected,mainstream
143,popular_1_exp_Experiment_1_seed_42,3,0.05572567790525514,connected,mainstream
36,popular_1_exp_Experiment_1_seed_42,3,0.019300229176842106,connected,niche
504,popular_1_exp_Experiment_1_seed_42,3,0.05260552801056697,connected,mainstream
411,popular_1_exp_Experiment_1_seed_42,3,0.06644054877423815,connected,mainstream
368,popular_1_exp_Experiment_1_seed_42,3,0.051218438465555925,connected,mainstream
424,popular_1_exp_Experiment_1_seed_42,4,0.0541769621461736,connected,mainstream
39,popular_1_exp_Experiment_1_seed_42,4,0.022463326009853846,connected,niche
245,popular_1_exp_Experiment_1_seed_42,4,0.0550881468240236,connected,mainstream
228,popular_1_exp_Experiment_1_seed_42,4,0.049230807139618644,connected,mainstream
412,popular_1_exp_Experiment_1_seed_42,4,0.052062552426383246,connected,mainstream
450,popular_1_exp_Experiment_1_seed_42,4,0.05732291672481241,connected,mainstream
136,popular_1_exp_Experiment_1_seed_42,4,0.054683990804298165,connected,mainstream
437,popular_1_exp_Experiment_1_seed_42,4,0.05832606567845383,connected,mainstream
12,popular_1_exp_Experiment_1_seed_42,4,0.014598185655217583,connected,niche
173,popular_1_exp_Experiment_1_seed_42,4,0.0547909141737196,connected,mainstream
84,popular_1_exp_Experiment_1_seed_42,4,0.06112809828086412,connected,mainstream
33,popular_1_exp_Experiment_1_seed_42,4,0.0158294758158873,connected,niche
532,popular_1_exp_Experiment_1_seed_42,4,0.05681445920126135,connected,mainstream
246,popular_1_exp_Experiment_1_seed_42,4,0.056764732350371716,connected,mainstream
4,popular_1_exp_Experiment_1_seed_42,4,0.021668634647294554,connected,niche
491,popular_1_exp_Experiment_1_seed_42,4,0.05131246565667721,connected,mainstream
477,popular_1_exp_Experiment_1_seed_42,4,0.0522023785946449,connected,mainstream
371,popular_1_exp_Experiment_1_seed_42,4,0.056560626438758414,connected,mainstream
590,popular_1_exp_Experiment_1_seed_42,4,0.05160777937740325,connected,mainstream
277,popular_1_exp_Experiment_1_seed_42,4,0.056875141041450465,connected,mainstream
254,popular_1_exp_Experiment_1_seed_42,4,0.05225517245941413,connected,mainstream
57,popular_1_exp_Experiment_1_seed_42,4,0.01580880218673843,connected,niche
74,popular_1_exp_Experiment_1_seed_42,4,0.05797039240215358,connected,mainstream
217,popular_1_exp_Experiment_1_seed_42,4,0.06197394518888936,connected,mainstream
192,popular_1_exp_Experiment_1_seed_42,4,0.061839474083773126,connected,mainstream
13,popular_1_exp_Experiment_1_seed_42,4,0.01623512506007312,connected,niche
560,popular_1_exp_Experiment_1_seed_42,4,0.052570670760491434,connected,mainstream
120,popular_1_exp_Experiment_1_seed_42,4,0.05541583697675919,connected,mainstream
415,popular_1_exp_Experiment_1_seed_42,4,0.06438533450216484,connected,mainstream
235,popular_1_exp_Experiment_1_seed_42,4,0.05512349602143138,connected,mainstream
555,popular_1_exp_Experiment_1_seed_42,4,0.0656888417430662,connected,mainstream
408,popular_1_exp_Experiment_1_seed_42,4,0.052497946912294174,connected,mainstream
500,popular_1_exp_Experiment_1_seed_42,4,0.05461482271914517,connected,mainstream
385,popular_1_exp_Experiment_1_seed_42,4,0.0660055471740077,connected,mainstream
221,popular_1_exp_Experiment_1_seed_42,4,0.05088942159135348,connected,mainstream
128,popular_1_exp_Experiment_1_seed_42,4,0.06900965636036425,connected,mainstream
223,popular_1_exp_Experiment_1_seed_42,4,0.059124923402673966,connected,mainstream
377,popular_1_exp_Experiment_1_seed_42,4,0.05759232730114818,connected,mainstream
179,popular_1_exp_Experiment_1_seed_42,4,0.05949561208554302,connected,mainstream
374,popular_1_exp_Experiment_1_seed_42,4,0.055657209378473356,connected,mainstream
205,popular_1_exp_Experiment_1_seed_42,4,0.07270680502212186,connected,mainstream
521,popular_1_exp_Experiment_1_seed_42,4,0.08536701609870505,connected,mainstream
291,popular_1_exp_Experiment_1_seed_42,4,0.06016023354132451,connected,mainstream
150,popular_1_exp_Experiment_1_seed_42,4,0.061676892081417155,connected,mainstream
7,popular_1_exp_Experiment_1_seed_42,4,0.01684262155736493,connected,niche
284,popular_1_exp_Experiment_1_seed_42,4,0.05645913814324723,connected,mainstream
588,popular_1_exp_Experiment_1_seed_42,4,0.05648732012724533,connected,mainstream
144,popular_1_exp_Experiment_1_seed_42,4,0.05156842583068263,connected,mainstream
399,popular_1_exp_Experiment_1_seed_42,4,0.05481016501514918,connected,mainstream
287,popular_1_exp_Experiment_1_seed_42,4,0.06413553782573404,connected,mainstream
403,popular_1_exp_Experiment_1_seed_42,4,0.05203592830842798,connected,mainstream
30,popular_1_exp_Experiment_1_seed_42,4,0.016745274295206298,connected,niche
178,popular_1_exp_Experiment_1_seed_42,4,0.05888712754049039,connected,mainstream
258,popular_1_exp_Experiment_1_seed_42,4,0.05405988778555373,connected,mainstream
101,popular_1_exp_Experiment_1_seed_42,4,0.05923908584350812,connected,mainstream
561,popular_1_exp_Experiment_1_seed_42,4,0.052090281284455996,connected,mainstream
202,popular_1_exp_Experiment_1_seed_42,4,0.0555044285141108,connected,mainstream
279,popular_1_exp_Experiment_1_seed_42,4,0.05159983358347311,connected,mainstream
79,popular_1_exp_Experiment_1_seed_42,4,0.05762987945197662,connected,mainstream
290,popular_1_exp_Experiment_1_seed_42,4,0.05520673126390008,connected,mainstream
318,popular_1_exp_Experiment_1_seed_42,4,0.05165459326834727,connected,mainstream
342,popular_1_exp_Experiment_1_seed_42,4,0.06421499420219152,connected,mainstream
244,popular_1_exp_Experiment_1_seed_42,4,0.053710202878768036,connected,mainstream
186,popular_1_exp_Experiment_1_seed_42,4,0.055239520759968276,connected,mainstream
579,popular_1_exp_Experiment_1_seed_42,4,0.05409771634448643,connected,mainstream
533,popular_1_exp_Experiment_1_seed_42,4,0.08650891291394375,connected,mainstream
198,popular_1_exp_Experiment_1_seed_42,4,0.052977063907276155,connected,mainstream
23,popular_1_exp_Experiment_1_seed_42,4,0.01575028636082541,connected,niche
375,popular_1_exp_Experiment_1_seed_42,4,0.05268482342570904,connected,mainstream
527,popular_1_exp_Experiment_1_seed_42,4,0.05450988519406516,connected,mainstream
161,popular_1_exp_Experiment_1_seed_42,4,0.06653330173210624,connected,mainstream
248,popular_1_exp_Experiment_1_seed_42,4,0.05652739432264522,connected,mainstream
54,popular_1_exp_Experiment_1_seed_42,4,0.017271526800454583,connected,niche
439,popular_1_exp_Experiment_1_seed_42,4,0.05600208226856859,connected,mainstream
47,popular_1_exp_Experiment_1_seed_42,4,0.013818438896154125,connected,niche
410,popular_1_exp_Experiment_1_seed_42,4,0.0578338426446787,connected,mainstream
392,popular_1_exp_Experiment_1_seed_42,4,0.06564208322368732,connected,mainstream
135,popular_1_exp_Experiment_1_seed_42,4,0.05819809924297936,connected,mainstream
363,popular_1_exp_Experiment_1_seed_42,4,0.05286830440230219,connected,mainstream
137,popular_1_exp_Experiment_1_seed_42,4,0.04925366609001446,connected,mainstream
210,popular_1_exp_Experiment_1_seed_42,4,0.06741564768420534,connected,mainstream
466,popular_1_exp_Experiment_1_seed_42,4,0.0634790811299802,connected,mainstream
434,popular_1_exp_Experiment_1_seed_42,4,0.06680340192462864,connected,mainstream
126,popular_1_exp_Experiment_1_seed_42,4,0.053515984877967555,connected,mainstream
115,popular_1_exp_Experiment_1_seed_42,4,0.05432560535727069,connected,mainstream
172,popular_1_exp_Experiment_1_seed_42,4,0.05178610059394136,connected,mainstream
77,popular_1_exp_Experiment_1_seed_42,4,0.05096020973565909,connected,mainstream
78,popular_1_exp_Experiment_1_seed_42,4,0.05857966377614951,connected,mainstream
484,popular_1_exp_Experiment_1_seed_42,4,0.05646268440378594,connected,mainstream
141,popular_1_exp_Experiment_1_seed_42,4,0.0617834097648102,connected,mainstream
395,popular_1_exp_Experiment_1_seed_42,4,0.06644972449118884,connected,mainstream
528,popular_1_exp_Experiment_1_seed_42,4,0.06732911057623797,connected,mainstream
130,popular_1_exp_Experiment_1_seed_42,4,0.05271019026880694,connected,mainstream
352,popular_1_exp_Experiment_1_seed_42,4,0.054757518387300454,connected,mainstream
170,popular_1_exp_Experiment_1_seed_42,4,0.0503403705890885,connected,mainstream
37,popular_1_exp_Experiment_1_seed_42,4,0.025338800879721568,connected,niche
401,popular_1_exp_Experiment_1_seed_42,4,0.051501070250112864,connected,mainstream
499,popular_1_exp_Experiment_1_seed_42,4,0.05636383929512645,connected,mainstream
24,popular_1_exp_Experiment_1_seed_42,4,0.017338203952374752,connected,niche
459,popular_1_exp_Experiment_1_seed_42,4,0.05604675475168566,connected,mainstream
538,popular_1_exp_Experiment_1_seed_42,4,0.05201456492534042,connected,mainstream
301,popular_1_exp_Experiment_1_seed_42,4,0.0555061914717759,connected,mainstream
378,popular_1_exp_Experiment_1_seed_42,4,0.06795377268927692,connected,mainstream
550,popular_1_exp_Experiment_1_seed_42,4,0.07180781007055263,connected,mainstream
249,popular_1_exp_Experiment_1_seed_42,4,0.058669806737128814,connected,mainstream
405,popular_1_exp_Experiment_1_seed_42,4,0.062013266319203154,connected,mainstream
325,popular_1_exp_Experiment_1_seed_42,4,0.06201422387309392,connected,mainstream
470,popular_1_exp_Experiment_1_seed_42,4,0.05087915306270585,connected,mainstream
140,popular_1_exp_Experiment_1_seed_42,4,0.06793369705458335,connected,mainstream
492,popular_1_exp_Experiment_1_seed_42,4,0.06857488595049559,connected,mainstream
89,popular_1_exp_Experiment_1_seed_42,4,0.054115704187407,connected,mainstream
451,popular_1_exp_Experiment_1_seed_42,4,0.06239210058913019,connected,mainstream
565,popular_1_exp_Experiment_1_seed_42,4,0.05138625276310812,connected,mainstream
169,popular_1_exp_Experiment_1_seed_42,4,0.05761432561986748,connected,mainstream
497,popular_1_exp_Experiment_1_seed_42,4,0.05945075514576898,connected,mainstream
573,popular_1_exp_Experiment_1_seed_42,4,0.05788382561867219,connected,mainstream
327,popular_1_exp_Experiment_1_seed_42,4,0.051510003361392574,connected,mainstream
556,popular_1_exp_Experiment_1_seed_42,4,0.048776864042886,connected,mainstream
107,popular_1_exp_Experiment_1_seed_42,4,0.05368875954630178,connected,mainstream
53,popular_1_exp_Experiment_1_seed_42,4,0.019038610826752043,connected,niche
394,popular_1_exp_Experiment_1_seed_42,4,0.05348797068281219,connected,mainstream
215,popular_1_exp_Experiment_1_seed_42,4,0.06911953035516467,connected,mainstream
112,popular_1_exp_Experiment_1_seed_42,4,0.055849045087053795,connected,mainstream
328,popular_1_exp_Experiment_1_seed_42,4,0.06904198399996775,connected,mainstream
87,popular_1_exp_Experiment_1_seed_42,4,0.05430441224001759,connected,mainstream
119,popular_1_exp_Experiment_1_seed_42,4,0.07648398250400273,connected,mainstream
185,popular_1_exp_Experiment_1_seed_42,4,0.06346633432209316,connected,mainstream
269,popular_1_exp_Experiment_1_seed_42,4,0.05931119900377016,connected,mainstream
457,popular_1_exp_Experiment_1_seed_42,4,0.059063880919754654,connected,mainstream
302,popular_1_exp_Experiment_1_seed_42,4,0.050034524083755416,connected,mainstream
18,popular_1_exp_Experiment_1_seed_42,4,0.015375088439356312,connected,niche
261,popular_1_exp_Experiment_1_seed_42,4,0.051847051646634314,connected,mainstream
134,popular_1_exp_Experiment_1_seed_42,4,0.07098269936692377,connected,mainstream
237,popular_1_exp_Experiment_1_seed_42,4,0.07469607759964943,connected,mainstream
229,popular_1_exp_Experiment_1_seed_42,4,0.05926407997457633,connected,mainstream
184,popular_1_exp_Experiment_1_seed_42,4,0.05924334564738648,connected,mainstream
45,popular_1_exp_Experiment_1_seed_42,4,0.021117821221979447,connected,niche
82,popular_1_exp_Experiment_1_seed_42,4,0.07126514482838263,connected,mainstream
444,popular_1_exp_Experiment_1_seed_42,4,0.05077538027246798,connected,mainstream
189,popular_1_exp_Experiment_1_seed_42,4,0.0571209469987698,connected,mainstream
461,popular_1_exp_Experiment_1_seed_42,4,0.05541753740067724,connected,mainstream
506,popular_1_exp_Experiment_1_seed_42,4,0.05550953823771456,connected,mainstream
121,popular_1_exp_Experiment_1_seed_42,4,0.07016004168938528,connected,mainstream
379,popular_1_exp_Experiment_1_seed_42,4,0.057385117373242756,connected,mainstream
423,popular_1_exp_Experiment_1_seed_42,4,0.05024650119914295,connected,mainstream
20,popular_1_exp_Experiment_1_seed_42,4,0.01674353397302389,connected,niche
583,popular_1_exp_Experiment_1_seed_42,4,0.06139466932626018,connected,mainstream
539,popular_1_exp_Experiment_1_seed_42,4,0.05711211856060599,connected,mainstream
585,popular_1_exp_Experiment_1_seed_42,4,0.06076652834691328,connected,mainstream
158,popular_1_exp_Experiment_1_seed_42,4,0.05582121551079557,connected,mainstream
285,popular_1_exp_Experiment_1_seed_42,4,0.046490262590478885,connected,mainstream
323,popular_1_exp_Experiment_1_seed_42,4,0.04950165550029458,connected,mainstream
15,popular_1_exp_Experiment_1_seed_42,4,0.018332019513410222,connected,niche
591,popular_1_exp_Experiment_1_seed_42,4,0.069898908145343,connected,mainstream
485,popular_1_exp_Experiment_1_seed_42,4,0.05848125876965371,connected,mainstream
182,popular_1_exp_Experiment_1_seed_42,4,0.06714433671138277,connected,mainstream
52,popular_1_exp_Experiment_1_seed_42,4,0.026436036073825105,connected,niche
351,popular_1_exp_Experiment_1_seed_42,4,0.050288437715831164,connected,mainstream
494,popular_1_exp_Experiment_1_seed_42,4,0.06173431847491719,connected,mainstream
319,popular_1_exp_Experiment_1_seed_42,4,0.049664061227931315,connected,mainstream
537,popular_1_exp_Experiment_1_seed_42,4,0.051718508512769046,connected,mainstream
545,popular_1_exp_Experiment_1_seed_42,4,0.05775638129321456,connected,mainstream
483,popular_1_exp_Experiment_1_seed_42,4,0.050340283836676,connected,mainstream
195,popular_1_exp_Experiment_1_seed_42,4,0.060450492713760386,connected,mainstream
356,popular_1_exp_Experiment_1_seed_42,4,0.0529227590345438,connected,mainstream
310,popular_1_exp_Experiment_1_seed_42,4,0.061751357142386165,connected,mainstream
380,popular_1_exp_Experiment_1_seed_42,4,0.06806024315277338,connected,mainstream
139,popular_1_exp_Experiment_1_seed_42,4,0.05968537111089441,connected,mainstream
157,popular_1_exp_Experiment_1_seed_42,4,0.06512889495550701,connected,mainstream
441,popular_1_exp_Experiment_1_seed_42,4,0.06466766413185258,connected,mainstream
570,popular_1_exp_Experiment_1_seed_42,4,0.05378951140493152,connected,mainstream
391,popular_1_exp_Experiment_1_seed_42,4,0.05170660213586276,connected,mainstream
212,popular_1_exp_Experiment_1_seed_42,4,0.05739088098565934,connected,mainstream
167,popular_1_exp_Experiment_1_seed_42,4,0.05270011033544451,connected,mainstream
598,popular_1_exp_Experiment_1_seed_42,4,0.057502941930929585,connected,mainstream
458,popular_1_exp_Experiment_1_seed_42,4,0.04951532325457412,connected,mainstream
196,popular_1_exp_Experiment_1_seed_42,4,0.05849801290363422,connected,mainstream
314,popular_1_exp_Experiment_1_seed_42,4,0.061294457447363025,connected,mainstream
14,popular_1_exp_Experiment_1_seed_42,4,0.02777773610217399,connected,niche
436,popular_1_exp_Experiment_1_seed_42,4,0.05845667947543775,connected,mainstream
250,popular_1_exp_Experiment_1_seed_42,4,0.06977849912648705,connected,mainstream
340,popular_1_exp_Experiment_1_seed_42,4,0.07097691696691512,connected,mainstream
418,popular_1_exp_Experiment_1_seed_42,4,0.058095331319434416,connected,mainstream
339,popular_1_exp_Experiment_1_seed_42,4,0.06656676557302675,connected,mainstream
576,popular_1_exp_Experiment_1_seed_42,4,0.05269063578484002,connected,mainstream
447,popular_1_exp_Experiment_1_seed_42,4,0.06374000383203708,connected,mainstream
493,popular_1_exp_Experiment_1_seed_42,4,0.0530095234195197,connected,mainstream
507,popular_1_exp_Experiment_1_seed_42,4,0.05365267714211174,connected,mainstream
433,popular_1_exp_Experiment_1_seed_42,4,0.0527431953485919,connected,mainstream
400,popular_1_exp_Experiment_1_seed_42,4,0.05076950707734627,connected,mainstream
95,popular_1_exp_Experiment_1_seed_42,4,0.06802846618145651,connected,mainstream
343,popular_1_exp_Experiment_1_seed_42,4,0.059503226412101456,connected,mainstream
487,popular_1_exp_Experiment_1_seed_42,4,0.07436557195377469,connected,mainstream
419,popular_1_exp_Experiment_1_seed_42,4,0.0597312881510787,connected,mainstream
331,popular_1_exp_Experiment_1_seed_42,4,0.055092827327180925,connected,mainstream
577,popular_1_exp_Experiment_1_seed_42,4,0.0520514062880681,connected,mainstream
67,popular_1_exp_Experiment_1_seed_42,4,0.04891947764618768,connected,mainstream
398,popular_1_exp_Experiment_1_seed_42,4,0.05233009844041991,connected,mainstream
542,popular_1_exp_Experiment_1_seed_42,4,0.062493973314804274,connected,mainstream
207,popular_1_exp_Experiment_1_seed_42,4,0.0524408012754894,connected,mainstream
522,popular_1_exp_Experiment_1_seed_42,4,0.051013762954353274,connected,mainstream
65,popular_1_exp_Experiment_1_seed_42,4,0.053476072433565634,connected,mainstream
326,popular_1_exp_Experiment_1_seed_42,4,0.06034245571190939,connected,mainstream
446,popular_1_exp_Experiment_1_seed_42,4,0.051280267489022764,connected,mainstream
595,popular_1_exp_Experiment_1_seed_42,4,0.05889855326964319,connected,mainstream
58,popular_1_exp_Experiment_1_seed_42,4,0.020545057415006607,connected,niche
305,popular_1_exp_Experiment_1_seed_42,4,0.06994702774576139,connected,mainstream
200,popular_1_exp_Experiment_1_seed_42,4,0.0552592495805693,connected,mainstream
92,popular_1_exp_Experiment_1_seed_42,4,0.06080591391120114,connected,mainstream
432,popular_1_exp_Experiment_1_seed_42,4,0.08138994610990177,connected,mainstream
268,popular_1_exp_Experiment_1_seed_42,4,0.05964960174690964,connected,mainstream
372,popular_1_exp_Experiment_1_seed_42,4,0.0536886165535126,connected,mainstream
0,popular_1_exp_Experiment_1_seed_42,4,0.018735069661023073,connected,niche
257,popular_1_exp_Experiment_1_seed_42,4,0.05936361759232859,connected,mainstream
94,popular_1_exp_Experiment_1_seed_42,4,0.05369746651107058,connected,mainstream
558,popular_1_exp_Experiment_1_seed_42,4,0.04915779795628916,connected,mainstream
122,popular_1_exp_Experiment_1_seed_42,4,0.05858716214451626,connected,mainstream
16,popular_1_exp_Experiment_1_seed_42,4,0.021675493441171204,connected,niche
467,popular_1_exp_Experiment_1_seed_42,4,0.054088578330520276,connected,mainstream
421,popular_1_exp_Experiment_1_seed_42,4,0.052802591141064496,connected,mainstream
270,popular_1_exp_Experiment_1_seed_42,4,0.05273518118650917,connected,mainstream
321,popular_1_exp_Experiment_1_seed_42,4,0.056397486537468955,connected,mainstream
584,popular_1_exp_Experiment_1_seed_42,4,0.05897304717601154,connected,mainstream
567,popular_1_exp_Experiment_1_seed_42,4,0.05796061864642626,connected,mainstream
481,popular_1_exp_Experiment_1_seed_42,4,0.05772207768877106,connected,mainstream
479,popular_1_exp_Experiment_1_seed_42,4,0.0592068984233983,connected,mainstream
241,popular_1_exp_Experiment_1_seed_42,4,0.05287377543274802,connected,mainstream
114,popular_1_exp_Experiment_1_seed_42,4,0.052293795812011344,connected,mainstream
346,popular_1_exp_Experiment_1_seed_42,4,0.05702815272302722,connected,mainstream
116,popular_1_exp_Experiment_1_seed_42,4,0.05636896063206165,connected,mainstream
81,popular_1_exp_Experiment_1_seed_42,4,0.07016841639410791,connected,mainstream
188,popular_1_exp_Experiment_1_seed_42,4,0.052970694765791776,connected,mainstream
256,popular_1_exp_Experiment_1_seed_42,4,0.06654005985412413,connected,mainstream
512,popular_1_exp_Experiment_1_seed_42,4,0.06548193334865991,connected,mainstream
187,popular_1_exp_Experiment_1_seed_42,4,0.05735638466702869,connected,mainstream
299,popular_1_exp_Experiment_1_seed_42,4,0.06624601900679926,connected,mainstream
501,popular_1_exp_Experiment_1_seed_42,4,0.053374110957986026,connected,mainstream
566,popular_1_exp_Experiment_1_seed_42,4,0.05744590585790941,connected,mainstream
453,popular_1_exp_Experiment_1_seed_42,4,0.05560207562371041,connected,mainstream
496,popular_1_exp_Experiment_1_seed_42,4,0.05372493031969988,connected,mainstream
240,popular_1_exp_Experiment_1_seed_42,4,0.0661631040295403,connected,mainstream
498,popular_1_exp_Experiment_1_seed_42,4,0.04766635659386568,connected,mainstream
414,popular_1_exp_Experiment_1_seed_42,4,0.05549194206630224,connected,mainstream
251,popular_1_exp_Experiment_1_seed_42,4,0.05004026659733007,connected,mainstream
29,popular_1_exp_Experiment_1_seed_42,4,0.020514974427523508,connected,niche
442,popular_1_exp_Experiment_1_seed_42,4,0.06727433912403673,connected,mainstream
594,popular_1_exp_Experiment_1_seed_42,4,0.055146564032554406,connected,mainstream
520,popular_1_exp_Experiment_1_seed_42,4,0.05653279888743948,connected,mainstream
296,popular_1_exp_Experiment_1_seed_42,4,0.05121714985150807,connected,mainstream
41,popular_1_exp_Experiment_1_seed_42,4,0.019062907692388217,connected,niche
334,popular_1_exp_Experiment_1_seed_42,4,0.06555788558454775,connected,mainstream
49,popular_1_exp_Experiment_1_seed_42,4,0.023953531770985585,connected,niche
28,popular_1_exp_Experiment_1_seed_42,4,0.026617135161533828,connected,niche
96,popular_1_exp_Experiment_1_seed_42,4,0.05523797762465731,connected,mainstream
541,popular_1_exp_Experiment_1_seed_42,4,0.06615363786497913,connected,mainstream
153,popular_1_exp_Experiment_1_seed_42,4,0.0620109463247502,connected,mainstream
263,popular_1_exp_Experiment_1_seed_42,4,0.06328838730794271,connected,mainstream
464,popular_1_exp_Experiment_1_seed_42,4,0.055410515819639766,connected,mainstream
283,popular_1_exp_Experiment_1_seed_42,4,0.05601545348886045,connected,mainstream
75,popular_1_exp_Experiment_1_seed_42,4,0.05358201693928647,connected,mainstream
70,popular_1_exp_Experiment_1_seed_42,4,0.06943382263896991,connected,mainstream
596,popular_1_exp_Experiment_1_seed_42,4,0.05201794406810201,connected,mainstream
50,popular_1_exp_Experiment_1_seed_42,4,0.017374142402875162,connected,niche
72,popular_1_exp_Experiment_1_seed_42,4,0.055340238436804974,connected,mainstream
429,popular_1_exp_Experiment_1_seed_42,4,0.05207779404573787,connected,mainstream
569,popular_1_exp_Experiment_1_seed_42,4,0.05155191692217686,connected,mainstream
190,popular_1_exp_Experiment_1_seed_42,4,0.051136254487446076,connected,mainstream
337,popular_1_exp_Experiment_1_seed_42,4,0.05280844201741696,connected,mainstream
10,popular_1_exp_Experiment_1_seed_42,4,0.017645289199342544,connected,niche
463,popular_1_exp_Experiment_1_seed_42,4,0.053070708150822134,connected,mainstream
384,popular_1_exp_Experiment_1_seed_42,4,0.07654713036805837,connected,mainstream
66,popular_1_exp_Experiment_1_seed_42,4,0.055193680717953574,connected,mainstream
519,popular_1_exp_Experiment_1_seed_42,4,0.0526551486033068,connected,mainstream
515,popular_1_exp_Experiment_1_seed_42,4,0.05325647011886106,connected,mainstream
509,popular_1_exp_Experiment_1_seed_42,4,0.06847520363478787,connected,mainstream
129,popular_1_exp_Experiment_1_seed_42,4,0.06299822276228507,connected,mainstream
224,popular_1_exp_Experiment_1_seed_42,4,0.0596920375953957,connected,mainstream
123,popular_1_exp_Experiment_1_seed_42,4,0.05882254777252053,connected,mainstream
568,popular_1_exp_Experiment_1_seed_42,4,0.05501732271023504,connected,mainstream
71,popular_1_exp_Experiment_1_seed_42,4,0.05880591067659638,connected,mainstream
255,popular_1_exp_Experiment_1_seed_42,4,0.0476127209631865,connected,mainstream
288,popular_1_exp_Experiment_1_seed_42,4,0.06609628977923455,connected,mainstream
511,popular_1_exp_Experiment_1_seed_42,4,0.04812526966860218,connected,mainstream
474,popular_1_exp_Experiment_1_seed_42,4,0.052519841730147836,connected,mainstream
64,popular_1_exp_Experiment_1_seed_42,4,0.0590952737862428,connected,mainstream
214,popular_1_exp_Experiment_1_seed_42,4,0.051654690047501596,connected,mainstream
108,popular_1_exp_Experiment_1_seed_42,4,0.05357122452419444,connected,mainstream
443,popular_1_exp_Experiment_1_seed_42,4,0.06497808603224879,connected,mainstream
267,popular_1_exp_Experiment_1_seed_42,4,0.05291422492814988,connected,mainstream
335,popular_1_exp_Experiment_1_seed_42,4,0.05887426134583673,connected,mainstream
552,popular_1_exp_Experiment_1_seed_42,4,0.04606055147793609,connected,mainstream
132,popular_1_exp_Experiment_1_seed_42,4,0.06303976100361301,connected,mainstream
264,popular_1_exp_Experiment_1_seed_42,4,0.05284578720940861,connected,mainstream
295,popular_1_exp_Experiment_1_seed_42,4,0.05611022786656861,connected,mainstream
341,popular_1_exp_Experiment_1_seed_42,4,0.0526353456687658,connected,mainstream
149,popular_1_exp_Experiment_1_seed_42,4,0.05665274117860552,connected,mainstream
111,popular_1_exp_Experiment_1_seed_42,4,0.05641277337261272,connected,mainstream
222,popular_1_exp_Experiment_1_seed_42,4,0.061842819285689465,connected,mainstream
360,popular_1_exp_Experiment_1_seed_42,4,0.05563500757454947,connected,mainstream
309,popular_1_exp_Experiment_1_seed_42,4,0.05212191229421686,connected,mainstream
278,popular_1_exp_Experiment_1_seed_42,4,0.052203908372102203,connected,mainstream
19,popular_1_exp_Experiment_1_seed_42,4,0.013172150208790409,connected,niche
338,popular_1_exp_Experiment_1_seed_42,4,0.051454915948602874,connected,mainstream
332,popular_1_exp_Experiment_1_seed_42,4,0.05032956220480206,connected,mainstream
243,popular_1_exp_Experiment_1_seed_42,4,0.05480877445305619,connected,mainstream
345,popular_1_exp_Experiment_1_seed_42,4,0.04913395074504784,connected,mainstream
83,popular_1_exp_Experiment_1_seed_42,4,0.05867536357420138,connected,mainstream
220,popular_1_exp_Experiment_1_seed_42,4,0.05118585720362795,connected,mainstream
514,popular_1_exp_Experiment_1_seed_42,4,0.0567268456874237,connected,mainstream
211,popular_1_exp_Experiment_1_seed_42,4,0.054653705907790284,connected,mainstream
226,popular_1_exp_Experiment_1_seed_42,4,0.06324893140875724,connected,mainstream
38,popular_1_exp_Experiment_1_seed_42,4,0.020450266221172738,connected,niche
495,popular_1_exp_Experiment_1_seed_42,4,0.05447342249007981,connected,mainstream
547,popular_1_exp_Experiment_1_seed_42,4,0.05197036222916501,connected,mainstream
488,popular_1_exp_Experiment_1_seed_42,4,0.06041167848164838,connected,mainstream
357,popular_1_exp_Experiment_1_seed_42,4,0.05706383397112785,connected,mainstream
518,popular_1_exp_Experiment_1_seed_42,4,0.058718904508328285,connected,mainstream
505,popular_1_exp_Experiment_1_seed_42,4,0.06270772200450553,connected,mainstream
308,popular_1_exp_Experiment_1_seed_42,4,0.05676885387623173,connected,mainstream
253,popular_1_exp_Experiment_1_seed_42,4,0.052573740137633634,connected,mainstream
553,popular_1_exp_Experiment_1_seed_42,4,0.056540318136167146,connected,mainstream
526,popular_1_exp_Experiment_1_seed_42,4,0.05287345653617193,connected,mainstream
60,popular_1_exp_Experiment_1_seed_42,4,0.05264073470096087,connected,mainstream
452,popular_1_exp_Experiment_1_seed_42,4,0.0529615445227044,connected,mainstream
25,popular_1_exp_Experiment_1_seed_42,4,0.02576428924629377,connected,niche
431,popular_1_exp_Experiment_1_seed_42,4,0.054729268219770755,connected,mainstream
503,popular_1_exp_Experiment_1_seed_42,4,0.06317545437566802,connected,mainstream
43,popular_1_exp_Experiment_1_seed_42,4,0.01560630525605596,connected,niche
559,popular_1_exp_Experiment_1_seed_42,4,0.05577704804112216,connected,mainstream
316,popular_1_exp_Experiment_1_seed_42,4,0.05849549905020187,connected,mainstream
529,popular_1_exp_Experiment_1_seed_42,4,0.0579989463811087,connected,mainstream
239,popular_1_exp_Experiment_1_seed_42,4,0.06075345847463056,connected,mainstream
580,popular_1_exp_Experiment_1_seed_42,4,0.06414458324907606,connected,mainstream
21,popular_1_exp_Experiment_1_seed_42,4,0.019741616695906544,connected,niche
359,popular_1_exp_Experiment_1_seed_42,4,0.0634045146689327,connected,mainstream
454,popular_1_exp_Experiment_1_seed_42,4,0.05608325202171032,connected,mainstream
347,popular_1_exp_Experiment_1_seed_42,4,0.06987108067608348,connected,mainstream
530,popular_1_exp_Experiment_1_seed_42,4,0.06657141547693918,connected,mainstream
80,popular_1_exp_Experiment_1_seed_42,4,0.05102367839025004,connected,mainstream
103,popular_1_exp_Experiment_1_seed_42,4,0.051933294256850476,connected,mainstream
201,popular_1_exp_Experiment_1_seed_42,4,0.05167514505975548,connected,mainstream
389,popular_1_exp_Experiment_1_seed_42,4,0.05631104940252072,connected,mainstream
381,popular_1_exp_Experiment_1_seed_42,4,0.05736511998054108,connected,mainstream
353,popular_1_exp_Experiment_1_seed_42,4,0.05344323544280812,connected,mainstream
176,popular_1_exp_Experiment_1_seed_42,4,0.05831812532094562,connected,mainstream
98,popular_1_exp_Experiment_1_seed_42,4,0.05432857397333043,connected,mainstream
390,popular_1_exp_Experiment_1_seed_42,4,0.06415084287169302,connected,mainstream
508,popular_1_exp_Experiment_1_seed_42,4,0.05367664430043743,connected,mainstream
272,popular_1_exp_Experiment_1_seed_42,4,0.060606149629272126,connected,mainstream
382,popular_1_exp_Experiment_1_seed_42,4,0.0621968626778035,connected,mainstream
460,popular_1_exp_Experiment_1_seed_42,4,0.06142484731849763,connected,mainstream
362,popular_1_exp_Experiment_1_seed_42,4,0.04994300393396441,connected,mainstream
469,popular_1_exp_Experiment_1_seed_42,4,0.06847904873883111,connected,mainstream
159,popular_1_exp_Experiment_1_seed_42,4,0.05323134718963781,connected,mainstream
155,popular_1_exp_Experiment_1_seed_42,4,0.05442910222370709,connected,mainstream
73,popular_1_exp_Experiment_1_seed_42,4,0.05168510102507539,connected,mainstream
587,popular_1_exp_Experiment_1_seed_42,4,0.05425232503783547,connected,mainstream
22,popular_1_exp_Experiment_1_seed_42,4,0.01674308993045651,connected,niche
445,popular_1_exp_Experiment_1_seed_42,4,0.056200090809388405,connected,mainstream
369,popular_1_exp_Experiment_1_seed_42,4,0.06397555108879972,connected,mainstream
124,popular_1_exp_Experiment_1_seed_42,4,0.05096796799897107,connected,mainstream
373,popular_1_exp_Experiment_1_seed_42,4,0.05383099620286291,connected,mainstream
40,popular_1_exp_Experiment_1_seed_42,4,0.01888864009115726,connected,niche
11,popular_1_exp_Experiment_1_seed_42,4,0.020877125092417334,connected,niche
181,popular_1_exp_Experiment_1_seed_42,4,0.05154038043206,connected,mainstream
86,popular_1_exp_Experiment_1_seed_42,4,0.07075196867610611,connected,mainstream
274,popular_1_exp_Experiment_1_seed_42,4,0.05141246153909921,connected,mainstream
191,popular_1_exp_Experiment_1_seed_42,4,0.05217444122102225,connected,mainstream
238,popular_1_exp_Experiment_1_seed_42,4,0.05213070060134543,connected,mainstream
298,popular_1_exp_Experiment_1_seed_42,4,0.04715918628225355,connected,mainstream
2,popular_1_exp_Experiment_1_seed_42,4,0.023933789896295965,connected,niche
106,popular_1_exp_Experiment_1_seed_42,4,0.06979675087651423,connected,mainstream
574,popular_1_exp_Experiment_1_seed_42,4,0.058180751317859304,connected,mainstream
350,popular_1_exp_Experiment_1_seed_42,4,0.05371479093444079,connected,mainstream
17,popular_1_exp_Experiment_1_seed_42,4,0.01709900530716635,connected,niche
280,popular_1_exp_Experiment_1_seed_42,4,0.05943179088076018,connected,mainstream
193,popular_1_exp_Experiment_1_seed_42,4,0.05903452109643034,connected,mainstream
204,popular_1_exp_Experiment_1_seed_42,4,0.049177741526375246,connected,mainstream
234,popular_1_exp_Experiment_1_seed_42,4,0.05992538521425298,connected,mainstream
35,popular_1_exp_Experiment_1_seed_42,4,0.01343933940761822,connected,niche
62,popular_1_exp_Experiment_1_seed_42,4,0.05501117725873258,connected,mainstream
293,popular_1_exp_Experiment_1_seed_42,4,0.06126527109181173,connected,mainstream
51,popular_1_exp_Experiment_1_seed_42,4,0.01674549083898909,connected,niche
59,popular_1_exp_Experiment_1_seed_42,4,0.018394861593118927,connected,niche
333,popular_1_exp_Experiment_1_seed_42,4,0.05228459153434289,connected,mainstream
358,popular_1_exp_Experiment_1_seed_42,4,0.06006198165823812,connected,mainstream
462,popular_1_exp_Experiment_1_seed_42,4,0.05275594796391345,connected,mainstream
292,popular_1_exp_Experiment_1_seed_42,4,0.05348890270387871,connected,mainstream
317,popular_1_exp_Experiment_1_seed_42,4,0.05655542252396442,connected,mainstream
592,popular_1_exp_Experiment_1_seed_42,4,0.06296327799714369,connected,mainstream
525,popular_1_exp_Experiment_1_seed_42,4,0.06230496761073152,connected,mainstream
99,popular_1_exp_Experiment_1_seed_42,4,0.05803705686771615,connected,mainstream
582,popular_1_exp_Experiment_1_seed_42,4,0.05382914117403587,connected,mainstream
34,popular_1_exp_Experiment_1_seed_42,4,0.024312409165774245,connected,niche
393,popular_1_exp_Experiment_1_seed_42,4,0.06685992165339898,connected,mainstream
194,popular_1_exp_Experiment_1_seed_42,4,0.05407387553873624,connected,mainstream
88,popular_1_exp_Experiment_1_seed_42,4,0.05140277999507542,connected,mainstream
575,popular_1_exp_Experiment_1_seed_42,4,0.07547338116891487,connected,mainstream
46,popular_1_exp_Experiment_1_seed_42,4,0.013802621653561867,connected,niche
531,popular_1_exp_Experiment_1_seed_42,4,0.059901158840477066,connected,mainstream
383,popular_1_exp_Experiment_1_seed_42,4,0.0535429887371958,connected,mainstream
523,popular_1_exp_Experiment_1_seed_42,4,0.05916402087758229,connected,mainstream
127,popular_1_exp_Experiment_1_seed_42,4,0.05434542503050816,connected,mainstream
354,popular_1_exp_Experiment_1_seed_42,4,0.05526046066600198,connected,mainstream
125,popular_1_exp_Experiment_1_seed_42,4,0.054792347821710045,connected,mainstream
8,popular_1_exp_Experiment_1_seed_42,4,0.014229394881297564,connected,niche
402,popular_1_exp_Experiment_1_seed_42,4,0.05581167382421049,connected,mainstream
230,popular_1_exp_Experiment_1_seed_42,4,0.06423722208146317,connected,mainstream
276,popular_1_exp_Experiment_1_seed_42,4,0.05494356773986376,connected,mainstream
535,popular_1_exp_Experiment_1_seed_42,4,0.05253956992921688,connected,mainstream
557,popular_1_exp_Experiment_1_seed_42,4,0.059665626206440496,connected,mainstream
564,popular_1_exp_Experiment_1_seed_42,4,0.05025848412189621,connected,mainstream
534,popular_1_exp_Experiment_1_seed_42,4,0.06559309937840546,connected,mainstream
174,popular_1_exp_Experiment_1_seed_42,4,0.05116167258697796,connected,mainstream
455,popular_1_exp_Experiment_1_seed_42,4,0.05896015687867331,connected,mainstream
586,popular_1_exp_Experiment_1_seed_42,4,0.0566636716948103,connected,mainstream
348,popular_1_exp_Experiment_1_seed_42,4,0.0630577486851716,connected,mainstream
426,popular_1_exp_Experiment_1_seed_42,4,0.05192452411720636,connected,mainstream
162,popular_1_exp_Experiment_1_seed_42,4,0.05418753585323774,connected,mainstream
247,popular_1_exp_Experiment_1_seed_42,4,0.0630597664146697,connected,mainstream
109,popular_1_exp_Experiment_1_seed_42,4,0.054695226927110756,connected,mainstream
156,popular_1_exp_Experiment_1_seed_42,4,0.06433309885740719,connected,mainstream
183,popular_1_exp_Experiment_1_seed_42,4,0.05938144742031765,connected,mainstream
510,popular_1_exp_Experiment_1_seed_42,4,0.055430433007386065,connected,mainstream
465,popular_1_exp_Experiment_1_seed_42,4,0.05285615119508367,connected,mainstream
478,popular_1_exp_Experiment_1_seed_42,4,0.06298612809831709,connected,mainstream
281,popular_1_exp_Experiment_1_seed_42,4,0.055862075205110086,connected,mainstream
61,popular_1_exp_Experiment_1_seed_42,4,0.051006904405417886,connected,mainstream
536,popular_1_exp_Experiment_1_seed_42,4,0.05494919108333184,connected,mainstream
203,popular_1_exp_Experiment_1_seed_42,4,0.0512851395167274,connected,mainstream
551,popular_1_exp_Experiment_1_seed_42,4,0.0585319850891037,connected,mainstream
422,popular_1_exp_Experiment_1_seed_42,4,0.05738522142606115,connected,mainstream
171,popular_1_exp_Experiment_1_seed_42,4,0.0666290506688824,connected,mainstream
324,popular_1_exp_Experiment_1_seed_42,4,0.05153693678448482,connected,mainstream
138,popular_1_exp_Experiment_1_seed_42,4,0.06902623539824926,connected,mainstream
417,popular_1_exp_Experiment_1_seed_42,4,0.054418448658087946,connected,mainstream
117,popular_1_exp_Experiment_1_seed_42,4,0.053899236192537,connected,mainstream
471,popular_1_exp_Experiment_1_seed_42,4,0.061434651196474205,connected,mainstream
420,popular_1_exp_Experiment_1_seed_42,4,0.06597496383840962,connected,mainstream
486,popular_1_exp_Experiment_1_seed_42,4,0.051727973261740695,connected,mainstream
113,popular_1_exp_Experiment_1_seed_42,4,0.05833471227549697,connected,mainstream
549,popular_1_exp_Experiment_1_seed_42,4,0.05210802661508992,connected,mainstream
387,popular_1_exp_Experiment_1_seed_42,4,0.0628525701993745,connected,mainstream
152,popular_1_exp_Experiment_1_seed_42,4,0.052978580344485694,connected,mainstream
306,popular_1_exp_Experiment_1_seed_42,4,0.054041003867983946,connected,mainstream
63,popular_1_exp_Experiment_1_seed_42,4,0.05957495041637955,connected,mainstream
480,popular_1_exp_Experiment_1_seed_42,4,0.05764416629775867,connected,mainstream
329,popular_1_exp_Experiment_1_seed_42,4,0.05502338825283252,connected,mainstream
104,popular_1_exp_Experiment_1_seed_42,4,0.05421899807203901,connected,mainstream
367,popular_1_exp_Experiment_1_seed_42,4,0.05076445696586382,connected,mainstream
85,popular_1_exp_Experiment_1_seed_42,4,0.05224784172854532,connected,mainstream
472,popular_1_exp_Experiment_1_seed_42,4,0.04930240639638069,connected,mainstream
6,popular_1_exp_Experiment_1_seed_42,4,0.016264888339748314,connected,niche
266,popular_1_exp_Experiment_1_seed_42,4,0.05702679717889301,connected,mainstream
147,popular_1_exp_Experiment_1_seed_42,4,0.05149089580685281,connected,mainstream
42,popular_1_exp_Experiment_1_seed_42,4,0.016521161386862743,connected,niche
330,popular_1_exp_Experiment_1_seed_42,4,0.06355544667198239,connected,mainstream
236,popular_1_exp_Experiment_1_seed_42,4,0.04986854206142232,connected,mainstream
208,popular_1_exp_Experiment_1_seed_42,4,0.05222977559739569,connected,mainstream
303,popular_1_exp_Experiment_1_seed_42,4,0.05613557036934902,connected,mainstream
599,popular_1_exp_Experiment_1_seed_42,4,0.05228427894727256,connected,mainstream
259,popular_1_exp_Experiment_1_seed_42,4,0.052003350560126914,connected,mainstream
428,popular_1_exp_Experiment_1_seed_42,4,0.06028177859832103,connected,mainstream
548,popular_1_exp_Experiment_1_seed_42,4,0.059541252462423165,connected,mainstream
502,popular_1_exp_Experiment_1_seed_42,4,0.05630423703108045,connected,mainstream
160,popular_1_exp_Experiment_1_seed_42,4,0.060264307833040154,connected,mainstream
31,popular_1_exp_Experiment_1_seed_42,4,0.02159324149981102,connected,niche
404,popular_1_exp_Experiment_1_seed_42,4,0.056085676514525395,connected,mainstream
386,popular_1_exp_Experiment_1_seed_42,4,0.05640212486217087,connected,mainstream
581,popular_1_exp_Experiment_1_seed_42,4,0.05246138124941659,connected,mainstream
68,popular_1_exp_Experiment_1_seed_42,4,0.05393618352635998,connected,mainstream
427,popular_1_exp_Experiment_1_seed_42,4,0.049345757987521256,connected,mainstream
180,popular_1_exp_Experiment_1_seed_42,4,0.05179070022815857,connected,mainstream
396,popular_1_exp_Experiment_1_seed_42,4,0.05432660486370292,connected,mainstream
571,popular_1_exp_Experiment_1_seed_42,4,0.05182298934815022,connected,mainstream
5,popular_1_exp_Experiment_1_seed_42,4,0.019865229850520708,connected,niche
361,popular_1_exp_Experiment_1_seed_42,4,0.05436596849499494,connected,mainstream
48,popular_1_exp_Experiment_1_seed_42,4,0.016294156152324064,connected,niche
93,popular_1_exp_Experiment_1_seed_42,4,0.049881456137457404,connected,mainstream
133,popular_1_exp_Experiment_1_seed_42,4,0.05145122477153727,connected,mainstream
105,popular_1_exp_Experiment_1_seed_42,4,0.057594270208373786,connected,mainstream
589,popular_1_exp_Experiment_1_seed_42,4,0.053598858951358984,connected,mainstream
9,popular_1_exp_Experiment_1_seed_42,4,0.0328378318667397,connected,niche
456,popular_1_exp_Experiment_1_seed_42,4,0.053440272275118626,connected,mainstream
544,popular_1_exp_Experiment_1_seed_42,4,0.05729431918511622,connected,mainstream
312,popular_1_exp_Experiment_1_seed_42,4,0.06773608382207215,connected,mainstream
430,popular_1_exp_Experiment_1_seed_42,4,0.05228816948785455,connected,mainstream
242,popular_1_exp_Experiment_1_seed_42,4,0.053883402524014086,connected,mainstream
164,popular_1_exp_Experiment_1_seed_42,4,0.05034012382122175,connected,mainstream
482,popular_1_exp_Experiment_1_seed_42,4,0.05981326047254296,connected,mainstream
313,popular_1_exp_Experiment_1_seed_42,4,0.06176537228304696,connected,mainstream
26,popular_1_exp_Experiment_1_seed_42,4,0.022224274818586437,connected,niche
489,popular_1_exp_Experiment_1_seed_42,4,0.06980359066667664,connected,mainstream
409,popular_1_exp_Experiment_1_seed_42,4,0.05890527706531511,connected,mainstream
219,popular_1_exp_Experiment_1_seed_42,4,0.05074708144204244,connected,mainstream
473,popular_1_exp_Experiment_1_seed_42,4,0.053161814661451416,connected,mainstream
1,popular_1_exp_Experiment_1_seed_42,4,0.01295902473996515,connected,niche
425,popular_1_exp_Experiment_1_seed_42,4,0.05310825707490807,connected,mainstream
397,popular_1_exp_Experiment_1_seed_42,4,0.05241984850588696,connected,mainstream
209,popular_1_exp_Experiment_1_seed_42,4,0.052977355670626745,connected,mainstream
118,popular_1_exp_Experiment_1_seed_42,4,0.05461274186605607,connected,mainstream
271,popular_1_exp_Experiment_1_seed_42,4,0.05078452585482552,connected,mainstream
151,popular_1_exp_Experiment_1_seed_42,4,0.05598270757190635,connected,mainstream
355,popular_1_exp_Experiment_1_seed_42,4,0.05170594255911423,connected,mainstream
275,popular_1_exp_Experiment_1_seed_42,4,0.060987756502537814,connected,mainstream
55,popular_1_exp_Experiment_1_seed_42,4,0.029138116420597254,connected,niche
294,popular_1_exp_Experiment_1_seed_42,4,0.054845752130369685,connected,mainstream
562,popular_1_exp_Experiment_1_seed_42,4,0.052217735898174016,connected,mainstream
297,popular_1_exp_Experiment_1_seed_42,4,0.06259613083234712,connected,mainstream
407,popular_1_exp_Experiment_1_seed_42,4,0.05201714827177132,connected,mainstream
44,popular_1_exp_Experiment_1_seed_42,4,0.017770405631552598,connected,niche
300,popular_1_exp_Experiment_1_seed_42,4,0.05097756227681665,connected,mainstream
166,popular_1_exp_Experiment_1_seed_42,4,0.052469201969667874,connected,mainstream
232,popular_1_exp_Experiment_1_seed_42,4,0.0520107250200749,connected,mainstream
110,popular_1_exp_Experiment_1_seed_42,4,0.05867781887378893,connected,mainstream
540,popular_1_exp_Experiment_1_seed_42,4,0.057646827745491985,connected,mainstream
516,popular_1_exp_Experiment_1_seed_42,4,0.05239944711603801,connected,mainstream
448,popular_1_exp_Experiment_1_seed_42,4,0.05708872060121247,connected,mainstream
406,popular_1_exp_Experiment_1_seed_42,4,0.04847277360260694,connected,mainstream
273,popular_1_exp_Experiment_1_seed_42,4,0.0622350321017365,connected,mainstream
416,popular_1_exp_Experiment_1_seed_42,4,0.04942188463197309,connected,mainstream
27,popular_1_exp_Experiment_1_seed_42,4,0.017434107658929554,connected,niche
165,popular_1_exp_Experiment_1_seed_42,4,0.051535647041375705,connected,mainstream
344,popular_1_exp_Experiment_1_seed_42,4,0.05499515095490446,connected,mainstream
227,popular_1_exp_Experiment_1_seed_42,4,0.050718446891125424,connected,mainstream
320,popular_1_exp_Experiment_1_seed_42,4,0.0502689942879306,connected,mainstream
597,popular_1_exp_Experiment_1_seed_42,4,0.051685819768398346,connected,mainstream
252,popular_1_exp_Experiment_1_seed_42,4,0.058824757285608785,connected,mainstream
490,popular_1_exp_Experiment_1_seed_42,4,0.06173458032182313,connected,mainstream
218,popular_1_exp_Experiment_1_seed_42,4,0.06614543953532627,connected,mainstream
90,popular_1_exp_Experiment_1_seed_42,4,0.07624259574960528,connected,mainstream
546,popular_1_exp_Experiment_1_seed_42,4,0.05477298781204972,connected,mainstream
563,popular_1_exp_Experiment_1_seed_42,4,0.05453699184868199,connected,mainstream
231,popular_1_exp_Experiment_1_seed_42,4,0.050173113150222125,connected,mainstream
336,popular_1_exp_Experiment_1_seed_42,4,0.06701433390475747,connected,mainstream
97,popular_1_exp_Experiment_1_seed_42,4,0.049347156353662484,connected,mainstream
388,popular_1_exp_Experiment_1_seed_42,4,0.061966961184998955,connected,mainstream
364,popular_1_exp_Experiment_1_seed_42,4,0.052732607465646814,connected,mainstream
286,popular_1_exp_Experiment_1_seed_42,4,0.06460313790400944,connected,mainstream
131,popular_1_exp_Experiment_1_seed_42,4,0.05192614076858523,connected,mainstream
265,popular_1_exp_Experiment_1_seed_42,4,0.07516242785856235,connected,mainstream
56,popular_1_exp_Experiment_1_seed_42,4,0.02427516845373645,connected,niche
163,popular_1_exp_Experiment_1_seed_42,4,0.05899630823327878,connected,mainstream
145,popular_1_exp_Experiment_1_seed_42,4,0.059511379316644165,connected,mainstream
438,popular_1_exp_Experiment_1_seed_42,4,0.05893584349578387,connected,mainstream
225,popular_1_exp_Experiment_1_seed_42,4,0.050584491920706194,connected,mainstream
370,popular_1_exp_Experiment_1_seed_42,4,0.05558878422399083,connected,mainstream
524,popular_1_exp_Experiment_1_seed_42,4,0.05700489198552394,connected,mainstream
154,popular_1_exp_Experiment_1_seed_42,4,0.06619651809435466,connected,mainstream
315,popular_1_exp_Experiment_1_seed_42,4,0.058949485356788206,connected,mainstream
578,popular_1_exp_Experiment_1_seed_42,4,0.049811110353227196,connected,mainstream
289,popular_1_exp_Experiment_1_seed_42,4,0.059887369754436114,connected,mainstream
476,popular_1_exp_Experiment_1_seed_42,4,0.06758253306229052,connected,mainstream
142,popular_1_exp_Experiment_1_seed_42,4,0.05284522468122061,connected,mainstream
440,popular_1_exp_Experiment_1_seed_42,4,0.05944498141987439,connected,mainstream
413,popular_1_exp_Experiment_1_seed_42,4,0.05932099529546166,connected,mainstream
146,popular_1_exp_Experiment_1_seed_42,4,0.05416316911166808,connected,mainstream
376,popular_1_exp_Experiment_1_seed_42,4,0.0520079433434024,connected,mainstream
3,popular_1_exp_Experiment_1_seed_42,4,0.0197866676859063,connected,niche
148,popular_1_exp_Experiment_1_seed_42,4,0.05279368934859976,connected,mainstream
197,popular_1_exp_Experiment_1_seed_42,4,0.05353927206463157,connected,mainstream
311,popular_1_exp_Experiment_1_seed_42,4,0.05527243086162622,connected,mainstream
365,popular_1_exp_Experiment_1_seed_42,4,0.050538797517339695,connected,mainstream
322,popular_1_exp_Experiment_1_seed_42,4,0.060706784964302096,connected,mainstream
260,popular_1_exp_Experiment_1_seed_42,4,0.06758468688964896,connected,mainstream
262,popular_1_exp_Experiment_1_seed_42,4,0.06500577111148735,connected,mainstream
543,popular_1_exp_Experiment_1_seed_42,4,0.058688160801876645,connected,mainstream
282,popular_1_exp_Experiment_1_seed_42,4,0.05816579133277346,connected,mainstream
213,popular_1_exp_Experiment_1_seed_42,4,0.05732583416561513,connected,mainstream
435,popular_1_exp_Experiment_1_seed_42,4,0.054249920860529655,connected,mainstream
32,popular_1_exp_Experiment_1_seed_42,4,0.016342475226610913,connected,niche
366,popular_1_exp_Experiment_1_seed_42,4,0.06792004074347037,connected,mainstream
76,popular_1_exp_Experiment_1_seed_42,4,0.05906531878598403,connected,mainstream
233,popular_1_exp_Experiment_1_seed_42,4,0.05663262826180274,connected,mainstream
177,popular_1_exp_Experiment_1_seed_42,4,0.05760535947848455,connected,mainstream
449,popular_1_exp_Experiment_1_seed_42,4,0.060880114918677085,connected,mainstream
307,popular_1_exp_Experiment_1_seed_42,4,0.056324487614577375,connected,mainstream
468,popular_1_exp_Experiment_1_seed_42,4,0.05553844769567178,connected,mainstream
199,popular_1_exp_Experiment_1_seed_42,4,0.053921944394892264,connected,mainstream
168,popular_1_exp_Experiment_1_seed_42,4,0.05209454674170422,connected,mainstream
593,popular_1_exp_Experiment_1_seed_42,4,0.06991959859574033,connected,mainstream
175,popular_1_exp_Experiment_1_seed_42,4,0.0572802178697335,connected,mainstream
349,popular_1_exp_Experiment_1_seed_42,4,0.06654561441453195,connected,mainstream
554,popular_1_exp_Experiment_1_seed_42,4,0.05803645331818915,connected,mainstream
572,popular_1_exp_Experiment_1_seed_42,4,0.05257622205383381,connected,mainstream
304,popular_1_exp_Experiment_1_seed_42,4,0.05056420981179243,connected,mainstream
513,popular_1_exp_Experiment_1_seed_42,4,0.056776955041740323,connected,mainstream
102,popular_1_exp_Experiment_1_seed_42,4,0.05577707598068939,connected,mainstream
206,popular_1_exp_Experiment_1_seed_42,4,0.05162823148577278,connected,mainstream
100,popular_1_exp_Experiment_1_seed_42,4,0.048942348191191205,connected,mainstream
69,popular_1_exp_Experiment_1_seed_42,4,0.06218286176042151,connected,mainstream
517,popular_1_exp_Experiment_1_seed_42,4,0.07073578225431311,connected,mainstream
475,popular_1_exp_Experiment_1_seed_42,4,0.05222020881543556,connected,mainstream
91,popular_1_exp_Experiment_1_seed_42,4,0.05402171230279649,connected,mainstream
216,popular_1_exp_Experiment_1_seed_42,4,0.048102889489417024,connected,mainstream
143,popular_1_exp_Experiment_1_seed_42,4,0.04720361435455168,connected,mainstream
36,popular_1_exp_Experiment_1_seed_42,4,0.016120451762748674,connected,niche
504,popular_1_exp_Experiment_1_seed_42,4,0.05266953116756939,connected,mainstream
411,popular_1_exp_Experiment_1_seed_42,4,0.06102205059481525,connected,mainstream
368,popular_1_exp_Experiment_1_seed_42,4,0.05316212702626399,connected,mainstream
424,popular_1_exp_Experiment_1_seed_42,5,0.05454508767493463,connected,mainstream
39,popular_1_exp_Experiment_1_seed_42,5,0.036462178831339266,connected,niche
245,popular_1_exp_Experiment_1_seed_42,5,0.05627171789759558,connected,mainstream
228,popular_1_exp_Experiment_1_seed_42,5,0.05199690204584511,connected,mainstream
412,popular_1_exp_Experiment_1_seed_42,5,0.0492541561279217,connected,mainstream
450,popular_1_exp_Experiment_1_seed_42,5,0.04949795317582778,connected,mainstream
136,popular_1_exp_Experiment_1_seed_42,5,0.05729583082905624,connected,mainstream
437,popular_1_exp_Experiment_1_seed_42,5,0.0632175050024723,connected,mainstream
12,popular_1_exp_Experiment_1_seed_42,5,0.014704838833177962,connected,niche
173,popular_1_exp_Experiment_1_seed_42,5,0.0554018646825683,connected,mainstream
84,popular_1_exp_Experiment_1_seed_42,5,0.06331160200891799,connected,mainstream
33,popular_1_exp_Experiment_1_seed_42,5,0.0155268622779001,connected,niche
532,popular_1_exp_Experiment_1_seed_42,5,0.06608837595056534,connected,mainstream
246,popular_1_exp_Experiment_1_seed_42,5,0.05441128804167244,connected,mainstream
4,popular_1_exp_Experiment_1_seed_42,5,0.017091767098266,connected,niche
491,popular_1_exp_Experiment_1_seed_42,5,0.04843034171263222,connected,mainstream
477,popular_1_exp_Experiment_1_seed_42,5,0.05253992587622347,connected,mainstream
371,popular_1_exp_Experiment_1_seed_42,5,0.05425832057833927,connected,mainstream
590,popular_1_exp_Experiment_1_seed_42,5,0.05146043793617894,connected,mainstream
277,popular_1_exp_Experiment_1_seed_42,5,0.04981946189143638,connected,mainstream
254,popular_1_exp_Experiment_1_seed_42,5,0.049926283871750604,connected,mainstream
57,popular_1_exp_Experiment_1_seed_42,5,0.027036367967874717,connected,niche
74,popular_1_exp_Experiment_1_seed_42,5,0.05806057093963842,connected,mainstream
217,popular_1_exp_Experiment_1_seed_42,5,0.06340963462078604,connected,mainstream
192,popular_1_exp_Experiment_1_seed_42,5,0.06429371829374829,connected,mainstream
13,popular_1_exp_Experiment_1_seed_42,5,0.030990191363498103,connected,niche
560,popular_1_exp_Experiment_1_seed_42,5,0.05623816941474905,connected,mainstream
120,popular_1_exp_Experiment_1_seed_42,5,0.058601417789416736,connected,mainstream
415,popular_1_exp_Experiment_1_seed_42,5,0.06336461322204372,connected,mainstream
235,popular_1_exp_Experiment_1_seed_42,5,0.05504902805209113,connected,mainstream
555,popular_1_exp_Experiment_1_seed_42,5,0.06449265929237023,connected,mainstream
408,popular_1_exp_Experiment_1_seed_42,5,0.04858467197497136,connected,mainstream
500,popular_1_exp_Experiment_1_seed_42,5,0.05725552319345914,connected,mainstream
385,popular_1_exp_Experiment_1_seed_42,5,0.06724566415451307,connected,mainstream
221,popular_1_exp_Experiment_1_seed_42,5,0.05386694236086973,connected,mainstream
128,popular_1_exp_Experiment_1_seed_42,5,0.05452895933849144,connected,mainstream
223,popular_1_exp_Experiment_1_seed_42,5,0.0634530229453059,connected,mainstream
377,popular_1_exp_Experiment_1_seed_42,5,0.05792037683738297,connected,mainstream
179,popular_1_exp_Experiment_1_seed_42,5,0.05546630070259017,connected,mainstream
374,popular_1_exp_Experiment_1_seed_42,5,0.054491280770065154,connected,mainstream
205,popular_1_exp_Experiment_1_seed_42,5,0.08003048662500704,connected,mainstream
521,popular_1_exp_Experiment_1_seed_42,5,0.07920025116414704,connected,mainstream
291,popular_1_exp_Experiment_1_seed_42,5,0.058105914618266065,connected,mainstream
150,popular_1_exp_Experiment_1_seed_42,5,0.06579931529964836,connected,mainstream
7,popular_1_exp_Experiment_1_seed_42,5,0.022119738130767615,connected,niche
284,popular_1_exp_Experiment_1_seed_42,5,0.07324309403122425,connected,mainstream
588,popular_1_exp_Experiment_1_seed_42,5,0.05535424787178952,connected,mainstream
144,popular_1_exp_Experiment_1_seed_42,5,0.05392455834327517,connected,mainstream
399,popular_1_exp_Experiment_1_seed_42,5,0.061608370619423404,connected,mainstream
287,popular_1_exp_Experiment_1_seed_42,5,0.06589805152088289,connected,mainstream
403,popular_1_exp_Experiment_1_seed_42,5,0.05183459424477075,connected,mainstream
30,popular_1_exp_Experiment_1_seed_42,5,0.015308123112056234,connected,niche
178,popular_1_exp_Experiment_1_seed_42,5,0.06059900860244294,connected,mainstream
258,popular_1_exp_Experiment_1_seed_42,5,0.051217814363828586,connected,mainstream
101,popular_1_exp_Experiment_1_seed_42,5,0.060473542428074255,connected,mainstream
561,popular_1_exp_Experiment_1_seed_42,5,0.04766260694884539,connected,mainstream
202,popular_1_exp_Experiment_1_seed_42,5,0.05455584333420251,connected,mainstream
279,popular_1_exp_Experiment_1_seed_42,5,0.052000904096679436,connected,mainstream
79,popular_1_exp_Experiment_1_seed_42,5,0.05633312120623605,connected,mainstream
290,popular_1_exp_Experiment_1_seed_42,5,0.05780098848069745,connected,mainstream
318,popular_1_exp_Experiment_1_seed_42,5,0.050454998300327174,connected,mainstream
342,popular_1_exp_Experiment_1_seed_42,5,0.061136421422237686,connected,mainstream
244,popular_1_exp_Experiment_1_seed_42,5,0.0587585428240806,connected,mainstream
186,popular_1_exp_Experiment_1_seed_42,5,0.05876448429695938,connected,mainstream
579,popular_1_exp_Experiment_1_seed_42,5,0.052900593790348054,connected,mainstream
533,popular_1_exp_Experiment_1_seed_42,5,0.08862518331119555,connected,mainstream
198,popular_1_exp_Experiment_1_seed_42,5,0.0559739973958625,connected,mainstream
23,popular_1_exp_Experiment_1_seed_42,5,0.019353276121922103,connected,niche
375,popular_1_exp_Experiment_1_seed_42,5,0.05369741591713287,connected,mainstream
527,popular_1_exp_Experiment_1_seed_42,5,0.056606019181986766,connected,mainstream
161,popular_1_exp_Experiment_1_seed_42,5,0.06038593051347143,connected,mainstream
248,popular_1_exp_Experiment_1_seed_42,5,0.052086637654279656,connected,mainstream
54,popular_1_exp_Experiment_1_seed_42,5,0.018694818671110638,connected,niche
439,popular_1_exp_Experiment_1_seed_42,5,0.05715138096811185,connected,mainstream
47,popular_1_exp_Experiment_1_seed_42,5,0.016471420760954196,connected,niche
410,popular_1_exp_Experiment_1_seed_42,5,0.05811932817887542,connected,mainstream
392,popular_1_exp_Experiment_1_seed_42,5,0.05602386974152077,connected,mainstream
135,popular_1_exp_Experiment_1_seed_42,5,0.06218451819819825,connected,mainstream
363,popular_1_exp_Experiment_1_seed_42,5,0.05432443524050845,connected,mainstream
137,popular_1_exp_Experiment_1_seed_42,5,0.055791009906174194,connected,mainstream
210,popular_1_exp_Experiment_1_seed_42,5,0.06304792751612535,connected,mainstream
466,popular_1_exp_Experiment_1_seed_42,5,0.05920839925200689,connected,mainstream
434,popular_1_exp_Experiment_1_seed_42,5,0.06572698103247587,connected,mainstream
126,popular_1_exp_Experiment_1_seed_42,5,0.051308118346888344,connected,mainstream
115,popular_1_exp_Experiment_1_seed_42,5,0.05584082685092198,connected,mainstream
172,popular_1_exp_Experiment_1_seed_42,5,0.05258572876994619,connected,mainstream
77,popular_1_exp_Experiment_1_seed_42,5,0.052104686252865795,connected,mainstream
78,popular_1_exp_Experiment_1_seed_42,5,0.05905031039138301,connected,mainstream
484,popular_1_exp_Experiment_1_seed_42,5,0.0595858742028482,connected,mainstream
141,popular_1_exp_Experiment_1_seed_42,5,0.06239680334595949,connected,mainstream
395,popular_1_exp_Experiment_1_seed_42,5,0.06205506477425266,connected,mainstream
528,popular_1_exp_Experiment_1_seed_42,5,0.06800715596089071,connected,mainstream
130,popular_1_exp_Experiment_1_seed_42,5,0.052478057599640505,connected,mainstream
352,popular_1_exp_Experiment_1_seed_42,5,0.05785060840143089,connected,mainstream
170,popular_1_exp_Experiment_1_seed_42,5,0.05492856748738811,connected,mainstream
37,popular_1_exp_Experiment_1_seed_42,5,0.014151848388398119,connected,niche
401,popular_1_exp_Experiment_1_seed_42,5,0.05082360092303998,connected,mainstream
499,popular_1_exp_Experiment_1_seed_42,5,0.05564989966427309,connected,mainstream
24,popular_1_exp_Experiment_1_seed_42,5,0.01435737462140683,connected,niche
459,popular_1_exp_Experiment_1_seed_42,5,0.056933579549120546,connected,mainstream
538,popular_1_exp_Experiment_1_seed_42,5,0.05220801616643531,connected,mainstream
301,popular_1_exp_Experiment_1_seed_42,5,0.05319164623496613,connected,mainstream
378,popular_1_exp_Experiment_1_seed_42,5,0.06821590815046398,connected,mainstream
550,popular_1_exp_Experiment_1_seed_42,5,0.0648540327756984,connected,mainstream
249,popular_1_exp_Experiment_1_seed_42,5,0.0537113906590952,connected,mainstream
405,popular_1_exp_Experiment_1_seed_42,5,0.06099830276228666,connected,mainstream
325,popular_1_exp_Experiment_1_seed_42,5,0.06895014402527615,connected,mainstream
470,popular_1_exp_Experiment_1_seed_42,5,0.05102185622561347,connected,mainstream
140,popular_1_exp_Experiment_1_seed_42,5,0.059529307173599,connected,mainstream
492,popular_1_exp_Experiment_1_seed_42,5,0.07245037635579943,connected,mainstream
89,popular_1_exp_Experiment_1_seed_42,5,0.05475626358768774,connected,mainstream
451,popular_1_exp_Experiment_1_seed_42,5,0.0637361662238143,connected,mainstream
565,popular_1_exp_Experiment_1_seed_42,5,0.05127434893090472,connected,mainstream
169,popular_1_exp_Experiment_1_seed_42,5,0.056756905164706606,connected,mainstream
497,popular_1_exp_Experiment_1_seed_42,5,0.05980617431118551,connected,mainstream
573,popular_1_exp_Experiment_1_seed_42,5,0.06035559709648767,connected,mainstream
327,popular_1_exp_Experiment_1_seed_42,5,0.048889657127411106,connected,mainstream
556,popular_1_exp_Experiment_1_seed_42,5,0.05193844578209016,connected,mainstream
107,popular_1_exp_Experiment_1_seed_42,5,0.05287243501052954,connected,mainstream
53,popular_1_exp_Experiment_1_seed_42,5,0.020768411630852034,connected,niche
394,popular_1_exp_Experiment_1_seed_42,5,0.050979654142844694,connected,mainstream
215,popular_1_exp_Experiment_1_seed_42,5,0.06627301367988835,connected,mainstream
112,popular_1_exp_Experiment_1_seed_42,5,0.06039069170180133,connected,mainstream
328,popular_1_exp_Experiment_1_seed_42,5,0.0664887451620212,connected,mainstream
87,popular_1_exp_Experiment_1_seed_42,5,0.056926004858088075,connected,mainstream
119,popular_1_exp_Experiment_1_seed_42,5,0.07658888006785154,connected,mainstream
185,popular_1_exp_Experiment_1_seed_42,5,0.06737569833388227,connected,mainstream
269,popular_1_exp_Experiment_1_seed_42,5,0.05652326376497718,connected,mainstream
457,popular_1_exp_Experiment_1_seed_42,5,0.067493223779753,connected,mainstream
302,popular_1_exp_Experiment_1_seed_42,5,0.05214339318340074,connected,mainstream
18,popular_1_exp_Experiment_1_seed_42,5,0.014683486349056593,connected,niche
261,popular_1_exp_Experiment_1_seed_42,5,0.05241871783922406,connected,mainstream
134,popular_1_exp_Experiment_1_seed_42,5,0.06796797595313729,connected,mainstream
237,popular_1_exp_Experiment_1_seed_42,5,0.08286634435907184,connected,mainstream
229,popular_1_exp_Experiment_1_seed_42,5,0.06594153321798962,connected,mainstream
184,popular_1_exp_Experiment_1_seed_42,5,0.057513573311609285,connected,mainstream
45,popular_1_exp_Experiment_1_seed_42,5,0.03339455474839543,connected,niche
82,popular_1_exp_Experiment_1_seed_42,5,0.07154932293054383,connected,mainstream
444,popular_1_exp_Experiment_1_seed_42,5,0.051508906468773735,connected,mainstream
189,popular_1_exp_Experiment_1_seed_42,5,0.04763503447131557,connected,mainstream
461,popular_1_exp_Experiment_1_seed_42,5,0.05462045004554456,connected,mainstream
506,popular_1_exp_Experiment_1_seed_42,5,0.058835069090067804,connected,mainstream
121,popular_1_exp_Experiment_1_seed_42,5,0.06404544734759024,connected,mainstream
379,popular_1_exp_Experiment_1_seed_42,5,0.05381213574828775,connected,mainstream
423,popular_1_exp_Experiment_1_seed_42,5,0.051358554546576535,connected,mainstream
20,popular_1_exp_Experiment_1_seed_42,5,0.021276106426620898,connected,niche
583,popular_1_exp_Experiment_1_seed_42,5,0.05391209041894738,connected,mainstream
539,popular_1_exp_Experiment_1_seed_42,5,0.06080929775082078,connected,mainstream
585,popular_1_exp_Experiment_1_seed_42,5,0.054495985874552254,connected,mainstream
158,popular_1_exp_Experiment_1_seed_42,5,0.05443791166202858,connected,mainstream
285,popular_1_exp_Experiment_1_seed_42,5,0.05665432381975128,connected,mainstream
323,popular_1_exp_Experiment_1_seed_42,5,0.05162784927041649,connected,mainstream
15,popular_1_exp_Experiment_1_seed_42,5,0.016485407074577636,connected,niche
591,popular_1_exp_Experiment_1_seed_42,5,0.0723337510427877,connected,mainstream
485,popular_1_exp_Experiment_1_seed_42,5,0.06030991334288869,connected,mainstream
182,popular_1_exp_Experiment_1_seed_42,5,0.06896208312321732,connected,mainstream
52,popular_1_exp_Experiment_1_seed_42,5,0.02213614335006765,connected,niche
351,popular_1_exp_Experiment_1_seed_42,5,0.05466272315287694,connected,mainstream
494,popular_1_exp_Experiment_1_seed_42,5,0.06427526086975337,connected,mainstream
319,popular_1_exp_Experiment_1_seed_42,5,0.05240714578199651,connected,mainstream
537,popular_1_exp_Experiment_1_seed_42,5,0.05116656723411537,connected,mainstream
545,popular_1_exp_Experiment_1_seed_42,5,0.057271663296403874,connected,mainstream
483,popular_1_exp_Experiment_1_seed_42,5,0.051459541344275696,connected,mainstream
195,popular_1_exp_Experiment_1_seed_42,5,0.06768370932780893,connected,mainstream
356,popular_1_exp_Experiment_1_seed_42,5,0.053022983199061076,connected,mainstream
310,popular_1_exp_Experiment_1_seed_42,5,0.06951801061346839,connected,mainstream
380,popular_1_exp_Experiment_1_seed_42,5,0.06421849667332145,connected,mainstream
139,popular_1_exp_Experiment_1_seed_42,5,0.058986000937356196,connected,mainstream
157,popular_1_exp_Experiment_1_seed_42,5,0.05913702455651032,connected,mainstream
441,popular_1_exp_Experiment_1_seed_42,5,0.06683771796113283,connected,mainstream
570,popular_1_exp_Experiment_1_seed_42,5,0.05407124715472289,connected,mainstream
391,popular_1_exp_Experiment_1_seed_42,5,0.059098002685506495,connected,mainstream
212,popular_1_exp_Experiment_1_seed_42,5,0.06185660388599264,connected,mainstream
167,popular_1_exp_Experiment_1_seed_42,5,0.05691338981292047,connected,mainstream
598,popular_1_exp_Experiment_1_seed_42,5,0.0594742684653183,connected,mainstream
458,popular_1_exp_Experiment_1_seed_42,5,0.05508194721364377,connected,mainstream
196,popular_1_exp_Experiment_1_seed_42,5,0.05936635964346071,connected,mainstream
314,popular_1_exp_Experiment_1_seed_42,5,0.05967073568500511,connected,mainstream
14,popular_1_exp_Experiment_1_seed_42,5,0.016676630191791705,connected,niche
436,popular_1_exp_Experiment_1_seed_42,5,0.058834820095954456,connected,mainstream
250,popular_1_exp_Experiment_1_seed_42,5,0.06954298084445756,connected,mainstream
340,popular_1_exp_Experiment_1_seed_42,5,0.07095241266941284,connected,mainstream
418,popular_1_exp_Experiment_1_seed_42,5,0.061429824413620625,connected,mainstream
339,popular_1_exp_Experiment_1_seed_42,5,0.06672204897007489,connected,mainstream
576,popular_1_exp_Experiment_1_seed_42,5,0.05133328807302551,connected,mainstream
447,popular_1_exp_Experiment_1_seed_42,5,0.06527488251945728,connected,mainstream
493,popular_1_exp_Experiment_1_seed_42,5,0.05396235753946135,connected,mainstream
507,popular_1_exp_Experiment_1_seed_42,5,0.052599631358043554,connected,mainstream
433,popular_1_exp_Experiment_1_seed_42,5,0.05192257504724904,connected,mainstream
400,popular_1_exp_Experiment_1_seed_42,5,0.05404672204440151,connected,mainstream
95,popular_1_exp_Experiment_1_seed_42,5,0.06785450547143956,connected,mainstream
343,popular_1_exp_Experiment_1_seed_42,5,0.06125238368516506,connected,mainstream
487,popular_1_exp_Experiment_1_seed_42,5,0.07978113952148941,connected,mainstream
419,popular_1_exp_Experiment_1_seed_42,5,0.05923071941134787,connected,mainstream
331,popular_1_exp_Experiment_1_seed_42,5,0.05387042913310818,connected,mainstream
577,popular_1_exp_Experiment_1_seed_42,5,0.05101185462431094,connected,mainstream
67,popular_1_exp_Experiment_1_seed_42,5,0.0530553609953554,connected,mainstream
398,popular_1_exp_Experiment_1_seed_42,5,0.05763729683939301,connected,mainstream
542,popular_1_exp_Experiment_1_seed_42,5,0.0556820120963683,connected,mainstream
207,popular_1_exp_Experiment_1_seed_42,5,0.05710116039258522,connected,mainstream
522,popular_1_exp_Experiment_1_seed_42,5,0.050916637546774106,connected,mainstream
65,popular_1_exp_Experiment_1_seed_42,5,0.05408036921836684,connected,mainstream
326,popular_1_exp_Experiment_1_seed_42,5,0.06381334673315002,connected,mainstream
446,popular_1_exp_Experiment_1_seed_42,5,0.052616964753334994,connected,mainstream
595,popular_1_exp_Experiment_1_seed_42,5,0.0592481129619169,connected,mainstream
58,popular_1_exp_Experiment_1_seed_42,5,0.023894718685583603,connected,niche
305,popular_1_exp_Experiment_1_seed_42,5,0.06966274914327457,connected,mainstream
200,popular_1_exp_Experiment_1_seed_42,5,0.05385581546562255,connected,mainstream
92,popular_1_exp_Experiment_1_seed_42,5,0.05938163414802422,connected,mainstream
432,popular_1_exp_Experiment_1_seed_42,5,0.08681189267805652,connected,mainstream
268,popular_1_exp_Experiment_1_seed_42,5,0.05978390802854077,connected,mainstream
372,popular_1_exp_Experiment_1_seed_42,5,0.050825360280970205,connected,mainstream
0,popular_1_exp_Experiment_1_seed_42,5,0.017254532302068776,connected,niche
257,popular_1_exp_Experiment_1_seed_42,5,0.05673880123887598,connected,mainstream
94,popular_1_exp_Experiment_1_seed_42,5,0.054156223279818415,connected,mainstream
558,popular_1_exp_Experiment_1_seed_42,5,0.05116399586575851,connected,mainstream
122,popular_1_exp_Experiment_1_seed_42,5,0.06278229695307348,connected,mainstream
16,popular_1_exp_Experiment_1_seed_42,5,0.028653808842760784,connected,niche
467,popular_1_exp_Experiment_1_seed_42,5,0.0570115934931398,connected,mainstream
421,popular_1_exp_Experiment_1_seed_42,5,0.058530122064103705,connected,mainstream
270,popular_1_exp_Experiment_1_seed_42,5,0.05665594098097007,connected,mainstream
321,popular_1_exp_Experiment_1_seed_42,5,0.0527970732730208,connected,mainstream
584,popular_1_exp_Experiment_1_seed_42,5,0.05537423455201954,connected,mainstream
567,popular_1_exp_Experiment_1_seed_42,5,0.056569779856285925,connected,mainstream
481,popular_1_exp_Experiment_1_seed_42,5,0.05756931284142061,connected,mainstream
479,popular_1_exp_Experiment_1_seed_42,5,0.05800309524709555,connected,mainstream
241,popular_1_exp_Experiment_1_seed_42,5,0.052890218053282034,connected,mainstream
114,popular_1_exp_Experiment_1_seed_42,5,0.05427733323868106,connected,mainstream
346,popular_1_exp_Experiment_1_seed_42,5,0.05978436758769854,connected,mainstream
116,popular_1_exp_Experiment_1_seed_42,5,0.05639265321764175,connected,mainstream
81,popular_1_exp_Experiment_1_seed_42,5,0.07079107540527733,connected,mainstream
188,popular_1_exp_Experiment_1_seed_42,5,0.05225204554967248,connected,mainstream
256,popular_1_exp_Experiment_1_seed_42,5,0.06274639471373146,connected,mainstream
512,popular_1_exp_Experiment_1_seed_42,5,0.0617209447827595,connected,mainstream
187,popular_1_exp_Experiment_1_seed_42,5,0.05897706222524157,connected,mainstream
299,popular_1_exp_Experiment_1_seed_42,5,0.06561890342208757,connected,mainstream
501,popular_1_exp_Experiment_1_seed_42,5,0.05471175164142055,connected,mainstream
566,popular_1_exp_Experiment_1_seed_42,5,0.05846002087081805,connected,mainstream
453,popular_1_exp_Experiment_1_seed_42,5,0.05283594443616522,connected,mainstream
496,popular_1_exp_Experiment_1_seed_42,5,0.054128623686720785,connected,mainstream
240,popular_1_exp_Experiment_1_seed_42,5,0.062392724135562426,connected,mainstream
498,popular_1_exp_Experiment_1_seed_42,5,0.056261783385668375,connected,mainstream
414,popular_1_exp_Experiment_1_seed_42,5,0.05803286860854379,connected,mainstream
251,popular_1_exp_Experiment_1_seed_42,5,0.05207406205515187,connected,mainstream
29,popular_1_exp_Experiment_1_seed_42,5,0.020701991726543575,connected,niche
442,popular_1_exp_Experiment_1_seed_42,5,0.08208613932667584,connected,mainstream
594,popular_1_exp_Experiment_1_seed_42,5,0.06017227587773769,connected,mainstream
520,popular_1_exp_Experiment_1_seed_42,5,0.0636583885331351,connected,mainstream
296,popular_1_exp_Experiment_1_seed_42,5,0.051811019476625246,connected,mainstream
41,popular_1_exp_Experiment_1_seed_42,5,0.023894670889928304,connected,niche
334,popular_1_exp_Experiment_1_seed_42,5,0.059938287914804204,connected,mainstream
49,popular_1_exp_Experiment_1_seed_42,5,0.016361815170254812,connected,niche
28,popular_1_exp_Experiment_1_seed_42,5,0.020965983194978267,connected,niche
96,popular_1_exp_Experiment_1_seed_42,5,0.05421212446884588,connected,mainstream
541,popular_1_exp_Experiment_1_seed_42,5,0.061981229702378286,connected,mainstream
153,popular_1_exp_Experiment_1_seed_42,5,0.06287692524495359,connected,mainstream
263,popular_1_exp_Experiment_1_seed_42,5,0.06303186615663146,connected,mainstream
464,popular_1_exp_Experiment_1_seed_42,5,0.05945302449797409,connected,mainstream
283,popular_1_exp_Experiment_1_seed_42,5,0.05186545601337197,connected,mainstream
75,popular_1_exp_Experiment_1_seed_42,5,0.05366364285529431,connected,mainstream
70,popular_1_exp_Experiment_1_seed_42,5,0.07114872011515762,connected,mainstream
596,popular_1_exp_Experiment_1_seed_42,5,0.05217582288518544,connected,mainstream
50,popular_1_exp_Experiment_1_seed_42,5,0.02089781508131425,connected,niche
72,popular_1_exp_Experiment_1_seed_42,5,0.05570000712563102,connected,mainstream
429,popular_1_exp_Experiment_1_seed_42,5,0.054782415857079964,connected,mainstream
569,popular_1_exp_Experiment_1_seed_42,5,0.052741331149039034,connected,mainstream
190,popular_1_exp_Experiment_1_seed_42,5,0.05409899175481855,connected,mainstream
337,popular_1_exp_Experiment_1_seed_42,5,0.05500022880517591,connected,mainstream
10,popular_1_exp_Experiment_1_seed_42,5,0.02539189724879852,connected,niche
463,popular_1_exp_Experiment_1_seed_42,5,0.05569207127870033,connected,mainstream
384,popular_1_exp_Experiment_1_seed_42,5,0.06805859607207275,connected,mainstream
66,popular_1_exp_Experiment_1_seed_42,5,0.06439426811099916,connected,mainstream
519,popular_1_exp_Experiment_1_seed_42,5,0.049101246431104945,connected,mainstream
515,popular_1_exp_Experiment_1_seed_42,5,0.04904248249754719,connected,mainstream
509,popular_1_exp_Experiment_1_seed_42,5,0.06436746088298996,connected,mainstream
129,popular_1_exp_Experiment_1_seed_42,5,0.06543613939855167,connected,mainstream
224,popular_1_exp_Experiment_1_seed_42,5,0.05833515130413733,connected,mainstream
123,popular_1_exp_Experiment_1_seed_42,5,0.06046098164705729,connected,mainstream
568,popular_1_exp_Experiment_1_seed_42,5,0.05855787277493635,connected,mainstream
71,popular_1_exp_Experiment_1_seed_42,5,0.0557129985895353,connected,mainstream
255,popular_1_exp_Experiment_1_seed_42,5,0.05270190429734003,connected,mainstream
288,popular_1_exp_Experiment_1_seed_42,5,0.07070349101798919,connected,mainstream
511,popular_1_exp_Experiment_1_seed_42,5,0.052016556538036114,connected,mainstream
474,popular_1_exp_Experiment_1_seed_42,5,0.052469355919861425,connected,mainstream
64,popular_1_exp_Experiment_1_seed_42,5,0.0632735762043808,connected,mainstream
214,popular_1_exp_Experiment_1_seed_42,5,0.05136605252234505,connected,mainstream
108,popular_1_exp_Experiment_1_seed_42,5,0.052186533291592015,connected,mainstream
443,popular_1_exp_Experiment_1_seed_42,5,0.06407815172932986,connected,mainstream
267,popular_1_exp_Experiment_1_seed_42,5,0.0528287137374576,connected,mainstream
335,popular_1_exp_Experiment_1_seed_42,5,0.05492536176689594,connected,mainstream
552,popular_1_exp_Experiment_1_seed_42,5,0.05413008779653836,connected,mainstream
132,popular_1_exp_Experiment_1_seed_42,5,0.06800932767857824,connected,mainstream
264,popular_1_exp_Experiment_1_seed_42,5,0.05258389354908808,connected,mainstream
295,popular_1_exp_Experiment_1_seed_42,5,0.05827847628279086,connected,mainstream
341,popular_1_exp_Experiment_1_seed_42,5,0.05414970925576348,connected,mainstream
149,popular_1_exp_Experiment_1_seed_42,5,0.05575929506084449,connected,mainstream
111,popular_1_exp_Experiment_1_seed_42,5,0.046458238768861855,connected,mainstream
222,popular_1_exp_Experiment_1_seed_42,5,0.06299372845715605,connected,mainstream
360,popular_1_exp_Experiment_1_seed_42,5,0.057214621533927916,connected,mainstream
309,popular_1_exp_Experiment_1_seed_42,5,0.05134180305053513,connected,mainstream
278,popular_1_exp_Experiment_1_seed_42,5,0.05115635415787082,connected,mainstream
19,popular_1_exp_Experiment_1_seed_42,5,0.01322192324643757,connected,niche
338,popular_1_exp_Experiment_1_seed_42,5,0.051479865092702894,connected,mainstream
332,popular_1_exp_Experiment_1_seed_42,5,0.05343483712585109,connected,mainstream
243,popular_1_exp_Experiment_1_seed_42,5,0.05722912873691139,connected,mainstream
345,popular_1_exp_Experiment_1_seed_42,5,0.051213793760316616,connected,mainstream
83,popular_1_exp_Experiment_1_seed_42,5,0.05801076710602593,connected,mainstream
220,popular_1_exp_Experiment_1_seed_42,5,0.05227556317187144,connected,mainstream
514,popular_1_exp_Experiment_1_seed_42,5,0.054698669228764485,connected,mainstream
211,popular_1_exp_Experiment_1_seed_42,5,0.056426571260174925,connected,mainstream
226,popular_1_exp_Experiment_1_seed_42,5,0.06206452017377059,connected,mainstream
38,popular_1_exp_Experiment_1_seed_42,5,0.014375181121012805,connected,niche
495,popular_1_exp_Experiment_1_seed_42,5,0.05416795620451486,connected,mainstream
547,popular_1_exp_Experiment_1_seed_42,5,0.05175986017421603,connected,mainstream
488,popular_1_exp_Experiment_1_seed_42,5,0.06370620248129216,connected,mainstream
357,popular_1_exp_Experiment_1_seed_42,5,0.05525958248040355,connected,mainstream
518,popular_1_exp_Experiment_1_seed_42,5,0.073714363156143,connected,mainstream
505,popular_1_exp_Experiment_1_seed_42,5,0.06112384702495577,connected,mainstream
308,popular_1_exp_Experiment_1_seed_42,5,0.055888322440167414,connected,mainstream
253,popular_1_exp_Experiment_1_seed_42,5,0.05322460362386775,connected,mainstream
553,popular_1_exp_Experiment_1_seed_42,5,0.06842622991009366,connected,mainstream
526,popular_1_exp_Experiment_1_seed_42,5,0.049904608899206525,connected,mainstream
60,popular_1_exp_Experiment_1_seed_42,5,0.05326759082997101,connected,mainstream
452,popular_1_exp_Experiment_1_seed_42,5,0.0537552004687333,connected,mainstream
25,popular_1_exp_Experiment_1_seed_42,5,0.018491165354290937,connected,niche
431,popular_1_exp_Experiment_1_seed_42,5,0.05841392611562404,connected,mainstream
503,popular_1_exp_Experiment_1_seed_42,5,0.07118192430647842,connected,mainstream
43,popular_1_exp_Experiment_1_seed_42,5,0.022412919396632747,connected,niche
559,popular_1_exp_Experiment_1_seed_42,5,0.05192288214608382,connected,mainstream
316,popular_1_exp_Experiment_1_seed_42,5,0.05977250920469595,connected,mainstream
529,popular_1_exp_Experiment_1_seed_42,5,0.05864415607024969,connected,mainstream
239,popular_1_exp_Experiment_1_seed_42,5,0.05742397619074432,connected,mainstream
580,popular_1_exp_Experiment_1_seed_42,5,0.07393359559698966,connected,mainstream
21,popular_1_exp_Experiment_1_seed_42,5,0.014620165684563218,connected,niche
359,popular_1_exp_Experiment_1_seed_42,5,0.0574259060530189,connected,mainstream
454,popular_1_exp_Experiment_1_seed_42,5,0.06916016177259719,connected,mainstream
347,popular_1_exp_Experiment_1_seed_42,5,0.07361660133647718,connected,mainstream
530,popular_1_exp_Experiment_1_seed_42,5,0.06368137581693466,connected,mainstream
80,popular_1_exp_Experiment_1_seed_42,5,0.052133770280494755,connected,mainstream
103,popular_1_exp_Experiment_1_seed_42,5,0.06764119009716234,connected,mainstream
201,popular_1_exp_Experiment_1_seed_42,5,0.048714712415330645,connected,mainstream
389,popular_1_exp_Experiment_1_seed_42,5,0.054505431363971145,connected,mainstream
381,popular_1_exp_Experiment_1_seed_42,5,0.05897290296615021,connected,mainstream
353,popular_1_exp_Experiment_1_seed_42,5,0.05987158759806208,connected,mainstream
176,popular_1_exp_Experiment_1_seed_42,5,0.053138036527200706,connected,mainstream
98,popular_1_exp_Experiment_1_seed_42,5,0.05041952529045462,connected,mainstream
390,popular_1_exp_Experiment_1_seed_42,5,0.060961389760384156,connected,mainstream
508,popular_1_exp_Experiment_1_seed_42,5,0.056519704233813604,connected,mainstream
272,popular_1_exp_Experiment_1_seed_42,5,0.05824762405384351,connected,mainstream
382,popular_1_exp_Experiment_1_seed_42,5,0.05423065215430414,connected,mainstream
460,popular_1_exp_Experiment_1_seed_42,5,0.06167039761952716,connected,mainstream
362,popular_1_exp_Experiment_1_seed_42,5,0.05809269149575052,connected,mainstream
469,popular_1_exp_Experiment_1_seed_42,5,0.06258642401636631,connected,mainstream
159,popular_1_exp_Experiment_1_seed_42,5,0.05753104047741483,connected,mainstream
155,popular_1_exp_Experiment_1_seed_42,5,0.05405243252634717,connected,mainstream
73,popular_1_exp_Experiment_1_seed_42,5,0.05356308186698631,connected,mainstream
587,popular_1_exp_Experiment_1_seed_42,5,0.05007378068503415,connected,mainstream
22,popular_1_exp_Experiment_1_seed_42,5,0.014772534774965512,connected,niche
445,popular_1_exp_Experiment_1_seed_42,5,0.05679397087858601,connected,mainstream
369,popular_1_exp_Experiment_1_seed_42,5,0.0658372618826867,connected,mainstream
124,popular_1_exp_Experiment_1_seed_42,5,0.05984186499029199,connected,mainstream
373,popular_1_exp_Experiment_1_seed_42,5,0.05527897851496231,connected,mainstream
40,popular_1_exp_Experiment_1_seed_42,5,0.014870675924649674,connected,niche
11,popular_1_exp_Experiment_1_seed_42,5,0.03436355115756452,connected,niche
181,popular_1_exp_Experiment_1_seed_42,5,0.050930730667829306,connected,mainstream
86,popular_1_exp_Experiment_1_seed_42,5,0.07397612407573972,connected,mainstream
274,popular_1_exp_Experiment_1_seed_42,5,0.057405689793066046,connected,mainstream
191,popular_1_exp_Experiment_1_seed_42,5,0.05479459337494344,connected,mainstream
238,popular_1_exp_Experiment_1_seed_42,5,0.052254676470985355,connected,mainstream
298,popular_1_exp_Experiment_1_seed_42,5,0.06139266109606865,connected,mainstream
2,popular_1_exp_Experiment_1_seed_42,5,0.01882893851420217,connected,niche
106,popular_1_exp_Experiment_1_seed_42,5,0.07368373684390188,connected,mainstream
574,popular_1_exp_Experiment_1_seed_42,5,0.05791242964895979,connected,mainstream
350,popular_1_exp_Experiment_1_seed_42,5,0.0584138965181229,connected,mainstream
17,popular_1_exp_Experiment_1_seed_42,5,0.02915695600040587,connected,niche
280,popular_1_exp_Experiment_1_seed_42,5,0.059370555403868625,connected,mainstream
193,popular_1_exp_Experiment_1_seed_42,5,0.07047615338856168,connected,mainstream
204,popular_1_exp_Experiment_1_seed_42,5,0.05168854687402836,connected,mainstream
234,popular_1_exp_Experiment_1_seed_42,5,0.0607834992657068,connected,mainstream
35,popular_1_exp_Experiment_1_seed_42,5,0.031089472853817565,connected,niche
62,popular_1_exp_Experiment_1_seed_42,5,0.05291966045406137,connected,mainstream
293,popular_1_exp_Experiment_1_seed_42,5,0.05826074512551502,connected,mainstream
51,popular_1_exp_Experiment_1_seed_42,5,0.015827162935000697,connected,niche
59,popular_1_exp_Experiment_1_seed_42,5,0.016214085640149405,connected,niche
333,popular_1_exp_Experiment_1_seed_42,5,0.05575306759559651,connected,mainstream
358,popular_1_exp_Experiment_1_seed_42,5,0.06142913985488235,connected,mainstream
462,popular_1_exp_Experiment_1_seed_42,5,0.05297872061977452,connected,mainstream
292,popular_1_exp_Experiment_1_seed_42,5,0.05548001176907455,connected,mainstream
317,popular_1_exp_Experiment_1_seed_42,5,0.05592415309204605,connected,mainstream
592,popular_1_exp_Experiment_1_seed_42,5,0.06523611817519245,connected,mainstream
525,popular_1_exp_Experiment_1_seed_42,5,0.06148215905399645,connected,mainstream
99,popular_1_exp_Experiment_1_seed_42,5,0.05154163496739999,connected,mainstream
582,popular_1_exp_Experiment_1_seed_42,5,0.05180731771151314,connected,mainstream
34,popular_1_exp_Experiment_1_seed_42,5,0.021876385269459387,connected,niche
393,popular_1_exp_Experiment_1_seed_42,5,0.05592942455930324,connected,mainstream
194,popular_1_exp_Experiment_1_seed_42,5,0.05335263177347826,connected,mainstream
88,popular_1_exp_Experiment_1_seed_42,5,0.05154850568504444,connected,mainstream
575,popular_1_exp_Experiment_1_seed_42,5,0.07105567709227133,connected,mainstream
46,popular_1_exp_Experiment_1_seed_42,5,0.012875166699681454,connected,niche
531,popular_1_exp_Experiment_1_seed_42,5,0.06675221455619196,connected,mainstream
383,popular_1_exp_Experiment_1_seed_42,5,0.05330307659032072,connected,mainstream
523,popular_1_exp_Experiment_1_seed_42,5,0.05325133967177174,connected,mainstream
127,popular_1_exp_Experiment_1_seed_42,5,0.05336618699767878,connected,mainstream
354,popular_1_exp_Experiment_1_seed_42,5,0.05623418498408359,connected,mainstream
125,popular_1_exp_Experiment_1_seed_42,5,0.05199517656881319,connected,mainstream
8,popular_1_exp_Experiment_1_seed_42,5,0.026466831821732203,connected,niche
402,popular_1_exp_Experiment_1_seed_42,5,0.05518667525350993,connected,mainstream
230,popular_1_exp_Experiment_1_seed_42,5,0.06261863242372265,connected,mainstream
276,popular_1_exp_Experiment_1_seed_42,5,0.05557416939216547,connected,mainstream
535,popular_1_exp_Experiment_1_seed_42,5,0.05334585510616918,connected,mainstream
557,popular_1_exp_Experiment_1_seed_42,5,0.05580396886071796,connected,mainstream
564,popular_1_exp_Experiment_1_seed_42,5,0.05635290924441815,connected,mainstream
534,popular_1_exp_Experiment_1_seed_42,5,0.06149831517307814,connected,mainstream
174,popular_1_exp_Experiment_1_seed_42,5,0.05163229502689203,connected,mainstream
455,popular_1_exp_Experiment_1_seed_42,5,0.054577367296973156,connected,mainstream
586,popular_1_exp_Experiment_1_seed_42,5,0.05556707579142981,connected,mainstream
348,popular_1_exp_Experiment_1_seed_42,5,0.06693336443622928,connected,mainstream
426,popular_1_exp_Experiment_1_seed_42,5,0.052191649587694906,connected,mainstream
162,popular_1_exp_Experiment_1_seed_42,5,0.05424327477203925,connected,mainstream
247,popular_1_exp_Experiment_1_seed_42,5,0.06021582301493202,connected,mainstream
109,popular_1_exp_Experiment_1_seed_42,5,0.04887987626444387,connected,mainstream
156,popular_1_exp_Experiment_1_seed_42,5,0.06186187000597045,connected,mainstream
183,popular_1_exp_Experiment_1_seed_42,5,0.054187326502861115,connected,mainstream
510,popular_1_exp_Experiment_1_seed_42,5,0.053755112632082054,connected,mainstream
465,popular_1_exp_Experiment_1_seed_42,5,0.04724242321553815,connected,mainstream
478,popular_1_exp_Experiment_1_seed_42,5,0.06479032435663327,connected,mainstream
281,popular_1_exp_Experiment_1_seed_42,5,0.05700208466182452,connected,mainstream
61,popular_1_exp_Experiment_1_seed_42,5,0.048435218890600006,connected,mainstream
536,popular_1_exp_Experiment_1_seed_42,5,0.051865803812018836,connected,mainstream
203,popular_1_exp_Experiment_1_seed_42,5,0.05226045743519988,connected,mainstream
551,popular_1_exp_Experiment_1_seed_42,5,0.05679149938711401,connected,mainstream
422,popular_1_exp_Experiment_1_seed_42,5,0.05686613491167291,connected,mainstream
171,popular_1_exp_Experiment_1_seed_42,5,0.06746853420205025,connected,mainstream
324,popular_1_exp_Experiment_1_seed_42,5,0.05261497485510288,connected,mainstream
138,popular_1_exp_Experiment_1_seed_42,5,0.06486955492124379,connected,mainstream
417,popular_1_exp_Experiment_1_seed_42,5,0.05097984594388159,connected,mainstream
117,popular_1_exp_Experiment_1_seed_42,5,0.053043392346357944,connected,mainstream
471,popular_1_exp_Experiment_1_seed_42,5,0.05368557831283797,connected,mainstream
420,popular_1_exp_Experiment_1_seed_42,5,0.06702088136021357,connected,mainstream
486,popular_1_exp_Experiment_1_seed_42,5,0.052369141054127794,connected,mainstream
113,popular_1_exp_Experiment_1_seed_42,5,0.06197677286431049,connected,mainstream
549,popular_1_exp_Experiment_1_seed_42,5,0.061017089861759,connected,mainstream
387,popular_1_exp_Experiment_1_seed_42,5,0.060169783458329316,connected,mainstream
152,popular_1_exp_Experiment_1_seed_42,5,0.05832352537466526,connected,mainstream
306,popular_1_exp_Experiment_1_seed_42,5,0.05418922310306934,connected,mainstream
63,popular_1_exp_Experiment_1_seed_42,5,0.06021824083198999,connected,mainstream
480,popular_1_exp_Experiment_1_seed_42,5,0.055606585097956414,connected,mainstream
329,popular_1_exp_Experiment_1_seed_42,5,0.06527068867391188,connected,mainstream
104,popular_1_exp_Experiment_1_seed_42,5,0.05368914033619535,connected,mainstream
367,popular_1_exp_Experiment_1_seed_42,5,0.051767445875140594,connected,mainstream
85,popular_1_exp_Experiment_1_seed_42,5,0.054035815781335844,connected,mainstream
472,popular_1_exp_Experiment_1_seed_42,5,0.04859851733358835,connected,mainstream
6,popular_1_exp_Experiment_1_seed_42,5,0.01759440243596778,connected,niche
266,popular_1_exp_Experiment_1_seed_42,5,0.05219787435072496,connected,mainstream
147,popular_1_exp_Experiment_1_seed_42,5,0.05016026243125856,connected,mainstream
42,popular_1_exp_Experiment_1_seed_42,5,0.01805065726343801,connected,niche
330,popular_1_exp_Experiment_1_seed_42,5,0.05893326019891812,connected,mainstream
236,popular_1_exp_Experiment_1_seed_42,5,0.05593816949471484,connected,mainstream
208,popular_1_exp_Experiment_1_seed_42,5,0.05128228189012631,connected,mainstream
303,popular_1_exp_Experiment_1_seed_42,5,0.05666565555275697,connected,mainstream
599,popular_1_exp_Experiment_1_seed_42,5,0.05072571690026672,connected,mainstream
259,popular_1_exp_Experiment_1_seed_42,5,0.05064560862533476,connected,mainstream
428,popular_1_exp_Experiment_1_seed_42,5,0.05999959587009549,connected,mainstream
548,popular_1_exp_Experiment_1_seed_42,5,0.06077616075692221,connected,mainstream
502,popular_1_exp_Experiment_1_seed_42,5,0.05728536098145811,connected,mainstream
160,popular_1_exp_Experiment_1_seed_42,5,0.06707017331836664,connected,mainstream
31,popular_1_exp_Experiment_1_seed_42,5,0.01805467261189987,connected,niche
404,popular_1_exp_Experiment_1_seed_42,5,0.05800853859095109,connected,mainstream
386,popular_1_exp_Experiment_1_seed_42,5,0.05714475473716727,connected,mainstream
581,popular_1_exp_Experiment_1_seed_42,5,0.05216080398004843,connected,mainstream
68,popular_1_exp_Experiment_1_seed_42,5,0.05543436980564159,connected,mainstream
427,popular_1_exp_Experiment_1_seed_42,5,0.04984678067403481,connected,mainstream
180,popular_1_exp_Experiment_1_seed_42,5,0.05276547435896221,connected,mainstream
396,popular_1_exp_Experiment_1_seed_42,5,0.05227832736349749,connected,mainstream
571,popular_1_exp_Experiment_1_seed_42,5,0.05064947143123925,connected,mainstream
5,popular_1_exp_Experiment_1_seed_42,5,0.01912933333041283,connected,niche
361,popular_1_exp_Experiment_1_seed_42,5,0.057820725513084835,connected,mainstream
48,popular_1_exp_Experiment_1_seed_42,5,0.01316639197571417,connected,niche
93,popular_1_exp_Experiment_1_seed_42,5,0.051788458099331934,connected,mainstream
133,popular_1_exp_Experiment_1_seed_42,5,0.05150806000627028,connected,mainstream
105,popular_1_exp_Experiment_1_seed_42,5,0.057423059664868194,connected,mainstream
589,popular_1_exp_Experiment_1_seed_42,5,0.054463390264104884,connected,mainstream
9,popular_1_exp_Experiment_1_seed_42,5,0.019934004802425614,connected,niche
456,popular_1_exp_Experiment_1_seed_42,5,0.05745695598682623,connected,mainstream
544,popular_1_exp_Experiment_1_seed_42,5,0.05785729542284129,connected,mainstream
312,popular_1_exp_Experiment_1_seed_42,5,0.06114447675710966,connected,mainstream
430,popular_1_exp_Experiment_1_seed_42,5,0.05153961789243707,connected,mainstream
242,popular_1_exp_Experiment_1_seed_42,5,0.057390504822878385,connected,mainstream
164,popular_1_exp_Experiment_1_seed_42,5,0.05123168652697698,connected,mainstream
482,popular_1_exp_Experiment_1_seed_42,5,0.05485259214658459,connected,mainstream
313,popular_1_exp_Experiment_1_seed_42,5,0.05638241891268738,connected,mainstream
26,popular_1_exp_Experiment_1_seed_42,5,0.020210573980023173,connected,niche
489,popular_1_exp_Experiment_1_seed_42,5,0.06978949860674155,connected,mainstream
409,popular_1_exp_Experiment_1_seed_42,5,0.05468429411255665,connected,mainstream
219,popular_1_exp_Experiment_1_seed_42,5,0.054494238076553646,connected,mainstream
473,popular_1_exp_Experiment_1_seed_42,5,0.055372575571292305,connected,mainstream
1,popular_1_exp_Experiment_1_seed_42,5,0.015125637232550912,connected,niche
425,popular_1_exp_Experiment_1_seed_42,5,0.054011318035782276,connected,mainstream
397,popular_1_exp_Experiment_1_seed_42,5,0.05025315364110086,connected,mainstream
209,popular_1_exp_Experiment_1_seed_42,5,0.048912012767282416,connected,mainstream
118,popular_1_exp_Experiment_1_seed_42,5,0.05393599025574566,connected,mainstream
271,popular_1_exp_Experiment_1_seed_42,5,0.0515673365865878,connected,mainstream
151,popular_1_exp_Experiment_1_seed_42,5,0.05488660778028842,connected,mainstream
355,popular_1_exp_Experiment_1_seed_42,5,0.05676011113340971,connected,mainstream
275,popular_1_exp_Experiment_1_seed_42,5,0.058179093779047585,connected,mainstream
55,popular_1_exp_Experiment_1_seed_42,5,0.019705214486740157,connected,niche
294,popular_1_exp_Experiment_1_seed_42,5,0.05356554034547165,connected,mainstream
562,popular_1_exp_Experiment_1_seed_42,5,0.052293879116347475,connected,mainstream
297,popular_1_exp_Experiment_1_seed_42,5,0.06551101767592228,connected,mainstream
407,popular_1_exp_Experiment_1_seed_42,5,0.0498301381414272,connected,mainstream
44,popular_1_exp_Experiment_1_seed_42,5,0.03124264040975878,connected,niche
300,popular_1_exp_Experiment_1_seed_42,5,0.05153180599908464,connected,mainstream
166,popular_1_exp_Experiment_1_seed_42,5,0.05105925089812441,connected,mainstream
232,popular_1_exp_Experiment_1_seed_42,5,0.05044551585243554,connected,mainstream
110,popular_1_exp_Experiment_1_seed_42,5,0.05856192554900728,connected,mainstream
540,popular_1_exp_Experiment_1_seed_42,5,0.05691642859063185,connected,mainstream
516,popular_1_exp_Experiment_1_seed_42,5,0.05343862814746642,connected,mainstream
448,popular_1_exp_Experiment_1_seed_42,5,0.05786632024357618,connected,mainstream
406,popular_1_exp_Experiment_1_seed_42,5,0.05231002411838769,connected,mainstream
273,popular_1_exp_Experiment_1_seed_42,5,0.05623149735465966,connected,mainstream
416,popular_1_exp_Experiment_1_seed_42,5,0.0520235161472806,connected,mainstream
27,popular_1_exp_Experiment_1_seed_42,5,0.015602652930295833,connected,niche
165,popular_1_exp_Experiment_1_seed_42,5,0.05007018895402762,connected,mainstream
344,popular_1_exp_Experiment_1_seed_42,5,0.057979937711559515,connected,mainstream
227,popular_1_exp_Experiment_1_seed_42,5,0.051136121268010294,connected,mainstream
320,popular_1_exp_Experiment_1_seed_42,5,0.05075588984738739,connected,mainstream
597,popular_1_exp_Experiment_1_seed_42,5,0.05228783800953327,connected,mainstream
252,popular_1_exp_Experiment_1_seed_42,5,0.0579975045581372,connected,mainstream
490,popular_1_exp_Experiment_1_seed_42,5,0.06340930903420446,connected,mainstream
218,popular_1_exp_Experiment_1_seed_42,5,0.05651800980574107,connected,mainstream
90,popular_1_exp_Experiment_1_seed_42,5,0.07199191916329946,connected,mainstream
546,popular_1_exp_Experiment_1_seed_42,5,0.05273548419492472,connected,mainstream
563,popular_1_exp_Experiment_1_seed_42,5,0.05337578777594609,connected,mainstream
231,popular_1_exp_Experiment_1_seed_42,5,0.05348769748501278,connected,mainstream
336,popular_1_exp_Experiment_1_seed_42,5,0.06126895298906585,connected,mainstream
97,popular_1_exp_Experiment_1_seed_42,5,0.05150421587037554,connected,mainstream
388,popular_1_exp_Experiment_1_seed_42,5,0.05932830271178476,connected,mainstream
364,popular_1_exp_Experiment_1_seed_42,5,0.05534308038647812,connected,mainstream
286,popular_1_exp_Experiment_1_seed_42,5,0.07043917901159648,connected,mainstream
131,popular_1_exp_Experiment_1_seed_42,5,0.05172633253068066,connected,mainstream
265,popular_1_exp_Experiment_1_seed_42,5,0.0743159603637533,connected,mainstream
56,popular_1_exp_Experiment_1_seed_42,5,0.019817813529792783,connected,niche
163,popular_1_exp_Experiment_1_seed_42,5,0.05764209160411184,connected,mainstream
145,popular_1_exp_Experiment_1_seed_42,5,0.058082601638951424,connected,mainstream
438,popular_1_exp_Experiment_1_seed_42,5,0.05934981099337094,connected,mainstream
225,popular_1_exp_Experiment_1_seed_42,5,0.05179596175906693,connected,mainstream
370,popular_1_exp_Experiment_1_seed_42,5,0.055180384414305506,connected,mainstream
524,popular_1_exp_Experiment_1_seed_42,5,0.05670908127390606,connected,mainstream
154,popular_1_exp_Experiment_1_seed_42,5,0.06060090735915482,connected,mainstream
315,popular_1_exp_Experiment_1_seed_42,5,0.06772067662643523,connected,mainstream
578,popular_1_exp_Experiment_1_seed_42,5,0.05472667567401839,connected,mainstream
289,popular_1_exp_Experiment_1_seed_42,5,0.05909319468580281,connected,mainstream
476,popular_1_exp_Experiment_1_seed_42,5,0.06429721221991984,connected,mainstream
142,popular_1_exp_Experiment_1_seed_42,5,0.05258241448985618,connected,mainstream
440,popular_1_exp_Experiment_1_seed_42,5,0.06540427929568805,connected,mainstream
413,popular_1_exp_Experiment_1_seed_42,5,0.05948363617624971,connected,mainstream
146,popular_1_exp_Experiment_1_seed_42,5,0.05457285095143117,connected,mainstream
376,popular_1_exp_Experiment_1_seed_42,5,0.05372881984375865,connected,mainstream
3,popular_1_exp_Experiment_1_seed_42,5,0.022113735542834162,connected,niche
148,popular_1_exp_Experiment_1_seed_42,5,0.056105354121054385,connected,mainstream
197,popular_1_exp_Experiment_1_seed_42,5,0.05477184235817024,connected,mainstream
311,popular_1_exp_Experiment_1_seed_42,5,0.05417855030855886,connected,mainstream
365,popular_1_exp_Experiment_1_seed_42,5,0.05144488419971376,connected,mainstream
322,popular_1_exp_Experiment_1_seed_42,5,0.06251169176546696,connected,mainstream
260,popular_1_exp_Experiment_1_seed_42,5,0.06240424240173118,connected,mainstream
262,popular_1_exp_Experiment_1_seed_42,5,0.06274630766997337,connected,mainstream
543,popular_1_exp_Experiment_1_seed_42,5,0.057339157689771623,connected,mainstream
282,popular_1_exp_Experiment_1_seed_42,5,0.062440527829281195,connected,mainstream
213,popular_1_exp_Experiment_1_seed_42,5,0.057402476528242985,connected,mainstream
435,popular_1_exp_Experiment_1_seed_42,5,0.05590977240118081,connected,mainstream
32,popular_1_exp_Experiment_1_seed_42,5,0.016209855710181905,connected,niche
366,popular_1_exp_Experiment_1_seed_42,5,0.05714554310914107,connected,mainstream
76,popular_1_exp_Experiment_1_seed_42,5,0.05683087434785448,connected,mainstream
233,popular_1_exp_Experiment_1_seed_42,5,0.054735252093242655,connected,mainstream
177,popular_1_exp_Experiment_1_seed_42,5,0.053111492037522655,connected,mainstream
449,popular_1_exp_Experiment_1_seed_42,5,0.06134872758433124,connected,mainstream
307,popular_1_exp_Experiment_1_seed_42,5,0.05856330422443535,connected,mainstream
468,popular_1_exp_Experiment_1_seed_42,5,0.05557110556385584,connected,mainstream
199,popular_1_exp_Experiment_1_seed_42,5,0.05334680973675898,connected,mainstream
168,popular_1_exp_Experiment_1_seed_42,5,0.0476506804123732,connected,mainstream
593,popular_1_exp_Experiment_1_seed_42,5,0.06167087945525465,connected,mainstream
175,popular_1_exp_Experiment_1_seed_42,5,0.0571448416314441,connected,mainstream
349,popular_1_exp_Experiment_1_seed_42,5,0.06202968509363932,connected,mainstream
554,popular_1_exp_Experiment_1_seed_42,5,0.06325229304542114,connected,mainstream
572,popular_1_exp_Experiment_1_seed_42,5,0.05186178112916675,connected,mainstream
304,popular_1_exp_Experiment_1_seed_42,5,0.04995165557963446,connected,mainstream
513,popular_1_exp_Experiment_1_seed_42,5,0.05939818294823879,connected,mainstream
102,popular_1_exp_Experiment_1_seed_42,5,0.054615244884573484,connected,mainstream
206,popular_1_exp_Experiment_1_seed_42,5,0.05332305894113828,connected,mainstream
100,popular_1_exp_Experiment_1_seed_42,5,0.056572723619737315,connected,mainstream
69,popular_1_exp_Experiment_1_seed_42,5,0.06853908586448378,connected,mainstream
517,popular_1_exp_Experiment_1_seed_42,5,0.07799761200628447,connected,mainstream
475,popular_1_exp_Experiment_1_seed_42,5,0.051967581126951046,connected,mainstream
91,popular_1_exp_Experiment_1_seed_42,5,0.05141440359490513,connected,mainstream
216,popular_1_exp_Experiment_1_seed_42,5,0.051453434318879145,connected,mainstream
143,popular_1_exp_Experiment_1_seed_42,5,0.05406860297398902,connected,mainstream
36,popular_1_exp_Experiment_1_seed_42,5,0.014113496644216772,connected,niche
504,popular_1_exp_Experiment_1_seed_42,5,0.05249077200295705,connected,mainstream
411,popular_1_exp_Experiment_1_seed_42,5,0.07235883802792734,connected,mainstream
368,popular_1_exp_Experiment_1_seed_42,5,0.05021278189453715,connected,mainstream
