,Adventure,Animation,Children,Comedy,Fantasy,Romance,Action,Crime,Thriller,Horror,Drama,War,Western,Sci-Fi,Musical,Mystery,Film-Noir,IMAX,Documentary
1,0.11864406779661017,0.03389830508474576,0.05508474576271186,0.13135593220338984,0.07203389830508475,0.038135593220338986,0.1271186440677966,0.0635593220338983,0.07838983050847458,0.0211864406779661,0.1016949152542373,0.03389830508474576,0.012711864406779662,0.05296610169491525,0.03177966101694915,0.025423728813559324,0.00211864406779661,0.0,0.0
5,0.0784313725490196,0.058823529411764705,0.0784313725490196,0.12745098039215685,0.049019607843137254,0.06862745098039216,0.0784313725490196,0.08823529411764706,0.06862745098039216,0.0,0.16666666666666666,0.029411764705882353,0.0196078431372549,0.0196078431372549,0.049019607843137254,0.0,0.0,0.0196078431372549,0.0
7,0.1130952380952381,0.03571428571428571,0.03571428571428571,0.11011904761904762,0.047619047619047616,0.0625,0.13392857142857142,0.05952380952380952,0.08035714285714286,0.008928571428571428,0.11904761904761904,0.026785714285714284,0.002976190476190476,0.08630952380952381,0.020833333333333332,0.026785714285714284,0.005952380952380952,0.023809523809523808,0.0
15,0.1286549707602339,0.05555555555555555,0.049707602339181284,0.07017543859649122,0.03216374269005848,0.029239766081871343,0.12573099415204678,0.03508771929824561,0.09941520467836257,0.023391812865497075,0.12280701754385964,0.011695906432748537,0.005847953216374269,0.14035087719298245,0.011695906432748537,0.02046783625730994,0.0,0.038011695906432746,0.0
17,0.10303030303030303,0.030303030303030304,0.024242424242424242,0.09090909090909091,0.03636363636363636,0.030303030303030304,0.10909090909090909,0.10909090909090909,0.07878787878787878,0.0,0.15757575757575756,0.048484848484848485,0.012121212121212121,0.06666666666666667,0.01818181818181818,0.03636363636363636,0.012121212121212121,0.030303030303030304,0.006060606060606061
18,0.09940944881889764,0.021653543307086614,0.024606299212598427,0.10236220472440945,0.03641732283464567,0.031496062992125984,0.13582677165354332,0.09055118110236221,0.1141732283464567,0.010826771653543307,0.1515748031496063,0.012795275590551181,0.005905511811023622,0.0797244094488189,0.00984251968503937,0.0344488188976378,0.005905511811023622,0.0265748031496063,0.005905511811023622
19,0.09025787965616046,0.025071633237822348,0.050143266475644696,0.21203438395415472,0.04656160458452722,0.08094555873925502,0.07808022922636103,0.03796561604584527,0.1010028653295129,0.05300859598853868,0.08595988538681948,0.0057306590257879654,0.0071633237822349575,0.06876790830945559,0.022922636103151862,0.029369627507163324,0.00501432664756447,0.0,0.0
21,0.1337890625,0.0458984375,0.04296875,0.1455078125,0.0458984375,0.05078125,0.1640625,0.05078125,0.08984375,0.009765625,0.06640625,0.005859375,0.0029296875,0.08203125,0.009765625,0.009765625,0.001953125,0.0419921875,0.0
27,0.13356164383561644,0.0684931506849315,0.1232876712328767,0.11643835616438356,0.05821917808219178,0.06506849315068493,0.0821917808219178,0.017123287671232876,0.03424657534246575,0.00684931506849315,0.11643835616438356,0.0273972602739726,0.017123287671232876,0.0821917808219178,0.0410958904109589,0.00684931506849315,0.0,0.003424657534246575,0.0
31,0.11458333333333333,0.052083333333333336,0.0625,0.16666666666666666,0.07291666666666667,0.11458333333333333,0.09375,0.03125,0.07291666666666667,0.020833333333333332,0.08333333333333333,0.0,0.0,0.052083333333333336,0.052083333333333336,0.010416666666666666,0.0,0.0,0.0
32,0.05357142857142857,0.011904761904761904,0.02976190476190476,0.17261904761904762,0.03571428571428571,0.125,0.10119047619047619,0.07142857142857142,0.11904761904761904,0.005952380952380952,0.17857142857142858,0.011904761904761904,0.005952380952380952,0.02976190476190476,0.011904761904761904,0.02976190476190476,0.0,0.0,0.005952380952380952
33,0.026785714285714284,0.026785714285714284,0.03125,0.17857142857142858,0.017857142857142856,0.16071428571428573,0.026785714285714284,0.0625,0.05803571428571429,0.0,0.3169642857142857,0.026785714285714284,0.004464285714285714,0.008928571428571428,0.022321428571428572,0.017857142857142856,0.008928571428571428,0.004464285714285714,0.0
40,0.09045226130653267,0.04020100502512563,0.06532663316582915,0.16080402010050251,0.020100502512562814,0.09045226130653267,0.10050251256281408,0.05527638190954774,0.05527638190954774,0.010050251256281407,0.1658291457286432,0.01507537688442211,0.03015075376884422,0.05025125628140704,0.035175879396984924,0.005025125628140704,0.0,0.010050251256281407,0.0
43,0.10384615384615385,0.046153846153846156,0.08076923076923077,0.13076923076923078,0.04230769230769231,0.08076923076923077,0.10384615384615385,0.05,0.08846153846153847,0.015384615384615385,0.12692307692307692,0.011538461538461539,0.011538461538461539,0.05,0.046153846153846156,0.0038461538461538464,0.0,0.007692307692307693,0.0
44,0.13978494623655913,0.043010752688172046,0.03225806451612903,0.1935483870967742,0.03225806451612903,0.07526881720430108,0.15053763440860216,0.03225806451612903,0.11827956989247312,0.010752688172043012,0.0967741935483871,0.0,0.0,0.053763440860215055,0.010752688172043012,0.010752688172043012,0.0,0.0,0.0
45,0.09574468085106383,0.031914893617021274,0.05186170212765957,0.23138297872340424,0.043882978723404256,0.0678191489361702,0.08776595744680851,0.041223404255319146,0.07845744680851063,0.013297872340425532,0.11835106382978723,0.014627659574468085,0.003989361702127659,0.07047872340425532,0.02526595744680851,0.015957446808510637,0.0,0.006648936170212766,0.0013297872340425532
46,0.11764705882352941,0.0392156862745098,0.0392156862745098,0.10784313725490197,0.0196078431372549,0.058823529411764705,0.14705882352941177,0.0784313725490196,0.11764705882352941,0.0,0.10784313725490197,0.029411764705882353,0.029411764705882353,0.058823529411764705,0.029411764705882353,0.00980392156862745,0.0,0.00980392156862745,0.0
50,0.10896309314586995,0.054481546572934976,0.05799648506151142,0.12478031634446397,0.05272407732864675,0.0421792618629174,0.10017574692442882,0.04745166959578207,0.08260105448154657,0.0210896309314587,0.13708260105448156,0.01054481546572935,0.007029876977152899,0.056239015817223195,0.02460456942003515,0.022847100175746926,0.0035149384885764497,0.033391915641476276,0.012302284710017574
54,0.08433734939759036,0.04819277108433735,0.07228915662650602,0.1686746987951807,0.03614457831325301,0.060240963855421686,0.08433734939759036,0.060240963855421686,0.0963855421686747,0.0,0.14457831325301204,0.03614457831325301,0.012048192771084338,0.03614457831325301,0.03614457831325301,0.0,0.0,0.024096385542168676,0.0
57,0.10020876826722339,0.025052192066805846,0.028183716075156576,0.15031315240083507,0.0407098121085595,0.07933194154488518,0.12317327766179541,0.04488517745302714,0.09290187891440502,0.011482254697286013,0.1336116910229645,0.025052192066805846,0.013569937369519834,0.06993736951983298,0.024008350730688934,0.026096033402922755,0.008350730688935281,0.003131524008350731,0.0
63,0.10479573712255773,0.03907637655417407,0.04085257548845471,0.14209591474245115,0.046181172291296625,0.04440497335701599,0.12788632326820604,0.06571936056838366,0.0852575488454707,0.017761989342806393,0.12078152753108348,0.021314387211367674,0.0,0.0674955595026643,0.012433392539964476,0.02486678507992895,0.007104795737122558,0.02664298401420959,0.0053285968028419185
64,0.06932773109243698,0.025210084033613446,0.03466386554621849,0.16806722689075632,0.0430672268907563,0.0819327731092437,0.07457983193277311,0.0661764705882353,0.09138655462184873,0.03466386554621849,0.16596638655462184,0.018907563025210083,0.008403361344537815,0.04411764705882353,0.023109243697478993,0.03676470588235294,0.0031512605042016808,0.005252100840336135,0.005252100840336135
66,0.06759098786828423,0.01386481802426343,0.022530329289428077,0.19410745233968804,0.0415944540727903,0.0779896013864818,0.10918544194107452,0.07625649913344887,0.0831889081455806,0.02079722703639515,0.17677642980935876,0.019064124783362217,0.01386481802426343,0.05025996533795494,0.005199306759098787,0.022530329289428077,0.0034662045060658577,0.0017331022530329288,0.0
68,0.08705975464978236,0.02453502176493866,0.03205381875741987,0.15789473684210525,0.03957261574990107,0.08389394538979027,0.11713494261970717,0.05263157894736842,0.09457855164226356,0.027305104867431738,0.13494261970716265,0.015037593984962405,0.007123070834982192,0.06133755441234666,0.015829046299960427,0.02295211713494262,0.001187178472497032,0.01780767708745548,0.007123070834982192
71,0.1375,0.0125,0.0625,0.0875,0.0375,0.075,0.175,0.0625,0.125,0.0,0.1125,0.0125,0.0,0.0625,0.0125,0.025,0.0,0.0,0.0
73,0.10699588477366255,0.047325102880658436,0.047325102880658436,0.21810699588477367,0.04526748971193416,0.06172839506172839,0.11522633744855967,0.0411522633744856,0.059670781893004114,0.00823045267489712,0.10493827160493827,0.00823045267489712,0.00411522633744856,0.05761316872427984,0.00823045267489712,0.02263374485596708,0.0,0.043209876543209874,0.0
76,0.06557377049180328,0.03278688524590164,0.045081967213114756,0.11065573770491803,0.040983606557377046,0.040983606557377046,0.0860655737704918,0.09836065573770492,0.12704918032786885,0.036885245901639344,0.13524590163934427,0.020491803278688523,0.01639344262295082,0.06147540983606557,0.020491803278688523,0.040983606557377046,0.0,0.01639344262295082,0.004098360655737705
78,0.15492957746478872,0.007042253521126761,0.02112676056338028,0.1619718309859155,0.02112676056338028,0.035211267605633804,0.18309859154929578,0.06338028169014084,0.1267605633802817,0.02112676056338028,0.06338028169014084,0.02112676056338028,0.007042253521126761,0.08450704225352113,0.007042253521126761,0.007042253521126761,0.0,0.014084507042253521,0.0
82,0.1101871101871102,0.02079002079002079,0.04158004158004158,0.18711018711018712,0.031185031185031187,0.062370062370062374,0.16632016632016633,0.08523908523908524,0.09355509355509356,0.018711018711018712,0.07276507276507277,0.012474012474012475,0.012474012474012475,0.04781704781704782,0.012474012474012475,0.018711018711018712,0.002079002079002079,0.002079002079002079,0.002079002079002079
86,0.11173184357541899,0.0670391061452514,0.0670391061452514,0.0782122905027933,0.07262569832402235,0.0893854748603352,0.11173184357541899,0.03910614525139665,0.0782122905027933,0.00558659217877095,0.11173184357541899,0.0335195530726257,0.00558659217877095,0.061452513966480445,0.01675977653631285,0.0223463687150838,0.0,0.027932960893854747,0.0
89,0.07701149425287357,0.07126436781609195,0.09080459770114943,0.3632183908045977,0.05057471264367816,0.08275862068965517,0.04597701149425287,0.029885057471264367,0.013793103448275862,0.01839080459770115,0.07816091954022988,0.009195402298850575,0.0034482758620689655,0.02528735632183908,0.01954022988505747,0.011494252873563218,0.0,0.008045977011494253,0.0011494252873563218
90,0.030303030303030304,0.015151515151515152,0.030303030303030304,0.18181818181818182,0.030303030303030304,0.19696969696969696,0.015151515151515152,0.07575757575757576,0.045454545454545456,0.0,0.3181818181818182,0.0,0.0,0.015151515151515152,0.045454545454545456,0.0,0.0,0.0,0.0
91,0.08687258687258688,0.016409266409266408,0.021235521235521235,0.1438223938223938,0.03861003861003861,0.052123552123552123,0.11969111969111969,0.06274131274131274,0.12451737451737452,0.05405405405405406,0.12837837837837837,0.01447876447876448,0.010617760617760617,0.07432432432432433,0.013513513513513514,0.027992277992277992,0.0019305019305019305,0.004826254826254826,0.003861003861003861
93,0.18303571428571427,0.013392857142857142,0.05357142857142857,0.12053571428571429,0.05357142857142857,0.08482142857142858,0.14732142857142858,0.017857142857142856,0.08035714285714286,0.004464285714285714,0.09821428571428571,0.017857142857142856,0.017857142857142856,0.08482142857142858,0.008928571428571428,0.008928571428571428,0.0,0.004464285714285714,0.0
96,0.14184397163120568,0.014184397163120567,0.03546099290780142,0.0851063829787234,0.0425531914893617,0.05673758865248227,0.1702127659574468,0.04964539007092199,0.11347517730496454,0.028368794326241134,0.12056737588652482,0.028368794326241134,0.0070921985815602835,0.07092198581560284,0.0,0.02127659574468085,0.0070921985815602835,0.0070921985815602835,0.0
98,0.11538461538461539,0.07211538461538461,0.07692307692307693,0.12980769230769232,0.0673076923076923,0.057692307692307696,0.08173076923076923,0.019230769230769232,0.057692307692307696,0.02403846153846154,0.1201923076923077,0.009615384615384616,0.0,0.08173076923076923,0.02403846153846154,0.019230769230769232,0.0,0.04326923076923077,0.0
103,0.10401891252955082,0.05673758865248227,0.08747044917257683,0.14893617021276595,0.061465721040189124,0.04846335697399527,0.06973995271867613,0.05319148936170213,0.05555555555555555,0.010638297872340425,0.1607565011820331,0.013002364066193853,0.00591016548463357,0.031914893617021274,0.030732860520094562,0.027186761229314422,0.0035460992907801418,0.028368794326241134,0.002364066193853428
107,0.15,0.0125,0.0375,0.1125,0.0375,0.025,0.125,0.075,0.1125,0.0,0.15,0.0375,0.0375,0.0625,0.0,0.0125,0.0,0.0125,0.0
112,0.1016949152542373,0.025423728813559324,0.025423728813559324,0.1016949152542373,0.01694915254237288,0.06779661016949153,0.13559322033898305,0.059322033898305086,0.1016949152542373,0.0,0.1694915254237288,0.0423728813559322,0.00847457627118644,0.09322033898305085,0.0,0.01694915254237288,0.0,0.03389830508474576,0.0
119,0.1182170542635659,0.05813953488372093,0.050387596899224806,0.10271317829457365,0.05232558139534884,0.027131782945736434,0.14534883720930233,0.060077519379844964,0.09689922480620156,0.011627906976744186,0.12403100775193798,0.01744186046511628,0.007751937984496124,0.06782945736434108,0.0,0.01744186046511628,0.001937984496124031,0.03294573643410853,0.007751937984496124
121,0.07317073170731707,0.016260162601626018,0.016260162601626018,0.13821138211382114,0.024390243902439025,0.12195121951219512,0.11382113821138211,0.06504065040650407,0.12195121951219512,0.008130081300813009,0.16260162601626016,0.04065040650406504,0.032520325203252036,0.024390243902439025,0.008130081300813009,0.008130081300813009,0.0,0.016260162601626018,0.008130081300813009
124,0.07777777777777778,0.044444444444444446,0.03333333333333333,0.2,0.011111111111111112,0.05555555555555555,0.05555555555555555,0.07777777777777778,0.1111111111111111,0.011111111111111112,0.2,0.022222222222222223,0.0,0.03333333333333333,0.0,0.05555555555555555,0.011111111111111112,0.0,0.0
130,0.13580246913580246,0.04938271604938271,0.06172839506172839,0.1111111111111111,0.037037037037037035,0.037037037037037035,0.12345679012345678,0.06172839506172839,0.1111111111111111,0.0,0.12345679012345678,0.024691358024691357,0.012345679012345678,0.04938271604938271,0.037037037037037035,0.0,0.0,0.024691358024691357,0.0
132,0.057750759878419454,0.031914893617021274,0.0486322188449848,0.1838905775075988,0.05167173252279635,0.13069908814589665,0.05015197568389058,0.057750759878419454,0.0668693009118541,0.0243161094224924,0.16869300911854104,0.007598784194528876,0.004559270516717325,0.0364741641337386,0.031914893617021274,0.028875379939209727,0.0060790273556231,0.00911854103343465,0.00303951367781155
134,0.1111111111111111,0.0707070707070707,0.0707070707070707,0.08080808080808081,0.020202020202020204,0.0707070707070707,0.15151515151515152,0.06060606060606061,0.08080808080808081,0.0,0.10101010101010101,0.020202020202020204,0.030303030303030304,0.050505050505050504,0.06060606060606061,0.010101010101010102,0.0,0.010101010101010102,0.0
135,0.09185441941074524,0.006932409012131715,0.019064124783362217,0.1611785095320624,0.053726169844020795,0.05199306759098787,0.14211438474870017,0.06412478336221837,0.13518197573656845,0.024263431542461005,0.11785095320623917,0.012131715771230503,0.005199306759098787,0.07105719237435008,0.008665511265164644,0.029462738301559793,0.0017331022530329288,0.0,0.0034662045060658577
137,0.08333333333333333,0.025,0.029166666666666667,0.1125,0.029166666666666667,0.07916666666666666,0.07083333333333333,0.05416666666666667,0.075,0.029166666666666667,0.20416666666666666,0.05,0.0125,0.07083333333333333,0.0125,0.03333333333333333,0.0125,0.004166666666666667,0.0125
140,0.07677725118483412,0.009478672985781991,0.02843601895734597,0.10710900473933649,0.01800947867298578,0.07582938388625593,0.10710900473933649,0.08436018957345971,0.11753554502369669,0.004739336492890996,0.23412322274881517,0.04170616113744076,0.024644549763033177,0.026540284360189573,0.006635071090047393,0.029383886255924172,0.0037914691943127963,0.002843601895734597,0.0009478672985781991
141,0.11475409836065574,0.0546448087431694,0.0546448087431694,0.20218579234972678,0.05737704918032787,0.05737704918032787,0.08743169398907104,0.0546448087431694,0.05737704918032787,0.01639344262295082,0.09562841530054644,0.01092896174863388,0.00546448087431694,0.05191256830601093,0.01912568306010929,0.01912568306010929,0.00273224043715847,0.03825136612021858,0.0
144,0.09642857142857143,0.03571428571428571,0.05714285714285714,0.15,0.04642857142857143,0.11428571428571428,0.10357142857142858,0.05357142857142857,0.08214285714285714,0.007142857142857143,0.1392857142857143,0.02142857142857143,0.014285714285714285,0.025,0.025,0.014285714285714285,0.0,0.007142857142857143,0.007142857142857143
145,0.14666666666666667,0.05333333333333334,0.05333333333333334,0.10666666666666667,0.02666666666666667,0.04,0.10666666666666667,0.08,0.12,0.0,0.12,0.013333333333333334,0.013333333333333334,0.05333333333333334,0.04,0.0,0.0,0.02666666666666667,0.0
151,0.09821428571428571,0.044642857142857144,0.11607142857142858,0.26785714285714285,0.08928571428571429,0.07142857142857142,0.05357142857142857,0.017857142857142856,0.0625,0.026785714285714284,0.09821428571428571,0.0,0.0,0.008928571428571428,0.03571428571428571,0.008928571428571428,0.0,0.0,0.0
153,0.0989010989010989,0.04120879120879121,0.054945054945054944,0.15384615384615385,0.0521978021978022,0.11263736263736264,0.06868131868131869,0.03021978021978022,0.04395604395604396,0.0027472527472527475,0.22252747252747251,0.019230769230769232,0.005494505494505495,0.038461538461538464,0.02197802197802198,0.008241758241758242,0.0027472527472527475,0.019230769230769232,0.0027472527472527475
155,0.16363636363636364,0.05454545454545454,0.07272727272727272,0.17272727272727273,0.045454545454545456,0.03636363636363636,0.14545454545454545,0.06363636363636363,0.06363636363636363,0.00909090909090909,0.05454545454545454,0.01818181818181818,0.00909090909090909,0.07272727272727272,0.01818181818181818,0.0,0.0,0.0,0.0
156,0.0578125,0.0140625,0.0296875,0.2375,0.0375,0.1125,0.046875,0.065625,0.065625,0.003125,0.2078125,0.025,0.0078125,0.0203125,0.0171875,0.0390625,0.009375,0.0015625,0.0015625
159,0.0787037037037037,0.06018518518518518,0.046296296296296294,0.2175925925925926,0.05092592592592592,0.20833333333333334,0.027777777777777776,0.013888888888888888,0.037037037037037035,0.0,0.19444444444444445,0.009259259259259259,0.0,0.023148148148148147,0.018518518518518517,0.0,0.0,0.013888888888888888,0.0
160,0.09648127128263337,0.02043132803632236,0.04086265607264472,0.09761634506242906,0.046538024971623154,0.04426787741203178,0.14074914869466515,0.05561861520998865,0.12145289443813848,0.036322360953461974,0.12599318955732122,0.015891032917139614,0.00340522133938706,0.11010215664018161,0.014755959137343927,0.024971623155505107,0.0022701475595913734,0.0022701475595913734,0.0
161,0.0898876404494382,0.12359550561797752,0.1348314606741573,0.1797752808988764,0.06741573033707865,0.1348314606741573,0.02247191011235955,0.0,0.011235955056179775,0.0,0.07865168539325842,0.0,0.0,0.056179775280898875,0.0898876404494382,0.0,0.0,0.0,0.011235955056179775
166,0.09768637532133675,0.02313624678663239,0.033419023136246784,0.09254498714652956,0.043701799485861184,0.05141388174807198,0.14395886889460155,0.08483290488431877,0.11311053984575835,0.02313624678663239,0.14652956298200515,0.017994858611825194,0.002570694087403599,0.056555269922879174,0.007712082262210797,0.030848329048843187,0.007712082262210797,0.017994858611825194,0.005141388174807198
167,0.10888252148997135,0.04011461318051576,0.054441260744985676,0.2148997134670487,0.07736389684813753,0.0659025787965616,0.08595988538681948,0.054441260744985676,0.05157593123209169,0.014326647564469915,0.07449856733524356,0.017191977077363897,0.0057306590257879654,0.0659025787965616,0.034383954154727794,0.008595988538681949,0.0028653295128939827,0.022922636103151862,0.0
169,0.07909604519774012,0.04143126177024482,0.07156308851224105,0.2184557438794727,0.05649717514124294,0.12617702448210924,0.047080979284369114,0.02448210922787194,0.03389830508474576,0.005649717514124294,0.14689265536723164,0.013182674199623353,0.005649717514124294,0.03389830508474576,0.07721280602636535,0.005649717514124294,0.0,0.007532956685499058,0.005649717514124294
171,0.08088235294117647,0.029411764705882353,0.04411764705882353,0.1323529411764706,0.051470588235294115,0.051470588235294115,0.07352941176470588,0.08823529411764706,0.10294117647058823,0.014705882352941176,0.19852941176470587,0.007352941176470588,0.029411764705882353,0.029411764705882353,0.029411764705882353,0.03676470588235294,0.0,0.0,0.0
177,0.08667736757624397,0.038523274478330656,0.05457463884430177,0.15997859818084537,0.05564472980203317,0.09630818619582665,0.07811663991439273,0.048154093097913325,0.07169609416800428,0.02086677367576244,0.1476725521669342,0.014446227929373997,0.006420545746388443,0.037988228999464954,0.03210272873194221,0.023542001070090957,0.002675227394328518,0.023542001070090957,0.001070090957731407
178,0.07352941176470588,0.014705882352941176,0.022058823529411766,0.1323529411764706,0.03676470588235294,0.09558823529411764,0.10294117647058823,0.051470588235294115,0.10294117647058823,0.014705882352941176,0.18382352941176472,0.051470588235294115,0.007352941176470588,0.051470588235294115,0.014705882352941176,0.014705882352941176,0.0,0.014705882352941176,0.014705882352941176
179,0.10687022900763359,0.007633587786259542,0.022900763358778626,0.16793893129770993,0.015267175572519083,0.061068702290076333,0.16030534351145037,0.06870229007633588,0.15267175572519084,0.0,0.1297709923664122,0.022900763358778626,0.007633587786259542,0.05343511450381679,0.0,0.015267175572519083,0.0,0.007633587786259542,0.0
182,0.07020648967551622,0.012979351032448377,0.012979351032448377,0.13628318584070798,0.03303834808259587,0.07138643067846608,0.10029498525073746,0.08023598820058997,0.1168141592920354,0.02064896755162242,0.19469026548672566,0.024188790560471976,0.005309734513274336,0.06430678466076696,0.010029498525073746,0.03126843657817109,0.006489675516224189,0.0029498525073746312,0.0058997050147492625
185,0.07142857142857142,0.08163265306122448,0.09183673469387756,0.16326530612244897,0.030612244897959183,0.15306122448979592,0.0,0.05102040816326531,0.061224489795918366,0.01020408163265306,0.17346938775510204,0.0,0.0,0.01020408163265306,0.07142857142857142,0.02040816326530612,0.0,0.01020408163265306,0.0
186,0.14526315789473684,0.023157894736842106,0.05263157894736842,0.10736842105263159,0.06736842105263158,0.061052631578947365,0.12,0.016842105263157894,0.08210526315789474,0.02526315789473684,0.10105263157894737,0.008421052631578947,0.004210526315789474,0.12842105263157894,0.029473684210526315,0.014736842105263158,0.00631578947368421,0.004210526315789474,0.002105263157894737
191,0.08227848101265822,0.0189873417721519,0.02531645569620253,0.1518987341772152,0.012658227848101266,0.10759493670886076,0.08227848101265822,0.0759493670886076,0.10759493670886076,0.0,0.23417721518987342,0.02531645569620253,0.0,0.03164556962025317,0.0,0.0189873417721519,0.006329113924050633,0.006329113924050633,0.012658227848101266
193,0.11666666666666667,0.03333333333333333,0.016666666666666666,0.13333333333333333,0.03333333333333333,0.06666666666666667,0.05,0.05,0.1,0.016666666666666666,0.23333333333333334,0.03333333333333333,0.0,0.06666666666666667,0.0,0.03333333333333333,0.0,0.016666666666666666,0.0
200,0.10218978102189781,0.017518248175182483,0.032116788321167884,0.21313868613138687,0.04525547445255475,0.11970802919708029,0.10364963503649635,0.04817518248175182,0.07007299270072993,0.0072992700729927005,0.13284671532846715,0.01167883211678832,0.004379562043795621,0.04525547445255475,0.020437956204379562,0.01167883211678832,0.00145985401459854,0.013138686131386862,0.0
201,0.0892018779342723,0.009389671361502348,0.028169014084507043,0.215962441314554,0.056338028169014086,0.13615023474178403,0.09389671361502347,0.028169014084507043,0.06572769953051644,0.009389671361502348,0.13145539906103287,0.009389671361502348,0.009389671361502348,0.09389671361502347,0.004694835680751174,0.009389671361502348,0.004694835680751174,0.004694835680751174,0.0
202,0.09601181683899557,0.011816838995568686,0.01772525849335303,0.11964549483013294,0.033973412112259974,0.08124076809453472,0.1329394387001477,0.050221565731166914,0.0915805022156573,0.0103397341211226,0.19793205317577547,0.0310192023633678,0.013293943870014771,0.0620384047267356,0.008862629246676515,0.029542097488921712,0.004431314623338257,0.0029542097488921715,0.004431314623338257
206,0.10714285714285714,0.03571428571428571,0.05357142857142857,0.125,0.05357142857142857,0.10714285714285714,0.08928571428571429,0.03571428571428571,0.10714285714285714,0.0,0.17857142857142858,0.0,0.017857142857142856,0.017857142857142856,0.03571428571428571,0.03571428571428571,0.0,0.0,0.0
213,0.11267605633802817,0.03286384976525822,0.04225352112676056,0.0892018779342723,0.06572769953051644,0.046948356807511735,0.13615023474178403,0.023474178403755867,0.13615023474178403,0.06572769953051644,0.09389671361502347,0.018779342723004695,0.0,0.06572769953051644,0.004694835680751174,0.03286384976525822,0.0,0.03286384976525822,0.0
214,0.10638297872340426,0.0425531914893617,0.06382978723404255,0.1276595744680851,0.0851063829787234,0.10638297872340426,0.0851063829787234,0.02127659574468085,0.10638297872340426,0.0,0.1276595744680851,0.0,0.0,0.0425531914893617,0.0425531914893617,0.0425531914893617,0.0,0.0,0.0
216,0.04,0.043333333333333335,0.04666666666666667,0.25666666666666665,0.04666666666666667,0.11,0.03333333333333333,0.05,0.06333333333333334,0.006666666666666667,0.15333333333333332,0.013333333333333334,0.01,0.023333333333333334,0.056666666666666664,0.02,0.02,0.0033333333333333335,0.0033333333333333335
217,0.10450297366185217,0.015293118096856415,0.041631265930331354,0.18861512319456245,0.044180118946474084,0.0475785896346644,0.14868309260832624,0.056074766355140186,0.10195412064570943,0.015293118096856415,0.10365335598980459,0.01954120645709431,0.0076465590484282074,0.06711979609175871,0.016992353440951572,0.01954120645709431,0.0016992353440951572,0.0,0.0
219,0.10391978122151321,0.020054694621695533,0.0300820419325433,0.13309024612579762,0.040109389243391066,0.044667274384685506,0.15679124886052873,0.07930720145852324,0.12944393801276208,0.02187784867821331,0.09298085688240657,0.007292616226071103,0.0027347310847766638,0.07657247037374658,0.010027347310847767,0.02917046490428441,0.0054694621695533276,0.014585232452142206,0.0018231540565177757
220,0.14526315789473684,0.04842105263157895,0.05263157894736842,0.12,0.042105263157894736,0.04,0.14947368421052631,0.04421052631578947,0.09894736842105263,0.00631578947368421,0.08842105263157894,0.010526315789473684,0.00631578947368421,0.09052631578947369,0.010526315789473684,0.010526315789473684,0.0,0.03368421052631579,0.002105263157894737
223,0.10526315789473684,0.05263157894736842,0.05847953216374269,0.1286549707602339,0.06432748538011696,0.08771929824561403,0.08187134502923976,0.04093567251461988,0.08771929824561403,0.011695906432748537,0.11695906432748537,0.011695906432748537,0.005847953216374269,0.04093567251461988,0.029239766081871343,0.03508771929824561,0.005847953216374269,0.029239766081871343,0.005847953216374269
226,0.08284023668639054,0.02564102564102564,0.045364891518737675,0.21992110453648916,0.05621301775147929,0.07593688362919132,0.07790927021696252,0.0621301775147929,0.0631163708086785,0.026627218934911243,0.1282051282051282,0.008875739644970414,0.008875739644970414,0.05029585798816568,0.02564102564102564,0.027613412228796843,0.0,0.010848126232741617,0.0039447731755424065
229,0.08955223880597014,0.007462686567164179,0.029850746268656716,0.1865671641791045,0.029850746268656716,0.08955223880597014,0.12686567164179105,0.06716417910447761,0.13432835820895522,0.0,0.15671641791044777,0.022388059701492536,0.007462686567164179,0.03731343283582089,0.0,0.007462686567164179,0.0,0.007462686567164179,0.0
232,0.08379272326350606,0.03197353914002205,0.047409040793825796,0.1587651598676957,0.04575523704520397,0.0639470782800441,0.1113561190738699,0.057883131201764054,0.09647188533627343,0.03197353914002205,0.13230429988974643,0.013781697905181918,0.002205071664829107,0.051267916207276734,0.022601984564498346,0.024255788313120176,0.0005512679162072767,0.017089305402425578,0.006615214994487321
233,0.09621993127147767,0.030927835051546393,0.03436426116838488,0.10309278350515463,0.058419243986254296,0.041237113402061855,0.09965635738831616,0.08247422680412371,0.08934707903780069,0.003436426116838488,0.18900343642611683,0.030927835051546393,0.003436426116838488,0.058419243986254296,0.010309278350515464,0.03436426116838488,0.003436426116838488,0.027491408934707903,0.003436426116838488
234,0.15261044176706828,0.060240963855421686,0.12449799196787148,0.1285140562248996,0.0642570281124498,0.03413654618473896,0.13453815261044177,0.03614457831325301,0.040160642570281124,0.010040160642570281,0.0783132530120482,0.008032128514056224,0.012048192771084338,0.06827309236947791,0.03614457831325301,0.012048192771084338,0.0,0.0,0.0
239,0.09816971713810316,0.016638935108153077,0.018302828618968387,0.1064891846921797,0.04159733777038269,0.051580698835274545,0.1464226289517471,0.07986688851913477,0.11480865224625623,0.009983361064891847,0.1464226289517471,0.02329450915141431,0.009983361064891847,0.07820299500831947,0.0066555740432612314,0.021630615640599003,0.0033277870216306157,0.021630615640599003,0.004991680532445923
240,0.10676156583629894,0.03558718861209965,0.07829181494661921,0.15658362989323843,0.042704626334519574,0.07473309608540925,0.12099644128113879,0.03202846975088968,0.08185053380782918,0.0071174377224199285,0.11743772241992882,0.017793594306049824,0.017793594306049824,0.06405693950177936,0.03202846975088968,0.0071174377224199285,0.0,0.0071174377224199285,0.0
247,0.12968299711815562,0.05187319884726225,0.05475504322766571,0.08069164265129683,0.06340057636887608,0.043227665706051875,0.11527377521613832,0.040345821325648415,0.07780979827089338,0.0,0.12968299711815562,0.020172910662824207,0.005763688760806916,0.07492795389048991,0.020172910662824207,0.0345821325648415,0.002881844380403458,0.05475504322766571,0.0
249,0.09549624687239366,0.02585487906588824,0.02543786488740617,0.1346955796497081,0.042952460383653045,0.040033361134278564,0.1501251042535446,0.05921601334445371,0.12051709758131776,0.0316930775646372,0.10258548790658882,0.01292743953294412,0.004170141784820684,0.07964970809007506,0.0079232693911593,0.029608006672226857,0.0016680567139282735,0.03336113427856547,0.002085070892410342
252,0.125,0.15,0.11666666666666667,0.15833333333333333,0.11666666666666667,0.041666666666666664,0.06666666666666667,0.008333333333333333,0.016666666666666666,0.0,0.1,0.0,0.0,0.03333333333333333,0.025,0.016666666666666666,0.0,0.025,0.0
254,0.09274193548387097,0.020161290322580645,0.024193548387096774,0.0846774193548387,0.016129032258064516,0.05241935483870968,0.10887096774193548,0.09274193548387097,0.13306451612903225,0.012096774193548387,0.17338709677419356,0.024193548387096774,0.004032258064516129,0.06451612903225806,0.008064516129032258,0.056451612903225805,0.008064516129032258,0.016129032258064516,0.008064516129032258
263,0.08522727272727272,0.022727272727272728,0.028409090909090908,0.1846590909090909,0.036931818181818184,0.17329545454545456,0.07102272727272728,0.036931818181818184,0.05397727272727273,0.0,0.19886363636363635,0.017045454545454544,0.002840909090909091,0.02556818181818182,0.017045454545454544,0.022727272727272728,0.005681818181818182,0.008522727272727272,0.008522727272727272
264,0.14184397163120568,0.07092198581560284,0.0851063829787234,0.07092198581560284,0.0425531914893617,0.06382978723404255,0.09929078014184398,0.0,0.07801418439716312,0.0070921985815602835,0.12056737588652482,0.0425531914893617,0.0,0.07801418439716312,0.06382978723404255,0.02127659574468085,0.0,0.014184397163120567,0.0
266,0.08928571428571429,0.005952380952380952,0.011904761904761904,0.19642857142857142,0.041666666666666664,0.047619047619047616,0.13095238095238096,0.08035714285714286,0.11607142857142858,0.01488095238095238,0.13988095238095238,0.026785714285714284,0.005952380952380952,0.05952380952380952,0.005952380952380952,0.020833333333333332,0.002976190476190476,0.0,0.002976190476190476
269,0.09615384615384616,0.019230769230769232,0.057692307692307696,0.15384615384615385,0.038461538461538464,0.07692307692307693,0.15384615384615385,0.09615384615384616,0.1346153846153846,0.0,0.09615384615384616,0.0,0.0,0.038461538461538464,0.019230769230769232,0.019230769230769232,0.0,0.0,0.0
270,0.1,0.02857142857142857,0.04285714285714286,0.15714285714285714,0.04285714285714286,0.08571428571428572,0.12857142857142856,0.07142857142857142,0.12857142857142856,0.0,0.12857142857142856,0.0,0.0,0.02857142857142857,0.02857142857142857,0.02857142857142857,0.0,0.0,0.0
273,0.07377049180327869,0.040983606557377046,0.06557377049180328,0.23770491803278687,0.04918032786885246,0.09016393442622951,0.04918032786885246,0.05737704918032787,0.07377049180327869,0.01639344262295082,0.13934426229508196,0.00819672131147541,0.00819672131147541,0.040983606557377046,0.03278688524590164,0.0,0.0,0.01639344262295082,0.0
274,0.07983193277310924,0.022536287242169595,0.041634835752482814,0.15546218487394958,0.04583651642475172,0.03666921313980138,0.12337662337662338,0.06226126814362108,0.12032085561497326,0.06646294881588999,0.10504201680672269,0.009549274255156608,0.006493506493506494,0.06608097784568373,0.014514896867838044,0.027119938884644767,0.0015278838808250573,0.01145912910618793,0.0038197097020626434
275,0.04426229508196721,0.013114754098360656,0.018032786885245903,0.25245901639344265,0.03114754098360656,0.1180327868852459,0.03114754098360656,0.07540983606557378,0.06557377049180328,0.003278688524590164,0.23934426229508196,0.018032786885245903,0.006557377049180328,0.027868852459016394,0.006557377049180328,0.027868852459016394,0.011475409836065573,0.0,0.009836065573770493
276,0.14285714285714285,0.03896103896103896,0.1038961038961039,0.2857142857142857,0.07792207792207792,0.05194805194805195,0.06493506493506493,0.0,0.03896103896103896,0.012987012987012988,0.06493506493506493,0.025974025974025976,0.0,0.05194805194805195,0.012987012987012988,0.012987012987012988,0.0,0.012987012987012988,0.0
277,0.1346153846153846,0.038461538461538464,0.07692307692307693,0.21153846153846154,0.057692307692307696,0.038461538461538464,0.15384615384615385,0.0,0.11538461538461539,0.0,0.057692307692307696,0.0,0.0,0.09615384615384616,0.019230769230769232,0.0,0.0,0.0,0.0
279,0.09164420485175202,0.013477088948787063,0.01078167115902965,0.0889487870619946,0.018867924528301886,0.018867924528301886,0.1725067385444744,0.07816711590296496,0.1347708894878706,0.016172506738544475,0.12668463611859837,0.026954177897574125,0.008086253369272238,0.10512129380053908,0.008086253369272238,0.0431266846361186,0.0026954177897574125,0.03504043126684636,0.0
280,0.05571847507331378,0.017595307917888565,0.03519061583577713,0.2668621700879765,0.0469208211143695,0.17595307917888564,0.05571847507331378,0.04985337243401759,0.03519061583577713,0.002932551319648094,0.17595307917888564,0.01466275659824047,0.0,0.020527859237536656,0.020527859237536656,0.008797653958944282,0.0,0.01466275659824047,0.002932551319648094
282,0.082039911308204,0.028824833702882482,0.03325942350332594,0.18625277161862527,0.04656319290465632,0.06430155210643015,0.082039911308204,0.08425720620842572,0.07760532150776053,0.0066518847006651885,0.17516629711751663,0.026607538802660754,0.004434589800443459,0.037694013303769404,0.019955654101995565,0.022172949002217297,0.0,0.011086474501108648,0.011086474501108648
283,0.04477611940298507,0.014925373134328358,0.029850746268656716,0.29850746268656714,0.05970149253731343,0.14925373134328357,0.05970149253731343,0.05970149253731343,0.07462686567164178,0.014925373134328358,0.13432835820895522,0.029850746268656716,0.0,0.014925373134328358,0.0,0.0,0.0,0.014925373134328358,0.0
288,0.09484536082474226,0.026288659793814433,0.05154639175257732,0.15618556701030928,0.042268041237113405,0.06701030927835051,0.08762886597938144,0.04793814432989691,0.08041237113402062,0.032474226804123714,0.15463917525773196,0.01958762886597938,0.01288659793814433,0.06907216494845361,0.020618556701030927,0.025257731958762887,0.002577319587628866,0.007731958762886598,0.0010309278350515464
290,0.04878048780487805,0.007317073170731708,0.01707317073170732,0.1073170731707317,0.02195121951219512,0.08780487804878048,0.05609756097560976,0.07804878048780488,0.0975609756097561,0.02926829268292683,0.275609756097561,0.036585365853658534,0.012195121951219513,0.02926829268292683,0.01707317073170732,0.04390243902439024,0.01951219512195122,0.004878048780487805,0.00975609756097561
291,0.2169811320754717,0.0660377358490566,0.0660377358490566,0.05660377358490566,0.12264150943396226,0.018867924528301886,0.11320754716981132,0.009433962264150943,0.04716981132075472,0.0,0.0660377358490566,0.009433962264150943,0.0,0.07547169811320754,0.0,0.02830188679245283,0.0,0.10377358490566038,0.0
292,0.12143514259429623,0.035878564857405704,0.051517939282428704,0.11591536338546458,0.040478380864765406,0.04139834406623735,0.15731370745170192,0.04783808647654094,0.10671573137074516,0.011039558417663294,0.09659613615455381,0.011959521619135235,0.007359705611775529,0.08003679852805888,0.013799448022079117,0.017479300827966882,0.0,0.04139834406623735,0.0018399264029438822
293,0.04,0.04,0.06,0.16,0.04,0.04,0.12,0.08,0.14,0.04,0.12,0.02,0.0,0.04,0.02,0.02,0.02,0.0,0.0
298,0.09151047409040794,0.015435501653803748,0.014332965821389196,0.2089305402425579,0.04299889746416759,0.06670341786108049,0.12293274531422271,0.05402425578831312,0.07442116868798236,0.018743109151047408,0.12954796030871002,0.010474090407938258,0.004961411245865491,0.08213891951488424,0.005512679162072767,0.022050716648291068,0.0016538037486218302,0.02866593164277839,0.004961411245865491
304,0.1074561403508772,0.03070175438596491,0.043859649122807015,0.125,0.03508771929824561,0.08991228070175439,0.125,0.046052631578947366,0.08333333333333333,0.013157894736842105,0.14912280701754385,0.019736842105263157,0.008771929824561403,0.07675438596491228,0.03070175438596491,0.010964912280701754,0.0,0.0043859649122807015,0.0
307,0.06502636203866433,0.016403046280023433,0.0351493848857645,0.23432923257176333,0.04159343878148799,0.08201523140011717,0.06444053895723492,0.06033977738722906,0.0913884007029877,0.05272407732864675,0.14528412419449327,0.009373169302870533,0.0046865846514352666,0.03456356180433509,0.0210896309314587,0.029876977152899824,0.0023432923257176333,0.007615700058582308,0.0017574692442882249
314,0.10877192982456141,0.02456140350877193,0.03508771929824561,0.14385964912280702,0.03508771929824561,0.08771929824561403,0.1368421052631579,0.042105263157894736,0.09473684210526316,0.014035087719298246,0.12631578947368421,0.02456140350877193,0.017543859649122806,0.07368421052631578,0.017543859649122806,0.010526315789473684,0.0,0.007017543859649123,0.0
322,0.08284023668639054,0.01775147928994083,0.04142011834319527,0.1952662721893491,0.0650887573964497,0.08875739644970414,0.07100591715976332,0.05917159763313609,0.08875739644970414,0.005917159763313609,0.1893491124260355,0.023668639053254437,0.0,0.029585798816568046,0.005917159763313609,0.011834319526627219,0.005917159763313609,0.011834319526627219,0.005917159763313609
323,0.0979381443298969,0.03608247422680412,0.05670103092783505,0.10824742268041238,0.015463917525773196,0.07216494845360824,0.0979381443298969,0.05154639175257732,0.06701030927835051,0.005154639175257732,0.18556701030927836,0.03608247422680412,0.005154639175257732,0.07731958762886598,0.02577319587628866,0.010309278350515464,0.0,0.05154639175257732,0.0
328,0.1157167530224525,0.06563039723661486,0.07426597582037997,0.12607944732297063,0.06735751295336788,0.044905008635578586,0.09671848013816926,0.05008635578583765,0.05872193436960276,0.013816925734024179,0.10362694300518134,0.017271157167530225,0.010362694300518135,0.06217616580310881,0.03626943005181347,0.02072538860103627,0.0017271157167530224,0.03281519861830743,0.0017271157167530224
330,0.08085106382978724,0.019148936170212766,0.036170212765957444,0.15531914893617021,0.04680851063829787,0.06595744680851064,0.10638297872340426,0.06595744680851064,0.08723404255319149,0.02127659574468085,0.15531914893617021,0.01702127659574468,0.00851063829787234,0.08297872340425531,0.01702127659574468,0.023404255319148935,0.0,0.010638297872340425,0.0
332,0.09276437847866419,0.016697588126159554,0.01855287569573284,0.09090909090909091,0.04638218923933209,0.04638218923933209,0.1391465677179963,0.0686456400742115,0.09833024118738404,0.01855287569573284,0.15584415584415584,0.03710575139146568,0.00927643784786642,0.09461966604823747,0.00927643784786642,0.02040816326530612,0.0055658627087198514,0.03153988868274583,0.0
334,0.12171052631578948,0.05921052631578947,0.05592105263157895,0.16447368421052633,0.05263157894736842,0.09868421052631579,0.08881578947368421,0.03289473684210526,0.05263157894736842,0.019736842105263157,0.10197368421052631,0.013157894736842105,0.003289473684210526,0.0625,0.03289473684210526,0.019736842105263157,0.0,0.019736842105263157,0.0
336,0.05128205128205128,0.03418803418803419,0.02564102564102564,0.1452991452991453,0.03418803418803419,0.09401709401709402,0.1282051282051282,0.08547008547008547,0.09401709401709402,0.017094017094017096,0.1623931623931624,0.042735042735042736,0.008547008547008548,0.017094017094017096,0.017094017094017096,0.02564102564102564,0.008547008547008548,0.008547008547008548,0.0
337,0.0625,0.0078125,0.0390625,0.1328125,0.015625,0.0859375,0.1171875,0.078125,0.125,0.0078125,0.21875,0.0234375,0.015625,0.0390625,0.015625,0.015625,0.0,0.0,0.0
339,0.09090909090909091,0.01871657754010695,0.020053475935828877,0.0855614973262032,0.03609625668449198,0.04679144385026738,0.09491978609625669,0.06149732620320856,0.11096256684491979,0.01871657754010695,0.19919786096256684,0.03609625668449198,0.008021390374331552,0.06951871657754011,0.00267379679144385,0.0374331550802139,0.0066844919786096255,0.04411764705882353,0.012032085561497326
341,0.13076923076923078,0.046153846153846156,0.06153846153846154,0.23846153846153847,0.046153846153846156,0.05384615384615385,0.11538461538461539,0.038461538461538464,0.07692307692307693,0.007692307692307693,0.06923076923076923,0.015384615384615385,0.007692307692307693,0.06923076923076923,0.007692307692307693,0.007692307692307693,0.0,0.007692307692307693,0.0
347,0.1271186440677966,0.03389830508474576,0.05084745762711865,0.1440677966101695,0.0423728813559322,0.1016949152542373,0.1271186440677966,0.025423728813559324,0.09322033898305085,0.0,0.09322033898305085,0.025423728813559324,0.01694915254237288,0.059322033898305086,0.025423728813559324,0.01694915254237288,0.0,0.01694915254237288,0.0
350,0.13513513513513514,0.04054054054054054,0.05405405405405406,0.17567567567567569,0.05405405405405406,0.08108108108108109,0.10810810810810811,0.02702702702702703,0.13513513513513514,0.013513513513513514,0.08108108108108109,0.0,0.0,0.05405405405405406,0.02702702702702703,0.013513513513513514,0.0,0.0,0.0
353,0.07567567567567568,0.021621621621621623,0.03783783783783784,0.16216216216216217,0.016216216216216217,0.07027027027027027,0.14594594594594595,0.08108108108108109,0.11891891891891893,0.021621621621621623,0.10810810810810811,0.016216216216216217,0.02702702702702703,0.05405405405405406,0.016216216216216217,0.016216216216216217,0.0,0.005405405405405406,0.005405405405405406
357,0.06684856753069578,0.030013642564802184,0.04365620736698499,0.17326057298772168,0.058663028649386086,0.1077762619372442,0.04911323328785812,0.05320600272851296,0.06002728512960437,0.017735334242837655,0.17735334242837653,0.015006821282401092,0.008185538881309686,0.036834924965893585,0.03819918144611187,0.02455661664392906,0.002728512960436562,0.019099590723055934,0.017735334242837655
359,0.11688311688311688,0.01948051948051948,0.05194805194805195,0.12337662337662338,0.045454545454545456,0.09740259740259741,0.08441558441558442,0.025974025974025976,0.1038961038961039,0.012987012987012988,0.16883116883116883,0.006493506493506494,0.01948051948051948,0.07792207792207792,0.01948051948051948,0.01948051948051948,0.0,0.006493506493506494,0.0
364,0.16216216216216217,0.02702702702702703,0.05405405405405406,0.05405405405405406,0.05405405405405406,0.02702702702702703,0.1891891891891892,0.05405405405405406,0.21621621621621623,0.0,0.05405405405405406,0.0,0.0,0.02702702702702703,0.02702702702702703,0.05405405405405406,0.0,0.0,0.0
367,0.0705521472392638,0.027607361963190184,0.05521472392638037,0.25766871165644173,0.05828220858895705,0.1441717791411043,0.046012269938650305,0.015337423312883436,0.03067484662576687,0.012269938650306749,0.1901840490797546,0.009202453987730062,0.012269938650306749,0.03374233128834356,0.015337423312883436,0.015337423312883436,0.003067484662576687,0.003067484662576687,0.0
372,0.060267857142857144,0.024553571428571428,0.04017857142857143,0.11160714285714286,0.026785714285714284,0.08928571428571429,0.08258928571428571,0.07142857142857142,0.10714285714285714,0.017857142857142856,0.20982142857142858,0.03125,0.011160714285714286,0.04241071428571429,0.029017857142857144,0.03125,0.008928571428571428,0.004464285714285714,0.0
373,0.08080808080808081,0.015151515151515152,0.05555555555555555,0.11616161616161616,0.04040404040404041,0.07575757575757576,0.12121212121212122,0.06565656565656566,0.11616161616161616,0.010101010101010102,0.1717171717171717,0.025252525252525252,0.015151515151515152,0.05555555555555555,0.010101010101010102,0.020202020202020204,0.0,0.005050505050505051,0.0
378,0.07692307692307693,0.04395604395604396,0.04395604395604396,0.06593406593406594,0.04395604395604396,0.01098901098901099,0.10989010989010989,0.08791208791208792,0.12087912087912088,0.01098901098901099,0.18681318681318682,0.02197802197802198,0.01098901098901099,0.054945054945054944,0.0,0.04395604395604396,0.0,0.06593406593406594,0.0
380,0.1083969465648855,0.03206106870229008,0.04312977099236641,0.10076335877862595,0.0549618320610687,0.025572519083969465,0.16259541984732825,0.05114503816793893,0.11793893129770992,0.05152671755725191,0.08435114503816794,0.010687022900763359,0.0061068702290076335,0.08854961832061069,0.01450381679389313,0.025572519083969465,0.0011450381679389313,0.020229007633587787,0.0007633587786259542
381,0.12841253791708795,0.04853387259858443,0.06572295247724974,0.14762386248736098,0.0717896865520728,0.06875631951466127,0.09302325581395349,0.033367037411526794,0.07280080889787664,0.014155712841253791,0.10616784630940344,0.006066734074823054,0.005055611729019211,0.06673407482305359,0.0262891809908999,0.017189079878665317,0.0,0.023255813953488372,0.005055611729019211
382,0.140117994100295,0.03982300884955752,0.0471976401179941,0.14601769911504425,0.05604719764011799,0.06489675516224189,0.1430678466076696,0.038348082595870206,0.08259587020648967,0.014749262536873156,0.07817109144542773,0.017699115044247787,0.0029498525073746312,0.06932153392330384,0.01327433628318584,0.011799410029498525,0.0,0.03392330383480826,0.0
385,0.08661417322834646,0.03412073490813648,0.06036745406824147,0.12860892388451445,0.05249343832020997,0.07349081364829396,0.09186351706036745,0.049868766404199474,0.07874015748031496,0.013123359580052493,0.1732283464566929,0.02099737532808399,0.01837270341207349,0.05249343832020997,0.04199475065616798,0.010498687664041995,0.0026246719160104987,0.005249343832020997,0.005249343832020997
389,0.11764705882352941,0.0196078431372549,0.0196078431372549,0.1568627450980392,0.0196078431372549,0.0784313725490196,0.1568627450980392,0.0784313725490196,0.17647058823529413,0.0,0.11764705882352941,0.0,0.0,0.0196078431372549,0.0,0.0392156862745098,0.0,0.0,0.0
391,0.07738998482549317,0.013657056145675266,0.019726858877086494,0.13960546282245828,0.025796661608497723,0.08801213960546282,0.08801213960546282,0.06069802731411229,0.10773899848254932,0.01669195751138088,0.19271623672230653,0.025796661608497723,0.007587253414264037,0.05918057663125948,0.019726858877086494,0.04400606980273141,0.009104704097116844,0.004552352048558422,0.0
396,0.10909090909090909,0.07272727272727272,0.07272727272727272,0.14545454545454545,0.09090909090909091,0.05454545454545454,0.07272727272727272,0.05454545454545454,0.10909090909090909,0.0,0.12727272727272726,0.0,0.0,0.01818181818181818,0.0,0.07272727272727272,0.0,0.0,0.0
399,0.1323529411764706,0.07352941176470588,0.07352941176470588,0.11764705882352941,0.058823529411764705,0.04411764705882353,0.11764705882352941,0.07352941176470588,0.058823529411764705,0.0,0.11764705882352941,0.04411764705882353,0.0,0.058823529411764705,0.0,0.014705882352941176,0.0,0.014705882352941176,0.0
401,0.1453287197231834,0.17647058823529413,0.16262975778546712,0.1522491349480969,0.07612456747404844,0.05190311418685121,0.04152249134948097,0.0034602076124567475,0.006920415224913495,0.0034602076124567475,0.04844290657439446,0.0034602076124567475,0.0034602076124567475,0.031141868512110725,0.05190311418685121,0.0034602076124567475,0.0,0.03806228373702422,0.0
411,0.0796812749003984,0.00796812749003984,0.027888446215139442,0.1553784860557769,0.0199203187250996,0.11553784860557768,0.099601593625498,0.04780876494023904,0.11553784860557768,0.00796812749003984,0.199203187250996,0.02390438247011952,0.02390438247011952,0.0398406374501992,0.00398406374501992,0.02390438247011952,0.0,0.00398406374501992,0.00398406374501992
412,0.06097560975609756,0.006097560975609756,0.036585365853658534,0.21951219512195122,0.036585365853658534,0.12804878048780488,0.054878048780487805,0.054878048780487805,0.08536585365853659,0.012195121951219513,0.14634146341463414,0.006097560975609756,0.006097560975609756,0.03048780487804878,0.006097560975609756,0.06707317073170732,0.018292682926829267,0.006097560975609756,0.018292682926829267
414,0.0704016913319239,0.01733615221987315,0.024312896405919663,0.16596194503171247,0.03255813953488372,0.07970401691331924,0.10295983086680761,0.06300211416490487,0.09302325581395349,0.018816067653276956,0.19556025369978858,0.019238900634249472,0.008033826638477801,0.05179704016913319,0.01649048625792812,0.021775898520084568,0.0021141649048625794,0.01014799154334038,0.006765327695560253
420,0.09225092250922509,0.02952029520295203,0.03690036900369004,0.16236162361623616,0.05904059040590406,0.06273062730627306,0.09225092250922509,0.033210332103321034,0.07011070110701106,0.04428044280442804,0.13653136531365315,0.025830258302583026,0.0,0.06273062730627306,0.02952029520295203,0.025830258302583026,0.007380073800738007,0.01107011070110701,0.01845018450184502
422,0.04964539007092199,0.0070921985815602835,0.02127659574468085,0.14184397163120568,0.03546099290780142,0.05673758865248227,0.09219858156028368,0.04964539007092199,0.10638297872340426,0.05673758865248227,0.1702127659574468,0.04964539007092199,0.03546099290780142,0.05673758865248227,0.0,0.05673758865248227,0.014184397163120567,0.0,0.0
432,0.08143939393939394,0.02462121212121212,0.032196969696969696,0.07007575757575757,0.028409090909090908,0.07954545454545454,0.10227272727272728,0.07575757575757576,0.13257575757575757,0.02462121212121212,0.1875,0.02462121212121212,0.001893939393939394,0.058712121212121215,0.005681818181818182,0.045454545454545456,0.001893939393939394,0.022727272727272728,0.0
434,0.10707070707070707,0.028282828282828285,0.03434343434343434,0.1111111111111111,0.03636363636363636,0.052525252525252523,0.1292929292929293,0.06868686868686869,0.10505050505050505,0.022222222222222223,0.13535353535353536,0.022222222222222223,0.00404040404040404,0.08686868686868687,0.010101010101010102,0.024242424242424242,0.0,0.020202020202020204,0.00202020202020202
436,0.08878504672897196,0.04672897196261682,0.08411214953271028,0.20093457943925233,0.04205607476635514,0.0794392523364486,0.08878504672897196,0.03271028037383177,0.08411214953271028,0.004672897196261682,0.13551401869158877,0.018691588785046728,0.009345794392523364,0.03271028037383177,0.037383177570093455,0.004672897196261682,0.0,0.009345794392523364,0.0
438,0.09197194076383476,0.020265003897116135,0.02260327357755261,0.1558846453624318,0.036632891660171474,0.08261886204208885,0.15120810600155885,0.06625097427903351,0.10210444271239283,0.010911925175370226,0.1332813717848792,0.01558846453624318,0.004676539360872954,0.0646921278254092,0.012470771628994544,0.013250194855806703,0.001558846453624318,0.009353078721745909,0.004676539360872954
443,0.08641975308641975,0.012345679012345678,0.012345679012345678,0.06172839506172839,0.012345679012345678,0.07407407407407407,0.1111111111111111,0.07407407407407407,0.09876543209876543,0.037037037037037035,0.19753086419753085,0.024691358024691357,0.0,0.1111111111111111,0.0,0.012345679012345678,0.0,0.07407407407407407,0.0
448,0.08768500418877409,0.017872102764590895,0.026808154146886344,0.20329516894722144,0.03434794750069813,0.05166154705389556,0.13180675788885787,0.06702038536721586,0.09299078469701201,0.016475844736107234,0.1270594805920134,0.012007819044959508,0.008377548170901982,0.06339011449315833,0.012287070650656241,0.020943870427254957,0.0008377548170901983,0.020943870427254957,0.004188774085450991
451,0.1076923076923077,0.03076923076923077,0.046153846153846156,0.13846153846153847,0.046153846153846156,0.1076923076923077,0.12307692307692308,0.046153846153846156,0.15384615384615385,0.0,0.12307692307692308,0.0,0.0,0.03076923076923077,0.03076923076923077,0.015384615384615385,0.0,0.0,0.0
453,0.07735849056603773,0.016981132075471698,0.016981132075471698,0.20943396226415095,0.024528301886792454,0.0830188679245283,0.1018867924528302,0.07547169811320754,0.11509433962264151,0.018867924528301886,0.1471698113207547,0.020754716981132074,0.005660377358490566,0.045283018867924525,0.005660377358490566,0.03207547169811321,0.0018867924528301887,0.0018867924528301887,0.0
456,0.09090909090909091,0.030303030303030304,0.07575757575757576,0.22727272727272727,0.045454545454545456,0.07575757575757576,0.07575757575757576,0.045454545454545456,0.12121212121212122,0.015151515151515152,0.12121212121212122,0.0,0.0,0.015151515151515152,0.015151515151515152,0.045454545454545456,0.0,0.0,0.0
460,0.125,0.052083333333333336,0.0625,0.09375,0.057291666666666664,0.0625,0.09895833333333333,0.052083333333333336,0.078125,0.005208333333333333,0.140625,0.010416666666666666,0.0,0.08854166666666667,0.0,0.036458333333333336,0.0,0.036458333333333336,0.0
462,0.05898876404494382,0.007022471910112359,0.008426966292134831,0.14747191011235955,0.03089887640449438,0.060393258426966294,0.07865168539325842,0.07162921348314606,0.08567415730337079,0.023876404494382022,0.22893258426966293,0.026685393258426966,0.009831460674157303,0.054775280898876406,0.008426966292134831,0.025280898876404494,0.011235955056179775,0.009831460674157303,0.05196629213483146
468,0.11578947368421053,0.042105263157894736,0.05263157894736842,0.10526315789473684,0.031578947368421054,0.042105263157894736,0.11578947368421053,0.08421052631578947,0.12631578947368421,0.0,0.12631578947368421,0.031578947368421054,0.031578947368421054,0.031578947368421054,0.031578947368421054,0.010526315789473684,0.0,0.021052631578947368,0.0
469,0.0925,0.00625,0.00875,0.14875,0.0325,0.075,0.1175,0.05625,0.1125,0.0275,0.15125,0.02125,0.0075,0.09375,0.00875,0.02875,0.01125,0.0,0.0
470,0.09375,0.020833333333333332,0.041666666666666664,0.140625,0.036458333333333336,0.08333333333333333,0.11458333333333333,0.06770833333333333,0.13020833333333334,0.0,0.15625,0.03125,0.010416666666666666,0.03125,0.020833333333333332,0.010416666666666666,0.0,0.010416666666666666,0.0
471,0.0963855421686747,0.07228915662650602,0.07228915662650602,0.12048192771084337,0.07228915662650602,0.060240963855421686,0.0963855421686747,0.03614457831325301,0.060240963855421686,0.012048192771084338,0.10843373493975904,0.04819277108433735,0.0,0.060240963855421686,0.024096385542168676,0.012048192771084338,0.0,0.04819277108433735,0.0
474,0.055145880089772364,0.014748316768194934,0.02436678422571337,0.17633857005450465,0.03013786470022443,0.11734530298172491,0.04809233728759218,0.05161910868868227,0.07053542802180186,0.019878166078871433,0.23982045527412632,0.02244309073420968,0.010259698621352998,0.033985251683231806,0.030458480282141712,0.027893555626803464,0.009618467457518435,0.004488618146841937,0.012824623276691247
476,0.0963855421686747,0.060240963855421686,0.09036144578313253,0.14457831325301204,0.04216867469879518,0.12650602409638553,0.07228915662650602,0.030120481927710843,0.08433734939759036,0.0,0.15060240963855423,0.012048192771084338,0.012048192771084338,0.018072289156626505,0.04819277108433735,0.0,0.0,0.012048192771084338,0.0
477,0.09786476868327403,0.027580071174377226,0.045373665480427046,0.16370106761565836,0.05516014234875445,0.04359430604982206,0.10231316725978648,0.036476868327402136,0.07473309608540925,0.026690391459074734,0.13523131672597866,0.011565836298932384,0.0071174377224199285,0.10765124555160142,0.010676156583629894,0.027580071174377226,0.0035587188612099642,0.018683274021352312,0.004448398576512456
480,0.07598197037990985,0.014810045074050225,0.022537025112685124,0.17965228589826143,0.04249839021249195,0.0721184803605924,0.10688989053444946,0.0669671603348358,0.08886027044430135,0.030264005151320026,0.16806181584030908,0.021249195106245976,0.00901481004507405,0.050869285254346426,0.01159047005795235,0.023824855119124275,0.0019317450096587251,0.008370895041854474,0.004507405022537025
483,0.1,0.03958333333333333,0.04722222222222222,0.15833333333333333,0.059722222222222225,0.07708333333333334,0.10555555555555556,0.04722222222222222,0.06736111111111111,0.01875,0.11388888888888889,0.014583333333333334,0.004861111111111111,0.06875,0.027083333333333334,0.020833333333333332,0.0020833333333333333,0.02361111111111111,0.003472222222222222
484,0.043875685557586835,0.04021937842778794,0.056672760511883,0.23583180987202926,0.04936014625228519,0.09506398537477148,0.06581352833638025,0.06398537477148081,0.07678244972577697,0.031078610603290677,0.10786106032906764,0.007312614259597806,0.0,0.031078610603290677,0.029250457038391225,0.043875685557586835,0.003656307129798903,0.016453382084095063,0.0018281535648994515
488,0.07784431137724551,0.059880239520958084,0.0658682634730539,0.2215568862275449,0.08383233532934131,0.11976047904191617,0.017964071856287425,0.029940119760479042,0.017964071856287425,0.0,0.19760479041916168,0.011976047904191617,0.005988023952095809,0.0,0.041916167664670656,0.011976047904191617,0.0,0.023952095808383235,0.011976047904191617
490,0.10050251256281408,0.01507537688442211,0.01507537688442211,0.1708542713567839,0.07035175879396985,0.12562814070351758,0.08542713567839195,0.04522613065326633,0.07035175879396985,0.005025125628140704,0.1708542713567839,0.010050251256281407,0.0,0.035175879396984924,0.0,0.03015075376884422,0.0,0.05025125628140704,0.0
492,0.09090909090909091,0.0213903743315508,0.06417112299465241,0.22459893048128343,0.0374331550802139,0.0481283422459893,0.11764705882352941,0.058823529411764705,0.12834224598930483,0.016042780748663103,0.10695187165775401,0.0053475935828877,0.0,0.0427807486631016,0.016042780748663103,0.0213903743315508,0.0,0.0,0.0
500,0.0783132530120482,0.0963855421686747,0.0783132530120482,0.28313253012048195,0.06626506024096386,0.13855421686746988,0.024096385542168676,0.012048192771084338,0.03614457831325301,0.006024096385542169,0.10240963855421686,0.006024096385542169,0.0,0.024096385542168676,0.04216867469879518,0.0,0.0,0.006024096385542169,0.0
504,0.023529411764705882,0.01764705882352941,0.023529411764705882,0.21764705882352942,0.041176470588235294,0.1588235294117647,0.029411764705882353,0.1,0.08235294117647059,0.0058823529411764705,0.2235294117647059,0.0058823529411764705,0.0,0.0058823529411764705,0.011764705882352941,0.029411764705882353,0.0,0.0058823529411764705,0.01764705882352941
509,0.11581920903954802,0.07062146892655367,0.08662900188323917,0.15065913370998116,0.07909604519774012,0.08286252354048965,0.08192090395480225,0.025423728813559324,0.04143126177024482,0.014124293785310734,0.096045197740113,0.005649717514124294,0.004708097928436911,0.051789077212806026,0.03766478342749529,0.01694915254237288,0.0018832391713747645,0.03672316384180791,0.0
514,0.07218045112781955,0.02556390977443609,0.03609022556390978,0.1593984962406015,0.05413533834586466,0.05413533834586466,0.0962406015037594,0.04661654135338346,0.09022556390977443,0.081203007518797,0.1293233082706767,0.012030075187969926,0.009022556390977444,0.07218045112781955,0.021052631578947368,0.02556390977443609,0.0015037593984962407,0.013533834586466165,0.0
517,0.10384615384615385,0.05512820512820513,0.08461538461538462,0.17307692307692307,0.06282051282051282,0.08974358974358974,0.06025641025641026,0.03461538461538462,0.03974358974358974,0.008974358974358974,0.14102564102564102,0.021794871794871794,0.005128205128205128,0.028205128205128206,0.052564102564102565,0.015384615384615385,0.001282051282051282,0.021794871794871794,0.0
522,0.10025062656641603,0.010025062656641603,0.020050125313283207,0.12531328320802004,0.03508771929824561,0.047619047619047616,0.13032581453634084,0.07017543859649122,0.09523809523809523,0.010025062656641603,0.14536340852130325,0.015037593984962405,0.005012531328320802,0.09523809523809523,0.010025062656641603,0.040100250626566414,0.002506265664160401,0.040100250626566414,0.002506265664160401
524,0.125,0.012096774193548387,0.024193548387096774,0.10887096774193548,0.03225806451612903,0.04032258064516129,0.18548387096774194,0.056451612903225805,0.125,0.016129032258064516,0.12903225806451613,0.028225806451612902,0.012096774193548387,0.0846774193548387,0.008064516129032258,0.008064516129032258,0.0,0.004032258064516129,0.0
525,0.10432330827067669,0.06015037593984962,0.06766917293233082,0.16447368421052633,0.05451127819548872,0.09492481203007519,0.08176691729323309,0.02537593984962406,0.05075187969924812,0.0037593984962406013,0.11842105263157894,0.009398496240601503,0.0009398496240601503,0.05169172932330827,0.046052631578947366,0.011278195488721804,0.0009398496240601503,0.03477443609022556,0.018796992481203006
528,0.0948905109489051,0.021897810218978103,0.021897810218978103,0.0948905109489051,0.029197080291970802,0.029197080291970802,0.12408759124087591,0.11678832116788321,0.11678832116788321,0.0072992700729927005,0.20437956204379562,0.029197080291970802,0.0,0.021897810218978103,0.0,0.029197080291970802,0.0072992700729927005,0.043795620437956206,0.0072992700729927005
529,0.15384615384615385,0.05128205128205128,0.10256410256410256,0.23076923076923078,0.07692307692307693,0.05128205128205128,0.10256410256410256,0.0,0.10256410256410256,0.0,0.05128205128205128,0.0,0.0,0.0,0.05128205128205128,0.02564102564102564,0.0,0.0,0.0
533,0.07692307692307693,0.038461538461538464,0.038461538461538464,0.10256410256410256,0.02564102564102564,0.02564102564102564,0.10256410256410256,0.0641025641025641,0.08974358974358974,0.14102564102564102,0.11538461538461539,0.01282051282051282,0.01282051282051282,0.08974358974358974,0.0,0.05128205128205128,0.0,0.01282051282051282,0.0
534,0.1459909228441755,0.05446293494704992,0.05521936459909228,0.11800302571860817,0.060514372163388806,0.03555219364599092,0.16263237518910742,0.031013615733736764,0.07413010590015129,0.015128593040847202,0.059001512859304085,0.0113464447806354,0.0030257186081694403,0.09833585476550681,0.01739788199697428,0.01059001512859304,0.0007564296520423601,0.046898638426626324,0.0
541,0.11413043478260869,0.03804347826086957,0.043478260869565216,0.15217391304347827,0.02717391304347826,0.07608695652173914,0.1358695652173913,0.05434782608695652,0.10869565217391304,0.016304347826086956,0.10869565217391304,0.016304347826086956,0.021739130434782608,0.04891304347826087,0.021739130434782608,0.010869565217391304,0.0,0.005434782608695652,0.0
544,0.16666666666666666,0.03333333333333333,0.03333333333333333,0.13333333333333333,0.03333333333333333,0.06666666666666667,0.13333333333333333,0.0,0.13333333333333333,0.03333333333333333,0.16666666666666666,0.0,0.0,0.03333333333333333,0.0,0.03333333333333333,0.0,0.0,0.0
550,0.1566265060240964,0.04819277108433735,0.03614457831325301,0.060240963855421686,0.024096385542168676,0.03614457831325301,0.14457831325301204,0.03614457831325301,0.08433734939759036,0.0,0.10843373493975904,0.03614457831325301,0.0,0.1566265060240964,0.0,0.012048192771084338,0.0,0.060240963855421686,0.0
555,0.06857727737973388,0.00511770726714432,0.016376663254861822,0.2323439099283521,0.028659160696008188,0.0767656090071648,0.10133060388945753,0.04503582395087001,0.08188331627430911,0.04605936540429888,0.14841351074718526,0.016376663254861822,0.008188331627430911,0.09621289662231321,0.009211873080859774,0.017400204708290685,0.0010235414534288639,0.0010235414534288639,0.0
559,0.10097719869706841,0.04560260586319218,0.06188925081433225,0.16286644951140064,0.035830618892508145,0.06514657980456026,0.13355048859934854,0.04560260586319218,0.10423452768729642,0.009771986970684038,0.09771986970684039,0.013029315960912053,0.006514657980456026,0.05863192182410423,0.04560260586319218,0.006514657980456026,0.0,0.006514657980456026,0.0
560,0.08185840707964602,0.030973451327433628,0.023230088495575223,0.12831858407079647,0.04092920353982301,0.07079646017699115,0.11946902654867257,0.061946902654867256,0.09402654867256637,0.01991150442477876,0.14601769911504425,0.014380530973451327,0.00995575221238938,0.08296460176991151,0.016592920353982302,0.029867256637168143,0.0022123893805309734,0.018805309734513276,0.007743362831858407
561,0.11502145922746781,0.026609442060085836,0.030042918454935622,0.12188841201716738,0.04721030042918455,0.03776824034334764,0.15793991416309014,0.054935622317596564,0.0927038626609442,0.02145922746781116,0.1055793991416309,0.02317596566523605,0.004291845493562232,0.096137339055794,0.006008583690987125,0.024892703862660945,0.0034334763948497852,0.030901287553648068,0.0
562,0.05895196506550218,0.017467248908296942,0.028384279475982533,0.14192139737991266,0.03275109170305677,0.09606986899563319,0.07205240174672489,0.06550218340611354,0.0982532751091703,0.06550218340611354,0.18777292576419213,0.017467248908296942,0.004366812227074236,0.056768558951965066,0.010917030567685589,0.026200873362445413,0.004366812227074236,0.013100436681222707,0.002183406113537118
567,0.13785310734463277,0.05875706214689266,0.05423728813559322,0.08700564971751412,0.04971751412429379,0.021468926553672316,0.13220338983050847,0.02711864406779661,0.07570621468926554,0.01694915254237288,0.11864406779661017,0.014689265536723164,0.004519774011299435,0.11186440677966102,0.005649717514124294,0.020338983050847456,0.0011299435028248588,0.061016949152542375,0.0011299435028248588
570,0.1116751269035533,0.012690355329949238,0.027918781725888325,0.1116751269035533,0.048223350253807105,0.08121827411167512,0.12690355329949238,0.048223350253807105,0.10406091370558376,0.02030456852791878,0.14720812182741116,0.02030456852791878,0.0025380710659898475,0.09390862944162437,0.0025380710659898475,0.03299492385786802,0.0,0.007614213197969543,0.0
572,0.07392996108949416,0.007782101167315175,0.011673151750972763,0.16342412451361868,0.023346303501945526,0.13618677042801555,0.07003891050583658,0.04669260700389105,0.08560311284046693,0.007782101167315175,0.23346303501945526,0.038910505836575876,0.019455252918287938,0.03501945525291829,0.0038910505836575876,0.03501945525291829,0.0038910505836575876,0.0038910505836575876,0.0
573,0.11450381679389313,0.024427480916030534,0.030534351145038167,0.11145038167938931,0.035114503816793895,0.03358778625954199,0.16793893129770993,0.06412213740458016,0.11450381679389313,0.02900763358778626,0.09312977099236641,0.021374045801526718,0.004580152671755725,0.07938931297709924,0.007633587786259542,0.02900763358778626,0.0030534351145038168,0.03206106870229008,0.004580152671755725
579,0.06878306878306878,0.09523809523809523,0.1111111111111111,0.14285714285714285,0.037037037037037035,0.12698412698412698,0.05291005291005291,0.010582010582010581,0.042328042328042326,0.005291005291005291,0.1693121693121693,0.021164021164021163,0.0,0.031746031746031744,0.07407407407407407,0.005291005291005291,0.0,0.005291005291005291,0.0
580,0.09349112426035502,0.014201183431952662,0.016568047337278107,0.0863905325443787,0.027218934911242602,0.05325443786982249,0.12307692307692308,0.07218934911242604,0.12307692307692308,0.029585798816568046,0.15621301775147928,0.016568047337278107,0.007100591715976331,0.12071005917159763,0.008284023668639054,0.03076923076923077,0.008284023668639054,0.010650887573964497,0.002366863905325444
584,0.08415841584158416,0.034653465346534656,0.054455445544554455,0.1485148514851485,0.024752475247524754,0.09900990099009901,0.12376237623762376,0.04455445544554455,0.10891089108910891,0.009900990099009901,0.12871287128712872,0.01485148514851485,0.0049504950495049506,0.06435643564356436,0.0297029702970297,0.01485148514851485,0.0,0.009900990099009901,0.0
587,0.07250755287009064,0.00906344410876133,0.027190332326283987,0.27794561933534745,0.03625377643504532,0.13897280966767372,0.0513595166163142,0.04229607250755287,0.04229607250755287,0.0030211480362537764,0.18429003021148035,0.015105740181268883,0.015105740181268883,0.04833836858006042,0.015105740181268883,0.01812688821752266,0.0030211480362537764,0.0,0.0
590,0.09706703910614525,0.01675977653631285,0.031424581005586594,0.1424581005586592,0.04120111731843575,0.06215083798882681,0.11592178770949721,0.06215083798882681,0.09916201117318436,0.020251396648044692,0.14455307262569833,0.023743016759776536,0.0111731843575419,0.06075418994413408,0.014664804469273743,0.031424581005586594,0.011871508379888268,0.012569832402234637,0.0006983240223463687
596,0.12943632567849686,0.04384133611691023,0.04279749478079332,0.10020876826722339,0.05845511482254697,0.04801670146137787,0.14718162839248433,0.04175365344467641,0.0709812108559499,0.014613778705636743,0.10438413361169102,0.009394572025052192,0.0041753653444676405,0.10647181628392484,0.014613778705636743,0.026096033402922755,0.0020876826722338203,0.03549060542797495,0.0
597,0.0697084917617237,0.0063371356147021544,0.01394169835234474,0.20405576679340937,0.035487959442332066,0.09505703422053231,0.11406844106463879,0.06463878326996197,0.10392902408111533,0.01394169835234474,0.16223067173637515,0.016476552598225603,0.0076045627376425855,0.035487959442332066,0.017743979721166033,0.029150823827629912,0.0076045627376425855,0.0,0.0025348542458808617
599,0.06614785992217899,0.01580739299610895,0.022859922178988325,0.17193579766536965,0.03599221789883268,0.06614785992217899,0.11527237354085604,0.06687743190661478,0.0958171206225681,0.0311284046692607,0.1617217898832685,0.013861867704280155,0.008268482490272374,0.07028210116731518,0.011429961089494163,0.02456225680933852,0.005350194552529183,0.009970817120622567,0.006566147859922179
600,0.07663690476190477,0.023809523809523808,0.050595238095238096,0.2113095238095238,0.057291666666666664,0.0900297619047619,0.06770833333333333,0.043154761904761904,0.06919642857142858,0.026785714285714284,0.15327380952380953,0.010416666666666666,0.005208333333333333,0.05282738095238095,0.031994047619047616,0.017857142857142856,0.002232142857142857,0.006696428571428571,0.002976190476190476
601,0.11822660098522167,0.07881773399014778,0.07881773399014778,0.07389162561576355,0.054187192118226604,0.054187192118226604,0.10837438423645321,0.034482758620689655,0.07881773399014778,0.0,0.13793103448275862,0.024630541871921183,0.0049261083743842365,0.07389162561576355,0.0,0.034482758620689655,0.0,0.03940886699507389,0.0049261083743842365
603,0.04785362420830401,0.00211118930330753,0.0063335679099225895,0.17030260380014076,0.022519352568613652,0.10767065446868403,0.07178043631245602,0.07107670654468684,0.10063335679099226,0.033075299085151305,0.2343420126671358,0.013370865587614356,0.00844475721323012,0.038001407459535536,0.01618578465869106,0.034482758620689655,0.012667135819845179,0.0,0.009148486980999296
604,0.08900523560209424,0.02617801047120419,0.05235602094240838,0.12041884816753927,0.02617801047120419,0.05235602094240838,0.14136125654450263,0.07329842931937172,0.10471204188481675,0.06282722513089005,0.1256544502617801,0.010471204188481676,0.010471204188481676,0.07853403141361257,0.015706806282722512,0.005235602094240838,0.0,0.005235602094240838,0.0
605,0.13680154142581888,0.04046242774566474,0.07129094412331406,0.13872832369942195,0.1676300578034682,0.08477842003853564,0.08092485549132948,0.017341040462427744,0.030828516377649325,0.017341040462427744,0.0789980732177264,0.01348747591522158,0.005780346820809248,0.03468208092485549,0.04431599229287091,0.009633911368015413,0.0,0.02697495183044316,0.0
606,0.053515868077162417,0.015556938394523958,0.017423771001866834,0.16303671437461106,0.03484754200373367,0.13814561294337274,0.05538270068450529,0.053515868077162417,0.07654013690105788,0.016801493466085875,0.24828873677660238,0.021157436216552583,0.005600497822028625,0.031736154324828875,0.021157436216552583,0.03235843186060983,0.00373366521468575,0.008711885500933417,0.002489110143123833
607,0.08695652173913043,0.017391304347826087,0.043478260869565216,0.11594202898550725,0.043478260869565216,0.05507246376811594,0.14202898550724638,0.0463768115942029,0.10434782608695652,0.06086956521739131,0.15072463768115943,0.011594202898550725,0.005797101449275362,0.07246376811594203,0.008695652173913044,0.03188405797101449,0.0,0.002898550724637681,0.0
608,0.0773881499395405,0.02418379685610641,0.03990326481257558,0.1686819830713422,0.045949214026602174,0.05199516324062878,0.11305925030229746,0.06590084643288996,0.10761789600967352,0.03506650544135429,0.1293833131801693,0.009068923821039904,0.005441354292623942,0.07255139056831923,0.015114873035066506,0.02781136638452237,0.0024183796856106408,0.005441354292623942,0.003022974607013301
609,0.11428571428571428,0.014285714285714285,0.014285714285714285,0.08571428571428572,0.014285714285714285,0.05714285714285714,0.14285714285714285,0.05714285714285714,0.15714285714285714,0.014285714285714285,0.18571428571428572,0.04285714285714286,0.014285714285714285,0.07142857142857142,0.0,0.0,0.0,0.014285714285714285,0.0
610,0.07732793522267206,0.020242914979757085,0.018218623481781375,0.1125506072874494,0.038866396761133605,0.03319838056680162,0.13522267206477734,0.06882591093117409,0.13279352226720648,0.07530364372469636,0.12388663967611337,0.012955465587044534,0.008906882591093117,0.07489878542510121,0.0032388663967611335,0.03279352226720648,0.0032388663967611335,0.02631578947368421,0.0012145748987854252
6,0.06476190476190476,0.015238095238095238,0.049523809523809526,0.19238095238095237,0.030476190476190476,0.09904761904761905,0.08571428571428572,0.049523809523809526,0.08952380952380952,0.022857142857142857,0.19238095238095237,0.017142857142857144,0.01904761904761905,0.03238095238095238,0.015238095238095238,0.017142857142857144,0.0038095238095238095,0.0038095238095238095,0.0
42,0.06910569105691057,0.0013550135501355014,0.01084010840108401,0.2181571815718157,0.02032520325203252,0.09620596205962059,0.12059620596205962,0.06775067750677506,0.10298102981029811,0.01084010840108401,0.16937669376693767,0.025745257452574527,0.014905149051490514,0.037940379403794036,0.0040650406504065045,0.023035230352303523,0.0027100271002710027,0.0013550135501355014,0.0027100271002710027
51,0.07250755287009064,0.013595166163141994,0.027190332326283987,0.19637462235649547,0.04078549848942598,0.08006042296072508,0.09516616314199396,0.054380664652567974,0.09365558912386707,0.052870090634441085,0.13141993957703926,0.012084592145015106,0.0075528700906344415,0.07250755287009064,0.015105740181268883,0.022658610271903322,0.004531722054380665,0.006042296072507553,0.0015105740181268882
58,0.05803571428571429,0.03571428571428571,0.044642857142857144,0.16964285714285715,0.03125,0.12053571428571429,0.08482142857142858,0.049107142857142856,0.09821428571428571,0.008928571428571428,0.16964285714285715,0.022321428571428572,0.013392857142857142,0.03571428571428571,0.04017857142857143,0.008928571428571428,0.0,0.008928571428571428,0.0
100,0.04666666666666667,0.006666666666666667,0.01,0.24333333333333335,0.02666666666666667,0.22333333333333333,0.05333333333333334,0.03333333333333333,0.056666666666666664,0.01,0.20333333333333334,0.013333333333333334,0.016666666666666666,0.013333333333333334,0.023333333333333334,0.016666666666666666,0.0,0.0033333333333333335,0.0
102,0.09230769230769231,0.015384615384615385,0.03076923076923077,0.15384615384615385,0.0,0.1,0.16153846153846155,0.08461538461538462,0.13076923076923078,0.0,0.09230769230769231,0.023076923076923078,0.038461538461538464,0.046153846153846156,0.015384615384615385,0.007692307692307693,0.0,0.007692307692307693,0.0
116,0.096045197740113,0.01694915254237288,0.02824858757062147,0.14124293785310735,0.03389830508474576,0.12994350282485875,0.12429378531073447,0.04519774011299435,0.07909604519774012,0.022598870056497175,0.14689265536723164,0.02824858757062147,0.005649717514124294,0.05084745762711865,0.02824858757062147,0.01694915254237288,0.0,0.005649717514124294,0.0
117,0.08074534161490683,0.037267080745341616,0.055900621118012424,0.13975155279503104,0.037267080745341616,0.10559006211180125,0.10869565217391304,0.049689440993788817,0.09316770186335403,0.003105590062111801,0.16459627329192547,0.024844720496894408,0.015527950310559006,0.034161490683229816,0.037267080745341616,0.006211180124223602,0.0,0.006211180124223602,0.0
150,0.08888888888888889,0.0,0.022222222222222223,0.13333333333333333,0.022222222222222223,0.08888888888888889,0.13333333333333333,0.08888888888888889,0.17777777777777778,0.0,0.15555555555555556,0.0,0.0,0.022222222222222223,0.022222222222222223,0.044444444444444446,0.0,0.0,0.0
289,0.023255813953488372,0.023255813953488372,0.023255813953488372,0.16279069767441862,0.06976744186046512,0.11627906976744186,0.06976744186046512,0.06976744186046512,0.046511627906976744,0.0,0.18604651162790697,0.06976744186046512,0.046511627906976744,0.046511627906976744,0.023255813953488372,0.0,0.0,0.0,0.023255813953488372
294,0.10440251572327044,0.011320754716981131,0.04654088050314465,0.2993710691823899,0.04150943396226415,0.06415094339622641,0.09559748427672957,0.07044025157232704,0.05660377358490566,0.011320754716981131,0.08930817610062892,0.011320754716981131,0.00880503144654088,0.06037735849056604,0.013836477987421384,0.011320754716981131,0.0025157232704402514,0.0,0.0012578616352201257
302,0.06896551724137931,0.0,0.0,0.08620689655172414,0.0,0.08620689655172414,0.13793103448275862,0.1206896551724138,0.1896551724137931,0.0,0.1896551724137931,0.017241379310344827,0.034482758620689655,0.034482758620689655,0.0,0.034482758620689655,0.0,0.0,0.0
308,0.10762331838565023,0.05829596412556054,0.08520179372197309,0.1210762331838565,0.06726457399103139,0.06726457399103139,0.08968609865470852,0.04484304932735426,0.07623318385650224,0.008968609865470852,0.11210762331838565,0.02242152466367713,0.0,0.04932735426008968,0.026905829596412557,0.017937219730941704,0.0,0.03587443946188341,0.008968609865470852
321,0.09701492537313433,0.022388059701492536,0.05223880597014925,0.1791044776119403,0.03731343283582089,0.12686567164179105,0.11194029850746269,0.04477611940298507,0.11194029850746269,0.0,0.08955223880597014,0.014925373134328358,0.0,0.05970149253731343,0.022388059701492536,0.014925373134328358,0.0,0.014925373134328358,0.0
368,0.07545045045045046,0.0,0.0033783783783783786,0.06644144144144144,0.018018018018018018,0.041666666666666664,0.19594594594594594,0.08896396396396396,0.17905405405405406,0.030405405405405407,0.13851351351351351,0.04391891891891892,0.010135135135135136,0.06418918918918919,0.00563063063063063,0.03265765765765766,0.00563063063063063,0.0,0.0
410,0.025210084033613446,0.0,0.004201680672268907,0.2815126050420168,0.029411764705882353,0.12605042016806722,0.008403361344537815,0.10084033613445378,0.07563025210084033,0.0,0.23529411764705882,0.01680672268907563,0.008403361344537815,0.0,0.008403361344537815,0.04201680672268908,0.03361344537815126,0.0,0.004201680672268907
501,0.12244897959183673,0.030612244897959183,0.05102040816326531,0.12244897959183673,0.02040816326530612,0.07142857142857142,0.11224489795918367,0.09183673469387756,0.14285714285714285,0.02040816326530612,0.1326530612244898,0.01020408163265306,0.0,0.030612244897959183,0.02040816326530612,0.02040816326530612,0.0,0.0,0.0
552,0.09455587392550144,0.017191977077363897,0.022922636103151862,0.166189111747851,0.03151862464183381,0.06303724928366762,0.10028653295128939,0.054441260744985676,0.08882521489971347,0.022922636103151862,0.17765042979942694,0.02865329512893983,0.008595988538681949,0.0659025787965616,0.017191977077363897,0.02865329512893983,0.008595988538681949,0.0028653295128939827,0.0
588,0.07142857142857142,0.0,0.0,0.08928571428571429,0.0,0.044642857142857144,0.16964285714285715,0.13392857142857142,0.15178571428571427,0.008928571428571428,0.19642857142857142,0.03571428571428571,0.017857142857142856,0.05357142857142857,0.0,0.017857142857142856,0.0,0.008928571428571428,0.0
594,0.06320541760722348,0.01580135440180587,0.03160270880361174,0.1489841986455982,0.024830699774266364,0.1670428893905192,0.1309255079006772,0.029345372460496615,0.0835214446952596,0.04740406320541761,0.1489841986455982,0.009029345372460496,0.002257336343115124,0.056433408577878104,0.01805869074492099,0.01580135440180587,0.0,0.006772009029345372,0.0
11,0.09803921568627451,0.0,0.0,0.0784313725490196,0.006535947712418301,0.0784313725490196,0.24836601307189543,0.0718954248366013,0.16339869281045752,0.0,0.1437908496732026,0.026143790849673203,0.006535947712418301,0.05228758169934641,0.0,0.0196078431372549,0.0,0.006535947712418301,0.0
23,0.06451612903225806,0.0064516129032258064,0.0,0.07741935483870968,0.03225806451612903,0.03225806451612903,0.07096774193548387,0.10967741935483871,0.11612903225806452,0.012903225806451613,0.23225806451612904,0.03225806451612903,0.0064516129032258064,0.07096774193548387,0.0,0.07741935483870968,0.03870967741935484,0.0064516129032258064,0.012903225806451613
24,0.08968609865470852,0.008968609865470852,0.008968609865470852,0.16591928251121077,0.04035874439461883,0.09865470852017937,0.14798206278026907,0.06726457399103139,0.09865470852017937,0.004484304932735426,0.11659192825112108,0.026905829596412557,0.0,0.07174887892376682,0.0,0.026905829596412557,0.0,0.026905829596412557,0.0
28,0.07871720116618076,0.0029154518950437317,0.001943634596695821,0.06705539358600583,0.01749271137026239,0.026239067055393587,0.13313896987366375,0.10495626822157435,0.1360544217687075,0.019436345966958212,0.22643343051506318,0.03498542274052478,0.012633624878522837,0.08454810495626822,0.003887269193391642,0.03595724003887269,0.004859086491739553,0.008746355685131196,0.0
62,0.11723329425556858,0.010550996483001172,0.022274325908558032,0.08206330597889801,0.05627198124267292,0.038686987104337635,0.15123094958968347,0.05509964830011723,0.10668229777256741,0.01992966002344666,0.11957796014067995,0.01992966002344666,0.005861664712778429,0.10316529894490035,0.005861664712778429,0.038686987104337635,0.0011723329425556857,0.04572098475967175,0.0
79,0.10869565217391304,0.0,0.0,0.08695652173913043,0.010869565217391304,0.03260869565217391,0.20652173913043478,0.06521739130434782,0.14130434782608695,0.03260869565217391,0.13043478260869565,0.03260869565217391,0.0,0.06521739130434782,0.021739130434782608,0.021739130434782608,0.010869565217391304,0.0,0.03260869565217391
84,0.0391304347826087,0.002173913043478261,0.02826086956521739,0.19782608695652174,0.02608695652173913,0.14565217391304347,0.05217391304347826,0.04782608695652174,0.08043478260869565,0.017391304347826087,0.24130434782608695,0.02391304347826087,0.015217391304347827,0.021739130434782608,0.02391304347826087,0.02826086956521739,0.002173913043478261,0.002173913043478261,0.004347826086956522
105,0.0723905723905724,0.05387205387205387,0.03787878787878788,0.13468013468013468,0.04713804713804714,0.06060606060606061,0.09343434343434344,0.0664983164983165,0.08501683501683502,0.017676767676767676,0.1691919191919192,0.021885521885521887,0.004208754208754209,0.05218855218855219,0.007575757575757576,0.03956228956228956,0.004208754208754209,0.022727272727272728,0.009259259259259259
109,0.0641025641025641,0.017094017094017096,0.03418803418803419,0.17094017094017094,0.021367521367521368,0.09829059829059829,0.09401709401709402,0.06837606837606838,0.10256410256410256,0.004273504273504274,0.20512820512820512,0.02564102564102564,0.02564102564102564,0.038461538461538464,0.01282051282051282,0.004273504273504274,0.004273504273504274,0.004273504273504274,0.004273504273504274
181,0.06589147286821706,0.01937984496124031,0.03488372093023256,0.16666666666666666,0.027131782945736434,0.09689922480620156,0.10852713178294573,0.05813953488372093,0.13953488372093023,0.011627906976744186,0.15503875968992248,0.023255813953488372,0.027131782945736434,0.031007751937984496,0.023255813953488372,0.007751937984496124,0.0,0.003875968992248062,0.0
195,0.06382978723404255,0.00303951367781155,0.00911854103343465,0.11550151975683891,0.0182370820668693,0.057750759878419454,0.0911854103343465,0.08814589665653495,0.1398176291793313,0.02735562310030395,0.2613981762917933,0.03343465045592705,0.0121580547112462,0.030395136778115502,0.0,0.03951367781155015,0.0060790273556231,0.00303951367781155,0.0
199,0.041050903119868636,0.0,0.0016420361247947454,0.15435139573070608,0.013136288998357963,0.10837438423645321,0.090311986863711,0.09195402298850575,0.10180623973727422,0.014778325123152709,0.23809523809523808,0.04926108374384237,0.011494252873563218,0.0361247947454844,0.0,0.034482758620689655,0.003284072249589491,0.0049261083743842365,0.0049261083743842365
244,0.08241758241758242,0.0,0.005494505494505495,0.06593406593406594,0.016483516483516484,0.054945054945054944,0.19230769230769232,0.07692307692307693,0.16483516483516483,0.016483516483516484,0.18681318681318682,0.04945054945054945,0.01098901098901099,0.054945054945054944,0.0,0.016483516483516484,0.005494505494505495,0.0,0.0
286,0.06278026905829596,0.017937219730941704,0.03139013452914798,0.14349775784753363,0.026905829596412557,0.08071748878923767,0.09865470852017937,0.09417040358744394,0.13004484304932734,0.02242152466367713,0.18834080717488788,0.017937219730941704,0.004484304932735426,0.04035874439461883,0.008968609865470852,0.02242152466367713,0.004484304932735426,0.004484304932735426,0.0
297,0.047337278106508875,0.0,0.0,0.04142011834319527,0.011834319526627219,0.047337278106508875,0.13609467455621302,0.11834319526627218,0.30177514792899407,0.01775147928994083,0.14792899408284024,0.005917159763313609,0.0,0.03550295857988166,0.0,0.07100591715976332,0.011834319526627219,0.005917159763313609,0.0
305,0.08376193975018369,0.010286554004408524,0.015429831006612785,0.08449669360764143,0.028655400440852314,0.03747244673034533,0.15135929463629685,0.07567964731814843,0.12711241734019105,0.03232916972814107,0.15062454077883908,0.02351212343864805,0.006612784717119765,0.09845701689933872,0.005143277002204262,0.03379867744305658,0.0029390154298310064,0.03232916972814107,0.0
312,0.08533916849015317,0.0,0.00437636761487965,0.07658643326039387,0.019693654266958426,0.030634573304157548,0.11816192560175055,0.05908096280087528,0.11597374179431072,0.09190371991247265,0.15098468271334792,0.04157549234135667,0.00437636761487965,0.14442013129102846,0.006564551422319475,0.03938730853391685,0.0087527352297593,0.002188183807439825,0.0
313,0.11220196353436185,0.015427769985974754,0.025245441795231416,0.10659186535764376,0.06030855539971949,0.03506311360448808,0.15287517531556802,0.056100981767180924,0.11079943899018233,0.0546984572230014,0.08555399719495091,0.012622720897615708,0.008415147265077139,0.13183730715287517,0.005610098176718092,0.021037868162692847,0.004207573632538569,0.001402524544179523,0.0
317,0.03773584905660377,0.0026954177897574125,0.0026954177897574125,0.07008086253369272,0.01078167115902965,0.04582210242587601,0.09973045822102426,0.13746630727762804,0.15363881401617252,0.018867924528301886,0.24528301886792453,0.029649595687331536,0.005390835579514825,0.04043126684636118,0.0026954177897574125,0.04582210242587601,0.013477088948787063,0.026954177897574125,0.01078167115902965
318,0.08149632598530394,0.03674014696058784,0.03473613894455578,0.12558450233800936,0.04876419505678023,0.049432197728790914,0.09886439545758183,0.06078824315297261,0.08817635270541083,0.013360053440213761,0.16566466265865062,0.01603206412825651,0.004676018704074816,0.07014028056112225,0.014028056112224449,0.03072812291249165,0.006680026720106881,0.029392117568470273,0.024716098864395457
325,0.06651376146788991,0.006880733944954129,0.009174311926605505,0.16055045871559634,0.034403669724770644,0.07110091743119266,0.0779816513761468,0.07110091743119266,0.13990825688073394,0.04128440366972477,0.16743119266055045,0.013761467889908258,0.0045871559633027525,0.06192660550458716,0.020642201834862386,0.034403669724770644,0.016055045871559634,0.0,0.0022935779816513763
362,0.04854368932038835,0.019417475728155338,0.014563106796116505,0.05339805825242718,0.024271844660194174,0.02912621359223301,0.12135922330097088,0.14563106796116504,0.1553398058252427,0.03398058252427184,0.18446601941747573,0.024271844660194174,0.009708737864077669,0.03398058252427184,0.014563106796116505,0.05825242718446602,0.009708737864077669,0.019417475728155338,0.0
386,0.10126582278481013,0.006329113924050633,0.0189873417721519,0.0949367088607595,0.0189873417721519,0.03164556962025317,0.1962025316455696,0.0949367088607595,0.15822784810126583,0.02531645569620253,0.11392405063291139,0.012658227848101266,0.0189873417721519,0.08227848101265822,0.0,0.02531645569620253,0.0,0.0,0.0
400,0.0821917808219178,0.0136986301369863,0.0136986301369863,0.0821917808219178,0.0136986301369863,0.0136986301369863,0.1232876712328767,0.1232876712328767,0.136986301369863,0.0,0.1780821917808219,0.0136986301369863,0.0,0.1232876712328767,0.0,0.0410958904109589,0.0,0.0410958904109589,0.0
425,0.10227272727272728,0.025974025974025976,0.03571428571428571,0.11363636363636363,0.030844155844155844,0.056818181818181816,0.1331168831168831,0.07142857142857142,0.12175324675324675,0.025974025974025976,0.1444805194805195,0.022727272727272728,0.00487012987012987,0.0633116883116883,0.01461038961038961,0.024350649350649352,0.0016233766233766235,0.006493506493506494,0.0
437,0.06372549019607843,0.0,0.00980392156862745,0.1323529411764706,0.0196078431372549,0.09803921568627451,0.09313725490196079,0.08333333333333333,0.07352941176470588,0.0,0.30392156862745096,0.049019607843137254,0.00980392156862745,0.029411764705882353,0.0,0.024509803921568627,0.0,0.004901960784313725,0.004901960784313725
444,0.0379746835443038,0.012658227848101266,0.0379746835443038,0.12658227848101267,0.02531645569620253,0.06329113924050633,0.11392405063291139,0.13924050632911392,0.13924050632911392,0.0,0.16455696202531644,0.05063291139240506,0.012658227848101266,0.05063291139240506,0.012658227848101266,0.0,0.0,0.012658227848101266,0.0
486,0.14084507042253522,0.014084507042253521,0.02112676056338028,0.07746478873239436,0.014084507042253521,0.04929577464788732,0.2112676056338028,0.08450704225352113,0.15492957746478872,0.0,0.07746478873239436,0.028169014084507043,0.014084507042253521,0.07746478873239436,0.014084507042253521,0.014084507042253521,0.0,0.007042253521126761,0.0
493,0.10377358490566038,0.0,0.0,0.03773584905660377,0.02830188679245283,0.018867924528301886,0.29245283018867924,0.09433962264150944,0.12264150943396226,0.04716981132075472,0.12264150943396226,0.02830188679245283,0.009433962264150943,0.09433962264150944,0.0,0.0,0.0,0.0,0.0
521,0.0684931506849315,0.0136986301369863,0.0410958904109589,0.1506849315068493,0.0410958904109589,0.0958904109589041,0.0821917808219178,0.0958904109589041,0.136986301369863,0.0,0.1917808219178082,0.0,0.0,0.0136986301369863,0.0273972602739726,0.0410958904109589,0.0,0.0,0.0
532,0.05813953488372093,0.0,0.0,0.023255813953488372,0.011627906976744186,0.046511627906976744,0.18604651162790697,0.13953488372093023,0.12790697674418605,0.046511627906976744,0.23255813953488372,0.046511627906976744,0.011627906976744186,0.046511627906976744,0.0,0.011627906976744186,0.011627906976744186,0.0,0.0
553,0.02040816326530612,0.0,0.0,0.10884353741496598,0.006802721088435374,0.07482993197278912,0.05442176870748299,0.22448979591836735,0.1564625850340136,0.0,0.2857142857142857,0.006802721088435374,0.0,0.013605442176870748,0.0,0.02040816326530612,0.006802721088435374,0.0,0.02040816326530612
577,0.13703703703703704,0.003703703703703704,0.025925925925925925,0.08888888888888889,0.014814814814814815,0.06296296296296296,0.16666666666666666,0.037037037037037035,0.08148148148148149,0.014814814814814815,0.18518518518518517,0.04814814814814815,0.014814814814814815,0.1037037037037037,0.003703703703703704,0.011111111111111112,0.0,0.0,0.0
592,0.11822660098522167,0.024630541871921183,0.034482758620689655,0.14285714285714285,0.034482758620689655,0.06896551724137931,0.14285714285714285,0.054187192118226604,0.11822660098522167,0.019704433497536946,0.09359605911330049,0.014778325123152709,0.024630541871921183,0.06403940886699508,0.019704433497536946,0.014778325123152709,0.0,0.009852216748768473,0.0
602,0.07782101167315175,0.0,0.019455252918287938,0.12062256809338522,0.01556420233463035,0.08560311284046693,0.1245136186770428,0.07782101167315175,0.13618677042801555,0.0038910505836575876,0.21011673151750973,0.027237354085603113,0.023346303501945526,0.042801556420233464,0.0,0.019455252918287938,0.007782101167315175,0.0038910505836575876,0.0038910505836575876
34,0.10256410256410256,0.01282051282051282,0.01282051282051282,0.16666666666666666,0.04487179487179487,0.09615384615384616,0.1794871794871795,0.03205128205128205,0.09615384615384616,0.019230769230769232,0.08333333333333333,0.019230769230769232,0.01282051282051282,0.07692307692307693,0.0,0.02564102564102564,0.0,0.01282051282051282,0.00641025641025641
122,0.09193548387096774,0.02258064516129032,0.020967741935483872,0.14193548387096774,0.037096774193548385,0.02903225806451613,0.12580645161290321,0.07258064516129033,0.1064516129032258,0.04516129032258064,0.11935483870967742,0.01129032258064516,0.012903225806451613,0.0967741935483871,0.0032258064516129032,0.03064516129032258,0.0016129032258064516,0.027419354838709678,0.0032258064516129032
187,0.06428571428571428,0.007142857142857143,0.004761904761904762,0.09285714285714286,0.02142857142857143,0.047619047619047616,0.09523809523809523,0.10476190476190476,0.1357142857142857,0.02857142857142857,0.21666666666666667,0.02619047619047619,0.004761904761904762,0.06428571428571428,0.002380952380952381,0.03571428571428571,0.016666666666666666,0.009523809523809525,0.02142857142857143
295,0.029850746268656716,0.0,0.0,0.05970149253731343,0.0,0.0,0.1791044776119403,0.19402985074626866,0.19402985074626866,0.014925373134328358,0.1791044776119403,0.014925373134328358,0.0,0.04477611940298507,0.0,0.05970149253731343,0.014925373134328358,0.014925373134328358,0.0
354,0.0967741935483871,0.015053763440860216,0.01935483870967742,0.12258064516129032,0.023655913978494623,0.07096774193548387,0.13548387096774195,0.06451612903225806,0.12258064516129032,0.025806451612903226,0.13548387096774195,0.021505376344086023,0.004301075268817204,0.08387096774193549,0.008602150537634409,0.023655913978494623,0.002150537634408602,0.017204301075268817,0.0064516129032258064
361,0.09523809523809523,0.015873015873015872,0.015873015873015872,0.1746031746031746,0.031746031746031744,0.07407407407407407,0.164021164021164,0.06349206349206349,0.10052910052910052,0.026455026455026454,0.1164021164021164,0.026455026455026454,0.0,0.037037037037037035,0.021164021164021163,0.010582010582010581,0.005291005291005291,0.021164021164021163,0.0
387,0.069435833849969,0.009919404835709857,0.017978921264724116,0.15623062616243025,0.0347179169249845,0.06075635461872288,0.08307501549907005,0.07811531308121512,0.12027278363298202,0.05393676379417235,0.1642901425914445,0.013639181649101054,0.007439553626782393,0.05765654060756355,0.019218846869187848,0.038437693738375696,0.010539367637941723,0.0037197768133911966,0.0006199628022318661
405,0.04824561403508772,0.008771929824561403,0.0,0.07017543859649122,0.03070175438596491,0.02631578947368421,0.08333333333333333,0.12719298245614036,0.13157894736842105,0.03508771929824561,0.21929824561403508,0.017543859649122806,0.0043859649122807015,0.07894736842105263,0.0043859649122807015,0.08771929824561403,0.021929824561403508,0.0043859649122807015,0.0
428,0.11165048543689321,0.025889967637540454,0.03559870550161812,0.1553398058252427,0.042071197411003236,0.05339805825242718,0.14724919093851133,0.04854368932038835,0.09061488673139159,0.03559870550161812,0.10032362459546926,0.01779935275080906,0.006472491909385114,0.09061488673139159,0.011326860841423949,0.019417475728155338,0.0016181229773462784,0.0048543689320388345,0.0016181229773462784
450,0.060240963855421686,0.0,0.012048192771084338,0.10843373493975904,0.024096385542168676,0.060240963855421686,0.12048192771084337,0.060240963855421686,0.10843373493975904,0.03614457831325301,0.27710843373493976,0.024096385542168676,0.024096385542168676,0.03614457831325301,0.012048192771084338,0.03614457831325301,0.0,0.0,0.0
452,0.12351543942992874,0.004750593824228029,0.007125890736342043,0.0997624703087886,0.023752969121140142,0.03800475059382423,0.1876484560570071,0.06413301662707839,0.14726840855106887,0.03800475059382423,0.09501187648456057,0.0166270783847981,0.0023752969121140144,0.11163895486935867,0.0,0.03800475059382423,0.0023752969121140144,0.0,0.0
489,0.08880597014925373,0.020895522388059702,0.027611940298507463,0.15895522388059702,0.049253731343283584,0.10597014925373134,0.10373134328358209,0.05149253731343283,0.0880597014925373,0.026119402985074626,0.13955223880597015,0.013432835820895522,0.0052238805970149255,0.05522388059701493,0.018656716417910446,0.025373134328358207,0.002238805970149254,0.01791044776119403,0.0014925373134328358
546,0.08860759493670886,0.0,0.02531645569620253,0.08860759493670886,0.02531645569620253,0.012658227848101266,0.13924050632911392,0.0379746835443038,0.13924050632911392,0.11392405063291139,0.13924050632911392,0.012658227848101266,0.0,0.16455696202531644,0.0,0.012658227848101266,0.0,0.0,0.0
571,0.03205128205128205,0.00641025641025641,0.0,0.10897435897435898,0.05128205128205128,0.01282051282051282,0.038461538461538464,0.00641025641025641,0.17307692307692307,0.4166666666666667,0.02564102564102564,0.0,0.0,0.07692307692307693,0.00641025641025641,0.038461538461538464,0.00641025641025641,0.0,0.0
221,0.04329896907216495,0.002061855670103093,0.008247422680412371,0.15257731958762888,0.02268041237113402,0.07422680412371134,0.06597938144329897,0.10515463917525773,0.08453608247422681,0.012371134020618556,0.24123711340206186,0.032989690721649485,0.024742268041237112,0.041237113402061855,0.006185567010309278,0.04329896907216495,0.024742268041237112,0.002061855670103093,0.012371134020618556
260,0.031746031746031744,0.01984126984126984,0.007936507936507936,0.18253968253968253,0.023809523809523808,0.07936507936507936,0.03571428571428571,0.11507936507936507,0.0992063492063492,0.031746031746031744,0.24206349206349206,0.003968253968253968,0.0,0.04365079365079365,0.011904761904761904,0.03968253968253968,0.007936507936507936,0.0,0.023809523809523808
287,0.07352941176470588,0.025735294117647058,0.03308823529411765,0.1801470588235294,0.051470588235294115,0.08455882352941177,0.07352941176470588,0.0661764705882353,0.07352941176470588,0.01838235294117647,0.1801470588235294,0.01838235294117647,0.007352941176470588,0.04411764705882353,0.01838235294117647,0.03308823529411765,0.003676470588235294,0.007352941176470588,0.007352941176470588
356,0.06896551724137931,0.011494252873563218,0.007662835249042145,0.25287356321839083,0.032567049808429116,0.09386973180076628,0.07854406130268199,0.06130268199233716,0.06704980842911877,0.0038314176245210726,0.20306513409961685,0.022988505747126436,0.005747126436781609,0.04980842911877394,0.011494252873563218,0.017241379310344827,0.0038314176245210726,0.007662835249042145,0.0
454,0.023529411764705882,0.0,0.0,0.07058823529411765,0.011764705882352941,0.047058823529411764,0.03529411764705882,0.11764705882352941,0.2,0.09411764705882353,0.2235294117647059,0.011764705882352941,0.0,0.047058823529411764,0.0,0.10588235294117647,0.011764705882352941,0.0,0.0
510,0.049723756906077346,0.0,0.0055248618784530384,0.18232044198895028,0.027624309392265192,0.06629834254143646,0.11602209944751381,0.09944751381215469,0.08839779005524862,0.027624309392265192,0.20441988950276244,0.022099447513812154,0.011049723756906077,0.055248618784530384,0.0055248618784530384,0.022099447513812154,0.011049723756906077,0.0055248618784530384,0.0
8,0.09375,0.0,0.03125,0.20833333333333334,0.03125,0.14583333333333334,0.10416666666666667,0.041666666666666664,0.10416666666666667,0.0,0.14583333333333334,0.03125,0.020833333333333332,0.03125,0.0,0.0,0.0,0.010416666666666666,0.0
14,0.08433734939759036,0.0,0.024096385542168676,0.1566265060240964,0.0,0.13253012048192772,0.10843373493975904,0.04819277108433735,0.0963855421686747,0.0,0.2289156626506024,0.04819277108433735,0.04819277108433735,0.012048192771084338,0.0,0.0,0.0,0.012048192771084338,0.0
30,0.14492753623188406,0.07246376811594203,0.043478260869565216,0.07246376811594203,0.014492753623188406,0.014492753623188406,0.21739130434782608,0.057971014492753624,0.043478260869565216,0.014492753623188406,0.043478260869565216,0.014492753623188406,0.0,0.15942028985507245,0.0,0.014492753623188406,0.0,0.07246376811594203,0.0
38,0.08875739644970414,0.03550295857988166,0.047337278106508875,0.16568047337278108,0.01775147928994083,0.13609467455621302,0.09467455621301775,0.029585798816568046,0.07100591715976332,0.0,0.15384615384615385,0.04142011834319527,0.029585798816568046,0.029585798816568046,0.03550295857988166,0.005917159763313609,0.0,0.011834319526627219,0.005917159763313609
49,0.07017543859649122,0.07017543859649122,0.08771929824561403,0.08771929824561403,0.0,0.017543859649122806,0.10526315789473684,0.03508771929824561,0.05263157894736842,0.03508771929824561,0.14035087719298245,0.07017543859649122,0.0,0.14035087719298245,0.0,0.03508771929824561,0.0,0.05263157894736842,0.0
56,0.0989010989010989,0.0,0.01098901098901099,0.12087912087912088,0.01098901098901099,0.03296703296703297,0.2087912087912088,0.0989010989010989,0.15384615384615385,0.01098901098901099,0.10989010989010989,0.03296703296703297,0.0,0.0989010989010989,0.0,0.01098901098901099,0.0,0.0,0.0
59,0.06593406593406594,0.005494505494505495,0.01098901098901099,0.08241758241758242,0.027472527472527472,0.06593406593406594,0.09340659340659341,0.06593406593406594,0.14285714285714285,0.016483516483516484,0.21978021978021978,0.08791208791208792,0.0,0.038461538461538464,0.0,0.054945054945054944,0.01098901098901099,0.005494505494505495,0.005494505494505495
72,0.07017543859649122,0.0,0.0,0.12280701754385964,0.0,0.08771929824561403,0.15789473684210525,0.05263157894736842,0.10526315789473684,0.017543859649122806,0.21052631578947367,0.05263157894736842,0.017543859649122806,0.05263157894736842,0.0,0.017543859649122806,0.0,0.03508771929824561,0.0
81,0.14925373134328357,0.029850746268656716,0.029850746268656716,0.1044776119402985,0.0,0.04477611940298507,0.1791044776119403,0.07462686567164178,0.13432835820895522,0.0,0.08955223880597014,0.04477611940298507,0.0,0.07462686567164178,0.029850746268656716,0.0,0.0,0.014925373134328358,0.0
83,0.0875,0.029166666666666667,0.029166666666666667,0.0625,0.041666666666666664,0.05416666666666667,0.1375,0.025,0.09166666666666666,0.025,0.17083333333333334,0.075,0.004166666666666667,0.08333333333333333,0.0125,0.029166666666666667,0.0,0.0375,0.004166666666666667
94,0.12318840579710146,0.014492753623188406,0.043478260869565216,0.14492753623188406,0.036231884057971016,0.07246376811594203,0.13043478260869565,0.050724637681159424,0.12318840579710146,0.0,0.12318840579710146,0.028985507246376812,0.021739130434782608,0.057971014492753624,0.014492753623188406,0.007246376811594203,0.0,0.007246376811594203,0.0
104,0.10611510791366907,0.050359712230215826,0.06474820143884892,0.2392086330935252,0.05755395683453238,0.11330935251798561,0.0683453237410072,0.014388489208633094,0.03597122302158273,0.00539568345323741,0.09352517985611511,0.012589928057553957,0.0035971223021582736,0.039568345323741004,0.06294964028776978,0.007194244604316547,0.0017985611510791368,0.023381294964028777,0.0
110,0.024096385542168676,0.0,0.012048192771084338,0.13253012048192772,0.0,0.04819277108433735,0.12048192771084337,0.13253012048192772,0.14457831325301204,0.0,0.27710843373493976,0.060240963855421686,0.0,0.024096385542168676,0.0,0.012048192771084338,0.0,0.0,0.012048192771084338
115,0.1016260162601626,0.04878048780487805,0.052845528455284556,0.16666666666666666,0.036585365853658534,0.036585365853658534,0.11382113821138211,0.036585365853658534,0.08130081300813008,0.056910569105691054,0.08130081300813008,0.02032520325203252,0.052845528455284556,0.04065040650406504,0.036585365853658534,0.028455284552845527,0.0040650406504065045,0.0040650406504065045,0.0
125,0.0846774193548387,0.033602150537634407,0.025537634408602152,0.14112903225806453,0.04704301075268817,0.06182795698924731,0.1196236559139785,0.04435483870967742,0.0967741935483871,0.0228494623655914,0.14516129032258066,0.013440860215053764,0.005376344086021506,0.09946236559139784,0.006720430107526882,0.025537634408602152,0.002688172043010753,0.024193548387096774,0.0
126,0.11702127659574468,0.031914893617021274,0.05319148936170213,0.10638297872340426,0.02127659574468085,0.05319148936170213,0.14893617021276595,0.06382978723404255,0.11702127659574468,0.0,0.1276595744680851,0.031914893617021274,0.010638297872340425,0.06382978723404255,0.031914893617021274,0.0,0.0,0.02127659574468085,0.0
128,0.06779661016949153,0.0,0.0,0.11864406779661017,0.01694915254237288,0.1016949152542373,0.1016949152542373,0.0847457627118644,0.13559322033898305,0.03389830508474576,0.11864406779661017,0.01694915254237288,0.0,0.01694915254237288,0.03389830508474576,0.11864406779661017,0.03389830508474576,0.0,0.0
129,0.1490066225165563,0.03642384105960265,0.039735099337748346,0.10927152317880795,0.04966887417218543,0.059602649006622516,0.16225165562913907,0.029801324503311258,0.07947019867549669,0.013245033112582781,0.08940397350993377,0.023178807947019868,0.0,0.08609271523178808,0.029801324503311258,0.019867549668874173,0.0033112582781456954,0.019867549668874173,0.0
131,0.05737704918032787,0.0,0.0,0.08196721311475409,0.00819672131147541,0.040983606557377046,0.08196721311475409,0.10655737704918032,0.16393442622950818,0.03278688524590164,0.22131147540983606,0.03278688524590164,0.00819672131147541,0.08196721311475409,0.0,0.05737704918032787,0.00819672131147541,0.00819672131147541,0.00819672131147541
133,0.09859154929577464,0.028169014084507043,0.028169014084507043,0.11267605633802817,0.0,0.056338028169014086,0.15492957746478872,0.09859154929577464,0.14084507042253522,0.0,0.15492957746478872,0.04225352112676056,0.014084507042253521,0.028169014084507043,0.028169014084507043,0.0,0.0,0.014084507042253521,0.0
136,0.0947867298578199,0.014218009478672985,0.03317535545023697,0.15165876777251186,0.014218009478672985,0.06635071090047394,0.16113744075829384,0.061611374407582936,0.0995260663507109,0.018957345971563982,0.12796208530805686,0.023696682464454975,0.02843601895734597,0.07109004739336493,0.014218009478672985,0.009478672985781991,0.0,0.009478672985781991,0.0
164,0.15151515151515152,0.0,0.030303030303030304,0.030303030303030304,0.030303030303030304,0.030303030303030304,0.2878787878787879,0.045454545454545456,0.12121212121212122,0.030303030303030304,0.07575757575757576,0.015151515151515152,0.0,0.15151515151515152,0.0,0.0,0.0,0.0,0.0
165,0.06722689075630252,0.01680672268907563,0.01680672268907563,0.13445378151260504,0.0,0.08403361344537816,0.13445378151260504,0.1092436974789916,0.12605042016806722,0.008403361344537815,0.19327731092436976,0.01680672268907563,0.025210084033613446,0.04201680672268908,0.008403361344537815,0.01680672268907563,0.0,0.0,0.0
170,0.08029197080291971,0.051094890510948905,0.08029197080291971,0.13138686131386862,0.0364963503649635,0.10218978102189781,0.10218978102189781,0.029197080291970802,0.08759124087591241,0.0,0.15328467153284672,0.029197080291970802,0.029197080291970802,0.021897810218978103,0.051094890510948905,0.0,0.0,0.014598540145985401,0.0
173,0.0975609756097561,0.036585365853658534,0.06097560975609756,0.15853658536585366,0.04878048780487805,0.0975609756097561,0.0975609756097561,0.036585365853658534,0.08536585365853659,0.0,0.13414634146341464,0.036585365853658534,0.0,0.04878048780487805,0.036585365853658534,0.0,0.0,0.024390243902439025,0.0
176,0.14285714285714285,0.023809523809523808,0.023809523809523808,0.11904761904761904,0.011904761904761904,0.047619047619047616,0.17857142857142858,0.05952380952380952,0.11904761904761904,0.0,0.11904761904761904,0.023809523809523808,0.047619047619047616,0.047619047619047616,0.023809523809523808,0.0,0.0,0.011904761904761904,0.0
183,0.13043478260869565,0.0,0.010869565217391304,0.043478260869565216,0.010869565217391304,0.021739130434782608,0.2826086956521739,0.06521739130434782,0.14130434782608695,0.043478260869565216,0.10869565217391304,0.043478260869565216,0.010869565217391304,0.08695652173913043,0.0,0.0,0.0,0.0,0.0
192,0.14285714285714285,0.0,0.0,0.07142857142857142,0.0,0.05357142857142857,0.16071428571428573,0.05357142857142857,0.14285714285714285,0.0,0.16071428571428573,0.05357142857142857,0.05357142857142857,0.07142857142857142,0.0,0.017857142857142856,0.0,0.017857142857142856,0.0
196,0.1509433962264151,0.018867924528301886,0.018867924528301886,0.018867924528301886,0.018867924528301886,0.0,0.1509433962264151,0.05660377358490566,0.1320754716981132,0.018867924528301886,0.20754716981132076,0.03773584905660377,0.0,0.09433962264150944,0.0,0.03773584905660377,0.0,0.03773584905660377,0.0
198,0.06,0.0075,0.01,0.1125,0.0175,0.0925,0.0875,0.065,0.1125,0.02,0.2075,0.0225,0.01,0.1075,0.0,0.0575,0.0075,0.0025,0.0
203,0.11956521739130435,0.021739130434782608,0.021739130434782608,0.11956521739130435,0.05434782608695652,0.021739130434782608,0.14130434782608695,0.06521739130434782,0.11956521739130435,0.010869565217391304,0.13043478260869565,0.021739130434782608,0.021739130434782608,0.08695652173913043,0.0,0.010869565217391304,0.0,0.03260869565217391,0.0
208,0.07692307692307693,0.0,0.0,0.09615384615384616,0.0,0.07692307692307693,0.21153846153846154,0.07692307692307693,0.17307692307692307,0.019230769230769232,0.1346153846153846,0.038461538461538464,0.0,0.07692307692307693,0.0,0.019230769230769232,0.0,0.0,0.0
222,0.05263157894736842,0.007518796992481203,0.015037593984962405,0.18546365914786966,0.015037593984962405,0.07518796992481203,0.12030075187969924,0.11779448621553884,0.08521303258145363,0.007518796992481203,0.19047619047619047,0.02756892230576441,0.005012531328320802,0.042606516290726815,0.007518796992481203,0.022556390977443608,0.005012531328320802,0.015037593984962405,0.002506265664160401
227,0.07909604519774012,0.022598870056497175,0.01694915254237288,0.07344632768361582,0.022598870056497175,0.06779661016949153,0.096045197740113,0.06779661016949153,0.11299435028248588,0.0,0.22033898305084745,0.04519774011299435,0.005649717514124294,0.07909604519774012,0.005649717514124294,0.02824858757062147,0.005649717514124294,0.03389830508474576,0.01694915254237288
235,0.0945945945945946,0.0472972972972973,0.06756756756756757,0.14864864864864866,0.02027027027027027,0.10135135135135136,0.0945945945945946,0.04054054054054054,0.08783783783783784,0.0,0.14864864864864866,0.02702702702702703,0.013513513513513514,0.033783783783783786,0.0472972972972973,0.006756756756756757,0.0,0.013513513513513514,0.006756756756756757
265,0.09608540925266904,0.0,0.017793594306049824,0.0711743772241993,0.017793594306049824,0.05693950177935943,0.11387900355871886,0.0498220640569395,0.08540925266903915,0.017793594306049824,0.2491103202846975,0.02491103202846975,0.014234875444839857,0.1708185053380783,0.0035587188612099642,0.0071174377224199285,0.0,0.0035587188612099642,0.0
267,0.12,0.0,0.01,0.12,0.02,0.04,0.14,0.01,0.12,0.04,0.16,0.03,0.01,0.14,0.0,0.03,0.0,0.01,0.0
284,0.10638297872340426,0.015957446808510637,0.026595744680851064,0.23404255319148937,0.026595744680851064,0.09574468085106383,0.15425531914893617,0.05319148936170213,0.10106382978723404,0.0,0.07446808510638298,0.010638297872340425,0.010638297872340425,0.06382978723404255,0.015957446808510637,0.0,0.0,0.010638297872340425,0.0
296,0.11764705882352941,0.0196078431372549,0.0,0.0392156862745098,0.0392156862745098,0.0392156862745098,0.17647058823529413,0.058823529411764705,0.058823529411764705,0.0,0.19607843137254902,0.0784313725490196,0.0,0.11764705882352941,0.0,0.0196078431372549,0.0,0.0392156862745098,0.0
301,0.07983193277310924,0.012605042016806723,0.025210084033613446,0.13865546218487396,0.05042016806722689,0.1134453781512605,0.08403361344537816,0.07142857142857142,0.1134453781512605,0.012605042016806723,0.18487394957983194,0.02100840336134454,0.004201680672268907,0.04201680672268908,0.008403361344537815,0.012605042016806723,0.0,0.025210084033613446,0.0
319,0.12844036697247707,0.10091743119266056,0.08256880733944955,0.11009174311926606,0.045871559633027525,0.09174311926605505,0.07339449541284404,0.01834862385321101,0.01834862385321101,0.0,0.11926605504587157,0.027522935779816515,0.0,0.06422018348623854,0.05504587155963303,0.01834862385321101,0.0,0.045871559633027525,0.0
326,0.07346938775510205,0.0,0.0,0.053061224489795916,0.012244897959183673,0.044897959183673466,0.09795918367346938,0.09387755102040816,0.1306122448979592,0.012244897959183673,0.3020408163265306,0.0653061224489796,0.004081632653061225,0.024489795918367346,0.004081632653061225,0.044897959183673466,0.00816326530612245,0.02040816326530612,0.00816326530612245
335,0.0196078431372549,0.0,0.0,0.29411764705882354,0.0,0.11764705882352941,0.13725490196078433,0.0784313725490196,0.058823529411764705,0.0196078431372549,0.13725490196078433,0.058823529411764705,0.0392156862745098,0.0392156862745098,0.0,0.0,0.0,0.0,0.0
340,0.13513513513513514,0.013513513513513514,0.013513513513513514,0.05405405405405406,0.013513513513513514,0.02702702702702703,0.1891891891891892,0.08108108108108109,0.14864864864864866,0.0,0.12162162162162163,0.04054054054054054,0.013513513513513514,0.0945945945945946,0.013513513513513514,0.013513513513513514,0.0,0.02702702702702703,0.0
344,0.12269938650306748,0.03067484662576687,0.04294478527607362,0.09202453987730061,0.024539877300613498,0.0736196319018405,0.12269938650306748,0.03067484662576687,0.08588957055214724,0.012269938650306749,0.1165644171779141,0.024539877300613498,0.012269938650306749,0.1165644171779141,0.012269938650306749,0.03680981595092025,0.006134969325153374,0.03680981595092025,0.0
366,0.0759493670886076,0.012658227848101266,0.0,0.05063291139240506,0.02531645569620253,0.012658227848101266,0.22784810126582278,0.08860759493670886,0.12658227848101267,0.0,0.12658227848101267,0.05063291139240506,0.0,0.08860759493670886,0.0,0.0379746835443038,0.012658227848101266,0.06329113924050633,0.0
374,0.14634146341463414,0.036585365853658534,0.036585365853658534,0.08536585365853659,0.024390243902439025,0.036585365853658534,0.13414634146341464,0.07317073170731707,0.12195121951219512,0.024390243902439025,0.10975609756097561,0.036585365853658534,0.012195121951219513,0.06097560975609756,0.036585365853658534,0.0,0.0,0.024390243902439025,0.0
376,0.10980392156862745,0.00784313725490196,0.0196078431372549,0.10588235294117647,0.03137254901960784,0.06666666666666667,0.16862745098039217,0.054901960784313725,0.11764705882352941,0.011764705882352941,0.11372549019607843,0.027450980392156862,0.00784313725490196,0.10980392156862745,0.0,0.023529411764705882,0.00392156862745098,0.0196078431372549,0.0
379,0.0898876404494382,0.0,0.011235955056179775,0.14606741573033707,0.02247191011235955,0.0898876404494382,0.14606741573033707,0.06741573033707865,0.14606741573033707,0.0,0.15730337078651685,0.0449438202247191,0.011235955056179775,0.056179775280898875,0.0,0.0,0.0,0.011235955056179775,0.0
390,0.035211267605633804,0.028169014084507043,0.014084507042253521,0.1056338028169014,0.04929577464788732,0.1056338028169014,0.04929577464788732,0.056338028169014086,0.07746478873239436,0.007042253521126761,0.323943661971831,0.02112676056338028,0.007042253521126761,0.04225352112676056,0.02112676056338028,0.04225352112676056,0.0,0.0,0.014084507042253521
393,0.11475409836065574,0.006557377049180328,0.003278688524590164,0.04918032786885246,0.03278688524590164,0.006557377049180328,0.18688524590163935,0.08524590163934426,0.1540983606557377,0.01639344262295082,0.08524590163934426,0.009836065573770493,0.0,0.12786885245901639,0.0,0.06229508196721312,0.009836065573770493,0.04590163934426229,0.003278688524590164
394,0.140625,0.046875,0.078125,0.125,0.03125,0.0625,0.125,0.03125,0.0625,0.0,0.109375,0.03125,0.03125,0.046875,0.046875,0.0,0.0,0.03125,0.0
395,0.12574850299401197,0.05389221556886228,0.10778443113772455,0.10179640718562874,0.041916167664670656,0.0718562874251497,0.12574850299401197,0.03592814371257485,0.0718562874251497,0.0,0.09580838323353294,0.023952095808383235,0.011976047904191617,0.059880239520958084,0.05389221556886228,0.011976047904191617,0.0,0.005988023952095809,0.0
403,0.06944444444444445,0.0,0.0,0.1388888888888889,0.0,0.08333333333333333,0.1111111111111111,0.125,0.125,0.0,0.18055555555555555,0.041666666666666664,0.013888888888888888,0.041666666666666664,0.0,0.05555555555555555,0.0,0.013888888888888888,0.0
404,0.07317073170731707,0.016260162601626018,0.024390243902439025,0.13008130081300814,0.016260162601626018,0.11382113821138211,0.13008130081300814,0.04065040650406504,0.11382113821138211,0.008130081300813009,0.18699186991869918,0.04878048780487805,0.032520325203252036,0.04878048780487805,0.016260162601626018,0.0,0.0,0.0,0.0
419,0.042704626334519574,0.0071174377224199285,0.017793594306049824,0.08896797153024912,0.014234875444839857,0.03202846975088968,0.1387900355871886,0.07829181494661921,0.14590747330960854,0.03558718861209965,0.19572953736654805,0.05338078291814947,0.0,0.06405693950177936,0.0071174377224199285,0.028469750889679714,0.0035587188612099642,0.010676156583629894,0.03558718861209965
423,0.09523809523809523,0.0,0.0,0.11904761904761904,0.023809523809523808,0.023809523809523808,0.16666666666666666,0.047619047619047616,0.14285714285714285,0.0,0.11904761904761904,0.047619047619047616,0.023809523809523808,0.14285714285714285,0.0,0.023809523809523808,0.0,0.023809523809523808,0.0
427,0.05,0.0,0.0,0.08125,0.03125,0.08125,0.125,0.075,0.13125,0.0125,0.21875,0.05,0.00625,0.05625,0.01875,0.05,0.0,0.00625,0.00625
439,0.06451612903225806,0.03225806451612903,0.03225806451612903,0.06451612903225806,0.03225806451612903,0.06451612903225806,0.1935483870967742,0.03225806451612903,0.06451612903225806,0.0,0.16129032258064516,0.12903225806451613,0.0,0.06451612903225806,0.0,0.0,0.0,0.03225806451612903,0.03225806451612903
445,0.08196721311475409,0.01639344262295082,0.01639344262295082,0.10655737704918032,0.03278688524590164,0.05737704918032787,0.09016393442622951,0.09836065573770492,0.11475409836065574,0.0,0.19672131147540983,0.04918032786885246,0.00819672131147541,0.06557377049180328,0.00819672131147541,0.02459016393442623,0.0,0.03278688524590164,0.0
447,0.08040201005025126,0.035175879396984924,0.05025125628140704,0.12060301507537688,0.035175879396984924,0.08542713567839195,0.1306532663316583,0.05025125628140704,0.12060301507537688,0.010050251256281407,0.135678391959799,0.020100502512562814,0.02512562814070352,0.04020100502512563,0.035175879396984924,0.01507537688442211,0.0,0.010050251256281407,0.0
455,0.07518796992481203,0.022556390977443608,0.03007518796992481,0.12781954887218044,0.022556390977443608,0.10526315789473684,0.10526315789473684,0.06015037593984962,0.12781954887218044,0.0,0.17293233082706766,0.045112781954887216,0.022556390977443608,0.045112781954887216,0.022556390977443608,0.0,0.0,0.015037593984962405,0.0
457,0.14,0.0,0.01,0.13,0.01,0.04,0.17,0.02,0.11,0.04,0.1,0.01,0.01,0.17,0.0,0.04,0.0,0.0,0.0
458,0.08383233532934131,0.03592814371257485,0.05389221556886228,0.1377245508982036,0.029940119760479042,0.1317365269461078,0.10179640718562874,0.03592814371257485,0.10778443113772455,0.0,0.15568862275449102,0.023952095808383235,0.011976047904191617,0.03592814371257485,0.041916167664670656,0.0,0.0,0.011976047904191617,0.0
463,0.07692307692307693,0.015384615384615385,0.015384615384615385,0.1076923076923077,0.015384615384615385,0.06153846153846154,0.15384615384615385,0.046153846153846156,0.07692307692307693,0.015384615384615385,0.18461538461538463,0.15384615384615385,0.0,0.015384615384615385,0.015384615384615385,0.015384615384615385,0.0,0.015384615384615385,0.015384615384615385
464,0.12014134275618374,0.007067137809187279,0.02120141342756184,0.0706713780918728,0.024734982332155476,0.0636042402826855,0.15901060070671377,0.0636042402826855,0.13780918727915195,0.014134275618374558,0.13074204946996468,0.0353356890459364,0.014134275618374558,0.09540636042402827,0.0035335689045936395,0.02120141342756184,0.0035335689045936395,0.014134275618374558,0.0
479,0.06228373702422145,0.020761245674740483,0.03806228373702422,0.25951557093425603,0.04152249134948097,0.1245674740484429,0.04844290657439446,0.03806228373702422,0.05536332179930796,0.0034602076124567475,0.16608996539792387,0.01384083044982699,0.01730103806228374,0.06228373702422145,0.020761245674740483,0.020761245674740483,0.0,0.0034602076124567475,0.0034602076124567475
485,0.15873015873015872,0.031746031746031744,0.031746031746031744,0.07936507936507936,0.0,0.047619047619047616,0.15873015873015872,0.047619047619047616,0.12698412698412698,0.0,0.14285714285714285,0.047619047619047616,0.015873015873015872,0.06349206349206349,0.031746031746031744,0.0,0.0,0.015873015873015872,0.0
494,0.18181818181818182,0.0,0.0,0.030303030303030304,0.0,0.0,0.2727272727272727,0.030303030303030304,0.06060606060606061,0.06060606060606061,0.12121212121212122,0.09090909090909091,0.0,0.15151515151515152,0.0,0.0,0.0,0.0,0.0
498,0.14634146341463414,0.024390243902439025,0.036585365853658534,0.14634146341463414,0.0,0.04878048780487805,0.14634146341463414,0.04878048780487805,0.12195121951219512,0.0,0.13414634146341464,0.036585365853658534,0.012195121951219513,0.04878048780487805,0.024390243902439025,0.012195121951219513,0.0,0.012195121951219513,0.0
507,0.09615384615384616,0.019230769230769232,0.038461538461538464,0.07692307692307693,0.019230769230769232,0.11538461538461539,0.15384615384615385,0.057692307692307696,0.07692307692307693,0.0,0.1346153846153846,0.057692307692307696,0.038461538461538464,0.057692307692307696,0.019230769230769232,0.0,0.0,0.038461538461538464,0.0
512,0.1,0.025,0.041666666666666664,0.10833333333333334,0.03333333333333333,0.08333333333333333,0.14166666666666666,0.03333333333333333,0.11666666666666667,0.0,0.15,0.041666666666666664,0.016666666666666666,0.058333333333333334,0.025,0.008333333333333333,0.0,0.016666666666666666,0.0
513,0.09259259259259259,0.018518518518518517,0.018518518518518517,0.12962962962962962,0.037037037037037035,0.1111111111111111,0.09259259259259259,0.018518518518518517,0.07407407407407407,0.0,0.18518518518518517,0.07407407407407407,0.05555555555555555,0.05555555555555555,0.0,0.018518518518518517,0.0,0.018518518518518517,0.0
536,0.08823529411764706,0.0,0.0,0.11764705882352941,0.0,0.04411764705882353,0.11764705882352941,0.058823529411764705,0.11764705882352941,0.029411764705882353,0.23529411764705882,0.04411764705882353,0.04411764705882353,0.08823529411764706,0.0,0.0,0.0,0.014705882352941176,0.0
549,0.08571428571428572,0.0,0.02857142857142857,0.0,0.05714285714285714,0.0,0.22857142857142856,0.08571428571428572,0.11428571428571428,0.0,0.14285714285714285,0.08571428571428572,0.0,0.08571428571428572,0.0,0.05714285714285714,0.0,0.02857142857142857,0.0
551,0.13029315960912052,0.016286644951140065,0.016286644951140065,0.05211726384364821,0.026058631921824105,0.03257328990228013,0.20195439739413681,0.06840390879478828,0.14332247557003258,0.003257328990228013,0.12052117263843648,0.03257328990228013,0.0,0.08469055374592833,0.0,0.029315960912052116,0.003257328990228013,0.035830618892508145,0.003257328990228013
566,0.11538461538461539,0.01282051282051282,0.019230769230769232,0.14743589743589744,0.019230769230769232,0.11538461538461539,0.12179487179487179,0.03205128205128205,0.10897435897435898,0.0,0.16025641025641027,0.038461538461538464,0.03205128205128205,0.05128205128205128,0.01282051282051282,0.00641025641025641,0.0,0.00641025641025641,0.0
574,0.12698412698412698,0.047619047619047616,0.06349206349206349,0.12698412698412698,0.031746031746031744,0.047619047619047616,0.1111111111111111,0.047619047619047616,0.1111111111111111,0.0,0.12698412698412698,0.031746031746031744,0.0,0.047619047619047616,0.047619047619047616,0.0,0.0,0.031746031746031744,0.0
586,0.1559792027729636,0.0831889081455806,0.08492201039861352,0.10571923743500866,0.05719237435008666,0.03292894280762565,0.1438474870017331,0.02079722703639515,0.0658578856152513,0.006932409012131715,0.06759098786828423,0.012131715771230503,0.005199306759098787,0.09705372616984402,0.008665511265164644,0.008665511265164644,0.0,0.043327556325823226,0.0
593,0.09359605911330049,0.024630541871921183,0.034482758620689655,0.16748768472906403,0.04926108374384237,0.15270935960591134,0.07881773399014778,0.04926108374384237,0.054187192118226604,0.0,0.16748768472906403,0.019704433497536946,0.0,0.029556650246305417,0.029556650246305417,0.019704433497536946,0.0049261083743842365,0.024630541871921183,0.0
75,0.11920529801324503,0.019867549668874173,0.019867549668874173,0.033112582781456956,0.039735099337748346,0.059602649006622516,0.15894039735099338,0.046357615894039736,0.09933774834437085,0.019867549668874173,0.11920529801324503,0.026490066225165563,0.006622516556291391,0.1456953642384106,0.013245033112582781,0.06622516556291391,0.0,0.006622516556291391,0.0
108,0.05970149253731343,0.014925373134328358,0.022388059701492536,0.14925373134328357,0.0,0.1865671641791045,0.06716417910447761,0.029850746268656716,0.08208955223880597,0.007462686567164179,0.23134328358208955,0.014925373134328358,0.007462686567164179,0.08955223880597014,0.0,0.029850746268656716,0.0,0.007462686567164179,0.0
147,0.022727272727272728,0.022727272727272728,0.022727272727272728,0.25,0.022727272727272728,0.13636363636363635,0.11363636363636363,0.045454545454545456,0.06818181818181818,0.022727272727272728,0.13636363636363635,0.045454545454545456,0.022727272727272728,0.045454545454545456,0.022727272727272728,0.0,0.0,0.0,0.0
429,0.07792207792207792,0.03896103896103896,0.05194805194805195,0.12337662337662338,0.006493506493506494,0.13636363636363635,0.09740259740259741,0.03896103896103896,0.08441558441558442,0.006493506493506494,0.18181818181818182,0.01948051948051948,0.025974025974025976,0.032467532467532464,0.03896103896103896,0.01948051948051948,0.006493506493506494,0.012987012987012988,0.0
446,0.09782608695652174,0.021739130434782608,0.03804347826086957,0.15217391304347827,0.02717391304347826,0.11413043478260869,0.11956521739130435,0.04891304347826087,0.10326086956521739,0.0,0.14130434782608695,0.021739130434782608,0.016304347826086956,0.05434782608695652,0.021739130434782608,0.010869565217391304,0.0,0.010869565217391304,0.0
482,0.10548523206751055,0.008438818565400843,0.02531645569620253,0.16455696202531644,0.046413502109704644,0.08860759493670886,0.16455696202531644,0.029535864978902954,0.09282700421940929,0.016877637130801686,0.13924050632911392,0.012658227848101266,0.0,0.07172995780590717,0.004219409282700422,0.016877637130801686,0.0,0.012658227848101266,0.0
99,0.07086614173228346,0.015748031496062992,0.015748031496062992,0.16535433070866143,0.0,0.07874015748031496,0.14960629921259844,0.09448818897637795,0.14960629921259844,0.015748031496062992,0.11023622047244094,0.015748031496062992,0.023622047244094488,0.047244094488188976,0.015748031496062992,0.023622047244094488,0.0,0.007874015748031496,0.0
194,0.02,0.06,0.06,0.16,0.0,0.16,0.08,0.06,0.04,0.02,0.14,0.02,0.02,0.04,0.08,0.02,0.02,0.0,0.0
238,0.05063291139240506,0.0,0.0379746835443038,0.06329113924050633,0.0,0.0379746835443038,0.1518987341772152,0.08860759493670886,0.13924050632911392,0.012658227848101266,0.24050632911392406,0.0759493670886076,0.0379746835443038,0.012658227848101266,0.0,0.0379746835443038,0.012658227848101266,0.0,0.0
246,0.09278350515463918,0.041237113402061855,0.041237113402061855,0.1134020618556701,0.06443298969072164,0.07731958762886598,0.10309278350515463,0.041237113402061855,0.08247422680412371,0.010309278350515464,0.13917525773195877,0.005154639175257732,0.01288659793814433,0.061855670103092786,0.010309278350515464,0.04381443298969072,0.007731958762886598,0.05154639175257732,0.0
256,0.11704834605597965,0.03816793893129771,0.05343511450381679,0.15267175572519084,0.03307888040712468,0.061068702290076333,0.12468193384223919,0.043256997455470736,0.07888040712468193,0.015267175572519083,0.09669211195928754,0.007633587786259542,0.007633587786259542,0.11959287531806616,0.002544529262086514,0.010178117048346057,0.0,0.035623409669211195,0.002544529262086514
431,0.0975609756097561,0.0,0.024390243902439025,0.21951219512195122,0.04878048780487805,0.14634146341463414,0.12195121951219512,0.024390243902439025,0.0975609756097561,0.0,0.07317073170731707,0.024390243902439025,0.024390243902439025,0.07317073170731707,0.0,0.024390243902439025,0.0,0.0,0.0
435,0.07920792079207921,0.039603960396039604,0.04950495049504951,0.0891089108910891,0.019801980198019802,0.0594059405940594,0.1485148514851485,0.06930693069306931,0.09900990099009901,0.0,0.15841584158415842,0.0,0.019801980198019802,0.06930693069306931,0.0297029702970297,0.0297029702970297,0.0,0.039603960396039604,0.0
22,0.07142857142857142,0.031746031746031744,0.031746031746031744,0.11507936507936507,0.03968253968253968,0.06746031746031746,0.08333333333333333,0.08333333333333333,0.08333333333333333,0.01984126984126984,0.21825396825396826,0.01984126984126984,0.003968253968253968,0.047619047619047616,0.003968253968253968,0.03571428571428571,0.003968253968253968,0.01984126984126984,0.01984126984126984
310,0.06481481481481481,0.018518518518518517,0.018518518518518517,0.26851851851851855,0.018518518518518517,0.09259259259259259,0.10185185185185185,0.08333333333333333,0.06481481481481481,0.0,0.12962962962962962,0.046296296296296294,0.027777777777777776,0.018518518518518517,0.009259259259259259,0.027777777777777776,0.0,0.0,0.009259259259259259
365,0.09380863039399624,0.0225140712945591,0.02626641651031895,0.2176360225140713,0.0450281425891182,0.06566604127579738,0.12195121951219512,0.0600375234521576,0.06378986866791744,0.016885553470919325,0.10881801125703565,0.01125703564727955,0.00375234521575985,0.0675422138836773,0.009380863039399626,0.024390243902439025,0.0,0.0375234521575985,0.00375234521575985
369,0.09313725490196079,0.00980392156862745,0.0196078431372549,0.20098039215686275,0.029411764705882353,0.04411764705882353,0.09803921568627451,0.07352941176470588,0.09313725490196079,0.004901960784313725,0.11764705882352941,0.0196078431372549,0.004901960784313725,0.09313725490196079,0.03431372549019608,0.03431372549019608,0.0,0.014705882352941176,0.014705882352941176
495,0.0852994555353902,0.012704174228675136,0.012704174228675136,0.13430127041742287,0.029038112522686024,0.050816696914700546,0.13430127041742287,0.08166969147005444,0.11070780399274047,0.019963702359346643,0.1851179673321234,0.019963702359346643,0.0018148820326678765,0.06170598911070781,0.007259528130671506,0.02722323049001815,0.003629764065335753,0.018148820326678767,0.003629764065335753
583,0.08148148148148149,0.08888888888888889,0.08888888888888889,0.2814814814814815,0.037037037037037035,0.16296296296296298,0.007407407407407408,0.014814814814814815,0.007407407407407408,0.014814814814814815,0.1037037037037037,0.007407407407407408,0.0,0.0,0.08888888888888889,0.0,0.0,0.014814814814814815,0.0
9,0.1044776119402985,0.014925373134328358,0.014925373134328358,0.14925373134328357,0.0,0.04477611940298507,0.07462686567164178,0.07462686567164178,0.08955223880597014,0.04477611940298507,0.19402985074626866,0.014925373134328358,0.014925373134328358,0.1044776119402985,0.014925373134328358,0.029850746268656716,0.0,0.014925373134328358,0.0
88,0.041666666666666664,0.0,0.020833333333333332,0.09375,0.010416666666666666,0.020833333333333332,0.11458333333333333,0.08333333333333333,0.125,0.03125,0.23958333333333334,0.03125,0.020833333333333332,0.07291666666666667,0.0,0.07291666666666667,0.0,0.020833333333333332,0.0
101,0.06,0.02,0.02,0.22,0.03,0.06,0.09,0.05,0.12,0.04,0.19,0.0,0.0,0.04,0.01,0.04,0.0,0.01,0.0
215,0.05194805194805195,0.0,0.0,0.21428571428571427,0.01948051948051948,0.12337662337662338,0.06493506493506493,0.07792207792207792,0.06493506493506493,0.006493506493506494,0.24675324675324675,0.03896103896103896,0.006493506493506494,0.025974025974025976,0.0,0.03896103896103896,0.006493506493506494,0.006493506493506494,0.006493506493506494
225,0.07518796992481203,0.015037593984962405,0.015037593984962405,0.3157894736842105,0.05263157894736842,0.08270676691729323,0.05263157894736842,0.03007518796992481,0.06015037593984962,0.11278195488721804,0.09774436090225563,0.0,0.0,0.045112781954887216,0.015037593984962405,0.03007518796992481,0.0,0.0,0.0
255,0.06756756756756757,0.08108108108108109,0.10810810810810811,0.35135135135135137,0.013513513513513514,0.10810810810810811,0.02702702702702703,0.013513513513513514,0.013513513513513514,0.0,0.06756756756756757,0.013513513513513514,0.04054054054054054,0.013513513513513514,0.06756756756756757,0.0,0.0,0.0,0.013513513513513514
342,0.05825242718446602,0.0,0.038834951456310676,0.24271844660194175,0.02912621359223301,0.06796116504854369,0.07766990291262135,0.04854368932038835,0.1262135922330097,0.04854368932038835,0.17475728155339806,0.0,0.009708737864077669,0.06796116504854369,0.0,0.009708737864077669,0.0,0.0,0.0
370,0.0736196319018405,0.012269938650306749,0.012269938650306749,0.15337423312883436,0.03680981595092025,0.08588957055214724,0.12269938650306748,0.10429447852760736,0.10429447852760736,0.012269938650306749,0.13496932515337423,0.006134969325153374,0.0,0.06134969325153374,0.0,0.03680981595092025,0.012269938650306749,0.024539877300613498,0.006134969325153374
384,0.046511627906976744,0.0,0.007751937984496124,0.20155038759689922,0.015503875968992248,0.08527131782945736,0.07751937984496124,0.06976744186046512,0.13953488372093023,0.031007751937984496,0.20155038759689922,0.031007751937984496,0.015503875968992248,0.06201550387596899,0.0,0.015503875968992248,0.0,0.0,0.0
409,0.029585798816568046,0.0,0.005917159763313609,0.34911242603550297,0.029585798816568046,0.08875739644970414,0.03550295857988166,0.05917159763313609,0.0650887573964497,0.03550295857988166,0.20118343195266272,0.029585798816568046,0.01775147928994083,0.01775147928994083,0.01775147928994083,0.011834319526627219,0.0,0.0,0.005917159763313609
415,0.06040268456375839,0.013422818791946308,0.020134228187919462,0.14093959731543623,0.020134228187919462,0.10738255033557047,0.0738255033557047,0.09395973154362416,0.12080536912751678,0.0,0.18791946308724833,0.020134228187919462,0.013422818791946308,0.020134228187919462,0.013422818791946308,0.053691275167785234,0.026845637583892617,0.013422818791946308,0.0
424,0.012145748987854251,0.008097165991902834,0.0,0.12955465587044535,0.024291497975708502,0.05668016194331984,0.05668016194331984,0.12550607287449392,0.18218623481781376,0.02834008097165992,0.20242914979757085,0.008097165991902834,0.004048582995951417,0.024291497975708502,0.004048582995951417,0.10931174089068826,0.016194331983805668,0.008097165991902834,0.0
558,0.06956521739130435,0.017391304347826087,0.043478260869565216,0.12173913043478261,0.0782608695652174,0.11304347826086956,0.06086956521739131,0.043478260869565216,0.13043478260869565,0.017391304347826087,0.21739130434782608,0.034782608695652174,0.0,0.017391304347826087,0.008695652173913044,0.02608695652173913,0.0,0.0,0.0
585,0.01652892561983471,0.01652892561983471,0.0,0.09917355371900827,0.008264462809917356,0.01652892561983471,0.049586776859504134,0.2066115702479339,0.15702479338842976,0.0,0.2892561983471074,0.01652892561983471,0.0,0.03305785123966942,0.0,0.0743801652892562,0.008264462809917356,0.008264462809917356,0.0
591,0.08421052631578947,0.021052631578947368,0.021052631578947368,0.16842105263157894,0.021052631578947368,0.08421052631578947,0.08421052631578947,0.021052631578947368,0.12631578947368421,0.042105263157894736,0.23157894736842105,0.010526315789473684,0.010526315789473684,0.05263157894736842,0.0,0.021052631578947368,0.0,0.0,0.0
4,0.05637982195845697,0.017804154302670624,0.020771513353115726,0.22255192878338279,0.032640949554896145,0.11572700296735905,0.03857566765578635,0.05341246290801187,0.0712166172106825,0.002967359050445104,0.228486646884273,0.008902077151335312,0.020771513353115726,0.020771513353115726,0.03560830860534125,0.04154302670623145,0.008902077151335312,0.002967359050445104,0.0
35,0.06818181818181818,0.022727272727272728,0.022727272727272728,0.18181818181818182,0.022727272727272728,0.18181818181818182,0.06818181818181818,0.045454545454545456,0.045454545454545456,0.0,0.18181818181818182,0.022727272727272728,0.045454545454545456,0.022727272727272728,0.022727272727272728,0.0,0.0,0.045454545454545456,0.0
61,0.015151515151515152,0.0,0.0,0.06060606060606061,0.015151515151515152,0.06060606060606061,0.12121212121212122,0.10606060606060606,0.15151515151515152,0.030303030303030304,0.18181818181818182,0.045454545454545456,0.045454545454545456,0.12121212121212122,0.0,0.045454545454545456,0.0,0.0,0.0
197,0.05357142857142857,0.0,0.0,0.14285714285714285,0.0,0.08928571428571429,0.17857142857142858,0.08928571428571429,0.125,0.017857142857142856,0.17857142857142858,0.03571428571428571,0.0,0.08928571428571429,0.0,0.0,0.0,0.0,0.0
520,0.13353115727002968,0.017804154302670624,0.02373887240356083,0.17804154302670624,0.050445103857566766,0.04451038575667656,0.13056379821958458,0.04451038575667656,0.06528189910979229,0.020771513353115726,0.09495548961424333,0.011869436201780416,0.008902077151335312,0.1394658753709199,0.0,0.020771513353115726,0.002967359050445104,0.008902077151335312,0.002967359050445104
589,0.04477611940298507,0.0,0.029850746268656716,0.11940298507462686,0.029850746268656716,0.08955223880597014,0.014925373134328358,0.08955223880597014,0.13432835820895522,0.0,0.3283582089552239,0.04477611940298507,0.014925373134328358,0.014925373134328358,0.0,0.014925373134328358,0.0,0.014925373134328358,0.014925373134328358
10,0.07773851590106007,0.045936395759717315,0.045936395759717315,0.21201413427561838,0.028268551236749116,0.20141342756183744,0.05653710247349823,0.028268551236749116,0.028268551236749116,0.0,0.16607773851590105,0.014134275618374558,0.0,0.01060070671378092,0.0353356890459364,0.007067137809187279,0.0,0.04240282685512368,0.0
16,0.03676470588235294,0.029411764705882353,0.022058823529411766,0.09558823529411764,0.029411764705882353,0.058823529411764705,0.0661764705882353,0.10294117647058823,0.13970588235294118,0.014705882352941176,0.19117647058823528,0.03676470588235294,0.0,0.0661764705882353,0.0,0.058823529411764705,0.029411764705882353,0.014705882352941176,0.007352941176470588
26,0.125,0.0,0.020833333333333332,0.10416666666666667,0.0,0.041666666666666664,0.1875,0.125,0.1875,0.0,0.14583333333333334,0.020833333333333332,0.0,0.020833333333333332,0.0,0.0,0.0,0.020833333333333332,0.0
29,0.08125,0.0,0.00625,0.06875,0.025,0.03125,0.1375,0.05625,0.1,0.0125,0.2,0.0875,0.01875,0.0875,0.01875,0.03125,0.00625,0.03125,0.0
37,0.125,0.017857142857142856,0.03571428571428571,0.125,0.03571428571428571,0.03571428571428571,0.125,0.08928571428571429,0.125,0.0,0.125,0.017857142857142856,0.017857142857142856,0.07142857142857142,0.03571428571428571,0.0,0.0,0.017857142857142856,0.0
39,0.1024390243902439,0.08292682926829269,0.08780487804878048,0.1024390243902439,0.05365853658536585,0.03902439024390244,0.07317073170731707,0.07804878048780488,0.05853658536585366,0.03902439024390244,0.12682926829268293,0.0,0.0,0.06829268292682927,0.06341463414634146,0.014634146341463415,0.00975609756097561,0.0,0.0
41,0.059496567505720827,0.018306636155606407,0.018306636155606407,0.15789473684210525,0.036613272311212815,0.12128146453089245,0.06407322654462243,0.08237986270022883,0.08466819221967964,0.016018306636155607,0.2242562929061785,0.02517162471395881,0.004576659038901602,0.032036613272311214,0.006864988558352402,0.02745995423340961,0.004576659038901602,0.011441647597254004,0.004576659038901602
67,0.10869565217391304,0.05434782608695652,0.05434782608695652,0.16304347826086957,0.03260869565217391,0.043478260869565216,0.15217391304347827,0.07608695652173914,0.06521739130434782,0.0,0.10869565217391304,0.03260869565217391,0.021739130434782608,0.06521739130434782,0.0,0.010869565217391304,0.0,0.010869565217391304,0.0
69,0.10256410256410256,0.0,0.0,0.10256410256410256,0.01282051282051282,0.05128205128205128,0.1282051282051282,0.05128205128205128,0.07692307692307693,0.01282051282051282,0.19230769230769232,0.02564102564102564,0.038461538461538464,0.15384615384615385,0.0,0.038461538461538464,0.01282051282051282,0.0,0.0
74,0.024291497975708502,0.0,0.0,0.0728744939271255,0.004048582995951417,0.0728744939271255,0.03643724696356275,0.10121457489878542,0.1417004048582996,0.032388663967611336,0.3967611336032389,0.020242914979757085,0.008097165991902834,0.020242914979757085,0.004048582995951417,0.048582995951417005,0.012145748987854251,0.0,0.004048582995951417
118,0.058823529411764705,0.0,0.0,0.17647058823529413,0.0,0.029411764705882353,0.08823529411764706,0.17647058823529413,0.11764705882352941,0.0,0.2647058823529412,0.058823529411764705,0.029411764705882353,0.0,0.0,0.0,0.0,0.0,0.0
123,0.056,0.024,0.016,0.04,0.016,0.024,0.12,0.096,0.176,0.0,0.208,0.024,0.008,0.088,0.0,0.064,0.0,0.04,0.0
142,0.08791208791208792,0.03296703296703297,0.04395604395604396,0.08791208791208792,0.01098901098901099,0.06593406593406594,0.13186813186813187,0.06593406593406594,0.15384615384615385,0.0,0.18681318681318682,0.03296703296703297,0.01098901098901099,0.03296703296703297,0.03296703296703297,0.0,0.0,0.02197802197802198,0.0
152,0.05042016806722689,0.008403361344537815,0.008403361344537815,0.11764705882352941,0.025210084033613446,0.05042016806722689,0.08403361344537816,0.10084033613445378,0.13445378151260504,0.0,0.24369747899159663,0.03361344537815126,0.0,0.05042016806722689,0.008403361344537815,0.04201680672268908,0.008403361344537815,0.01680672268907563,0.01680672268907563
162,0.0379746835443038,0.0,0.0,0.10126582278481013,0.02531645569620253,0.12658227848101267,0.06329113924050633,0.08860759493670886,0.11392405063291139,0.0,0.35443037974683544,0.0379746835443038,0.02531645569620253,0.012658227848101266,0.0,0.0,0.0,0.012658227848101266,0.0
168,0.04666666666666667,0.006666666666666667,0.02,0.12,0.02666666666666667,0.06,0.06,0.1,0.12,0.013333333333333334,0.24,0.05333333333333334,0.006666666666666667,0.02,0.006666666666666667,0.06666666666666667,0.02666666666666667,0.0,0.006666666666666667
174,0.11464968152866242,0.01910828025477707,0.03821656050955414,0.15286624203821655,0.03184713375796178,0.08280254777070063,0.12738853503184713,0.044585987261146494,0.10828025477707007,0.006369426751592357,0.12738853503184713,0.01910828025477707,0.025477707006369428,0.05732484076433121,0.01910828025477707,0.012738853503184714,0.0,0.012738853503184714,0.0
204,0.05806451612903226,0.05161290322580645,0.05806451612903226,0.1032258064516129,0.03225806451612903,0.03225806451612903,0.07741935483870968,0.09032258064516129,0.10967741935483871,0.03225806451612903,0.17419354838709677,0.03870967741935484,0.0064516129032258064,0.04516129032258064,0.0,0.04516129032258064,0.01935483870967742,0.025806451612903226,0.0
210,0.19365079365079366,0.07301587301587302,0.06666666666666667,0.07301587301587302,0.07936507936507936,0.015873015873015872,0.13968253968253969,0.012698412698412698,0.044444444444444446,0.009523809523809525,0.044444444444444446,0.006349206349206349,0.0,0.15873015873015872,0.0,0.012698412698412698,0.0,0.06984126984126984,0.0
211,0.10476190476190476,0.014285714285714285,0.014285714285714285,0.06666666666666667,0.023809523809523808,0.0380952380952381,0.16666666666666666,0.08571428571428572,0.14761904761904762,0.009523809523809525,0.12380952380952381,0.02857142857142857,0.0,0.0761904761904762,0.014285714285714285,0.05238095238095238,0.004761904761904762,0.02857142857142857,0.0
212,0.11180124223602485,0.039337474120082816,0.035196687370600416,0.12422360248447205,0.051759834368530024,0.031055900621118012,0.15113871635610765,0.062111801242236024,0.07867494824016563,0.020703933747412008,0.12629399585921325,0.016563146997929608,0.006211180124223602,0.06832298136645963,0.006211180124223602,0.028985507246376812,0.002070393374741201,0.039337474120082816,0.0
231,0.08823529411764706,0.0,0.0,0.08823529411764706,0.0,0.11764705882352941,0.11764705882352941,0.08823529411764706,0.058823529411764705,0.058823529411764705,0.17647058823529413,0.029411764705882353,0.0,0.14705882352941177,0.0,0.0,0.0,0.029411764705882353,0.0
241,0.05185185185185185,0.02962962962962963,0.014814814814814815,0.08888888888888889,0.037037037037037035,0.11851851851851852,0.05925925925925926,0.02962962962962963,0.08148148148148149,0.007407407407407408,0.32592592592592595,0.02962962962962963,0.007407407407407408,0.05185185185185185,0.022222222222222223,0.022222222222222223,0.0,0.022222222222222223,0.0
242,0.13095238095238096,0.023809523809523808,0.03571428571428571,0.13095238095238096,0.011904761904761904,0.047619047619047616,0.10714285714285714,0.08333333333333333,0.13095238095238096,0.0,0.15476190476190477,0.023809523809523808,0.03571428571428571,0.047619047619047616,0.023809523809523808,0.0,0.0,0.011904761904761904,0.0
251,0.0425531914893617,0.0425531914893617,0.0425531914893617,0.0851063829787234,0.02127659574468085,0.0425531914893617,0.06382978723404255,0.1276595744680851,0.1276595744680851,0.0,0.2765957446808511,0.0851063829787234,0.0,0.0,0.0,0.02127659574468085,0.0,0.02127659574468085,0.0
261,0.00980392156862745,0.00980392156862745,0.00980392156862745,0.14705882352941177,0.029411764705882353,0.0392156862745098,0.11764705882352941,0.13725490196078433,0.10784313725490197,0.0,0.20588235294117646,0.0392156862745098,0.00980392156862745,0.058823529411764705,0.00980392156862745,0.049019607843137254,0.0,0.0196078431372549,0.0
262,0.020618556701030927,0.041237113402061855,0.041237113402061855,0.15463917525773196,0.030927835051546393,0.16494845360824742,0.020618556701030927,0.061855670103092786,0.13402061855670103,0.0,0.26804123711340205,0.0,0.0,0.0,0.041237113402061855,0.010309278350515464,0.010309278350515464,0.0,0.0
309,0.04827586206896552,0.006896551724137931,0.020689655172413793,0.04827586206896552,0.034482758620689655,0.08275862068965517,0.034482758620689655,0.07586206896551724,0.12413793103448276,0.020689655172413793,0.31724137931034485,0.06896551724137931,0.006896551724137931,0.013793103448275862,0.0,0.06206896551724138,0.034482758620689655,0.0,0.0
331,0.11057692307692307,0.036057692307692304,0.03365384615384615,0.11298076923076923,0.04326923076923077,0.04567307692307692,0.125,0.0673076923076923,0.10336538461538461,0.02403846153846154,0.12740384615384615,0.019230769230769232,0.007211538461538462,0.07451923076923077,0.014423076923076924,0.019230769230769232,0.002403846153846154,0.03125,0.002403846153846154
338,0.08571428571428572,0.05714285714285714,0.04285714285714286,0.1,0.014285714285714285,0.02857142857142857,0.12857142857142856,0.08571428571428572,0.1,0.014285714285714285,0.15714285714285714,0.02857142857142857,0.0,0.08571428571428572,0.0,0.02857142857142857,0.0,0.014285714285714285,0.02857142857142857
343,0.038461538461538464,0.01282051282051282,0.01282051282051282,0.11538461538461539,0.0,0.0641025641025641,0.07692307692307693,0.11538461538461539,0.14102564102564102,0.038461538461538464,0.20512820512820512,0.01282051282051282,0.0,0.07692307692307693,0.0,0.0641025641025641,0.01282051282051282,0.0,0.01282051282051282
346,0.018604651162790697,0.0,0.0,0.11627906976744186,0.018604651162790697,0.07906976744186046,0.046511627906976744,0.11627906976744186,0.12093023255813953,0.046511627906976744,0.3023255813953488,0.018604651162790697,0.004651162790697674,0.009302325581395349,0.004651162790697674,0.07441860465116279,0.018604651162790697,0.0,0.004651162790697674
348,0.03488372093023256,0.0,0.0,0.08139534883720931,0.023255813953488372,0.046511627906976744,0.10465116279069768,0.12790697674418605,0.1511627906976744,0.023255813953488372,0.20930232558139536,0.046511627906976744,0.011627906976744186,0.023255813953488372,0.011627906976744186,0.08139534883720931,0.0,0.011627906976744186,0.011627906976744186
349,0.06315789473684211,0.031578947368421054,0.05263157894736842,0.1368421052631579,0.031578947368421054,0.10526315789473684,0.08421052631578947,0.05263157894736842,0.1368421052631579,0.0,0.17894736842105263,0.042105263157894736,0.021052631578947368,0.021052631578947368,0.031578947368421054,0.0,0.0,0.010526315789473684,0.0
351,0.0311284046692607,0.01556420233463035,0.019455252918287938,0.08949416342412451,0.023346303501945526,0.08560311284046693,0.07392996108949416,0.08949416342412451,0.13618677042801555,0.04669260700389105,0.23346303501945526,0.023346303501945526,0.0,0.05058365758754864,0.007782101167315175,0.038910505836575876,0.0038910505836575876,0.0311284046692607,0.0
352,0.09878419452887538,0.016717325227963525,0.013677811550151976,0.06990881458966565,0.05167173252279635,0.044072948328267476,0.135258358662614,0.05319148936170213,0.12462006079027356,0.0364741641337386,0.13221884498480244,0.015197568389057751,0.0060790273556231,0.10638297872340426,0.004559270516717325,0.03951367781155015,0.00303951367781155,0.0486322188449848,0.0
363,0.0975609756097561,0.024390243902439025,0.024390243902439025,0.14634146341463414,0.0,0.12195121951219512,0.12195121951219512,0.04878048780487805,0.14634146341463414,0.04878048780487805,0.17073170731707318,0.0,0.0,0.04878048780487805,0.0,0.0,0.0,0.0,0.0
402,0.08490566037735849,0.018867924528301886,0.02830188679245283,0.16037735849056603,0.018867924528301886,0.08490566037735849,0.1509433962264151,0.07547169811320754,0.16037735849056603,0.0,0.1509433962264151,0.009433962264150943,0.0,0.03773584905660377,0.018867924528301886,0.0,0.0,0.0,0.0
413,0.03296703296703297,0.0,0.0,0.15384615384615385,0.04395604395604396,0.08791208791208792,0.15384615384615385,0.0989010989010989,0.08791208791208792,0.01098901098901099,0.23076923076923078,0.04395604395604396,0.03296703296703297,0.01098901098901099,0.0,0.0,0.0,0.01098901098901099,0.0
416,0.0625,0.03125,0.03125,0.15625,0.052083333333333336,0.08333333333333333,0.07291666666666667,0.09375,0.08333333333333333,0.010416666666666666,0.16666666666666666,0.041666666666666664,0.010416666666666666,0.03125,0.010416666666666666,0.041666666666666664,0.010416666666666666,0.0,0.010416666666666666
417,0.06779661016949153,0.01694915254237288,0.01694915254237288,0.0423728813559322,0.01694915254237288,0.059322033898305086,0.09322033898305085,0.0847457627118644,0.1440677966101695,0.01694915254237288,0.2033898305084746,0.025423728813559324,0.0,0.1016949152542373,0.0,0.07627118644067797,0.0,0.03389830508474576,0.0
418,0.0958904109589041,0.0045662100456621,0.0182648401826484,0.0958904109589041,0.0502283105022831,0.0593607305936073,0.0821917808219178,0.0821917808219178,0.1187214611872146,0.0045662100456621,0.2009132420091324,0.0182648401826484,0.0045662100456621,0.0593607305936073,0.0045662100456621,0.0502283105022831,0.0091324200913242,0.0365296803652968,0.0045662100456621
426,0.11374407582938388,0.07582938388625593,0.08530805687203792,0.16587677725118483,0.08530805687203792,0.10426540284360189,0.037914691943127965,0.04265402843601896,0.037914691943127965,0.0,0.12796208530805686,0.004739336492890996,0.0,0.03317535545023697,0.023696682464454975,0.014218009478672985,0.0,0.04739336492890995,0.0
441,0.12790697674418605,0.023255813953488372,0.011627906976744186,0.19767441860465115,0.03488372093023256,0.023255813953488372,0.18604651162790697,0.05813953488372093,0.08139534883720931,0.03488372093023256,0.06976744186046512,0.023255813953488372,0.0,0.08139534883720931,0.0,0.03488372093023256,0.0,0.011627906976744186,0.0
503,0.0625,0.0125,0.03125,0.125,0.0125,0.06875,0.0625,0.06875,0.11875,0.03125,0.25625,0.03125,0.0,0.05625,0.0125,0.0375,0.0,0.00625,0.00625
526,0.08791208791208792,0.02197802197802198,0.02197802197802198,0.15384615384615385,0.01098901098901099,0.0989010989010989,0.054945054945054944,0.08791208791208792,0.04395604395604396,0.0,0.34065934065934067,0.02197802197802198,0.0,0.03296703296703297,0.0,0.01098901098901099,0.0,0.01098901098901099,0.0
540,0.10869565217391304,0.010869565217391304,0.021739130434782608,0.11956521739130435,0.06521739130434782,0.03260869565217391,0.17391304347826086,0.07608695652173914,0.10869565217391304,0.021739130434782608,0.08695652173913043,0.010869565217391304,0.0,0.07608695652173914,0.010869565217391304,0.043478260869565216,0.010869565217391304,0.021739130434782608,0.0
542,0.08018867924528301,0.04716981132075472,0.06132075471698113,0.19811320754716982,0.05660377358490566,0.06132075471698113,0.0660377358490566,0.05660377358490566,0.08490566037735849,0.018867924528301886,0.12735849056603774,0.0047169811320754715,0.0047169811320754715,0.0660377358490566,0.0330188679245283,0.018867924528301886,0.0,0.014150943396226415,0.0
565,0.09230769230769231,0.03076923076923077,0.046153846153846156,0.2,0.0,0.09230769230769231,0.1076923076923077,0.09230769230769231,0.12307692307692308,0.0,0.12307692307692308,0.03076923076923077,0.015384615384615385,0.0,0.03076923076923077,0.0,0.0,0.015384615384615385,0.0
568,0.075,0.0,0.05,0.225,0.025,0.1,0.025,0.025,0.075,0.0,0.25,0.05,0.025,0.05,0.025,0.0,0.0,0.0,0.0
569,0.15151515151515152,0.045454545454545456,0.045454545454545456,0.10606060606060606,0.015151515151515152,0.06060606060606061,0.15151515151515152,0.07575757575757576,0.13636363636363635,0.0,0.07575757575757576,0.015151515151515152,0.015151515151515152,0.045454545454545456,0.045454545454545456,0.0,0.0,0.015151515151515152,0.0
575,0.02127659574468085,0.02127659574468085,0.02127659574468085,0.3617021276595745,0.0,0.10638297872340426,0.0,0.0851063829787234,0.0851063829787234,0.0425531914893617,0.2127659574468085,0.02127659574468085,0.0,0.0,0.0,0.02127659574468085,0.0,0.0,0.0
149,0.17391304347826086,0.017391304347826087,0.02608695652173913,0.05217391304347826,0.008695652173913044,0.0,0.2,0.017391304347826087,0.08695652173913043,0.034782608695652174,0.043478260869565216,0.008695652173913044,0.008695652173913044,0.3130434782608696,0.0,0.008695652173913044,0.0,0.0,0.0
248,0.22608695652173913,0.06086956521739131,0.05217391304347826,0.09565217391304348,0.06956521739130435,0.017391304347826087,0.19130434782608696,0.017391304347826087,0.06086956521739131,0.0,0.017391304347826087,0.0,0.0,0.14782608695652175,0.0,0.008695652173913044,0.0,0.034782608695652174,0.0
355,0.11764705882352941,0.0392156862745098,0.0392156862745098,0.19607843137254902,0.0196078431372549,0.11764705882352941,0.0784313725490196,0.0392156862745098,0.058823529411764705,0.0,0.09803921568627451,0.0196078431372549,0.0,0.13725490196078433,0.0196078431372549,0.0196078431372549,0.0,0.0,0.0
408,0.11945392491467577,0.0,0.010238907849829351,0.1296928327645051,0.051194539249146756,0.013651877133105802,0.19795221843003413,0.07508532423208192,0.11604095563139932,0.006825938566552901,0.08873720136518772,0.027303754266211604,0.0034129692832764505,0.07167235494880546,0.010238907849829351,0.034129692832764506,0.0,0.04436860068259386,0.0
2,0.03773584905660377,0.0,0.0,0.11320754716981132,0.0,0.018867924528301886,0.16981132075471697,0.07547169811320754,0.1320754716981132,0.018867924528301886,0.20754716981132076,0.018867924528301886,0.018867924528301886,0.07547169811320754,0.0,0.03773584905660377,0.0,0.03773584905660377,0.03773584905660377
465,0.0653061224489796,0.0,0.0,0.044897959183673466,0.00816326530612245,0.044897959183673466,0.11428571428571428,0.10612244897959183,0.20816326530612245,0.02040816326530612,0.15918367346938775,0.05714285714285714,0.00816326530612245,0.06938775510204082,0.00816326530612245,0.05714285714285714,0.02857142857142857,0.0,0.0
530,0.08823529411764706,0.0,0.014705882352941176,0.14705882352941177,0.029411764705882353,0.1323529411764706,0.11764705882352941,0.029411764705882353,0.14705882352941177,0.0,0.17647058823529413,0.029411764705882353,0.014705882352941176,0.058823529411764705,0.0,0.0,0.0,0.014705882352941176,0.0
47,0.041666666666666664,0.0,0.0125,0.11666666666666667,0.029166666666666667,0.12083333333333333,0.025,0.058333333333333334,0.07083333333333333,0.016666666666666666,0.3625,0.020833333333333332,0.004166666666666667,0.03333333333333333,0.025,0.020833333333333332,0.0,0.025,0.016666666666666666
52,0.09006211180124224,0.043478260869565216,0.040372670807453416,0.09006211180124224,0.021739130434782608,0.040372670807453416,0.15217391304347827,0.07763975155279502,0.11801242236024845,0.015527950310559006,0.13975155279503104,0.024844720496894408,0.003105590062111801,0.062111801242236024,0.009316770186335404,0.027950310559006212,0.0,0.034161490683229816,0.009316770186335404
70,0.05434782608695652,0.010869565217391304,0.043478260869565216,0.14130434782608695,0.043478260869565216,0.14130434782608695,0.021739130434782608,0.043478260869565216,0.010869565217391304,0.010869565217391304,0.358695652173913,0.03260869565217391,0.010869565217391304,0.03260869565217391,0.0,0.010869565217391304,0.0,0.010869565217391304,0.021739130434782608
111,0.0762987012987013,0.04707792207792208,0.049512987012987016,0.30113636363636365,0.04707792207792208,0.07305194805194805,0.08116883116883117,0.049512987012987016,0.056818181818181816,0.024350649350649352,0.08035714285714286,0.004058441558441558,0.003246753246753247,0.03409090909090909,0.022727272727272728,0.021915584415584416,0.0,0.017857142857142856,0.00974025974025974
113,0.010869565217391304,0.007246376811594203,0.021739130434782608,0.18478260869565216,0.021739130434782608,0.2210144927536232,0.021739130434782608,0.04710144927536232,0.09782608695652174,0.018115942028985508,0.2427536231884058,0.010869565217391304,0.0,0.010869565217391304,0.018115942028985508,0.057971014492753624,0.007246376811594203,0.0,0.0
143,0.07547169811320754,0.06289308176100629,0.06289308176100629,0.29559748427672955,0.06289308176100629,0.1949685534591195,0.050314465408805034,0.006289308176100629,0.012578616352201259,0.006289308176100629,0.07547169811320754,0.012578616352201259,0.0,0.025157232704402517,0.018867924528301886,0.006289308176100629,0.0,0.031446540880503145,0.0
148,0.1513157894736842,0.11842105263157894,0.08552631578947369,0.09210526315789473,0.09868421052631579,0.05263157894736842,0.09210526315789473,0.013157894736842105,0.039473684210526314,0.0,0.07236842105263158,0.013157894736842105,0.0,0.05263157894736842,0.013157894736842105,0.019736842105263157,0.0,0.08552631578947369,0.0
154,0.1619047619047619,0.0761904761904762,0.06666666666666667,0.05714285714285714,0.06666666666666667,0.02857142857142857,0.1619047619047619,0.02857142857142857,0.02857142857142857,0.0,0.047619047619047616,0.01904761904761905,0.0,0.12380952380952381,0.0,0.01904761904761905,0.0,0.11428571428571428,0.0
189,0.08571428571428572,0.05714285714285714,0.05714285714285714,0.05714285714285714,0.05714285714285714,0.05714285714285714,0.11428571428571428,0.08571428571428572,0.05714285714285714,0.0,0.17142857142857143,0.05714285714285714,0.0,0.02857142857142857,0.0,0.02857142857142857,0.0,0.08571428571428572,0.0
205,0.1527777777777778,0.013888888888888888,0.027777777777777776,0.05555555555555555,0.1111111111111111,0.027777777777777776,0.1388888888888889,0.027777777777777776,0.06944444444444445,0.0,0.1111111111111111,0.05555555555555555,0.013888888888888888,0.027777777777777776,0.013888888888888888,0.041666666666666664,0.0,0.1111111111111111,0.0
209,0.08536585365853659,0.012195121951219513,0.012195121951219513,0.06097560975609756,0.012195121951219513,0.04878048780487805,0.14634146341463414,0.08536585365853659,0.10975609756097561,0.024390243902439025,0.21951219512195122,0.036585365853658534,0.0,0.036585365853658534,0.0,0.06097560975609756,0.0,0.04878048780487805,0.0
224,0.021505376344086023,0.010752688172043012,0.021505376344086023,0.3010752688172043,0.06451612903225806,0.26881720430107525,0.03225806451612903,0.0,0.03225806451612903,0.010752688172043012,0.1827956989247312,0.03225806451612903,0.0,0.010752688172043012,0.0,0.010752688172043012,0.0,0.0,0.0
237,0.08860759493670886,0.012658227848101266,0.012658227848101266,0.12658227848101267,0.02531645569620253,0.0759493670886076,0.12658227848101267,0.0759493670886076,0.10126582278481013,0.0,0.16455696202531644,0.02531645569620253,0.0,0.10126582278481013,0.0,0.05063291139240506,0.0,0.012658227848101266,0.0
243,0.09482758620689655,0.05172413793103448,0.07758620689655173,0.10344827586206896,0.034482758620689655,0.06896551724137931,0.1724137931034483,0.0603448275862069,0.11206896551724138,0.0,0.08620689655172414,0.034482758620689655,0.0,0.034482758620689655,0.05172413793103448,0.008620689655172414,0.0,0.008620689655172414,0.0
268,0.045454545454545456,0.0,0.0,0.1919191919191919,0.025252525252525252,0.09090909090909091,0.12121212121212122,0.08080808080808081,0.1111111111111111,0.005050505050505051,0.21717171717171718,0.030303030303030304,0.0,0.03535353535353535,0.005050505050505051,0.025252525252525252,0.010101010101010102,0.0,0.005050505050505051
327,0.0641025641025641,0.01282051282051282,0.02564102564102564,0.2948717948717949,0.038461538461538464,0.10256410256410256,0.07692307692307693,0.05128205128205128,0.038461538461538464,0.0641025641025641,0.11538461538461539,0.01282051282051282,0.01282051282051282,0.02564102564102564,0.01282051282051282,0.038461538461538464,0.0,0.01282051282051282,0.0
375,0.0684931506849315,0.0410958904109589,0.0547945205479452,0.136986301369863,0.0273972602739726,0.1095890410958904,0.1095890410958904,0.0684931506849315,0.0821917808219178,0.0,0.1643835616438356,0.0136986301369863,0.0,0.0547945205479452,0.0273972602739726,0.0273972602739726,0.0,0.0136986301369863,0.0
430,0.10948905109489052,0.051094890510948905,0.051094890510948905,0.12408759124087591,0.058394160583941604,0.08759124087591241,0.08029197080291971,0.0364963503649635,0.058394160583941604,0.0072992700729927005,0.18248175182481752,0.0072992700729927005,0.0,0.10218978102189781,0.0,0.0364963503649635,0.0,0.0072992700729927005,0.0
461,0.07017543859649122,0.0,0.0,0.10526315789473684,0.03508771929824561,0.12280701754385964,0.12280701754385964,0.017543859649122806,0.10526315789473684,0.0,0.2631578947368421,0.05263157894736842,0.017543859649122806,0.05263157894736842,0.0,0.017543859649122806,0.0,0.017543859649122806,0.0
466,0.14634146341463414,0.04529616724738676,0.04878048780487805,0.09059233449477352,0.05574912891986063,0.041811846689895474,0.14982578397212543,0.04529616724738676,0.09407665505226481,0.006968641114982578,0.09407665505226481,0.017421602787456445,0.0,0.06968641114982578,0.003484320557491289,0.024390243902439025,0.0,0.06620209059233449,0.0
491,0.07874015748031496,0.031496062992125984,0.047244094488188976,0.31496062992125984,0.09448818897637795,0.16535433070866143,0.031496062992125984,0.031496062992125984,0.007874015748031496,0.0,0.13385826771653545,0.007874015748031496,0.0,0.0,0.0,0.015748031496062992,0.0,0.03937007874015748,0.0
511,0.10091743119266056,0.009174311926605505,0.027522935779816515,0.027522935779816515,0.027522935779816515,0.027522935779816515,0.14678899082568808,0.01834862385321101,0.11926605504587157,0.027522935779816515,0.2018348623853211,0.01834862385321101,0.009174311926605505,0.1651376146788991,0.009174311926605505,0.027522935779816515,0.0,0.03669724770642202,0.0
515,0.07407407407407407,0.018518518518518517,0.018518518518518517,0.018518518518518517,0.018518518518518517,0.037037037037037035,0.18518518518518517,0.07407407407407407,0.09259259259259259,0.018518518518518517,0.14814814814814814,0.09259259259259259,0.0,0.12962962962962962,0.0,0.037037037037037035,0.0,0.037037037037037035,0.0
519,0.03636363636363636,0.0,0.0,0.2,0.0,0.14545454545454545,0.10909090909090909,0.14545454545454545,0.09090909090909091,0.0,0.2,0.01818181818181818,0.0,0.01818181818181818,0.0,0.01818181818181818,0.0,0.01818181818181818,0.0
523,0.10236220472440945,0.06299212598425197,0.05511811023622047,0.08661417322834646,0.07874015748031496,0.07874015748031496,0.09448818897637795,0.015748031496062992,0.08661417322834646,0.031496062992125984,0.16535433070866143,0.023622047244094488,0.0,0.06299212598425197,0.023622047244094488,0.007874015748031496,0.0,0.023622047244094488,0.0
543,0.050955414012738856,0.044585987261146494,0.050955414012738856,0.2484076433121019,0.044585987261146494,0.11464968152866242,0.07643312101910828,0.07006369426751592,0.05732484076433121,0.01910828025477707,0.09554140127388536,0.012738853503184714,0.006369426751592357,0.050955414012738856,0.01910828025477707,0.01910828025477707,0.0,0.01910828025477707,0.0
548,0.08695652173913043,0.0,0.0,0.15217391304347827,0.021739130434782608,0.10869565217391304,0.13043478260869565,0.08695652173913043,0.043478260869565216,0.0,0.2608695652173913,0.043478260869565216,0.0,0.021739130434782608,0.0,0.021739130434782608,0.0,0.0,0.021739130434782608
563,0.05908096280087528,0.03938730853391685,0.0700218818380744,0.26695842450765866,0.045951859956236324,0.19693654266958424,0.02188183807439825,0.015317286652078774,0.019693654266958426,0.0087527352297593,0.15317286652078774,0.006564551422319475,0.0,0.019693654266958426,0.05470459518599562,0.006564551422319475,0.0,0.015317286652078774,0.0
564,0.041811846689895474,0.003484320557491289,0.006968641114982578,0.42160278745644597,0.013937282229965157,0.14634146341463414,0.0975609756097561,0.06620209059233449,0.04529616724738676,0.003484320557491289,0.08710801393728224,0.010452961672473868,0.003484320557491289,0.027874564459930314,0.003484320557491289,0.010452961672473868,0.0,0.010452961672473868,0.0
581,0.125,0.0625,0.0625,0.05,0.0625,0.075,0.0625,0.0375,0.075,0.0,0.175,0.0375,0.0,0.1,0.0,0.025,0.0,0.05,0.0
505,0.017857142857142856,0.05357142857142857,0.05357142857142857,0.125,0.03571428571428571,0.03571428571428571,0.125,0.03571428571428571,0.10714285714285714,0.14285714285714285,0.10714285714285714,0.0,0.0,0.07142857142857142,0.05357142857142857,0.03571428571428571,0.0,0.0,0.0
95,0.09120521172638436,0.006514657980456026,0.009771986970684038,0.14332247557003258,0.02280130293159609,0.08143322475570032,0.11726384364820847,0.06188925081433225,0.09120521172638436,0.019543973941368076,0.16612377850162866,0.009771986970684038,0.0,0.13680781758957655,0.009771986970684038,0.019543973941368076,0.006514657980456026,0.006514657980456026,0.0
303,0.16,0.0,0.01,0.09,0.01,0.03,0.17,0.02,0.11,0.03,0.1,0.01,0.0,0.24,0.0,0.01,0.0,0.01,0.0
516,0.13636363636363635,0.022727272727272728,0.022727272727272728,0.22727272727272727,0.045454545454545456,0.06818181818181818,0.045454545454545456,0.06818181818181818,0.022727272727272728,0.0,0.18181818181818182,0.06818181818181818,0.022727272727272728,0.06818181818181818,0.0,0.0,0.0,0.0,0.0
527,0.17846153846153845,0.04923076923076923,0.09846153846153846,0.11384615384615385,0.06461538461538462,0.04923076923076923,0.08615384615384615,0.006153846153846154,0.055384615384615386,0.036923076923076927,0.1076923076923077,0.012307692307692308,0.003076923076923077,0.07076923076923076,0.052307692307692305,0.012307692307692308,0.0,0.003076923076923077,0.0
531,0.24242424242424243,0.0,0.0,0.12121212121212122,0.0,0.06060606060606061,0.15151515151515152,0.030303030303030304,0.09090909090909091,0.0,0.15151515151515152,0.0,0.030303030303030304,0.12121212121212122,0.0,0.0,0.0,0.0,0.0
3,0.11392405063291139,0.0379746835443038,0.05063291139240506,0.11392405063291139,0.0379746835443038,0.06329113924050633,0.11392405063291139,0.012658227848101266,0.06329113924050633,0.0379746835443038,0.16455696202531644,0.05063291139240506,0.0,0.12658227848101267,0.012658227848101266,0.0,0.0,0.0,0.0
25,0.12,0.06,0.06,0.02,0.0,0.02,0.16,0.04,0.06,0.0,0.2,0.08,0.0,0.12,0.0,0.04,0.0,0.02,0.0
60,0.05263157894736842,0.07894736842105263,0.10526315789473684,0.02631578947368421,0.02631578947368421,0.13157894736842105,0.02631578947368421,0.02631578947368421,0.07894736842105263,0.0,0.2631578947368421,0.07894736842105263,0.0,0.0,0.07894736842105263,0.02631578947368421,0.0,0.0,0.0
65,0.0625,0.0,0.0,0.0375,0.0,0.0125,0.1625,0.1,0.1375,0.0,0.2125,0.075,0.0,0.0875,0.0,0.05,0.0,0.0625,0.0
85,0.030303030303030304,0.0,0.0,0.12121212121212122,0.0,0.06060606060606061,0.030303030303030304,0.030303030303030304,0.030303030303030304,0.0,0.5151515151515151,0.06060606060606061,0.0,0.06060606060606061,0.0,0.06060606060606061,0.0,0.0,0.0
157,0.11363636363636363,0.0,0.06818181818181818,0.2727272727272727,0.022727272727272728,0.045454545454545456,0.11363636363636363,0.045454545454545456,0.06818181818181818,0.0,0.18181818181818182,0.022727272727272728,0.0,0.045454545454545456,0.0,0.0,0.0,0.0,0.0
172,0.175,0.025,0.025,0.1,0.075,0.025,0.125,0.0,0.05,0.05,0.175,0.075,0.025,0.05,0.025,0.0,0.0,0.0,0.0
190,0.07894736842105263,0.019736842105263157,0.02631578947368421,0.1118421052631579,0.05921052631578947,0.07236842105263158,0.06578947368421052,0.09210526315789473,0.09210526315789473,0.0,0.17105263157894737,0.019736842105263157,0.0,0.046052631578947366,0.006578947368421052,0.07894736842105263,0.006578947368421052,0.039473684210526314,0.013157894736842105
230,0.11003236245954692,0.038834951456310676,0.061488673139158574,0.12297734627831715,0.05825242718446602,0.0744336569579288,0.13592233009708737,0.038834951456310676,0.09385113268608414,0.025889967637540454,0.0970873786407767,0.006472491909385114,0.003236245954692557,0.07119741100323625,0.02912621359223301,0.009708737864077669,0.0,0.022653721682847898,0.0
258,0.13725490196078433,0.09803921568627451,0.058823529411764705,0.0392156862745098,0.058823529411764705,0.0392156862745098,0.11764705882352941,0.0392156862745098,0.09803921568627451,0.0,0.11764705882352941,0.0392156862745098,0.0,0.11764705882352941,0.0,0.0196078431372549,0.0,0.0196078431372549,0.0
421,0.08333333333333333,0.020833333333333332,0.0625,0.125,0.041666666666666664,0.08333333333333333,0.0625,0.0,0.0625,0.0,0.3125,0.08333333333333333,0.020833333333333332,0.0,0.0,0.041666666666666664,0.0,0.0,0.0
449,0.07142857142857142,0.0,0.017857142857142856,0.19642857142857142,0.017857142857142856,0.05357142857142857,0.03571428571428571,0.125,0.10714285714285714,0.0,0.17857142857142858,0.05357142857142857,0.017857142857142856,0.07142857142857142,0.0,0.03571428571428571,0.0,0.0,0.017857142857142856
467,0.043478260869565216,0.0,0.043478260869565216,0.08695652173913043,0.0,0.13043478260869565,0.13043478260869565,0.0,0.0,0.0,0.34782608695652173,0.17391304347826086,0.0,0.043478260869565216,0.0,0.0,0.0,0.0,0.0
537,0.08333333333333333,0.0,0.0,0.1111111111111111,0.05555555555555555,0.027777777777777776,0.125,0.125,0.125,0.013888888888888888,0.1527777777777778,0.013888888888888888,0.013888888888888888,0.041666666666666664,0.0,0.027777777777777776,0.0,0.06944444444444445,0.013888888888888888
539,0.125,0.10227272727272728,0.11363636363636363,0.25,0.07954545454545454,0.056818181818181816,0.07954545454545454,0.022727272727272728,0.011363636363636364,0.022727272727272728,0.07954545454545454,0.011363636363636364,0.0,0.022727272727272728,0.011363636363636364,0.0,0.0,0.011363636363636364,0.0
554,0.05263157894736842,0.06432748538011696,0.08187134502923976,0.12280701754385964,0.06432748538011696,0.12280701754385964,0.03508771929824561,0.011695906432748537,0.03508771929824561,0.017543859649122806,0.19298245614035087,0.017543859649122806,0.011695906432748537,0.005847953216374269,0.14035087719298245,0.017543859649122806,0.0,0.005847953216374269,0.0
557,0.18181818181818182,0.045454545454545456,0.045454545454545456,0.06818181818181818,0.022727272727272728,0.06818181818181818,0.1590909090909091,0.045454545454545456,0.09090909090909091,0.0,0.11363636363636363,0.045454545454545456,0.0,0.06818181818181818,0.0,0.022727272727272728,0.0,0.022727272727272728,0.0
12,0.014705882352941176,0.014705882352941176,0.0,0.25,0.058823529411764705,0.3088235294117647,0.014705882352941176,0.014705882352941176,0.04411764705882353,0.0,0.22058823529411764,0.014705882352941176,0.0,0.04411764705882353,0.0,0.0,0.0,0.0,0.0
316,0.06779661016949153,0.0423728813559322,0.06779661016949153,0.1864406779661017,0.05084745762711865,0.06779661016949153,0.0847457627118644,0.059322033898305086,0.09322033898305085,0.03389830508474576,0.11016949152542373,0.0,0.0,0.0423728813559322,0.05084745762711865,0.025423728813559324,0.00847457627118644,0.0,0.00847457627118644
371,0.14285714285714285,0.05952380952380952,0.047619047619047616,0.05952380952380952,0.05952380952380952,0.08333333333333333,0.09523809523809523,0.023809523809523808,0.047619047619047616,0.011904761904761904,0.14285714285714285,0.0,0.0,0.09523809523809523,0.047619047619047616,0.023809523809523808,0.011904761904761904,0.047619047619047616,0.0
475,0.19786096256684493,0.0481283422459893,0.05080213903743316,0.08288770053475936,0.06149732620320856,0.016042780748663103,0.1657754010695187,0.013368983957219251,0.06951871657754011,0.0053475935828877,0.0374331550802139,0.008021390374331552,0.00267379679144385,0.15508021390374332,0.008021390374331552,0.008021390374331552,0.0,0.06951871657754011,0.0
20,0.11663479923518165,0.08795411089866156,0.13766730401529637,0.1338432122370937,0.05162523900573614,0.05353728489483748,0.05736137667304015,0.036328871892925434,0.05162523900573614,0.01338432122370937,0.10133843212237094,0.0057361376673040155,0.0038240917782026767,0.030592734225621414,0.0841300191204589,0.0248565965583174,0.0019120458891013384,0.0057361376673040155,0.0019120458891013384
502,0.09090909090909091,0.01818181818181818,0.03636363636363636,0.14545454545454545,0.05454545454545454,0.05454545454545454,0.07272727272727272,0.03636363636363636,0.10909090909090909,0.03636363636363636,0.2,0.0,0.01818181818181818,0.07272727272727272,0.03636363636363636,0.01818181818181818,0.0,0.0,0.0
120,0.10256410256410256,0.02564102564102564,0.07692307692307693,0.23076923076923078,0.05128205128205128,0.1282051282051282,0.05128205128205128,0.02564102564102564,0.07692307692307693,0.02564102564102564,0.1282051282051282,0.0,0.0,0.0,0.05128205128205128,0.02564102564102564,0.0,0.0,0.0
253,0.022222222222222223,0.044444444444444446,0.0,0.2,0.022222222222222223,0.08888888888888889,0.022222222222222223,0.08888888888888889,0.044444444444444446,0.0,0.26666666666666666,0.0,0.022222222222222223,0.022222222222222223,0.022222222222222223,0.022222222222222223,0.0,0.022222222222222223,0.08888888888888889
324,0.07407407407407407,0.0,0.0,0.25925925925925924,0.037037037037037035,0.037037037037037035,0.0,0.1111111111111111,0.1111111111111111,0.0,0.25925925925925924,0.0,0.037037037037037035,0.037037037037037035,0.037037037037037035,0.0,0.0,0.0,0.0
497,0.0875,0.025,0.0375,0.0625,0.0375,0.05,0.1,0.075,0.125,0.0,0.2125,0.0375,0.0,0.0625,0.0,0.0625,0.0,0.025,0.0
80,0.06443914081145585,0.002386634844868735,0.00477326968973747,0.014319809069212411,0.026252983293556086,0.00477326968973747,0.14797136038186157,0.07398568019093078,0.2171837708830549,0.0883054892601432,0.11933174224343675,0.014319809069212411,0.0,0.10501193317422435,0.0,0.06682577565632458,0.002386634844868735,0.0477326968973747,0.0
55,0.058823529411764705,0.0196078431372549,0.0196078431372549,0.13725490196078433,0.058823529411764705,0.09803921568627451,0.09803921568627451,0.11764705882352941,0.09803921568627451,0.0,0.17647058823529413,0.0196078431372549,0.0,0.058823529411764705,0.0196078431372549,0.0196078431372549,0.0,0.0,0.0
377,0.08947368421052632,0.015789473684210527,0.042105263157894736,0.17894736842105263,0.04736842105263158,0.042105263157894736,0.08947368421052632,0.021052631578947368,0.03684210526315789,0.04736842105263158,0.15263157894736842,0.031578947368421054,0.015789473684210527,0.12105263157894737,0.03684210526315789,0.015789473684210527,0.0,0.015789473684210527,0.0
398,0.08620689655172414,0.034482758620689655,0.05172413793103448,0.20689655172413793,0.06896551724137931,0.1206896551724138,0.017241379310344827,0.034482758620689655,0.034482758620689655,0.0,0.1724137931034483,0.0,0.017241379310344827,0.06896551724137931,0.034482758620689655,0.017241379310344827,0.0,0.017241379310344827,0.017241379310344827
478,0.1111111111111111,0.037037037037037035,0.05555555555555555,0.09259259259259259,0.05555555555555555,0.07407407407407407,0.14814814814814814,0.018518518518518517,0.07407407407407407,0.018518518518518517,0.1111111111111111,0.018518518518518517,0.037037037037037035,0.09259259259259259,0.037037037037037035,0.0,0.0,0.018518518518518517,0.0
36,0.058823529411764705,0.0,0.00980392156862745,0.11764705882352941,0.00980392156862745,0.0784313725490196,0.10784313725490197,0.12745098039215685,0.09803921568627451,0.00980392156862745,0.18627450980392157,0.0392156862745098,0.00980392156862745,0.0392156862745098,0.0,0.08823529411764706,0.0196078431372549,0.0,0.0
218,0.1111111111111111,0.0,0.0,0.17777777777777778,0.022222222222222223,0.06666666666666667,0.1111111111111111,0.044444444444444446,0.08888888888888889,0.022222222222222223,0.06666666666666667,0.044444444444444446,0.0,0.08888888888888889,0.022222222222222223,0.06666666666666667,0.022222222222222223,0.044444444444444446,0.0
245,0.05,0.05,0.05,0.1,0.05,0.05,0.0,0.05,0.15,0.0,0.25,0.05,0.0,0.0,0.0,0.05,0.0,0.0,0.1
250,0.06666666666666667,0.044444444444444446,0.044444444444444446,0.1111111111111111,0.044444444444444446,0.06666666666666667,0.022222222222222223,0.044444444444444446,0.17777777777777778,0.022222222222222223,0.24444444444444444,0.0,0.0,0.044444444444444446,0.022222222222222223,0.044444444444444446,0.0,0.0,0.0
87,0.06896551724137931,0.0,0.0,0.20689655172413793,0.06896551724137931,0.0,0.06896551724137931,0.0,0.06896551724137931,0.034482758620689655,0.1724137931034483,0.0,0.0,0.2413793103448276,0.034482758620689655,0.034482758620689655,0.0,0.0,0.0
114,0.19767441860465115,0.046511627906976744,0.046511627906976744,0.10465116279069768,0.12790697674418605,0.05813953488372093,0.10465116279069768,0.0,0.046511627906976744,0.011627906976744186,0.05813953488372093,0.0,0.0,0.06976744186046512,0.011627906976744186,0.023255813953488372,0.0,0.09302325581395349,0.0
180,0.10714285714285714,0.0,0.0,0.21428571428571427,0.10714285714285714,0.03571428571428571,0.10714285714285714,0.03571428571428571,0.07142857142857142,0.0,0.10714285714285714,0.03571428571428571,0.0,0.14285714285714285,0.0,0.0,0.03571428571428571,0.0,0.0
329,0.05263157894736842,0.0,0.0,0.18421052631578946,0.05263157894736842,0.0,0.02631578947368421,0.15789473684210525,0.10526315789473684,0.05263157894736842,0.21052631578947367,0.02631578947368421,0.0,0.0,0.02631578947368421,0.05263157894736842,0.05263157894736842,0.0,0.0
311,0.023255813953488372,0.0,0.0,0.20930232558139536,0.06976744186046512,0.09302325581395349,0.16279069767441862,0.023255813953488372,0.046511627906976744,0.023255813953488372,0.18604651162790697,0.046511627906976744,0.023255813953488372,0.046511627906976744,0.023255813953488372,0.023255813953488372,0.0,0.0,0.0
228,0.06521739130434782,0.043478260869565216,0.021739130434782608,0.043478260869565216,0.021739130434782608,0.021739130434782608,0.1956521739130435,0.021739130434782608,0.1956521739130435,0.10869565217391304,0.043478260869565216,0.021739130434782608,0.0,0.17391304347826086,0.0,0.021739130434782608,0.0,0.0,0.0
236,0.0425531914893617,0.0,0.0,0.2978723404255319,0.06382978723404255,0.06382978723404255,0.06382978723404255,0.0425531914893617,0.10638297872340426,0.1702127659574468,0.0851063829787234,0.0,0.0,0.0425531914893617,0.0,0.02127659574468085,0.0,0.0,0.0
271,0.08695652173913043,0.014492753623188406,0.014492753623188406,0.057971014492753624,0.028985507246376812,0.043478260869565216,0.057971014492753624,0.08695652173913043,0.11594202898550725,0.07246376811594203,0.2028985507246377,0.0,0.0,0.14492753623188406,0.028985507246376812,0.028985507246376812,0.014492753623188406,0.0,0.0
299,0.14634146341463414,0.0,0.024390243902439025,0.024390243902439025,0.024390243902439025,0.024390243902439025,0.21951219512195122,0.024390243902439025,0.17073170731707318,0.12195121951219512,0.07317073170731707,0.024390243902439025,0.024390243902439025,0.0975609756097561,0.0,0.0,0.0,0.0,0.0
345,0.060240963855421686,0.0,0.0,0.20481927710843373,0.03614457831325301,0.18072289156626506,0.04819277108433735,0.024096385542168676,0.03614457831325301,0.07228915662650602,0.24096385542168675,0.0,0.0,0.07228915662650602,0.012048192771084338,0.012048192771084338,0.0,0.0,0.0
440,0.0759493670886076,0.02531645569620253,0.012658227848101266,0.11392405063291139,0.02531645569620253,0.05063291139240506,0.06329113924050633,0.012658227848101266,0.11392405063291139,0.05063291139240506,0.17721518987341772,0.012658227848101266,0.012658227848101266,0.21518987341772153,0.0,0.02531645569620253,0.012658227848101266,0.0,0.0
508,0.14634146341463414,0.0,0.024390243902439025,0.2682926829268293,0.07317073170731707,0.07317073170731707,0.04878048780487805,0.0,0.0,0.024390243902439025,0.14634146341463414,0.024390243902439025,0.04878048780487805,0.0975609756097561,0.024390243902439025,0.0,0.0,0.0,0.0
518,0.10256410256410256,0.02564102564102564,0.02564102564102564,0.07692307692307693,0.02564102564102564,0.05128205128205128,0.07692307692307693,0.05128205128205128,0.1282051282051282,0.02564102564102564,0.20512820512820512,0.0,0.0,0.10256410256410256,0.02564102564102564,0.07692307692307693,0.0,0.0,0.0
538,0.10975609756097561,0.08536585365853659,0.10975609756097561,0.21951219512195122,0.06097560975609756,0.13414634146341464,0.012195121951219513,0.0,0.0,0.0,0.07317073170731707,0.012195121951219513,0.012195121951219513,0.012195121951219513,0.10975609756097561,0.012195121951219513,0.0,0.036585365853658534,0.0
595,0.038461538461538464,0.0,0.0,0.23076923076923078,0.07692307692307693,0.11538461538461539,0.07692307692307693,0.07692307692307693,0.07692307692307693,0.0,0.19230769230769232,0.0,0.0,0.07692307692307693,0.0,0.038461538461538464,0.0,0.0,0.0
407,0.15,0.075,0.075,0.025,0.05,0.025,0.175,0.075,0.1,0.0,0.1,0.025,0.0,0.075,0.0,0.025,0.0,0.025,0.0
257,0.05263157894736842,0.02631578947368421,0.02631578947368421,0.23684210526315788,0.02631578947368421,0.10526315789473684,0.13157894736842105,0.13157894736842105,0.07894736842105263,0.0,0.05263157894736842,0.0,0.02631578947368421,0.02631578947368421,0.05263157894736842,0.02631578947368421,0.0,0.0,0.0
259,0.14864864864864866,0.04054054054054054,0.06756756756756757,0.1891891891891892,0.06756756756756757,0.0945945945945946,0.0945945945945946,0.02702702702702703,0.04054054054054054,0.0,0.13513513513513514,0.0,0.013513513513513514,0.06756756756756757,0.013513513513513514,0.0,0.0,0.0,0.0
163,0.021739130434782608,0.0,0.021739130434782608,0.1956521739130435,0.021739130434782608,0.10869565217391304,0.08695652173913043,0.043478260869565216,0.15217391304347827,0.043478260869565216,0.17391304347826086,0.0,0.0,0.021739130434782608,0.0,0.08695652173913043,0.021739130434782608,0.0,0.0
481,0.03508771929824561,0.0,0.03508771929824561,0.08771929824561403,0.0,0.05263157894736842,0.10526315789473684,0.10526315789473684,0.17543859649122806,0.017543859649122806,0.21052631578947367,0.0,0.0,0.05263157894736842,0.0,0.10526315789473684,0.017543859649122806,0.0,0.0
442,0.058823529411764705,0.029411764705882353,0.0,0.11764705882352941,0.0,0.08823529411764706,0.08823529411764706,0.029411764705882353,0.11764705882352941,0.058823529411764705,0.29411764705882354,0.029411764705882353,0.0,0.029411764705882353,0.0,0.058823529411764705,0.0,0.0,0.0
138,0.06666666666666667,0.03333333333333333,0.03333333333333333,0.1,0.0,0.1,0.1,0.1,0.1,0.0,0.2,0.0,0.0,0.1,0.0,0.03333333333333333,0.0,0.03333333333333333,0.0
499,0.07142857142857142,0.0,0.0,0.10714285714285714,0.03571428571428571,0.03571428571428571,0.10714285714285714,0.03571428571428571,0.03571428571428571,0.14285714285714285,0.14285714285714285,0.0,0.10714285714285714,0.07142857142857142,0.07142857142857142,0.0,0.0,0.0,0.03571428571428571
146,0.0196078431372549,0.0196078431372549,0.0784313725490196,0.1568627450980392,0.058823529411764705,0.11764705882352941,0.0392156862745098,0.058823529411764705,0.11764705882352941,0.058823529411764705,0.1568627450980392,0.0196078431372549,0.0,0.0392156862745098,0.0,0.0392156862745098,0.0,0.0196078431372549,0.0
97,0.15151515151515152,0.030303030303030304,0.045454545454545456,0.09090909090909091,0.015151515151515152,0.030303030303030304,0.21212121212121213,0.045454545454545456,0.10606060606060606,0.0,0.12121212121212122,0.06060606060606061,0.0,0.07575757575757576,0.0,0.0,0.0,0.015151515151515152,0.0
48,0.10810810810810811,0.06756756756756757,0.06756756756756757,0.05405405405405406,0.04054054054054054,0.06756756756756757,0.14864864864864866,0.013513513513513514,0.10810810810810811,0.0,0.10810810810810811,0.0,0.0,0.13513513513513514,0.04054054054054054,0.013513513513513514,0.0,0.02702702702702703,0.0
13,0.08928571428571429,0.0,0.0,0.16071428571428573,0.017857142857142856,0.08928571428571429,0.08928571428571429,0.03571428571428571,0.125,0.07142857142857142,0.19642857142857142,0.017857142857142856,0.017857142857142856,0.07142857142857142,0.0,0.017857142857142856,0.0,0.0,0.0
207,0.17073170731707318,0.0,0.024390243902439025,0.14634146341463414,0.07317073170731707,0.04878048780487805,0.14634146341463414,0.024390243902439025,0.12195121951219512,0.024390243902439025,0.14634146341463414,0.0,0.024390243902439025,0.04878048780487805,0.0,0.0,0.0,0.0,0.0
473,0.034482758620689655,0.017241379310344827,0.0,0.1896551724137931,0.06896551724137931,0.1206896551724138,0.05172413793103448,0.034482758620689655,0.08620689655172414,0.034482758620689655,0.22413793103448276,0.0,0.0,0.05172413793103448,0.0,0.05172413793103448,0.0,0.0,0.034482758620689655
392,0.05714285714285714,0.0,0.0,0.17142857142857143,0.05714285714285714,0.14285714285714285,0.08571428571428572,0.08571428571428572,0.08571428571428572,0.0,0.2857142857142857,0.0,0.0,0.02857142857142857,0.0,0.0,0.0,0.0,0.0
281,0.06060606060606061,0.0,0.0,0.24242424242424243,0.06060606060606061,0.12121212121212122,0.09090909090909091,0.06060606060606061,0.06060606060606061,0.0,0.18181818181818182,0.030303030303030304,0.0,0.0,0.030303030303030304,0.0,0.0,0.06060606060606061,0.0
358,0.05405405405405406,0.013513513513513514,0.013513513513513514,0.17567567567567569,0.04054054054054054,0.2702702702702703,0.02702702702702703,0.0,0.05405405405405406,0.02702702702702703,0.17567567567567569,0.013513513513513514,0.0,0.05405405405405406,0.013513513513513514,0.04054054054054054,0.0,0.013513513513513514,0.013513513513513514
315,0.05128205128205128,0.0,0.02564102564102564,0.07692307692307693,0.02564102564102564,0.1282051282051282,0.05128205128205128,0.02564102564102564,0.02564102564102564,0.02564102564102564,0.3076923076923077,0.05128205128205128,0.05128205128205128,0.07692307692307693,0.07692307692307693,0.0,0.0,0.0,0.0
535,0.02564102564102564,0.0,0.0,0.358974358974359,0.0,0.20512820512820512,0.07692307692307693,0.05128205128205128,0.05128205128205128,0.0,0.20512820512820512,0.0,0.0,0.0,0.02564102564102564,0.0,0.0,0.0,0.0
576,0.07142857142857142,0.03571428571428571,0.0,0.21428571428571427,0.07142857142857142,0.07142857142857142,0.17857142857142858,0.03571428571428571,0.07142857142857142,0.03571428571428571,0.07142857142857142,0.0,0.0,0.14285714285714285,0.0,0.0,0.0,0.0,0.0
545,0.12195121951219512,0.0,0.07317073170731707,0.14634146341463414,0.024390243902439025,0.07317073170731707,0.0975609756097561,0.04878048780487805,0.14634146341463414,0.024390243902439025,0.07317073170731707,0.024390243902439025,0.024390243902439025,0.07317073170731707,0.0,0.024390243902439025,0.0,0.024390243902439025,0.0
158,0.057692307692307696,0.0,0.019230769230769232,0.15384615384615385,0.09615384615384616,0.07692307692307693,0.09615384615384616,0.057692307692307696,0.17307692307692307,0.07692307692307693,0.11538461538461539,0.0,0.0,0.057692307692307696,0.0,0.019230769230769232,0.0,0.0,0.0
487,0.08653846153846154,0.04807692307692308,0.04807692307692308,0.16346153846153846,0.028846153846153848,0.08653846153846154,0.08653846153846154,0.057692307692307696,0.10576923076923077,0.009615384615384616,0.125,0.019230769230769232,0.0,0.07692307692307693,0.0,0.038461538461538464,0.0,0.019230769230769232,0.0
582,0.12162162162162163,0.0472972972972973,0.033783783783783786,0.04054054054054054,0.0472972972972973,0.013513513513513514,0.16216216216216217,0.02702702702702703,0.10135135135135136,0.006756756756756757,0.08783783783783784,0.02027027027027027,0.006756756756756757,0.11486486486486487,0.0,0.04054054054054054,0.0,0.12837837837837837,0.0
92,0.10416666666666667,0.020833333333333332,0.125,0.16666666666666666,0.08333333333333333,0.0625,0.041666666666666664,0.0,0.041666666666666664,0.041666666666666664,0.14583333333333334,0.041666666666666664,0.0,0.041666666666666664,0.0625,0.0,0.0,0.020833333333333332,0.0
77,0.125,0.0,0.0,0.041666666666666664,0.041666666666666664,0.020833333333333332,0.16666666666666666,0.0625,0.10416666666666667,0.0,0.125,0.0,0.0,0.14583333333333334,0.0,0.0625,0.0,0.10416666666666667,0.0
139,0.13026052104208416,0.028056112224448898,0.026052104208416832,0.07615230460921844,0.05410821643286573,0.02404809619238477,0.1623246492985972,0.052104208416833664,0.11222444889779559,0.03406813627254509,0.0841683366733467,0.018036072144288578,0.006012024048096192,0.10220440881763528,0.006012024048096192,0.03406813627254509,0.0,0.050100200400801605,0.0
320,0.16216216216216217,0.05405405405405406,0.05405405405405406,0.13513513513513514,0.0,0.0,0.2702702702702703,0.0,0.0,0.02702702702702703,0.08108108108108109,0.0,0.0,0.10810810810810811,0.0,0.0,0.0,0.08108108108108109,0.02702702702702703
333,0.15789473684210525,0.02631578947368421,0.02631578947368421,0.23684210526315788,0.0,0.07894736842105263,0.07894736842105263,0.02631578947368421,0.05263157894736842,0.05263157894736842,0.15789473684210525,0.02631578947368421,0.02631578947368421,0.05263157894736842,0.0,0.0,0.0,0.0,0.0
127,0.029411764705882353,0.029411764705882353,0.058823529411764705,0.20588235294117646,0.058823529411764705,0.11764705882352941,0.0,0.029411764705882353,0.11764705882352941,0.0,0.23529411764705882,0.0,0.029411764705882353,0.0,0.029411764705882353,0.058823529411764705,0.0,0.0,0.0
184,0.1091703056768559,0.056768558951965066,0.026200873362445413,0.07423580786026202,0.048034934497816595,0.008733624454148471,0.17903930131004367,0.03056768558951965,0.10480349344978165,0.017467248908296942,0.11353711790393013,0.021834061135371178,0.0,0.11353711790393013,0.0,0.034934497816593885,0.0,0.039301310043668124,0.021834061135371178
459,0.171875,0.109375,0.09375,0.0625,0.046875,0.0,0.125,0.015625,0.046875,0.0,0.109375,0.015625,0.015625,0.09375,0.0,0.03125,0.0,0.0625,0.0
306,0.10676156583629894,0.12455516014234876,0.10676156583629894,0.21708185053380782,0.060498220640569395,0.060498220640569395,0.05693950177935943,0.02491103202846975,0.046263345195729534,0.06405693950177936,0.042704626334519574,0.0,0.0071174377224199285,0.03558718861209965,0.017793594306049824,0.0035587188612099642,0.0,0.02491103202846975,0.0
598,0.1346153846153846,0.038461538461538464,0.038461538461538464,0.09615384615384616,0.057692307692307696,0.15384615384615385,0.038461538461538464,0.057692307692307696,0.07692307692307693,0.0,0.11538461538461539,0.0,0.0,0.09615384615384616,0.019230769230769232,0.038461538461538464,0.0,0.038461538461538464,0.0
272,0.12121212121212122,0.06060606060606061,0.06060606060606061,0.045454545454545456,0.045454545454545456,0.030303030303030304,0.16666666666666666,0.030303030303030304,0.09090909090909091,0.015151515151515152,0.07575757575757576,0.015151515151515152,0.015151515151515152,0.13636363636363635,0.0,0.015151515151515152,0.0,0.07575757575757576,0.0
506,0.037037037037037035,0.0,0.012345679012345678,0.18518518518518517,0.037037037037037035,0.18518518518518517,0.037037037037037035,0.08641975308641975,0.04938271604938271,0.012345679012345678,0.24691358024691357,0.012345679012345678,0.012345679012345678,0.037037037037037035,0.012345679012345678,0.012345679012345678,0.0,0.012345679012345678,0.012345679012345678
496,0.1509433962264151,0.05660377358490566,0.03773584905660377,0.09433962264150944,0.03773584905660377,0.1509433962264151,0.1320754716981132,0.0,0.018867924528301886,0.018867924528301886,0.1320754716981132,0.018867924528301886,0.0,0.09433962264150944,0.018867924528301886,0.018867924528301886,0.0,0.018867924528301886,0.0
383,0.022222222222222223,0.0,0.0,0.17777777777777778,0.0,0.13333333333333333,0.022222222222222223,0.022222222222222223,0.08888888888888889,0.022222222222222223,0.4,0.022222222222222223,0.0,0.022222222222222223,0.0,0.044444444444444446,0.0,0.022222222222222223,0.0
556,0.2127659574468085,0.031914893617021274,0.0425531914893617,0.0425531914893617,0.19148936170212766,0.0425531914893617,0.11702127659574468,0.0,0.031914893617021274,0.02127659574468085,0.05319148936170213,0.0,0.0,0.0425531914893617,0.031914893617021274,0.031914893617021274,0.0,0.10638297872340426,0.0
388,0.16,0.16,0.18666666666666668,0.2,0.06666666666666667,0.06666666666666667,0.02666666666666667,0.0,0.013333333333333334,0.0,0.013333333333333334,0.0,0.0,0.0,0.06666666666666667,0.0,0.0,0.04,0.0
106,0.19540229885057472,0.022988505747126436,0.022988505747126436,0.05747126436781609,0.13793103448275862,0.011494252873563218,0.1839080459770115,0.011494252873563218,0.05747126436781609,0.011494252873563218,0.06896551724137931,0.0,0.0,0.05747126436781609,0.0,0.04597701149425287,0.0,0.11494252873563218,0.0
578,0.034482758620689655,0.0,0.034482758620689655,0.1724137931034483,0.0,0.20689655172413793,0.06896551724137931,0.034482758620689655,0.10344827586206896,0.0,0.3103448275862069,0.0,0.0,0.0,0.0,0.034482758620689655,0.0,0.0,0.0
188,0.0,0.023529411764705882,0.03529411764705882,0.2,0.03529411764705882,0.1411764705882353,0.023529411764705882,0.011764705882352941,0.07058823529411765,0.0,0.2,0.03529411764705882,0.011764705882352941,0.0,0.12941176470588237,0.07058823529411765,0.011764705882352941,0.0,0.0
406,0.0,0.08571428571428572,0.08571428571428572,0.17142857142857143,0.11428571428571428,0.11428571428571428,0.08571428571428572,0.0,0.05714285714285714,0.05714285714285714,0.08571428571428572,0.0,0.0,0.02857142857142857,0.05714285714285714,0.02857142857142857,0.0,0.02857142857142857,0.0
397,0.0,0.0,0.034482758620689655,0.3448275862068966,0.0,0.10344827586206896,0.0,0.10344827586206896,0.034482758620689655,0.0,0.1724137931034483,0.034482758620689655,0.0,0.034482758620689655,0.0,0.10344827586206896,0.034482758620689655,0.0,0.0
175,0.0,0.0,0.03125,0.1875,0.0,0.1875,0.0,0.0,0.0625,0.03125,0.34375,0.0,0.0,0.09375,0.0625,0.0,0.0,0.0,0.0
433,0.0,0.0,0.0,0.08333333333333333,0.0,0.020833333333333332,0.125,0.16666666666666666,0.16666666666666666,0.0,0.22916666666666666,0.0625,0.020833333333333332,0.041666666666666664,0.0,0.0625,0.0,0.020833333333333332,0.0
285,0.0,0.0,0.0,0.12962962962962962,0.0,0.09259259259259259,0.037037037037037035,0.12962962962962962,0.16666666666666666,0.018518518518518517,0.2962962962962963,0.0,0.018518518518518517,0.0,0.018518518518518517,0.07407407407407407,0.018518518518518517,0.0,0.0
300,0.0,0.0,0.0,0.03389830508474576,0.0,0.1016949152542373,0.0847457627118644,0.0847457627118644,0.11864406779661017,0.01694915254237288,0.3050847457627119,0.05084745762711865,0.01694915254237288,0.06779661016949153,0.0,0.05084745762711865,0.01694915254237288,0.05084745762711865,0.0
278,0.0,0.0,0.0,0.3333333333333333,0.0,0.16666666666666666,0.0,0.05555555555555555,0.0,0.0,0.2222222222222222,0.05555555555555555,0.05555555555555555,0.0,0.0,0.1111111111111111,0.0,0.0,0.0
547,0.0,0.0,0.0,0.12121212121212122,0.030303030303030304,0.12121212121212122,0.06060606060606061,0.06060606060606061,0.15151515151515152,0.0,0.21212121212121213,0.030303030303030304,0.0,0.06060606060606061,0.030303030303030304,0.06060606060606061,0.030303030303030304,0.0,0.030303030303030304
53,0.0,0.0,0.0,0.2,0.0,0.2,0.08,0.04,0.04,0.04,0.28,0.04,0.0,0.0,0.08,0.0,0.0,0.0,0.0
360,0.0,0.0,0.0,0.09433962264150944,0.018867924528301886,0.05660377358490566,0.07547169811320754,0.11320754716981132,0.22641509433962265,0.03773584905660377,0.20754716981132076,0.0,0.0,0.03773584905660377,0.0,0.11320754716981132,0.018867924528301886,0.0,0.0
472,0.0,0.0,0.0,0.3076923076923077,0.07692307692307693,0.07692307692307693,0.0,0.038461538461538464,0.11538461538461539,0.0,0.2692307692307692,0.0,0.0,0.038461538461538464,0.0,0.07692307692307693,0.0,0.0,0.0
