userId,(no genres listed),Action,Adventure,Animation,Children,Comedy,Crime,Documentary,Drama,Fantasy,Film-Noir,Horror,IMAX,Musical,Mystery,Romance,Sci-Fi,Thriller,War,Western
1,0.0,0.058703164702616085,0.05893832397058456,0.061648316033478825,0.05943667791851413,0.058171557300229784,0.05725355624658041,0.0,0.06168536708360787,0.0581549065476362,0.06153475812743426,0.04867546084694659,0.0,0.06353892899366984,0.056914616867375374,0.059064819595771395,0.0566277587816681,0.05690023286594305,0.061648316033478825,0.06110323808446487
2,0.0,0.0723538688137234,0.07633223863973478,0.0,0.0,0.07096945440540443,0.06632698202863552,0.07265989726187812,0.07119845528497598,0.0,0.0,0.06787273796574356,0.06898755588402147,0.0,0.07265989726187812,0.07475837804922478,0.07157318399700217,0.06938102103164896,0.07475837804922478,0.07016795132690397
3,0.0,0.09619945390535564,0.09032622408797604,0.04556816237622109,0.04157552338706648,0.04480869300328407,0.05954239883826223,0.0,0.036910211524739084,0.08668077109787833,0.0,0.11898353509346618,0.0,0.05954239883826223,0.0,0.03858104414520053,0.12403887481691361,0.11566718549830787,0.04157552338706648,0.0
4,0.0,0.04920325888984289,0.0541321483621036,0.056422066269471646,0.05698993843835207,0.052488706423277895,0.05744916480742135,0.0,0.05447559312297935,0.057341238516218224,0.05875777108825919,0.05708626265325085,0.053204963405858605,0.060763581210269195,0.0563546652425144,0.05423026317228826,0.04456978084669689,0.05560782236139476,0.06393283675144884,0.05698993843835207
5,0.0,0.058041939535574905,0.0630253383845889,0.07703096913671977,0.07465326903228825,0.06160238258578957,0.06995486848346295,0.0,0.07120886100429329,0.07523955124981932,0.0,0.0,0.06922038714983378,0.0775236090556174,0.0,0.05470990226594005,0.058256909682002964,0.06384613348913239,0.06377447677365639,0.0619114021712799
6,0.0,0.055738863321432595,0.06070447366238692,0.06198390744917887,0.05471137735917926,0.05153091251376509,0.04995201870735163,0.0,0.05580721660157175,0.05364255939961835,0.04741747136181485,0.051589149947309,0.05968604033097054,0.06198390744917887,0.05681858182841396,0.05700975955949277,0.05249400255078189,0.055042879909719754,0.05554060589412692,0.05834627215370697
7,0.0,0.0524775007454537,0.053613858955559354,0.05922877496970459,0.05922877496970459,0.056513415658772576,0.057609151685059,0.0,0.05671469956118178,0.05238678407439563,0.056513415658772576,0.05897421003430472,0.04755735838606783,0.06122286696367029,0.05621642323413939,0.05223884611851631,0.05115164170691268,0.059313629948171215,0.06067130960363723,0.04836733772597653
8,0.0,0.07349920010095375,0.0758406972963945,0.0,0.0835795439592919,0.07213950976196531,0.07488255437622625,0.0,0.07890588754326758,0.07601267166668112,0.0,0.0,0.07996808218327311,0.0,0.0,0.07757055713868921,0.07601267166668112,0.07873780399583814,0.0797961078129865,0.07305471249775145
9,0.0,0.05905084165553017,0.06572615419050315,0.06675312534972976,0.06675312534972976,0.06793809207191431,0.0616182695535967,0.0,0.0654694114006965,0.0,0.0,0.05134855796133058,0.0616182695535967,0.0616182695535967,0.07394192346431604,0.05134855796133058,0.06367221187204992,0.05477179515875262,0.0616182695535967,0.06675312534972976
10,0.0,0.0722574655703794,0.07312963207971092,0.07714421130751861,0.07219476613191465,0.06594412753216877,0.061815411022968586,0.0,0.061312041917875246,0.06721480575999109,0.0,0.0,0.06380923007243174,0.06753440986744715,0.06274211565159231,0.06528177776829405,0.05393491143486157,0.06541500751431692,0.07027008636852915,0.0
11,0.0,0.07282583841075647,0.07224305092899456,0.0,0.0,0.07161822287145181,0.0737974261460344,0.0,0.08490249829071243,0.068160122759879,0.0,0.0,0.08357613914511478,0.0,0.08312367744827348,0.08395103597964045,0.07150070035279173,0.0750717060269344,0.08593078675112564,0.07329879488829093
12,0.0,0.09573345016376644,0.08526683355773731,0.08526683355773731,0.0,0.09084301378405281,0.08526683355773731,0.0,0.09686633107993624,0.09059037131425213,0.0,0.0,0.0,0.0,0.0,0.09532741762301529,0.09347771382626015,0.08824440552324558,0.09311679601225915,0.0
13,0.0,0.08121730621172982,0.08121730621172982,0.0,0.0,0.07529914591413091,0.07917742968362126,0.0,0.072097223321509,0.0725289432216378,0.0,0.08073162132408493,0.0,0.0,0.07781751199821556,0.0732844530468632,0.08073162132408493,0.07555098252253938,0.0725289432216378,0.07781751199821556
14,0.0,0.08458131469912067,0.0846956137730384,0.0,0.07818056655972776,0.0724370380953618,0.07298812291603657,0.0,0.08868569053525735,0.0,0.0,0.0,0.08572430543829798,0.0,0.0,0.08449967250346516,0.07972360405761712,0.081360158979621,0.09356195622122808,0.09356195622122808
15,0.0,0.05396056102057792,0.05721845217978615,0.05634986972392702,0.05292504345554751,0.06093450486557349,0.06308878351977516,0.0,0.06532201479481145,0.05341990720399305,0.0,0.06485137514594017,0.060224283745119234,0.051371570076727616,0.05666824360404583,0.06416635665248498,0.06017483469031604,0.05775810984975611,0.06862835720200802,0.05293773226961021
16,0.0,0.05382556941477832,0.06143382500716259,0.06028204217761188,0.061320268953544914,0.05726064003671301,0.05798038502361328,0.059162703934809074,0.05875155270619335,0.06248827407646958,0.06028204217761188,0.0565963371230496,0.05814069945224999,0.0,0.05801682012103072,0.05520888861339364,0.05897344384544628,0.05884268232915926,0.06143382500716259,0.0
17,0.0,0.05560557099955658,0.05498074218515733,0.055729278717843674,0.05590750170181661,0.056549570386560964,0.055281275060092096,0.053571732241277176,0.05646971749223186,0.05483397031600315,0.05375372935902836,0.0,0.055729278717843674,0.05501009655898818,0.05483397031600315,0.05402672503565514,0.054708165856728136,0.056808051956126926,0.05972280784855706,0.056477815250530014
18,0.0,0.05066497112616154,0.05140030630423756,0.05227907495549988,0.051009972571310444,0.049425685915897986,0.055218271537067036,0.05483750347476591,0.055364011801837615,0.05194009048805962,0.05325185173477643,0.04493648250299956,0.05284195847518837,0.05278417059089347,0.05673929949083853,0.05222467058497261,0.051661140793064046,0.05355574943826798,0.055820110609390156,0.05404467760477116
19,0.0,0.05770303489661466,0.059991194665647375,0.06006139565941547,0.05748656630451085,0.05759795007348167,0.06118650696201678,0.0,0.057372339246074565,0.06041927609521,0.06761767100288253,0.050785603915915634,0.0,0.0582945565494716,0.06387237339972404,0.058179032302798535,0.0548347400080753,0.055728416323418746,0.06347080467887074,0.05539853791587162
20,0.0,0.0414835774067363,0.05017977912653375,0.0641424767097885,0.057946228250879236,0.05411024321579946,0.048035948342127294,0.05481728296398847,0.05830004824228791,0.05603750817725984,0.04529999055863794,0.045529798350864695,0.06192430172359372,0.06735793320324421,0.04796657340025902,0.06282611073121322,0.0476060097390101,0.04131742925698435,0.0543104677993133,0.0408082928014786
21,0.05449083137943516,0.053352580141090566,0.05765652347986149,0.0520635779658096,0.05355046289052392,0.05062697567109188,0.05004099766525047,0.0,0.04804686754428734,0.05159281173434129,0.05300798973291421,0.03728698897562406,0.055567440763992386,0.05297919669123418,0.05720402184543691,0.051752874870589764,0.05327953790186197,0.05639117213031639,0.05385898407590142,0.05725016454043694
22,0.0,0.05645165380738541,0.05363473274627583,0.055180708031018856,0.059901995297660535,0.05337474934131399,0.051691022480188385,0.04601133158114228,0.05362438443301081,0.048289342485725445,0.06345887519910239,0.04860803957779521,0.03951956158950997,0.06345887519910239,0.05058231569510062,0.04281358780099441,0.04185076348762872,0.05688443847349423,0.05380145557110106,0.06086216720244946
23,0.0,0.05726068012955866,0.05470466208375486,0.06056587587844288,0.0,0.055088554449254895,0.05818025903569266,0.05667896567775504,0.05957714210740914,0.06113143159547418,0.059823226957088645,0.05832421867275518,0.056452743390942514,0.0,0.06441165475425571,0.05496173286422363,0.0637241740384878,0.06050222025661251,0.0580465822298489,0.06056587587844288
24,0.0,0.06564194351272873,0.06596086800731035,0.06872044381121392,0.06872044381121392,0.0654455663829942,0.06811109712924358,0.0,0.06831175631606663,0.06729526567115535,0.0,0.06315835040138042,0.06850096348974594,0.0,0.0664794342130671,0.06650600288356058,0.06452630254349392,0.06614212761375839,0.0664794342130671,0.0
25,0.0,0.07584935242071275,0.07479079999830883,0.07591042275277451,0.07591042275277451,0.07758985688447308,0.07819445317188455,0.0,0.07906259143073181,0.0,0.0,0.0,0.07758985688447308,0.0,0.07658219640545394,0.07758985688447308,0.07479079999830883,0.07725397005813336,0.07888542035749768,0.0
26,0.0,0.08976976149254504,0.083309646244089,0.0,0.0907000180883227,0.09372335202460012,0.09984754128013644,0.0,0.09283960825861133,0.0,0.0,0.0,0.0907000180883227,0.0,0.0,0.0904209411095894,0.08325796532210135,0.09473113000335925,0.0907000180883227,0.0
27,0.0,0.05699931816063364,0.05892346682895085,0.05433622070229319,0.05647568490033344,0.05722915185691454,0.05625575094067276,0.0,0.06458682471375053,0.056531537339135546,0.0,0.04577119345335003,0.061467646437045845,0.05949507253617639,0.0661887356310699,0.06918031690253068,0.05699931816063364,0.05686880936228822,0.057927891892831596,0.06476306018138937
28,0.0,0.054388226260371667,0.05673328122446613,0.06022138788237741,0.0559870594382993,0.048980733767927734,0.052710234452481027,0.0,0.05387704052072949,0.05424209277506045,0.056470628426056386,0.052277810363313054,0.06703901315448157,0.05549419104693149,0.053799374738879004,0.049123324623292004,0.05827677926067048,0.0528045173872175,0.060512292303020236,0.05706201237442519
29,0.0,0.05593604877153095,0.05848425547353673,0.0,0.06224933629801333,0.05341394662990821,0.05749696761289618,0.0,0.060401936640136815,0.057257914862135766,0.06224933629801333,0.0599200062946038,0.05913686948311267,0.05234299030650153,0.0636549664724846,0.06004048888098705,0.05929633172979638,0.057620268505393674,0.05972156438761963,0.060776771353329144
30,0.0,0.06675066815827509,0.06637345875454363,0.06642542127444541,0.06695082008678566,0.06642542127444541,0.06767994496921702,0.0,0.06935264322891249,0.0643988829982759,0.0,0.06079614828508563,0.07002815598763568,0.0,0.06800161771146615,0.06800161771146615,0.06626458490332085,0.06454899694465882,0.06800161771146615,0.0
31,0.0,0.0756069393444385,0.06992526885766742,0.07309575733748679,0.07890993549772637,0.06944150528469642,0.06461203434102823,0.0,0.06293379968281972,0.07101894194795373,0.0,0.06678386742812163,0.0,0.07981486595068195,0.07452102280089182,0.0660857782215559,0.07085605446642172,0.07639422883850985,0.0,0.0
32,0.0,0.05610298114994081,0.052243441374067986,0.05606489358636312,0.057734398456518635,0.0608528177244422,0.06490120833638774,0.06182881154112056,0.06300991073489344,0.06048869356338694,0.0,0.05357650609928723,0.0,0.0626667379398298,0.0556713220960603,0.06050632669467291,0.057734398456518635,0.05954907766320941,0.05936581576309646,0.057702658820203895
33,0.0,0.06004013885985091,0.05662916285505938,0.05833465085745515,0.0571060033781782,0.059328641966587575,0.06067892908403756,0.0,0.058121112094882715,0.04868845049405054,0.06509395228735837,0.0,0.05450600432146466,0.06178913420924657,0.057459531649228755,0.05990359272465127,0.06202407388304599,0.05679666614100897,0.0651566028670382,0.058343352326855134
34,0.0,0.06454548369441332,0.0692501021325842,0.06561131279250532,0.054933524937839665,0.05488257908383779,0.061027922722813925,0.05309513221757883,0.05331548750939092,0.056830679069250385,0.0,0.056159120084680214,0.06739094410161627,0.0,0.05322104952718574,0.05134628069526069,0.06517479945253471,0.06864825175606153,0.04429491135727393,0.060272418865172483
35,0.0,0.06578776295602881,0.0715084379956835,0.06435759419611514,0.06435759419611514,0.06864810047585615,0.07208050549964896,0.0,0.07176846867930416,0.06435759419611514,0.0,0.0,0.06864810047585615,0.06435759419611514,0.0,0.062407364068960136,0.06435759419611514,0.07208050549964896,0.060067087916374134,0.06521569545206335
36,0.0,0.0669490350223054,0.06946419685715978,0.0,0.06266182734925818,0.05665973660699206,0.06404230821997939,0.0,0.06814009926310834,0.06578291453523655,0.07260128961845085,0.06890400172121493,0.0,0.0,0.07498612034004459,0.06704881003724177,0.058991977581129756,0.0749799643495397,0.06612589114908034,0.06266182734925818
37,0.0,0.06449162978709812,0.06280232669560247,0.0640941467067462,0.06478974209736205,0.06787023597008938,0.06794476404765536,0.0,0.06955953906158503,0.06478974209736205,0.0,0.0,0.07254066216422438,0.06478974209736205,0.0,0.06141113591437078,0.07041128851948199,0.06787023597008938,0.06831740443548528,0.06831740443548528
38,0.0,0.057017047008839986,0.05606947025418215,0.05864146430253912,0.05808030196471579,0.058840586422411925,0.056712468766271396,0.06712904466211717,0.060982865781043415,0.06018466073155332,0.0,0.0,0.06481425001859588,0.05864146430253912,0.0624994553750746,0.05662343820305903,0.04976808483570755,0.056172350016116424,0.06574016787600438,0.05208287947922883
39,0.0,0.07247409177684135,0.06483958062527498,0.05624038677689095,0.05612978621292461,0.07083044450678581,0.07622707290207392,0.0,0.07039344515203369,0.06237081803674028,0.06680274063567775,0.07611329720229991,0.0,0.05569775275993103,0.06465524635199771,0.06304232146082173,0.07039400600682054,0.07378900959288577,0.0,0.0
40,0.0,0.05759412761022214,0.057701555761349395,0.05442470991092241,0.05657514000026512,0.057207386266164034,0.06465730285744585,0.0,0.06502931420711269,0.057867663154689004,0.0,0.058428275607210214,0.061654911722832266,0.05180059061295951,0.056902163930902486,0.05693330906715366,0.05349776096067756,0.06465730285744585,0.06213454682110041,0.06293393865154732
41,0.0,0.04309974529025716,0.045773886659262124,0.061703490651437744,0.05619933281911107,0.05940118059699912,0.05931982752222659,0.04406413611183589,0.059558540294429745,0.04755908210681304,0.06309279604645096,0.04625036251815531,0.03835182366911054,0.05401889518527087,0.05966487794333848,0.05675736359471223,0.03839942497221786,0.056323188430281085,0.049099127717513256,0.061362917870576864
42,0.0,0.049600472565426386,0.05138182373701194,0.05063654401498854,0.041258236066870305,0.05134970691845893,0.054861447254891824,0.058247664906740416,0.0562065928182845,0.0523137451856215,0.052334855008490555,0.04932115865539284,0.05802755638780087,0.051003391546554463,0.055951585514434146,0.053075897458883345,0.04658826628040082,0.05345894818822608,0.05556844925036616,0.05881365824115641
43,0.0,0.0551609646547251,0.059879072481431234,0.06314085104238877,0.0630535710350237,0.05794044535259038,0.05517343322720582,0.0,0.057405307701255494,0.062136240345370394,0.0,0.05993464669020247,0.06074688512608966,0.06314085104238877,0.0598491479074775,0.05769208486831216,0.05919454785223945,0.05572876426307808,0.05491159320511061,0.05491159320511061
44,0.0,0.07351718464191004,0.07227506737392171,0.06847369803460789,0.06432080421875536,0.07507908819840482,0.07988598104037586,0.0,0.07885593257423922,0.06432080421875536,0.0,0.06145955847948687,0.0,0.07313344109570226,0.07313344109570226,0.07594890690314243,0.06866989774244343,0.0709261943825523,0.0,0.0
45,0.0,0.054463303956601934,0.05544567982758717,0.06086180131786908,0.053845704872927704,0.050921475763784,0.05701008710983886,0.05426901479521535,0.057724141031531256,0.05208646524965701,0.0,0.05290691270656397,0.06050600856956638,0.05840745894016092,0.05709358438957662,0.05384949797258978,0.05117356098848694,0.05619307071670593,0.06066987047496806,0.0525723613163689
46,0.0,0.05943598053868656,0.062258271582800714,0.06866126008012183,0.06866126008012183,0.06130951415798698,0.057428233783748985,0.0,0.0591512034285529,0.06590941390009337,0.0,0.0,0.06350154849256848,0.06751465750510997,0.05972450471605882,0.06515400514479144,0.06011794677611191,0.05621500154038527,0.062478599136430446,0.062478599136430446
47,0.0,0.058872737014640304,0.059167584433760495,0.0,0.060055581934313894,0.0511893164420933,0.06577604191441815,0.06572168716435975,0.06305910966705469,0.056974196054961665,0.0,0.04150438123209128,0.058872737014640304,0.05776475569747769,0.05625999728700685,0.056445284703221535,0.0590469650350295,0.060396959961763995,0.06623182914147034,0.06266083530169625
48,0.0,0.06894724464186476,0.07237805701336043,0.07281938662929556,0.07281938662929556,0.06923621046182228,0.07221255840738476,0.0,0.06995074412571725,0.07632550524478017,0.0,0.0,0.07201028233341449,0.07039207374165238,0.07221255840738476,0.06948183140878618,0.0728816254212864,0.06833253553395513,0.0,0.0
49,0.0,0.07268408912707534,0.07174622991253245,0.06933459193227924,0.07016359248799128,0.06910850087163052,0.07174622991253245,0.0,0.07328090862723902,0.0,0.0,0.07174622991253245,0.07244962432343963,0.0,0.07174622991253245,0.07069113829617167,0.07251356926988574,0.07104283550162525,0.07174622991253245,0.0
50,0.0,0.046589558976327675,0.0475972760633052,0.046812576556503206,0.0450409039854063,0.050546801659113384,0.0567019683872447,0.05669513105836645,0.05772351596853434,0.05215017208039453,0.05966936912040088,0.047081846655560956,0.04250176867016897,0.052076314303207125,0.06341408868040198,0.05268541752288302,0.04831744965998576,0.05630540331230678,0.06409995823350043,0.05399047910638836
51,0.0,0.04817376036736696,0.051627557149392066,0.05010707173972937,0.04764871612767916,0.05366782178625281,0.05368073276758232,0.05749260371199942,0.05720150379436682,0.05600661780811076,0.0558432348345132,0.05251225044001493,0.0528698676752533,0.05379753246860732,0.04702736188414497,0.056400899739542924,0.052451784554561336,0.04826819363973211,0.057209872059318864,0.04801261745183133
52,0.0,0.055736149787942224,0.0569061294259004,0.05520444938630554,0.05523115655977956,0.054813947201185355,0.05677553237877742,0.054973468426530205,0.05454807849227729,0.05489493490020659,0.0,0.05568517850883795,0.05399179934748502,0.05598785980821022,0.05690408428198573,0.05294877595099951,0.05641609516008356,0.055844999023536165,0.05654413895300248,0.05659322240695475
53,0.0,0.1111111111111111,0.0,0.0,0.0,0.1111111111111111,0.1111111111111111,0.0,0.1111111111111111,0.0,0.0,0.1111111111111111,0.0,0.1111111111111111,0.0,0.1111111111111111,0.0,0.1111111111111111,0.1111111111111111,0.0
54,0.0,0.06470938012990085,0.06694965161242737,0.06683886895669805,0.06443173964702364,0.06573828309585761,0.06408468904342711,0.0,0.06852933022190122,0.06677732303684843,0.0,0.0,0.06669115874905893,0.06677732303684843,0.0,0.06968536774974343,0.06677732303684843,0.06493654052498221,0.0705111088410593,0.06656191231737471
55,0.0,0.08129706064642044,0.07753880236836207,0.059340920179868924,0.059340920179868924,0.06788601268577006,0.1023301201323962,0.0,0.07674759009929714,0.060923344717998755,0.0,0.0,0.0,0.059340920179868924,0.087824561866206,0.036791370511518734,0.05617607110360925,0.09019819867340077,0.08426410665541387,0.0
56,0.0,0.07540825462528249,0.07621176035410035,0.0,0.0735435149150071,0.08157207485227871,0.07276527666193826,0.0,0.08148411071692398,0.0735435149150071,0.0,0.0735435149150071,0.0,0.0,0.0735435149150071,0.08349384686495895,0.0744885185080193,0.07690825089151071,0.08349384686495895,0.0
57,0.0,0.05093788241953879,0.05366808682767166,0.06051004003083775,0.055549219587785637,0.05472143138652258,0.05364698922297487,0.0,0.056411757845800145,0.056030767391750454,0.06378764881868586,0.043110544043049606,0.056983927032515744,0.05906363693960651,0.05834896717259354,0.0544211377862031,0.04903677078406956,0.04904190955778499,0.066566615364347,0.05816266778826215
58,0.0,0.057393525058152865,0.05598974580313467,0.06198696867573787,0.0606804841647412,0.05875549046025949,0.053070970845570324,0.0,0.06211056623857541,0.06207197190282486,0.0,0.05077962011980804,0.06300700740078165,0.0631898188282668,0.05995016058053825,0.06093914043414641,0.05365011371143768,0.05906547314785605,0.06230573077731405,0.05505321185085421
59,0.0,0.05460086859480621,0.05186277193960944,0.05451683493786923,0.0572689372025555,0.055357171507239074,0.05914568887414816,0.06134456956399928,0.06286890101541436,0.0494485550038573,0.06000003105300751,0.06365549512976638,0.06134456956399928,0.0,0.06299292206545552,0.06278714734141752,0.06004204788147601,0.06025792744843481,0.06250556087694448,0.0
60,0.0,0.0762251698342111,0.07488788615290916,0.07399636369870785,0.07335956194570692,0.0762251698342111,0.0762251698342111,0.0,0.08051133547940965,0.0762251698342111,0.0,0.0,0.0,0.07399636369870785,0.08202006578651955,0.07288196063095623,0.0,0.07785962766691348,0.08558615560332475,0.0
61,0.0,0.07394918359812248,0.06884955224514075,0.0,0.0,0.07350404957492387,0.0803477263827518,0.0,0.08212791741041198,0.07632236905901275,0.0,0.08098540675086888,0.0,0.0,0.0824334725868014,0.06923386853842559,0.07394918359812248,0.08173345487500622,0.0807728466281632,0.07579096875224851
62,0.05198879408970082,0.05306993437674532,0.051367996033373324,0.0423441079466259,0.04705007443659989,0.051004488173369576,0.05845726638641517,0.0,0.05623421810851862,0.050902099145272106,0.05532406207859757,0.052755662276928905,0.05434504441553768,0.047673638972679296,0.05580555251008469,0.05024677252859012,0.053083918779886816,0.05557657693254805,0.05509034986915663,0.057679442939369545
63,0.0,0.05342648780181671,0.05316340192200862,0.06244126421794475,0.05621787247687725,0.055920556120394385,0.05641500131993225,0.06271202702707007,0.05352970610880436,0.057782267073154356,0.06248871952208734,0.04893499067340243,0.05020451136986481,0.05902932228850885,0.058553206846814886,0.05274828225078058,0.05131043576992226,0.053539290786505274,0.051582656424110744,0.0
64,0.0,0.05124879334969305,0.0513071789014328,0.05275513637888403,0.05279987445247535,0.050860437792285274,0.05395777713897068,0.05456814681117225,0.05405965414460955,0.05307196328186256,0.05407490954982795,0.05260526383235311,0.05281665123007209,0.05249171860157834,0.05075840551543988,0.05088508490276687,0.049090193390283136,0.052101960504450755,0.057485868103497574,0.05306098211834468
65,0.0,0.08935549842641126,0.08802352620121577,0.0,0.0,0.08524622241251031,0.09287221426275907,0.0,0.0930226730208856,0.0,0.0,0.0,0.09510848484587256,0.0,0.09574005830219623,0.09102754866655025,0.08968990847443906,0.09159434535812279,0.088319520029037,0.0
66,0.0,0.05153653545315901,0.053025020879945095,0.05743830421452589,0.05518657154964683,0.053956020759127934,0.05474999204577197,0.0,0.0568319524800205,0.05482769231194454,0.05848216158693957,0.05207746555112154,0.05782922775454554,0.05778608234711863,0.05476230837661547,0.057427735768767287,0.05071562870503247,0.053916531492790735,0.06016113429880992,0.05928963442411728
67,0.0,0.06855091201958613,0.06514255442010515,0.06502174107733791,0.06502174107733791,0.06973346144526094,0.0667179604097902,0.0,0.06702724256727437,0.06763936350396181,0.0,0.0,0.06674937187890968,0.0,0.06674937187890968,0.06497686755002435,0.06414920026846327,0.06868641247461138,0.06900052716580625,0.06483327226262098
68,0.0,0.052690897345695965,0.05333842432088126,0.054648699478248,0.050263117349012065,0.05075685541998668,0.051159378344434986,0.06091271408754515,0.051223342098647866,0.052993145706821246,0.05634431247060382,0.04678792363639609,0.060877213354165065,0.05033581591280696,0.04960306349141201,0.05343126292502615,0.04979034710722928,0.05122694593793261,0.05181860775868301,0.05179793325447179
69,0.0,0.07173033208045765,0.06960723557067666,0.0,0.0,0.07718972310560876,0.07125371857826192,0.0,0.0721937063187035,0.0746495897814065,0.07047922163719385,0.062138485348768535,0.0,0.0,0.07200835662340516,0.07125371857826192,0.06995097500559358,0.07024753451807093,0.06972855537123557,0.07756884748235536
70,0.0,0.05850074347850032,0.0576453990001285,0.05794657663335801,0.061061613868474675,0.05665151281047112,0.061061613868474675,0.059850019275368524,0.060409540389546025,0.061061613868474675,0.0,0.05963317137944328,0.05794657663335801,0.0,0.05625998188727275,0.06002470230264164,0.05887018804192851,0.05625998188727275,0.05887018804192851,0.05794657663335801
71,0.0,0.07805460963531262,0.07663112131369597,0.07763942554150777,0.07302449465267688,0.07014694951022939,0.06569489853512196,0.0,0.06334218867022777,0.07456280494895384,0.0,0.0,0.0,0.0678666307181012,0.06992977629193148,0.07359759064540751,0.06325169982927031,0.07350478157775883,0.07275302812980448,0.0
72,0.0,0.0751919373136691,0.0759834313906551,0.0,0.0,0.07408384560588871,0.07914940769859906,0.0,0.07724982191383267,0.0,0.0,0.07835791362161307,0.07788301717542147,0.0,0.0759834313906551,0.0747961902751761,0.07914940769859906,0.07703875682663641,0.07914940769859906,0.0759834313906551
73,0.0,0.06291902556682591,0.06058357021123872,0.05300953718998795,0.052717132461661334,0.05302852061622524,0.059262735698552296,0.0,0.05846737655701506,0.057562726017264906,0.0,0.061133228554026794,0.06027794472367145,0.05027248150189538,0.06532100484383394,0.05144102819007122,0.06187184178808445,0.06278929283339132,0.06656360208009252,0.06277895116616153
74,0.0,0.06060812162531088,0.06254307171239346,0.0,0.0,0.062034848039352095,0.06414147325367724,0.06599017767461733,0.06350873655861308,0.06225359099070394,0.06641297188655862,0.057286018701998384,0.0,0.06225359099070394,0.0634328440359023,0.06345830963322387,0.0582170489537241,0.06358512212191017,0.061019488966659145,0.06325458485465138
75,0.0,0.05562335708992009,0.055437530605583395,0.06585226038681743,0.06585226038681743,0.0611128931620086,0.05545558533786838,0.0,0.05320444529665091,0.05536467817706503,0.0,0.06272594095431196,0.06360729696453958,0.06401637918815464,0.05708730917915479,0.06028142522783162,0.05181974235529925,0.06155079960734182,0.04974553869047464,0.06126255739016047
76,0.0,0.06743906979947939,0.04586418029341406,0.024149806530444573,0.02402294426937292,0.056307034104127865,0.0745292290784626,0.06388791981813934,0.06066456829661529,0.04916976897240073,0.0,0.07766638174573874,0.06102670754745965,0.02941991176848643,0.07013878429416916,0.03907357641006778,0.06243467997962172,0.0707659027955728,0.0609705135257769,0.062469020770650065
77,0.0,0.10446558117040142,0.1146515675430256,0.0,0.0,0.09172125403442048,0.08729153437934903,0.0,0.07267056427600865,0.10214412381105917,0.0,0.0,0.10455441244690687,0.0,0.07209151595508428,0.08208009949102968,0.09146068229000451,0.07686866460271034,0.0,0.0
78,0.0,0.060714268743917506,0.05833254658983129,0.06469828843218516,0.054892197298094435,0.05880283441560031,0.061886113321105135,0.0,0.05768611153182979,0.054892197298094435,0.0,0.05321219658238429,0.06788663761656549,0.05209828306435909,0.05965828628505473,0.06384915763565775,0.055556893233440624,0.06128350436873084,0.05993219944522486,0.0546182841379243
79,0.0,0.06603300632007274,0.06538577619461136,0.0,0.0,0.06394633639558522,0.06729697484064046,0.06565157203280082,0.06209750196786725,0.06182601050457371,0.06997075440337983,0.06565157203280082,0.0,0.06900819376079366,0.06900819376079366,0.06836648666573619,0.06729697484064046,0.06737924498103244,0.07108140129867158,0.0
80,0.0,0.06386660430619331,0.06272131421866685,0.06193961430392173,0.06138069393612793,0.058744140713801365,0.06512735651986368,0.0,0.06326172852123971,0.06311195294385205,0.06193961430392173,0.06182723878023832,0.06284543302743388,0.0,0.06570629304130667,0.06138069393612793,0.061742359395328524,0.06319644581880197,0.0612085162331744,0.0
81,0.0,0.08207504995118924,0.07499521015993503,0.0697400713458082,0.0697400713458082,0.06618190444040982,0.08272738055051226,0.0,0.08302389445929546,0.0,0.0,0.0,0.0800587553714635,0.0697400713458082,0.0,0.07234939374310033,0.0934018812667074,0.0788726997363307,0.07709361628363151,0.0
82,0.0,0.05697151933170202,0.05234377607164628,0.04860727133724493,0.04225827264964553,0.0565042728421816,0.05576291258149888,0.052721377887721715,0.05391452084757317,0.05039831406229666,0.04462505066015831,0.05333257121764562,0.052721377887721715,0.049519889016691736,0.04928440760386391,0.05472309016305692,0.05450916417145518,0.05297141152269059,0.05941540007260257,0.05941540007260257
83,0.0,0.05125820861853841,0.05476660108778872,0.06379327866121579,0.058655564943533973,0.04971213736090268,0.048047137544987274,0.050306780152301035,0.062178012606035525,0.0517064777997464,0.0,0.042338566747563054,0.060296779047793445,0.06493499282070063,0.06293699304160215,0.06181311816585926,0.05975384432521234,0.05428850828350444,0.05932836078751612,0.043884638005198776
84,0.0,0.05070492630465212,0.049211777410909714,0.05044461377683385,0.049087858291654456,0.05057522574541059,0.05242681129878775,0.052028236572649794,0.055909095748203484,0.04944224578996908,0.05409228426157845,0.05017771105843791,0.057739954746323055,0.052973834774966866,0.05638319926114366,0.05249086795120277,0.048069863949054534,0.05027557538851642,0.06131136731152595,0.05665455035817953
85,0.0,0.0858375760586117,0.11626102073761331,0.0,0.0,0.092512107289209,0.0934434372283621,0.0,0.10843784924872718,0.0,0.0,0.0,0.0,0.0,0.09909350552589098,0.11126288339749162,0.08692412765429032,0.1010492983981125,0.10517819446169129,0.0
86,0.0,0.056475808674611966,0.058454523139123915,0.06131266625453007,0.06080699478026591,0.06168448351501843,0.06011169650315268,0.0,0.05878430888320924,0.059376892642112565,0.0,0.0592583758903319,0.05617694034403464,0.05973244289745455,0.062035054074907454,0.05878430888320924,0.05756527943632242,0.05856121852691623,0.0516206296644669,0.0592583758903319
87,0.0,0.08863540374094314,0.10419374588695975,0.0,0.0,0.1054247931611395,0.0,0.0,0.1023962859041813,0.10419374588695975,0.0,0.0978289695544984,0.0,0.10107029083491852,0.10107029083491852,0.0,0.09617884235719361,0.09900763183828755,0.0,0.0
88,0.0,0.0694059668896038,0.0711213234857347,0.0,0.043411716932851056,0.054649501812631646,0.074773953440433,0.0,0.07078383468797522,0.06523303209324693,0.0,0.06981281428740409,0.07149078490643981,0.0,0.0717216982943805,0.060961134416344036,0.06645687304933262,0.07238365000647719,0.06981281428740409,0.06798090140974122
89,0.04946187842794934,0.05087119811381335,0.05224375389602455,0.05950896061443092,0.05884399218411728,0.05094173998596408,0.0507414459895118,0.053230086771097404,0.05193251323192821,0.05055046672449739,0.0,0.06237463682192576,0.058220476471289966,0.041922146602348394,0.055220020389709995,0.044942385848566205,0.05132366066153757,0.05087191767893378,0.047446675565684604,0.05935204402066933
90,0.0,0.08312468703054583,0.07851777666499751,0.07811717576364548,0.07851777666499751,0.08225671841094975,0.08662994491737608,0.0,0.08729761308629613,0.07851777666499751,0.0,0.0,0.0,0.08546152562176598,0.0,0.08963445167751627,0.08312468703054583,0.08879986646636623,0.0,0.0
91,0.0,0.05367626015728606,0.052672124289491674,0.05693979345744739,0.04955808492719226,0.04652057788598058,0.05288935671355237,0.05152268837164373,0.049784257916003466,0.05622591139187636,0.052100512914129454,0.05978198832920803,0.057601884079045616,0.04523459776224026,0.0550889492197978,0.044848983860478205,0.05603092360416255,0.055086669293414894,0.05170994632522706,0.05272648950182232
92,0.0,0.07048343893380506,0.0712251006642406,0.07288744592211337,0.07104039563558807,0.07077173377572984,0.0,0.0,0.07089263161266605,0.07518915474070642,0.0,0.06874437004864588,0.07288744592211337,0.07467766389213018,0.0,0.0732284398211642,0.06700530116348667,0.06874437004864588,0.07222250781896426,0.0
93,0.0,0.05976983543157747,0.05793870928716935,0.054714675220946536,0.05570379635194306,0.05618583639679579,0.05669112883713307,0.0,0.06193901563341476,0.058445790373313135,0.0,0.05807956514443152,0.06150705767114413,0.05743162820102558,0.06017362222239566,0.05979117722813233,0.06103753814693693,0.059374097546888535,0.06452539746961904,0.05669112883713307
94,0.0,0.061569811868221275,0.06464830246163235,0.06782347802523407,0.06859147211469178,0.055351921833388204,0.061732324903222606,0.0,0.06564189481486825,0.05729355906430999,0.0,0.0,0.06490750046682432,0.06782347802523407,0.05993953870064476,0.04901500739207263,0.061539890020580065,0.06266111775516052,0.06831718851131403,0.06314351404260114
95,0.0,0.0591335039257543,0.059211783363695744,0.0641376756706982,0.05835057731755943,0.05517029228159802,0.05936789747004489,0.0,0.06081959717970274,0.055600906276841555,0.058254658560325086,0.051973756234757654,0.059725412837918365,0.0558993201882373,0.06014461333249809,0.060040574468831195,0.06089064811098744,0.05802569120434633,0.0632530915762037,0.0
96,0.0,0.05584980619978679,0.05653147224717026,0.06419363266818867,0.06052218079978402,0.05601802850761748,0.06177123143542684,0.0,0.059076310063979294,0.057094651277733846,0.06169553139690303,0.05857020123499155,0.06169553139690303,0.0,0.060913297665490355,0.05480682789123656,0.05664692113535372,0.05593834425653978,0.060689802313658156,0.05798622950923647
97,0.0,0.07529214332564432,0.07818799499201526,0.07905675049192654,0.07842931596421283,0.07320069489993197,0.07842931596421283,0.0,0.07186977317447867,0.07999790228349708,0.0,0.0,0.07529214332564432,0.0,0.0,0.07905675049192654,0.0776450228045707,0.08093905407506764,0.07260313820687131,0.0
98,0.0,0.05973337972840913,0.05556758419630665,0.06234861693713753,0.05949045867553209,0.06207624072662717,0.06839804393396365,0.0,0.06191390936902389,0.05276788387074824,0.0,0.06688644716302306,0.060007883878064106,0.06286464217970598,0.06839804393396365,0.06141232371350816,0.06295082371506279,0.06516600836460408,0.07001770961431991,0.0
99,0.0,0.05933274410618085,0.06198031506744064,0.0676390265635577,0.0676390265635577,0.06218774584075871,0.06206328737676787,0.0,0.06760778992945804,0.0,0.0,0.05515999124074235,0.06505029051254814,0.0676390265635577,0.05896565449521795,0.07041157819215375,0.049709632432491435,0.06216888849772979,0.05827975007144619,0.06416525254639102
100,0.0,0.060938040674029276,0.059738176887228295,0.056343179933206006,0.058184789343575856,0.05848809960943074,0.061990954227983126,0.0,0.059392493407715394,0.05828585094923913,0.0,0.049448680921946674,0.06106885875047624,0.06111919887103306,0.05674275464012566,0.06082704638565873,0.05843049707486503,0.05714232934704531,0.05950022463669717,0.062358824339744406
101,0.0,0.06003616548636381,0.05925647502550194,0.06923651292453385,0.06923651292453385,0.0632484901851147,0.07134167716886089,0.0,0.07442499853681463,0.06705337963412061,0.0,0.06549399871239688,0.06783307009498249,0.06783307009498249,0.07084044758687826,0.05925647502550194,0.06816722314963757,0.06674150344977588,0.0,0.0
102,0.0,0.06286271322864308,0.06349189227237138,0.07126280537385772,0.0707708157456792,0.07164290438425651,0.06518862573365371,0.0,0.07011482957477451,0.0,0.0,0.0,0.06424249183331039,0.07126280537385772,0.06424249183331039,0.0657326527263511,0.05945925933713035,0.06351396873004606,0.06932007709848613,0.06689166675427165
103,0.0,0.049367718807713165,0.04783337082567931,0.05085226681755525,0.05037183432789985,0.052442631903978666,0.059184941122875596,0.051360163156165255,0.05672895041029553,0.050777624897429326,0.059981494727548185,0.05289922571587695,0.04361932020501337,0.05388220971898928,0.05243385846874593,0.05285082752217533,0.046359016473663923,0.056267739997510106,0.05663280065857379,0.05615400424231128
104,0.0,0.04866434357889929,0.05517214994527182,0.05950888649188336,0.057860714749010285,0.05612960478109184,0.05539984539630297,0.0,0.055282858920745304,0.05813810026375185,0.05930033197318989,0.05141218139772644,0.05986487608300247,0.058758174255619335,0.0576431574825463,0.05974746778121081,0.05003376575206899,0.0526629878828383,0.05381265388657336,0.05060789937826743
105,0.0,0.049983688640900435,0.049924178446278195,0.05505997470140199,0.05369112459758462,0.051990799441969965,0.052758727281153196,0.05822344979490353,0.053780752590901836,0.051615575582048295,0.05393868689672263,0.05211513365929836,0.05101165974329142,0.05113048964687768,0.05427432532251249,0.0517877161702346,0.05075226906840938,0.052289038090042636,0.052546475127803006,0.05312593519766571
106,0.0,0.06995962958198162,0.07269596984078797,0.07133575418888133,0.07133575418888133,0.0757564550575779,0.07462294201432236,0.0,0.06918627760315232,0.07365315863287042,0.0,0.06423240578448002,0.07731140243742843,0.0,0.07351641737685864,0.07462294201432236,0.06536591882773554,0.06640497245071977,0.0,0.0
107,0.0,0.06331640873232385,0.06644542725524052,0.0669238521333342,0.06775831413000918,0.061360772155500926,0.06252901895084591,0.0,0.0710739097967978,0.06775831413000918,0.0,0.0,0.07126305451604414,0.0,0.0669238521333342,0.06742452933133919,0.061666741554281757,0.06425357374397422,0.07065111571848247,0.07065111571848247
108,0.0,0.05977232256976503,0.06975543775583572,0.06338646300421592,0.06672259263601676,0.06962357492453923,0.07148849211001797,0.0,0.07015684372757645,0.0,0.0,0.058382268556514676,0.06255243059626572,0.0,0.07387144184701858,0.06791406750451706,0.06894667905721734,0.06314816803051587,0.06338646300421592,0.07089275467576782
109,0.0,0.05397300064345014,0.04833391378967062,0.05109138617817937,0.05054334234682319,0.05059835915004849,0.057098715754167764,0.052221726580351485,0.05627272867528203,0.048836985042736106,0.052221726580351485,0.052221726580351485,0.052221726580351485,0.051342572934217616,0.052221726580351485,0.055075594570109104,0.047708737863530984,0.053647909161857535,0.059938741918637614,0.054429379069532074
110,0.0,0.07386185543800708,0.08049987132543142,0.0,0.08070681186868446,0.0848456227337452,0.08891052626192987,0.09208854174760149,0.08902422985712384,0.0,0.0,0.0,0.0,0.0,0.08639767680814299,0.0818893292587018,0.0759471793738646,0.07994802987675666,0.08588032545001038,0.0
111,0.05494621863547059,0.056902742840852116,0.05398566414355352,0.051333630109389856,0.05343005675582285,0.05494588157777495,0.05530617782157729,0.06627162123768852,0.052908873394141215,0.05264588965264979,0.0,0.03400457121174234,0.050329286584942096,0.05427373145030609,0.044342507118284094,0.053811512997010855,0.04930680333977386,0.04607520753254059,0.06122162201131693,0.05395800158516245
112,0.0,0.07498001913085098,0.06279480077982288,0.06797879523672415,0.06113201010496776,0.05594801564806649,0.06748973915588441,0.0,0.06685183992000648,0.05692612780974597,0.0,0.0,0.07880789416960415,0.0,0.07130437658643439,0.05108413062589669,0.07828390551156157,0.06758755037205236,0.07024067961060795,0.06859011533777383
113,0.0,0.05089074705556312,0.06774165200886648,0.06753883269147466,0.07189944801539871,0.06132185722642276,0.061929610944857265,0.0,0.06400325737651234,0.05853027467732152,0.06753883269147466,0.05510347329388896,0.0,0.06799517615560625,0.06210274125032825,0.061140517038129734,0.05628236057622889,0.05823956698905992,0.06774165200886648,0.0
114,0.0,0.07355067867735629,0.07108459078577167,0.06684691382193407,0.06684691382193407,0.07182284639662823,0.0,0.0,0.0727456659101989,0.06896743525737306,0.0,0.08069762129309513,0.07269747224121165,0.07292237602981881,0.06248469829760242,0.06626629485746863,0.07733358420107155,0.07573290840853558,0.0,0.0
115,0.0,0.053868324247178315,0.05507225145684502,0.0592224953115931,0.057297408950047236,0.054101042950772955,0.05034385786710861,0.0,0.05654102503536333,0.05152807093072775,0.055110315448175635,0.058106548648112,0.055110315448175635,0.061001775439680855,0.056149462411501434,0.04797543173987034,0.05412309167302391,0.054069623859114686,0.06130523003723326,0.05907372854547594
116,0.0,0.06295883889396658,0.0597888356174349,0.059224170576461975,0.05597406365458297,0.05831432823469498,0.056753014900322564,0.0,0.05717290142200542,0.05348997519914008,0.0,0.05796727497030964,0.04891575064242148,0.06227730132125741,0.06202560953942839,0.06247680283394463,0.06112827362160322,0.06193548971984768,0.05597406365458297,0.06362330519799518
117,0.0,0.054888332773083685,0.056183793546585856,0.06063868820654341,0.060032272987318204,0.05881377511691241,0.05341629189414792,0.0,0.05950272231398778,0.06063868820654341,0.0,0.05623509357721642,0.06254294534354969,0.06180901290532851,0.055520997150839066,0.05874408102124494,0.05744650715767799,0.05522526024698582,0.06513424979987355,0.06322728775216131
118,0.0,0.10832956272040481,0.10514992367809942,0.0,0.0,0.11017819007058235,0.10672741901691758,0.0,0.11627866032616829,0.0,0.0,0.0,0.0,0.0,0.0,0.10038046511464131,0.0,0.11947414474576093,0.11757269947129259,0.11590893485613278
119,0.0,0.05557614499753333,0.05592215650438655,0.055625211210561194,0.05531339691965592,0.05454714610772101,0.05639274090795125,0.05403859954895426,0.05667076525480995,0.053015610239435046,0.05540946418562986,0.05489354738688097,0.05636906943130277,0.0,0.057060397941626276,0.057102885207405606,0.053682500585607286,0.05557884064408703,0.05876292337749758,0.05403859954895426
120,0.0,0.07533334212574022,0.07781280086517284,0.07616422457565647,0.07477942049246271,0.07739516153849535,0.08816585996333566,0.0,0.08008783614470544,0.07053268797066853,0.0,0.07616422457565647,0.0,0.07053268797066853,0.07616422457565647,0.07408701845086584,0.0,0.08278051075091551,0.0,0.0
121,0.0,0.0547369328139566,0.05073532325929066,0.0574239800771427,0.0574239800771427,0.05499228706885717,0.0630438928074026,0.054848186742440255,0.05959801543656319,0.05067528145661694,0.0,0.054848186742440255,0.054037622406345076,0.054848186742440255,0.054848186742440255,0.0582805764619544,0.05067528145661694,0.056399266644844605,0.057054722990699344,0.055530090072806036
122,0.0,0.05083326690251026,0.050987186649362345,0.053058936437784934,0.05237755896873251,0.05227587229153372,0.05392178813868683,0.05247843200322146,0.054606677035745,0.05213628404681968,0.05396877165082252,0.052355372817451944,0.04975180331339891,0.054804285673862314,0.05368656181451122,0.052920416657143865,0.05132809879777469,0.052595149974909446,0.05298653321398062,0.05292700361174777
123,0.0,0.06570008350303508,0.06544825891972929,0.06574759757535693,0.06752224817657794,0.06454489761971015,0.06800689171426079,0.0,0.06627475801568639,0.06752224817657794,0.0,0.0,0.06860735080322813,0.0,0.06762332356678986,0.06439344651418426,0.06590032137924857,0.06745382791243447,0.06710174863652958,0.06815299748665046
124,0.0,0.06199391214614608,0.06765459764142176,0.06967749258751078,0.07034527594330506,0.06583366644196319,0.07011725235839969,0.0,0.07208802762793892,0.06652588089614021,0.06652588089614021,0.06036924410369535,0.0,0.0,0.06302001827822022,0.07020276120273922,0.06487270990557631,0.06277664695202315,0.06799663301877981,0.0
125,0.054681103501757714,0.05026295217914556,0.050069898267515116,0.05297572496600117,0.05055404081833594,0.05388943933603615,0.05342165937008788,0.0,0.05348555956381744,0.05241862564614877,0.056115929502894235,0.048393000990968174,0.050343165153285685,0.05654996757383678,0.054302842849089906,0.05509809302097331,0.050860945675420155,0.05148413849630614,0.05224632795779298,0.052846585130586744
126,0.0,0.06635742616801686,0.0672241354077624,0.06684896265815032,0.06311855179553032,0.06280864073925113,0.0607211410811532,0.0,0.06828144042939639,0.06360201304332587,0.0,0.0,0.07191038411655312,0.06684896265815032,0.0,0.07869674755783143,0.05841326022747897,0.06574049771611466,0.07031078393866168,0.06911705246262327
127,0.0,0.0,0.06936907278454146,0.06936907278454146,0.06753490747023833,0.09246074379281932,0.09570580550274024,0.0,0.0854233635892227,0.07656464440219221,0.0,0.0,0.0,0.09570580550274024,0.08258446902349478,0.08478815482236447,0.0,0.08478815482236447,0.0,0.09570580550274024
128,0.0,0.06913280191349719,0.07187188056073955,0.0,0.0,0.07583004209886723,0.06714118310837203,0.0,0.07242741200468729,0.07048305195087018,0.06659433184323597,0.06659433184323597,0.0,0.07680222212577578,0.07072609695759732,0.07669420212278594,0.07048305195087018,0.07048305195087017,0.07473633956859511,0.0
129,0.0,0.05931371625199448,0.0571878520428208,0.05873839986535342,0.05834113532520127,0.05761011452172402,0.060988214352949766,0.0,0.058827581700897774,0.05783306911058492,0.0604409621802912,0.0582345804048106,0.0595356314255227,0.06035988778434179,0.05534678763480276,0.061060602206476036,0.056956160988879144,0.058103317097082975,0.06112198710626632,0.0
130,0.0,0.07059780610027452,0.06265764243074877,0.05577616725049313,0.05894526766245296,0.06803002217673783,0.06908638898072444,0.0,0.07527832363178444,0.06507219512557531,0.0,0.0,0.06591728856876461,0.05493107380730384,0.0,0.06507219512557531,0.07026348341945238,0.07310058283587356,0.07808663415069038,0.06718492873354853
131,0.0,0.05743876217636783,0.06315517215984974,0.0,0.0,0.06334400251966446,0.06885978024584323,0.06192777482105408,0.06391392687837796,0.06192777482105408,0.06672578259998259,0.057321049744275536,0.06672578259998259,0.0,0.06603397682720685,0.06454994186302664,0.05891507226219199,0.06333952432931311,0.058691909109683686,0.05712976704212556
132,0.0,0.04966201089338853,0.0482620020463571,0.0509908762586197,0.04959331750276856,0.05038852425998235,0.05630476067836247,0.05037542899838146,0.0551130514147474,0.05394858136276586,0.06077591574412364,0.045683936132216246,0.05594786995072184,0.05749916120425565,0.05523196895209205,0.05392133588400237,0.04982477836513866,0.053363459421539645,0.055348354591320155,0.047764666339216486
133,0.0,0.06685216781209638,0.06623028718128618,0.07276003380479326,0.07276003380479326,0.07151627254317286,0.06374276465804538,0.0,0.07395937502135579,0.0,0.0,0.0,0.07229362333168561,0.07276003380479326,0.0,0.07684667795011743,0.07276003380479326,0.07008116339514933,0.08136271586433436,0.06607481702358363
134,0.0,0.06246983896745086,0.061345522405606985,0.059321752594287985,0.059321752594287985,0.05714849978554202,0.06394550445487096,0.0,0.06606440874449983,0.0655195476414524,0.0,0.0,0.06861844516503461,0.06001039648841736,0.059764452240514014,0.05755095400938387,0.06308469958720923,0.06036813357627679,0.06906114481126065,0.06640494693390446
135,0.0,0.051318265230826325,0.052450120952030777,0.05453955105479478,0.053819696731866595,0.05527903375846458,0.05329647908612061,0.06086791744077233,0.05816536245184693,0.05814660656133592,0.05285371574705486,0.05889853051889283,0.0,0.05740176594540816,0.05548435985363803,0.05474614026333567,0.052675195724457016,0.053278891142128595,0.05831137598507882,0.05846699155194712
136,0.0,0.05786196948312944,0.05725527439582827,0.05772617159918551,0.05111613415494609,0.06169155603122682,0.06742628989256896,0.0,0.06586961863071471,0.05467423989632723,0.0,0.054711458575630374,0.054622133745302816,0.05772617159918551,0.05828445178873276,0.06884579937452072,0.04976137422831143,0.06326245014552906,0.06847306524797005,0.05069184121089018
137,0.0,0.05137007971293925,0.051102753067236724,0.05213137268594709,0.05229866182781274,0.053078212245237386,0.05034118780170598,0.05802045998969434,0.053644062378549025,0.052971215129120286,0.05129492697661891,0.05364376843042783,0.05172164166589547,0.05129492697661891,0.05426977103835974,0.05128566315704166,0.04935241980901662,0.05180625673221257,0.05683584906125492,0.05353677131431072
138,0.0,0.09419152276295134,0.0974752639234946,0.0926792735442801,0.0926792735442801,0.08555009865625857,0.0617861823628534,0.0,0.0800771967220198,0.0,0.0,0.0,0.0926792735442801,0.0,0.06351446718419196,0.08338974262958536,0.09203116673627815,0.0639465383895266,0.0,0.0
139,0.0,0.059734661295154826,0.062089357434818915,0.06616364505112504,0.06053102947900953,0.058274968090472286,0.06132205127896285,0.0,0.057199438451449806,0.059751575309679165,0.0,0.04132093748298156,0.0614824427960041,0.059593711174118574,0.05552870968343368,0.05225302887055166,0.054243871024565626,0.05494474616502526,0.06886822913830261,0.06669759727434463
140,0.0,0.05038444830859122,0.05044117816530385,0.05069174274587624,0.052519798461558506,0.05000127564740156,0.05209412309359286,0.049924089787593565,0.05345488343416743,0.0528516809518368,0.05286863845134007,0.05366806342792284,0.06044541072939671,0.05626885935173876,0.04836050858339492,0.0539050014330305,0.05041191094265885,0.05022025471002049,0.056577743555456694,0.05491038821911812
141,0.0,0.05382548400606061,0.05753191035383637,0.05900199369851313,0.0593388518092205,0.05384715599639983,0.05495969637002475,0.0,0.05732384023606206,0.05880333378707033,0.050658277417915315,0.052644876532343364,0.05658301712976839,0.052803804461497614,0.052803804461497614,0.053315353733462835,0.05745786438684406,0.05557511022612475,0.05440443574797964,0.05912118964537881
142,0.0,0.057302045930291104,0.06729065941560969,0.07222330805033493,0.07164719754376953,0.07194001404090813,0.06140814263162995,0.0,0.06599083984294561,0.06571587801026667,0.0,0.0,0.06962033603430762,0.07222330805033493,0.0,0.06709068717366137,0.05801694669525636,0.06159145052008258,0.07222330805033493,0.06571587801026667
143,0.0,0.04827534540921245,0.06680567648757409,0.07179918691725548,0.06953449293738878,0.06243677424937691,0.056701227051477454,0.0,0.062225961994954754,0.06576000297094427,0.0,0.0517943900950996,0.06269847222038373,0.06397061513500021,0.056701227051477454,0.06555277607082576,0.061841722910539985,0.06106285990159111,0.07283926859689797,0.0
144,0.0,0.0510453712911228,0.054953692640579026,0.06384848404150374,0.05924362113777112,0.053815879382019316,0.055376564969744524,0.05383021403724527,0.056577092344917757,0.055666617759082083,0.0,0.05383021403724527,0.05383021403724527,0.0648123517722255,0.05902294289284533,0.05533228112413579,0.04662167429049613,0.052330450734230344,0.055170504300871503,0.05469182920671928
145,0.0,0.05753431153203921,0.06433094723499988,0.07401784662559832,0.07401784662559832,0.06622768278001216,0.06606962148459448,0.0,0.06708384813019132,0.07302431848297285,0.0,0.0,0.06537415178475665,0.07041630710858096,0.0,0.06404116819340079,0.0576246322722779,0.06549006340139628,0.06737362717179042,0.06737362717179042
146,0.0,0.05578789330263524,0.06694547196316229,0.06973486662829405,0.06853941177180901,0.06694547196316229,0.06880506840658347,0.0,0.07201709862703821,0.06880506840658347,0.0,0.07066466485000464,0.06694547196316229,0.0,0.062482440498951464,0.07066466485000464,0.06025092476684606,0.06446601003860072,0.06694547196316229,0.0
147,0.0,0.0604084485161345,0.07391322186228957,0.06403876393176759,0.06403876393176759,0.06696376092379196,0.07295481859256243,0.0,0.06247369461925021,0.06403876393176759,0.0,0.07144460737965908,0.0,0.06403876393176759,0.0,0.05589072266556889,0.07492971017866684,0.07231588307941102,0.06110546907593606,0.07144460737965908
148,0.0,0.064461579363758,0.06698793576138762,0.06650708566943132,0.06683159379159855,0.0670636723557491,0.05815185549236769,0.0,0.06689991129100219,0.06923599022894289,0.0,0.0,0.06738453855239666,0.07053781813424534,0.0617305538361277,0.07388537560502309,0.06503825943225333,0.06474601235147115,0.07053781813424534,0.0
149,0.0,0.0753427511553047,0.06470136750028205,0.07608272460415144,0.06340227050345952,0.07611511401437031,0.06500554630929413,0.0,0.06832141218045208,0.060487223583760234,0.0,0.09390615434174136,0.0,0.0,0.060487223583760234,0.0,0.07082069119013015,0.06973689169434452,0.08818016932090347,0.06741046001804604
150,0.0,0.08511427079772735,0.08586252812342164,0.0,0.07954910693787594,0.0798764695178672,0.08586252812342164,0.0,0.0836738754457658,0.07954910693787594,0.0,0.0,0.0,0.07954910693787594,0.08249537015779727,0.08249537015779727,0.09133415981756127,0.08463810704501278,0.0,0.0
151,0.0,0.07358022621160837,0.07380567309391127,0.07789542044318729,0.07190346502448057,0.07273736229936231,0.07776226587832713,0.0,0.06822586275691454,0.0749762626750994,0.0,0.05829210950544309,0.0,0.06949400146986834,0.0679088280786761,0.0744051568491258,0.07279116212354823,0.06622220359044753,0.0,0.0
152,0.0,0.05276633255492299,0.05444145422333324,0.062188891939730664,0.062188891939730664,0.05764389270705873,0.06331959906590759,0.06181198956433835,0.06148219998587009,0.05402267380623068,0.06030438006276913,0.0,0.05578155155806145,0.0584198681858076,0.05747761224732683,0.06030438006276913,0.05695413672594862,0.05951090137773269,0.061381243992461434,0.0
153,0.0,0.031228678904917342,0.0409606932382052,0.05006573102689265,0.04558582516474649,0.05703316745680037,0.04619798154238841,0.05122482016953322,0.07273716866018318,0.05252702615339535,0.06126737609942651,0.04787730152623545,0.03789702501296165,0.06488382858721754,0.078783462023659,0.06734669642626114,0.04749721391010179,0.05729706328993382,0.045931069756876296,0.04365787105026478
154,0.0,0.06974444413050719,0.07209114283147358,0.07205177721473659,0.07534579043459959,0.07068032992196402,0.0629976853652288,0.0,0.07560420666059886,0.07378132463395533,0.0,0.0,0.07317602536584893,0.0,0.07403275663763029,0.07473117887006077,0.07446927053289935,0.06039024236415503,0.07090382503634177,0.0
155,0.0,0.06802142650728472,0.06594764073092742,0.06549529229270083,0.061995543849579414,0.0654725666534598,0.06634523120031603,0.0,0.06549529229270083,0.062120534865405176,0.0,0.06874505870417072,0.0,0.06239551510022186,0.0,0.0709948969890345,0.07208572767260481,0.06634523120031603,0.06979498323710714,0.06874505870417072
156,0.0,0.048076811365161454,0.0516468823476271,0.04934017140243898,0.047400237785217465,0.04997689134928423,0.05481151368076516,0.049648392800557356,0.053329183588821175,0.051871186532973096,0.060222411568122136,0.05402738644506546,0.05322556085171225,0.05506717567050089,0.05615093224448958,0.05244209355477251,0.05041950874366009,0.05528846942091914,0.054507941851182865,0.052547248796729104
157,0.0,0.08974075241720132,0.08974075241720132,0.0,0.0803819919283953,0.08451592294185563,0.1016947029311241,0.0,0.0962078490405313,0.08784603403603201,0.0,0.0,0.0,0.0,0.0,0.08074945246292511,0.08598576507997487,0.10219996116610261,0.10093681557865639,0.0
158,0.0,0.08864554019331948,0.07872314392746226,0.0,0.0775750980785201,0.07806711772806674,0.0870328091198055,0.0,0.08433581252229058,0.0730649179576759,0.0,0.08706404846263385,0.0,0.0,0.08692347141990625,0.0781608357565518,0.09118764171597711,0.08921956311779057,0.0,0.0
159,0.0,0.06933130311946312,0.07675390974937082,0.07872690162005766,0.07978102935960835,0.0745613240511054,0.04926053903136579,0.0,0.06801411266260506,0.08543325400973908,0.0,0.0,0.08104297392365352,0.07400575406202985,0.0,0.0690603031032402,0.05680942608120418,0.06539354843200285,0.07182562079455404,0.0
160,0.0,0.04191426739989419,0.04325099838611047,0.0675920050214494,0.057207392635580806,0.051884764778819495,0.06130159862649883,0.0,0.06101830656454264,0.053781007894178494,0.06937728057953806,0.04524845319135013,0.06164722146204078,0.06999326966546363,0.053685260571018585,0.052200905171432506,0.04695044656489907,0.04891897639243447,0.06587601850867165,0.048151826586076786
161,0.0,0.08207402535622604,0.0908627664986663,0.08541884759905208,0.0869973479406486,0.08246270871815414,0.0,0.08622807878683257,0.08031169965839297,0.07832558657035886,0.0,0.0,0.0,0.08788741142440266,0.0,0.07463309463204194,0.08402517166454122,0.08077326115068258,0.0,0.0
162,0.0,0.08244077077822028,0.08302903315890074,0.0,0.0,0.08012592011138674,0.08813851212252541,0.0,0.08568570197487706,0.07543204469982723,0.0,0.0,0.08420555792026169,0.0,0.0,0.08331346771659241,0.08420555792026169,0.08017175873845274,0.08975203179524899,0.08349964306344511
163,0.0,0.07755750307773378,0.07160328532176603,0.0,0.08442775433461965,0.0815778723317633,0.07267199107283716,0.0,0.07733543435023849,0.07160328532176603,0.07801551982819284,0.07780177867797862,0.0,0.0,0.07389336907406131,0.08068728420587068,0.07801551982819284,0.07480940257497944,0.0,0.0
164,0.0,0.08584638026989524,0.08396567898811125,0.0,0.08342258183040092,0.07524754040381375,0.07973761997523474,0.0,0.09045962033112794,0.07933506111710734,0.0,0.08342258183040092,0.0,0.0,0.0,0.08342258183040092,0.08553780233937801,0.08065252647097881,0.0889500246131502,0.0
165,0.0,0.06819530906717997,0.07028956762862407,0.06879355269500333,0.06879355269500333,0.06328435391340595,0.06698570732902027,0.0,0.06131911329330303,0.0,0.0,0.06733031128441294,0.0,0.06733031128441294,0.06879355269500333,0.06378231789752987,0.06865571111284625,0.06783690855216969,0.06506122677813508,0.06354850377394984
166,0.0,0.049552089138782604,0.05030457300284857,0.056530987860047455,0.0535604637885535,0.052230098481762834,0.053039043865237376,0.05147931818157871,0.053297417028576904,0.05018354607515458,0.05565625798200274,0.05068410920153806,0.055080359268036456,0.05565625798200274,0.05202843090884888,0.05251218000553996,0.051372843884461686,0.051753945784540116,0.05189115272703134,0.05318692483345546
167,0.0,0.052508608920220905,0.059296939589840794,0.06134164753335086,0.05657964674761581,0.055225293643842585,0.05657964674761581,0.0,0.053367881345462824,0.06168616298630988,0.06086136726512271,0.0504147471077232,0.06496805908622887,0.052691848839415745,0.05600053945582077,0.05014048561763657,0.05272951408405431,0.054065036940066605,0.04948774327123041,0.052054830818441214
168,0.0,0.057774770102584215,0.05380762696810392,0.05690858164527411,0.05626375246038769,0.0545726226151632,0.058997058259010714,0.05852546676558631,0.05824043893989025,0.056541482727652206,0.05931328579104456,0.04552686531621929,0.0,0.05690858164527411,0.06079310372690328,0.05561892327550129,0.037939054430182736,0.05703644756040085,0.05832335612554729,0.05690858164527411
169,0.0,0.05171672550682319,0.05411421418119763,0.056862790206339615,0.05664684786013452,0.0564256884194308,0.05489683093693866,0.056958912430281235,0.057625225143790586,0.05753163084074431,0.0,0.053646592551211285,0.05828569602329804,0.05790360259186981,0.05475069917756793,0.05636510718585413,0.051289927987391216,0.05065900991518742,0.05736158661165836,0.056958912430281235
170,0.0,0.0660555553812412,0.06340815602948144,0.06720864487667433,0.06480833613107882,0.06374153224414747,0.05960766718228855,0.0,0.07292604695819697,0.06195796949568415,0.0,0.0,0.06384821263284061,0.06720864487667433,0.0,0.07412718184927315,0.06627519147560941,0.06440828467347957,0.07360946819826236,0.0708091079950676
171,0.0,0.06191500784190748,0.06313662252983733,0.06418797733094767,0.0645568737523899,0.0627861709294672,0.06331738177634402,0.0,0.0615097893112771,0.06205206705079717,0.0,0.060890043323254144,0.0,0.0623066055815923,0.061103081006637035,0.06073510682624841,0.06418797733094767,0.062065737918180035,0.06294295190858015,0.0623066055815923
172,0.0,0.07048356281557082,0.06958778509416891,0.07024783183625452,0.07024783183625452,0.07516450654770858,0.0,0.0,0.07241655684596439,0.07354806554668258,0.0,0.06751335247618555,0.0,0.07024783183625452,0.0,0.07731976121574323,0.0712850481452462,0.0712850481452462,0.07040498582246538,0.07024783183625452
173,0.0,0.06864424379349496,0.07253123381577667,0.06883859329460905,0.06766277881286883,0.07257982119105519,0.061712444920425914,0.0,0.07836727169208821,0.06816669930504321,0.0,0.0,0.0740549339045111,0.06883859329460905,0.0,0.07641822383805838,0.07427482648291446,0.06481944561156976,0.0830908900429753,0.0
174,0.0,0.06122126991718659,0.060198616287204444,0.05878143171543961,0.05695530831202126,0.0598507832579819,0.054457961171130206,0.0,0.059135497945244586,0.06007699223813508,0.0,0.052192581057159855,0.060943166987594326,0.05878143171543961,0.060943166987594326,0.06301976542540047,0.05737482314794169,0.06080990933383136,0.05345112556492117,0.061806168935773495
175,0.0,0.0,0.0,0.0,0.1464205736121954,0.13626371368697868,0.0,0.0,0.1513898590623331,0.0,0.0,0.10273708756214817,0.0,0.14431729465423018,0.0,0.1578358055635452,0.07496301927106873,0.08607264658750051,0.0,0.0
176,0.0,0.07128032500571944,0.06809316847978394,0.06124508891730093,0.06124508891730093,0.05844224648388988,0.062262610173047225,0.0,0.07186010919702787,0.06347394500131663,0.0,0.0,0.06783475038308646,0.06124508891730093,0.0,0.07115726876919684,0.07115726876919684,0.06783475038308646,0.07171102183354856,0.07115726876919684
177,0.0,0.04863876366629876,0.05007380025619197,0.05530580413284686,0.050646653235927874,0.051397840589534984,0.05368256279311131,0.05477694291395273,0.056023732167421465,0.05303094621073506,0.045857741107401706,0.0465529207850155,0.05775609765250694,0.0557554128939514,0.05660212513473008,0.054759541052352124,0.048514486813875865,0.05188109463390029,0.055876367670076706,0.05286716629016841
178,0.0,0.05498401555325577,0.05357284768237702,0.05098517805847354,0.050663965596478566,0.055857595663799754,0.06053394851959658,0.05519014119731671,0.060415058192754285,0.05026245001898486,0.0,0.0579934499565455,0.05238683243808792,0.04537856054001596,0.060796758715774286,0.05579241456355727,0.057730639760367804,0.05704527199386518,0.061935602899210976,0.05847526864953794
179,0.0,0.06644209028520187,0.06399499656744741,0.06667980796064088,0.06774953750011639,0.062386626742212445,0.06299518399133629,0.0,0.07099438376985881,0.06382719585537282,0.0,0.0,0.06667980796064088,0.0,0.06033274602641945,0.0703104051855275,0.06511087130274344,0.06933087681934108,0.07648566207249984,0.06667980796064088
180,0.0,0.09160165958266973,0.09160165958266973,0.0,0.0,0.08663102689213727,0.09586220188884043,0.0,0.09160165958266973,0.09160165958266973,0.0894713884295844,0.0,0.0,0.0,0.0,0.08627598169995639,0.09129733513222898,0.09458403919698923,0.0894713884295844,0.0
181,0.0,0.05449108197337695,0.060449291074236564,0.06468043814139963,0.06553138567979762,0.05718455373406514,0.053292344846997505,0.0,0.06072744099952089,0.06711195754319825,0.0,0.05422473620920256,0.06212759552620567,0.06389689238822129,0.061227781693523435,0.0603294121848102,0.050532956609672136,0.05858252086128792,0.05962811265764392,0.04598149787684026
182,0.0,0.047505299772414904,0.04742573405775884,0.051879320528045975,0.044512827741427834,0.05292773223529343,0.05653068813872612,0.05077602495062481,0.058968410450107804,0.05137590152628537,0.0624960259977013,0.04685287111376223,0.04989896310400791,0.049502290687936344,0.059472177848342835,0.05551000034720355,0.04809751067653062,0.051729706351586954,0.06017060660790474,0.05436790786433849
183,0.0,0.08000713733547063,0.07453875043190213,0.0,0.07259703337166205,0.0752674118447001,0.07167930640289188,0.0,0.08145848608630528,0.07259703337166205,0.0,0.078082694575965,0.0,0.0,0.0,0.08172600163995489,0.07477059724506512,0.07603850950455023,0.08371326003849483,0.07752377815137565
184,0.0,0.06162972787339466,0.06023586338672312,0.059346627099649094,0.05655617059840451,0.057220024236258826,0.06191406599378268,0.06892064983436787,0.06487788365375995,0.0563270937925026,0.0,0.06061231554386226,0.06289096520529953,0.0,0.06860832567850858,0.06452460338254201,0.0660464260893269,0.0656045741261797,0.06468468350543763,0.0
185,0.0,0.0,0.07097398938810794,0.0720462176932026,0.06949105374977527,0.06893744864611374,0.06543884590084297,0.0,0.07066360751031739,0.07345704441043241,0.0,0.0636282849470647,0.07397434754008335,0.07511241442531541,0.07987160321810398,0.06816905686288956,0.07397434754008335,0.07426173816766721,0.0,0.0
186,0.0,0.05195125476761505,0.052153137881996985,0.05404699376453216,0.05345288059935108,0.05276177808609656,0.05138842911539879,0.05200509026478356,0.05236293798125662,0.0515113418478952,0.05168207728177248,0.0512944617021592,0.05436308504076443,0.05426618114586112,0.0552513707440449,0.052752057787996694,0.05289085242913426,0.051735912778941004,0.04976707173963538,0.05436308504076443
187,0.0,0.04589898644562564,0.04351703448008811,0.05367684816549108,0.0448933639202289,0.05235414195029083,0.05716692146534521,0.059369847213346205,0.05701517914796025,0.05874424292237311,0.06223511486600294,0.06301086418680958,0.04279133350255933,0.0579935177732054,0.05918216592605427,0.04958050006894555,0.04551896821120199,0.05341409436328238,0.05625076296263751,0.037386112428551825
188,0.0,0.0688271373781703,0.0,0.0721135627645768,0.07378807474717439,0.06896798418044488,0.0696017947906804,0.0,0.06978959052704649,0.07378807474717439,0.07370982652368853,0.0,0.0,0.07505122464058914,0.06927576052615596,0.06785685940694552,0.0,0.07110155240749289,0.07652676256917981,0.0696017947906804
189,0.0,0.07004660617325777,0.07162608846932142,0.07210680047247123,0.07210680047247123,0.07037623726113192,0.070183952459872,0.0,0.0727477498100043,0.07037623726113192,0.0,0.0,0.070183952459872,0.0,0.07282786847719594,0.07037623726113192,0.07282786847719594,0.07210680047247123,0.07210680047247123,0.0
190,0.0,0.05851744290960043,0.06136311873632725,0.05706873521599405,0.05652177414799981,0.055529483291537285,0.05727569345793783,0.056313337632899294,0.0598020113078721,0.06402770610135325,0.05898309895397391,0.0,0.06508836709131506,0.05708167010611554,0.060349023350802784,0.05814048325463143,0.05705838730389686,0.05727569345793783,0.05960397367980521,0.0
191,0.0,0.047247525306434834,0.051777346986108745,0.07465542178085526,0.0665788310576896,0.06692144572545572,0.06851664704555946,0.07509107676206979,0.0714449416067913,0.07146721941833066,0.0712147375542177,0.0,0.05762527251519597,0.0,0.041436729463246585,0.06407098598725655,0.044667012136456664,0.06588291465912612,0.06140189199520512,0.0
192,0.0,0.08341859144669181,0.08740251114158382,0.0,0.0,0.08361008741858073,0.07774736458690436,0.0,0.08176877999657181,0.0,0.0,0.0,0.08692444077819678,0.0,0.08197500642783681,0.08764623328762426,0.08361008741858073,0.08380292252314021,0.08104698748714433,0.08104698748714433
193,0.0,0.0643955426354424,0.06614186243572556,0.06627283642074681,0.05992059814721673,0.05929549503688808,0.06745160228593795,0.0,0.07234386584408421,0.06077192904985478,0.0,0.0736728665744468,0.06908877709870344,0.0,0.07360737958193617,0.06567409820350685,0.06567409820350685,0.06941621206125653,0.06627283642074681,0.0
194,0.0,0.06589360593383367,0.06531324219593404,0.051875589495335175,0.051875589495335175,0.0664780281594109,0.06687575995181763,0.0,0.06112569461016602,0.0,0.06531324219593404,0.06531324219593404,0.0,0.05160772930861227,0.06531324219593404,0.05738701576154274,0.0662507528494642,0.0662507528494642,0.07031329901476153,0.0628132137865203
195,0.0,0.05556986257013263,0.06039290375874306,0.05736360139885324,0.06052505453283222,0.06306939082495772,0.05991766924423015,0.0,0.06097621750400954,0.057062026555419025,0.05591807523920112,0.05393784671669596,0.06154159894890263,0.0,0.05716537523771951,0.06284462406404742,0.05878754553859494,0.05652401869439672,0.0593632894858946,0.05904089968536942
196,0.0,0.07240281544972893,0.07409843173660784,0.0732082331859964,0.0732082331859964,0.07087676079153792,0.07367452766488809,0.0,0.07287516570107377,0.06388234360816246,0.0,0.07553970558045488,0.07535318778889821,0.0,0.06602729821106428,0.0,0.07157620250987547,0.06938461845908449,0.06789247612663105,0.0
197,0.0,0.09682787169447893,0.09954176599622608,0.0,0.0,0.09999995594327431,0.10111679393920435,0.0,0.10089871314709967,0.0,0.0,0.08977659274976088,0.0,0.0,0.0,0.11103946997996739,0.11103946997996739,0.09676971681658435,0.09298964975343652,0.0
198,0.0,0.05566190113102948,0.060073966756999116,0.0634344293752862,0.061660375039015926,0.056819683984080216,0.06120845687941927,0.0,0.06374664509757136,0.0550660072989698,0.05776597948402019,0.046968124876554704,0.056889607296883665,0.0,0.05780614056624576,0.060956347169532084,0.055962971395036254,0.057173962102284336,0.06714502650805575,0.061660375039015926
199,0.0,0.05802436172712284,0.06454125398899305,0.0,0.05331998012558529,0.059663823962133475,0.06156852373702048,0.05780748010964713,0.061184326235129725,0.05905382942519188,0.0640263777253549,0.05487470452951222,0.05483936988396843,0.0,0.057860482077962835,0.05419412853056002,0.05234050375111132,0.05437838866210479,0.06825368622859428,0.06406877930000744
200,0.0,0.054429417252726923,0.053455584301578,0.05045957354418521,0.04770076562888602,0.055872244179838514,0.059788111669173846,0.0,0.05549486968490167,0.05266415645309871,0.06001243626037232,0.05769428195811235,0.055690983242784535,0.05929012050211621,0.06276747727052322,0.0555508746273154,0.05179551131339906,0.05639124355804045,0.05739767095237995,0.053544677600567685
201,0.0,0.05419095129495134,0.05601816941705179,0.05898510047789003,0.06075380548297772,0.058560848620365515,0.052980387367010155,0.0,0.06096873870277407,0.056974107115941024,0.04574707037987929,0.047791378390896734,0.05624118483643551,0.05624118483643551,0.053388239434393386,0.05862621084928919,0.052974242372452074,0.05438660998722491,0.06178353099963836,0.053388239434393386
202,0.0,0.049281343421601696,0.05248001386990627,0.05271891753231695,0.05511227998405583,0.051297253141305704,0.05161505711894565,0.057806961611183226,0.05216711308964392,0.05657861670992857,0.05095206975270125,0.05387787417045946,0.05291661347306314,0.050724448822534546,0.05144080766964783,0.05230964445158677,0.05127424091539874,0.05068377336637458,0.05500985056548081,0.05175312033386485
203,0.0,0.0627698311803362,0.0622561273356492,0.06315451173379949,0.06315451173379949,0.055145510397097926,0.06458173233795315,0.0,0.0691666785287968,0.06021086923773256,0.0,0.06235170014396305,0.060924479539809395,0.0,0.06235170014396305,0.05983622382914223,0.06339778797314387,0.06107102451255731,0.06813194359078538,0.061495367781470855
204,0.0,0.0587060648533783,0.05426611036866901,0.05583579124710159,0.0536494500235705,0.05880992343781594,0.06311700002773,0.0,0.05944605726749651,0.06197436468240041,0.05796607243926008,0.05179946898827497,0.057085129089119356,0.0,0.06215936278592996,0.06382434571769595,0.058459400715338894,0.061419370371811756,0.0641326758902452,0.05734941209416157
205,0.0,0.0633412703399797,0.06169725108042096,0.06270537609807492,0.059842301047937724,0.0623309296629463,0.06629430116092293,0.0,0.06239377381989095,0.060194228326827824,0.0,0.0,0.06092741015784887,0.05867287602745916,0.06465441779887253,0.06306830110443033,0.06306830110443033,0.06260456359630952,0.0634830725402651,0.06472162613338278
206,0.0,0.06258825836633727,0.06689915281469958,0.07648440809243347,0.07218586577716105,0.0720376401800827,0.07648440809243347,0.0,0.07751058530297596,0.07218586577716105,0.0,0.0,0.0,0.06972532086566029,0.06972532086566029,0.07440924973333646,0.07025893301514237,0.06502162858504035,0.0,0.07448336253187562
207,0.0,0.08648391729781671,0.08890174724377717,0.0,0.06811770905446315,0.06540539982021264,0.09183104121676774,0.0,0.09526663291348508,0.0796643969374154,0.0,0.06811770905446315,0.0,0.0,0.0,0.08927372108161724,0.07978838821669541,0.09531829594651842,0.0,0.09183104121676774
208,0.0,0.09447473350150541,0.08934819757506714,0.0,0.0,0.0927048580030922,0.07689803889657418,0.0,0.09740418260232728,0.0,0.0,0.0837334201318252,0.0,0.0,0.0837334201318252,0.0976483033607291,0.0976483033607291,0.07874928798112132,0.10765725445520384,0.0
209,0.0,0.0663103958051259,0.06490381165168384,0.06580804432175374,0.06580804432175374,0.06605922006343982,0.07213767301224303,0.0,0.06803274374811619,0.0678174502552424,0.0,0.051038910710612055,0.0709033236531,0.0,0.07208743786390581,0.0663103958051259,0.06530569283838157,0.06815235124415718,0.0693245047053589,0.0
210,0.0630191619713731,0.06324530903468342,0.06645641495702607,0.06476515197828067,0.06253914659183053,0.059564106217522804,0.05305639378780611,0.0,0.05600448344175536,0.06241179557276822,0.0,0.057921855798135455,0.06640121318837867,0.0,0.06669274905970901,0.06730501357443167,0.06388991763291525,0.058811968350676556,0.0679153188427072,0.0
211,0.0,0.05781643795825286,0.057997255274845824,0.059283979842737825,0.059283979842737825,0.06087526885050978,0.06257601159955704,0.0,0.06066667728578349,0.05861247845293335,0.05874038347956277,0.05604798266901341,0.061323354433995864,0.06054171260459382,0.05505397789063618,0.058406086250872236,0.05605606088122159,0.05707197526455838,0.05964637741818786,0.0
212,0.052226549692488834,0.05204180815721214,0.053021997322087844,0.05422041041977446,0.05344725586252732,0.052484190450511954,0.05403680992466934,0.0,0.052347418606990125,0.05379475149648909,0.05404866604520195,0.051951383466501015,0.051570059361282665,0.0542536075572658,0.05216079305760204,0.05169245969135275,0.05135585878366001,0.05095927499438759,0.05013309755272921,0.0542536075572658
213,0.0,0.06344600648954972,0.061722000861092106,0.06495686440862865,0.0630873801841022,0.06297239540581599,0.06156032623832565,0.0,0.06418857587095557,0.06058130591301792,0.0,0.0581496335572953,0.05999625280295451,0.06731377191281712,0.05751594700011743,0.06713816664166332,0.06349931273988506,0.06060398942379891,0.06326807054998053,0.0
214,0.0,0.07484437217198316,0.07549985632317091,0.07808603924694803,0.07841974026937089,0.07897590864007564,0.07758548771331375,0.0,0.07600967732965028,0.07865809814253007,0.0,0.0,0.0,0.07808603924694803,0.07808603924694803,0.07216284609894236,0.07808603924694803,0.07549985632317091,0.0,0.0
215,0.0,0.06219241263795778,0.06371834856291296,0.0,0.0,0.0603941029968959,0.060521600497598804,0.06762592844660206,0.06493961065390315,0.06577616962492866,0.06348748498116327,0.05727981978300508,0.06348748498116327,0.0,0.06040455361170761,0.0642142777385234,0.05992681122031496,0.06282909624802528,0.06592247823229266,0.05727981978300508
216,0.0,0.04814470000659439,0.05311398825825543,0.05068409692851084,0.051889657986346094,0.051598374221773324,0.05454301525801544,0.05682018614503758,0.051122389015405605,0.05272705369118975,0.058470112356592545,0.05115043970896687,0.05682018614503758,0.0512240727795652,0.0568883649141101,0.05416121415120932,0.04835238302623068,0.05109688838489537,0.04670440477950636,0.05448847224275742
217,0.0,0.05912863279434391,0.06153179233395035,0.06420276879041957,0.05944595159706108,0.05433702057927467,0.05940796775596947,0.0,0.05933615256031604,0.056585248287264835,0.059659901395862816,0.059202965754136264,0.0,0.05861991933038308,0.06316332935124115,0.054884469361252644,0.0604892177806083,0.060983867976008646,0.05266374297504619,0.05635705137686108
218,0.0,0.06253371059332437,0.0600205354630962,0.0,0.0,0.06649834515705329,0.06989583538658099,0.0,0.07332558027018649,0.05972486780071642,0.07229074345185725,0.06977756832162908,0.0638642150740334,0.06475121806117275,0.06829923000973016,0.06997468009654893,0.059978297225613375,0.06715879759769385,0.07190637549076354,0.0
219,0.0,0.049218249838654464,0.049987138224581645,0.05315832090053802,0.046112767922407816,0.05064020797703934,0.05615390308680332,0.05223105786555617,0.05499045054447692,0.04976208450484691,0.06212741663907652,0.04983381865363378,0.05339007794499375,0.051764111507021725,0.06185684628039597,0.050548690222776575,0.04810010940508699,0.053978119778400745,0.05158402639263813,0.05456260231107117
220,0.0,0.05116587595015634,0.05365756923062999,0.05696831807961721,0.0559018861762857,0.056798839623579754,0.057336691311983615,0.05500703177019113,0.057203807273942794,0.0555648387598839,0.0,0.05301957118184034,0.05324994240711304,0.06253540874590897,0.05202584088766495,0.05777204149568941,0.05139086891657708,0.05134329897510526,0.05903221945982764,0.06002594975400303
221,0.0,0.048256937914240634,0.04860365064646622,0.05294668381855519,0.04960729276606662,0.05150757714292984,0.054810687162567234,0.057218752396328974,0.055036768532623015,0.05337095071456808,0.056263568956846664,0.05650200999374567,0.04810867260111785,0.047124038854994735,0.05666700267552846,0.053231633958805376,0.050716852848486496,0.054659511072253385,0.05426438428562863,0.051103023658246836
222,0.0,0.05265319242714994,0.05217166467898949,0.048971872376465234,0.04583969668019746,0.05117424183739049,0.05353664765303154,0.05013662294875423,0.05481666396962413,0.053377857687371154,0.0570701606251442,0.048971872376465234,0.05432012781326787,0.051798682754155376,0.054874147748401596,0.04899328760659925,0.054549588038370504,0.05355235215512981,0.05612115999834823,0.0570701606251442
223,0.0,0.05458908419151615,0.05521337219181609,0.05671540396113277,0.053580618960262415,0.053083776200049136,0.05448976564601389,0.054413019497216684,0.04867707907189532,0.053744231629126775,0.054413019497216684,0.03714513601784609,0.05314670804206285,0.05514210791079011,0.05433627334841949,0.05687742360859353,0.05448976564601389,0.04800897974758344,0.05151201507268243,0.050422219759762146
224,0.0,0.06843459142792095,0.08212150971350513,0.07631991192091914,0.07509964965458187,0.08006633115967393,0.0,0.0,0.07933845542185872,0.08268287792959791,0.0,0.063153924310438,0.0,0.0,0.08070857445774618,0.07986754156741346,0.08070857445774618,0.06843459142792095,0.08306346655067777,0.0
225,0.0,0.07012461612818996,0.0719584300688415,0.07388876053268525,0.07388876053268525,0.07240169113831672,0.07229547189586184,0.0,0.07188470216918082,0.07207639470829863,0.0,0.06715047733945294,0.0,0.07388876053268525,0.07229547189586184,0.0723950524356633,0.06490438294170885,0.07084702768056785,0.0,0.0
226,0.0,0.05378159882256589,0.056067509715568,0.055567684954893476,0.054613688252026935,0.05687773048282919,0.05850995077258372,0.06083954815010072,0.05705100949843201,0.05468269257113837,0.0,0.04914514251923138,0.06152844532802661,0.05389902059649628,0.055364858307888204,0.05371472685665241,0.05388818231946901,0.05450688452664595,0.055652764084858176,0.054308562240593765
227,0.0,0.05431879589502667,0.05462737702453684,0.05662749189794661,0.05730371229852619,0.05680947474104376,0.056215925599240914,0.05401807670512187,0.056375566650671866,0.05474998584457272,0.05474203031044825,0.0,0.052075158482280136,0.05638484810715041,0.055298917699160836,0.05446358661609195,0.05540046775239667,0.05666208117674863,0.0575416550918852,0.05638484810715041
228,0.0,0.0715817809618255,0.06978816002656336,0.07004905034441967,0.07288623255110707,0.06417901819265266,0.07044038582120414,0.0,0.066135695576575,0.07288623255110707,0.0,0.07557666395400027,0.0,0.0,0.07288623255110707,0.07288623255110707,0.07542101916209737,0.07239706320512648,0.07288623255110707,0.0
229,0.0,0.06614474801384607,0.06590321789590296,0.07116512403680622,0.06831851907533397,0.06358650043808141,0.06624826092153596,0.0,0.06905173550480409,0.06329074927325312,0.0,0.0,0.07116512403680622,0.0,0.06676582545998547,0.06707636418305517,0.06417800276773797,0.06383295974210497,0.07090634176758147,0.06236652688316472
230,0.0,0.06409029419336822,0.06532423105337544,0.05710461328041445,0.05389267783739727,0.05946894763544821,0.05710461328041445,0.0,0.051690344313503986,0.06353576385581607,0.0,0.056639623122079784,0.06654964624998483,0.05191965452857313,0.05784031688709463,0.05703319882775135,0.06143755718870994,0.06425254311377,0.0545471674095738,0.05756880722272456
231,0.0,0.10164638409275338,0.09528815099879022,0.0,0.0,0.08752171862898286,0.09917136718369389,0.0,0.08164710952874396,0.0,0.0,0.09570634351101062,0.08468398372463017,0.0,0.0,0.08500402901459476,0.09476541035851471,0.09570634351101062,0.07885915944727466,0.0
232,0.0,0.05268578675257498,0.050732119415153605,0.048096726638374436,0.04732515857855118,0.04939087418873307,0.05436118610990651,0.052707030810317856,0.055684373259464015,0.05008368212730481,0.05674957363331125,0.048487126431231646,0.056172990243423045,0.04917958636732137,0.054654178411809896,0.052137895151008064,0.05115098412684256,0.05331907291708954,0.060838939682828795,0.056242715154753264
233,0.0,0.04919362795421897,0.05051933298838376,0.05831206082191953,0.05569500350372054,0.05334611660977445,0.055004874210695845,0.04943621809154027,0.05548001360762951,0.05199045747288453,0.05146041106531799,0.05550879701287342,0.047419613470054134,0.051849946482952186,0.051958031859823214,0.05798512931069083,0.04834691012008464,0.050094638486494626,0.05291421289184562,0.053484604039095704
234,0.0,0.058491809454126194,0.06079828309313176,0.06578731724553645,0.060395436911884724,0.060859019933391066,0.06079753227457943,0.0,0.0649468627477758,0.05865357672403639,0.0,0.06890476861824509,0.0,0.07284919388288852,0.05937398029936977,0.07227357201412477,0.059131183658225284,0.061379425555618684,0.05223465145400009,0.06312338613306594
235,0.0,0.054432810401535456,0.054432810401535456,0.05999993030713201,0.05741620125084402,0.05718653644584064,0.057628853848069365,0.06052624548526474,0.06434442286844586,0.059330074625872156,0.0,0.0,0.06794250481349876,0.05999993030713201,0.056459264563329954,0.06315782137592842,0.05059802735230629,0.05681811582114773,0.06479828426880968,0.05492816586330745
236,0.0,0.10142249815818401,0.09874341330117536,0.0,0.0,0.08982813932323067,0.09415069640344627,0.0,0.09349459398948498,0.09376796999530218,0.0,0.0761973485305053,0.0,0.0,0.08898388989350106,0.09376796999530218,0.08496526260798812,0.08467821780188003,0.0,0.0
237,0.0,0.07123419164408983,0.0685554016379124,0.07027319074501272,0.07027319074501272,0.06787068849731999,0.07252887341090201,0.0,0.07564128170470119,0.06933621486841256,0.0,0.0,0.07573888335851371,0.0,0.07138863821715577,0.07131427505234623,0.07126695303837655,0.0752420022118318,0.06933621486841256,0.0
238,0.0,0.07521072177659166,0.05631948867729078,0.0,0.05248220695399529,0.07407429603546184,0.08107881105806201,0.0,0.06931257826064516,0.0,0.07376436174242644,0.06880541305385995,0.0,0.0,0.07562396750063888,0.07892993329301652,0.06384646436529347,0.07916607370675778,0.07906768186769893,0.07231800170826122
239,0.0,0.05180636871594907,0.05085921764749369,0.05319416694817401,0.0532068132870572,0.05064838753374676,0.05594232168380546,0.05409951040667645,0.05488547731359553,0.051859428355176374,0.051576608564877065,0.050150411078870895,0.05114255047475259,0.05113629603541362,0.054478251455536246,0.05192999665113538,0.04958919792052616,0.052042031510056964,0.0583374857998113,0.053115478617345266
240,0.0,0.06096625898297811,0.05997375363877391,0.05648878190550841,0.057650643847242035,0.06270842261908123,0.05223171749932598,0.0,0.05668345757807764,0.06022655481883752,0.0,0.05773845899400098,0.05773845899400098,0.054792992613128304,0.054664928857438184,0.05685116011529088,0.06058199707952846,0.0589796923183821,0.06297992556617502,0.06874279457223025
241,0.0,0.058234836858252884,0.05953003339813949,0.05808881470008806,0.05717347580178365,0.059812409580709366,0.05808881470008806,0.0,0.06019692182931515,0.055544678639596515,0.0,0.05259898164415171,0.06273885365461532,0.06273885365461532,0.05896528103299974,0.06112295932756476,0.06254889149543194,0.05653757930752889,0.055932487487736306,0.06014612688738285
242,0.0,0.06500313703929257,0.06566079726834247,0.06452436039254424,0.06371412299035475,0.06566079726834247,0.06805994178391651,0.0,0.07112595377174717,0.06573971649582845,0.0,0.0,0.06573971649582845,0.06452436039254424,0.0,0.06597647417828642,0.06597647417828642,0.07276352774208143,0.06850188945783806,0.06702873054476627
243,0.0,0.07011609978336879,0.0673228132741683,0.06190917922892876,0.060393361696261694,0.06395154390452229,0.06577052494372278,0.0,0.0699239877214923,0.06284374342200169,0.0,0.0,0.06390367598243807,0.06190917922892876,0.07228056234717714,0.06740673755314713,0.06763053563042402,0.07461412354878302,0.07002393173463518,0.0
244,0.0,0.06311780111329708,0.06983624243477328,0.0,0.0640278122129256,0.0720965772962985,0.05948277515834711,0.0,0.06767131526849063,0.06609903539280926,0.0640278122129256,0.06902576379916663,0.0,0.0,0.06609903539280926,0.0669787857066729,0.0656279879806618,0.06310272043693013,0.07402371538540765,0.06878262020848462
245,0.0,0.0,0.09524889443247532,0.09524889443247532,0.09524889443247532,0.09660959292436783,0.06973579770949086,0.08980610046490531,0.07313754393922213,0.09524889443247532,0.0,0.0,0.0,0.0,0.06973579770949086,0.06973579770949086,0.0,0.06349926295498355,0.08674452885814717,0.0
246,0.0,0.056267442682837905,0.05493322897460614,0.0578117012525426,0.058829219387251504,0.05518075822121812,0.05543749227155517,0.0,0.05409229880532985,0.054419460860951036,0.05848094458313975,0.05472958215685052,0.05588289077709466,0.049205912282716494,0.05749882879784468,0.055352307137524585,0.05380954842179911,0.05660825405754469,0.05471085785219243,0.05674927147700085
247,0.0,0.05770288867515877,0.05730370947508583,0.06081209985111149,0.05912820965108353,0.05908406851779327,0.057412445166689405,0.0,0.06060461439876588,0.059004335691765795,0.05585131130866661,0.0,0.06020850580792428,0.057198080517528074,0.06506743785558132,0.05422286487965111,0.05550983838552728,0.059997247892808754,0.06512025233436021,0.055772089590498286
248,0.07277508597542853,0.0723615450969052,0.0707688954389817,0.06900456620065702,0.06910367185781947,0.0743099365749899,0.07184259183758182,0.0,0.06600436767019367,0.07246179743109267,0.0,0.0,0.06799677750509599,0.0,0.07520767937850692,0.07378866656004453,0.0705046654658887,0.07386975300681381,0.0,0.0
249,0.0,0.051902462349760016,0.051748199193475966,0.0533949435351656,0.05090912377980843,0.050275784444078736,0.05353735840635768,0.05312731044175952,0.05475763991948305,0.05105084580256343,0.05869323662031541,0.04814643378221101,0.05290903731635187,0.05151408377852237,0.05360101731758318,0.05165562913174231,0.052537919238800405,0.051715121418868665,0.05458138323272871,0.053942470290423726
250,0.0,0.06616829762657192,0.07000414096724276,0.07364819214088006,0.07364819214088006,0.0632914151210688,0.07192206263757818,0.0,0.07623738639583287,0.07364819214088006,0.0,0.07264128326395396,0.0,0.0747989451430813,0.0701959331342763,0.07575790597824901,0.06846980363097442,0.06956824967853018,0.0,0.0
251,0.0,0.07881676223610058,0.07844016337217383,0.07037018771660039,0.07037018771660039,0.07908576142461969,0.07765109908585108,0.0,0.07646301933655833,0.07787526507628369,0.0,0.0,0.07787526507628369,0.0,0.07787526507628369,0.07844016337217383,0.0,0.07765109908585108,0.07908576142461969,0.0
252,0.0622756180039705,0.06380173986809942,0.06811207688936677,0.06934985314783076,0.06978267033624794,0.06836369554796866,0.06426121741858985,0.0,0.06796766965921264,0.06838107074945779,0.0,0.0,0.06666800458782542,0.06666800458782542,0.06570528972013119,0.06787139817244321,0.06508640159089918,0.06570528972013119,0.0,0.0
253,0.0,0.059213145207660654,0.059213145207660654,0.07012694059887654,0.0,0.06917875624751202,0.07331151311424652,0.06750630279976998,0.06888849573178821,0.06937226325799459,0.0,0.0,0.059213145207660654,0.07140408686806138,0.06937226325799459,0.06286213454818876,0.059213145207660654,0.07175239948692996,0.0,0.06937226325799459
254,0.0,0.05010658722545237,0.0507644199935729,0.05613651367652311,0.05571889142454993,0.050902763841310913,0.05328258890745581,0.05184443466108268,0.05274692044767493,0.05480281680731845,0.05577277816674002,0.05084214125634706,0.05293217704271973,0.05315388249630179,0.05183587617849955,0.05221120130011396,0.04775783430204604,0.050303273834446195,0.05717383346368229,0.05171106497416222
255,0.0,0.07466560422519097,0.06465911311167813,0.06707109279487856,0.06011070806008137,0.07342950355479622,0.0861347610931152,0.057345784339621175,0.05746186892330462,0.057345784339621175,0.0,0.0,0.0,0.06465911311167813,0.0,0.05487634865035519,0.057345784339621175,0.0861347610931152,0.0861347610931152,0.0526250112698278
256,0.0,0.05588329841708026,0.05559596748512223,0.054655371704416325,0.05409699350791688,0.053781152694248,0.05687837384200941,0.05548308526628609,0.05638578333201862,0.05275031668106527,0.0,0.05650057442435174,0.055814634396110674,0.05548308526628609,0.0556688985148691,0.05507579764060414,0.05574217274946183,0.05545449011989095,0.056792536880037735,0.05795746707822481
257,0.0,0.07455146235560775,0.07111062563150278,0.0716840984188536,0.0716840984188536,0.06594937054534532,0.06881673448209946,0.0,0.07340451678090609,0.0716840984188536,0.0,0.0,0.0,0.07569840793030941,0.07455146235560775,0.06390125344766379,0.07455146235560775,0.07646303831344385,0.0,0.06594937054534532
258,0.0,0.0662899047782053,0.06712593436180332,0.07664975955920834,0.07593386808506436,0.07619060157924014,0.07619060157924014,0.0,0.0764275863430947,0.07455145696257945,0.0,0.0,0.07242846845304904,0.0,0.07242846845304904,0.07619060157924014,0.06536829736321535,0.06628167614057147,0.05794277476243923,0.0
259,0.0,0.0605530948623594,0.06729964366549478,0.08544301729044579,0.078593644980478,0.08888477565956221,0.08395705177235108,0.0,0.08497865306604119,0.078593644980478,0.0,0.0,0.0,0.08753265630026648,0.0,0.09305859057068118,0.06843567757162744,0.05835510420017765,0.0,0.06431444508003664
260,0.0,0.05757842500634412,0.057072862968185145,0.060717171992665984,0.06084220091826221,0.0604891217839892,0.059574329469638004,0.05923245350121082,0.05790402116675096,0.05923245350121082,0.05452824017565293,0.05276788973458791,0.0,0.06517132746703144,0.05739909665953544,0.05612032046191353,0.05893662613261262,0.062165609769104374,0.060267849291304555,0.0
261,0.0,0.058589628162832995,0.06393739123415955,0.05355247694239526,0.05355247694239526,0.05713262156910559,0.06440297880654071,0.0,0.06950407952569085,0.05093285892285112,0.0,0.0,0.0661041895674682,0.05147549408404241,0.07039287849660761,0.07451476725797197,0.07180248247855278,0.06870883834118638,0.06145944643403973,0.06393739123415955
262,0.0,0.07714687402619767,0.07714687402619767,0.06319941657513369,0.06319941657513369,0.0780912331244468,0.09952092035394615,0.0,0.08168580953290168,0.0784544481622349,0.08226820605901022,0.0,0.0,0.06319941657513369,0.08226820605901022,0.06950788828408531,0.0,0.08431129064656842,0.0,0.0
263,0.0,0.05085989990220528,0.05275783288073526,0.05977688277123371,0.05625005085656296,0.05389276025110119,0.054455629210852466,0.05308382291425513,0.05676424488097593,0.05629825297714616,0.05633009243193138,0.0,0.056769070446842526,0.05995753216008603,0.05575661273568383,0.0568004018252216,0.0554096837957288,0.051664904078178704,0.057500700471694435,0.055671625409564655
264,0.0,0.06171734877014975,0.06558128107769319,0.063046743172719,0.06462256587348104,0.0691895463258213,0.0,0.0,0.06393910984698724,0.07664899384845118,0.0,0.06764865735920696,0.07208662511018983,0.06164593502125141,0.0683905668616509,0.06247777294823401,0.07137747524811354,0.06496043981139059,0.06666693872465992,0.0
265,0.0,0.0651183484438969,0.06912968265016355,0.0,0.05864940563461651,0.06501973153192858,0.06052780308444281,0.0,0.06317189122644576,0.06098181149861066,0.0,0.046987376314645765,0.06598588226136173,0.06598588226136173,0.0639842539562613,0.061030914779957895,0.06444591232905617,0.0643712605588796,0.0655787714196464,0.05903107204872464
266,0.0,0.058430620600488536,0.05933852895935257,0.04685466688483414,0.04050393806563444,0.05312538405142041,0.06253603563110613,0.06267285294231521,0.05820839883347725,0.05627463162400803,0.05856833360604268,0.0559635424887928,0.0,0.05342189782287019,0.05297987266357931,0.0417098928503808,0.0572985408347878,0.05717760818990639,0.07151335612813298,0.05342189782287019
267,0.0,0.06672603478650446,0.06798888983300636,0.0,0.0627463917970745,0.06689832560562084,0.07092562350246596,0.0,0.06228515692646972,0.06328388416628594,0.0,0.06857200784846557,0.07092562350246596,0.0,0.06091580184396307,0.07090893119286312,0.07153734755438179,0.07126058251516294,0.058189391275499255,0.06683600764977023
268,0.0,0.060294739480680856,0.056761145698059345,0.0,0.0,0.07324652255795239,0.06669805399682376,0.06320212677017956,0.0687154665465868,0.05414449713751052,0.08663119542001682,0.06320212677017956,0.0,0.06883798520828474,0.07950586010898383,0.061419355223432,0.06585903146242915,0.06331484393894167,0.06816704967993888,0.0
269,0.0,0.06664075615942175,0.07576419301458068,0.08277205030912303,0.0833890943476362,0.07818028103551208,0.07840866746535137,0.0,0.08105314191612208,0.08314227673223093,0.0,0.0,0.0,0.07748310140758162,0.07219415250604022,0.08356539264435425,0.06621764024729843,0.07118925221474735,0.0,0.0
270,0.0,0.06308796264505939,0.07570555517407128,0.08652063448465289,0.09012566092151343,0.06798049852365584,0.07570555517407128,0.0,0.0847181212662226,0.09012566092151343,0.0,0.0,0.0,0.08652063448465289,0.06921650758772231,0.07690723065302478,0.06489047586348966,0.06849550230035019,0.0,0.0
271,0.0,0.06449457976596283,0.07110656703864744,0.06574125334391313,0.06574125334391313,0.06299857147242247,0.0641251950021257,0.0,0.06721281705749371,0.06306506072991314,0.07097728237130445,0.07214084437739142,0.0,0.06934829556278271,0.06725388395182619,0.05953558931144937,0.06856065358943153,0.06769815308142302,0.0,0.0
272,0.0,0.06362234097360096,0.059168387721506205,0.06266685268347438,0.06266685268347438,0.05927322185992135,0.06743770455969261,0.0,0.05713984714317321,0.05773565449649926,0.0,0.06353997129341762,0.06521207580113915,0.0,0.06584632233855076,0.058212300379160115,0.06423187660695757,0.06616664887259703,0.06353997129341762,0.06353997129341762
273,0.0,0.061686163581753516,0.06365663619112359,0.07140370481848907,0.06506519412337185,0.061999883562982167,0.06193921374843052,0.0,0.05986710623605082,0.06346995983865694,0.0,0.05324009572348518,0.06287259551076371,0.07013697242675117,0.0,0.06258991417702851,0.06538339245143998,0.05964309461309087,0.06253657807632376,0.05450949492025832
274,0.0,0.05126671453402619,0.050777649111482935,0.05176101799779371,0.04968128731166765,0.05015397509413954,0.05477690840692075,0.055804212251892395,0.054538213883832655,0.048897802490361145,0.05770521791599972,0.050918571960922004,0.05096883348532864,0.0518063189409006,0.05433806292386868,0.04970977486041991,0.05034014815908215,0.0521267411594369,0.05806092193178177,0.05636762758014275
275,0.0,0.05408753904039459,0.05211210080703134,0.05033632520259411,0.053380975925084874,0.0542698032108497,0.05872058379388513,0.055375061415149855,0.056348188248295177,0.054716221136896705,0.05951925955976752,0.047117287279692485,0.0,0.05934135942829554,0.062262494169043364,0.054039255018124475,0.050506138964453724,0.05822956838553749,0.06029647898660819,0.05934135942829554
276,0.0,0.07171466101115202,0.06541221112747742,0.061932444378194514,0.05922334163818221,0.06710471044425628,0.0,0.0,0.07171466101115202,0.060291277790766776,0.0,0.06568985209151594,0.06957682558805535,0.06180287859497654,0.06957682558805535,0.06419059088570789,0.07085397402263258,0.06970639137127334,0.0712093544566019,0.0
277,0.0,0.09875723562729517,0.09585261105002178,0.08946243698002034,0.0858109089400195,0.08854955497002012,0.0,0.0,0.08307226291001887,0.08733237895668651,0.0,0.0,0.0,0.0862673499450196,0.0,0.08946243698002034,0.09745015456752215,0.09798266907335561,0.0,0.0
278,0.0,0.0,0.0,0.0,0.0,0.13488704809058644,0.1373975213196366,0.0,0.15109365519086385,0.0,0.0,0.0,0.0,0.0,0.14509178251353622,0.13719396943620008,0.0,0.0,0.15693850212954044,0.1373975213196366
279,0.0,0.05687711825280432,0.05607328875455122,0.04533215107149765,0.04723659862017244,0.05451967000307461,0.05708449351968425,0.0,0.05765474788490882,0.05626635725143193,0.056663220272797826,0.06340709189689031,0.05566712558623461,0.049775862018405496,0.05740423017484694,0.053866280884123874,0.058541045302087716,0.058315924768782494,0.05620530140199102,0.05910949233571461
280,0.0,0.05608187685141468,0.05641690267582359,0.06174544690305316,0.058667601343687224,0.05507505578748995,0.061690064536556136,0.06153629009341018,0.062052659118424114,0.05950596509543037,0.0,0.05785100602491211,0.0584077755604406,0.059993243094945525,0.058222185715264434,0.057957899042315165,0.054833845399048224,0.06063308618021953,0.05932909657756512,0.0
281,0.0,0.08741282144843869,0.0971797881882117,0.0,0.0,0.08859576840324163,0.09460792233824013,0.0,0.08828031588196085,0.0971797881882117,0.0,0.0,0.0971797881882117,0.08611157979815545,0.0,0.08594755774139706,0.0,0.08174859308838224,0.09575607673554887,0.0
282,0.0,0.05333626059279786,0.05801263633982816,0.0605970287504124,0.059252442054557854,0.05374727858945352,0.05625974452326286,0.05104842129537047,0.05744698850769303,0.057140599001988326,0.0,0.04958999087469529,0.05537839883891703,0.057125494429161976,0.05166538500081499,0.05389689198753497,0.0578303744943905,0.053226394699924275,0.05770886659743205,0.05673680342176454
283,0.0,0.07849461451788557,0.07748827330611781,0.06868278770314988,0.06762612943079373,0.06615599618229821,0.0694375436119757,0.0,0.07748827330611781,0.06038047270606583,0.0,0.06868278770314988,0.07924937042671139,0.0,0.0,0.06177386823005195,0.07396607906493063,0.0660411420222595,0.08453266178849216,0.0
284,0.0,0.06625780895567113,0.06712631257567599,0.07393512784070495,0.07073321285547757,0.06517785938981227,0.06099312181649918,0.0,0.05897002785627324,0.06200071744122108,0.0,0.0,0.06077816808322516,0.07393512784070495,0.0,0.06686596488630685,0.06799703095901054,0.06620819250445376,0.07475016074603555,0.06427116624892776
285,0.0,0.08853685180208054,0.0,0.0,0.0,0.07907064752135495,0.09763183238552278,0.0,0.08924022301798584,0.0,0.09617013907746955,0.09326995394244333,0.0,0.0874695836723909,0.09804283005037219,0.08143719859153634,0.0,0.09876097113142632,0.0,0.09036976880741711
286,0.0,0.05684889724056378,0.0536199620396495,0.0595185286909427,0.05791373483653114,0.050314604244975136,0.05890982165678289,0.0,0.05702583722147527,0.05367890023314943,0.059837157701319026,0.05484872932381428,0.05614380207566647,0.05230175291183829,0.053002051510987996,0.04973810272369207,0.05257036059370393,0.05964829292500725,0.06162901761988701,0.05245044645001391
287,0.0,0.0428842881010463,0.048373066602017546,0.03436525618467055,0.03533235999219796,0.059135929536066986,0.06391006043617839,0.07332112711560795,0.06818473744938146,0.06477082323416097,0.0658292009467589,0.04008743601442141,0.057253975503673976,0.03434916758158784,0.04489614071358724,0.05735793263128534,0.04968875680967035,0.050867965920640835,0.06590964396217247,0.043482131264873415
288,0.0,0.049259598483501255,0.05144993662916789,0.05405798134917054,0.05143744098863317,0.051520680749394934,0.05382088920498882,0.052259413062367005,0.054521524401580916,0.05316180310661022,0.06034790324255619,0.045472165215138485,0.05689965782279978,0.05357887576222614,0.04998474112718994,0.05272573961592015,0.05118630196290059,0.05055297019318567,0.05419170113248275,0.05357067595018562
289,0.0,0.06148430942991213,0.06682449592969324,0.06682449592969324,0.06682449592969324,0.0682966554512545,0.07226090200604697,0.06682449592969324,0.0704852134565702,0.0676423623305606,0.0,0.0,0.0,0.06682449592969324,0.0,0.05765958126114999,0.06454409196492183,0.06639150783511638,0.07072138878088484,0.06639150783511638
290,0.0,0.050044639838933494,0.05219427032333453,0.053234926108399284,0.05333809456984968,0.05071498156063241,0.05335872826213974,0.05282225226259774,0.05309973984856773,0.05179056764809388,0.0530661049896623,0.04982348898310652,0.051295359033132024,0.05585540502923911,0.05416835504533135,0.053049751946821676,0.04982348898310652,0.050456575448874934,0.05620388516569373,0.05565938495248337
291,0.0,0.07490094226852398,0.07264445996393518,0.0636542063551388,0.0636542063551388,0.06106475169466866,0.07217621758847706,0.0,0.0653933923211262,0.07130662460548334,0.0,0.0,0.07900873388342754,0.0,0.07710391115877469,0.07861120566263043,0.07525931998272743,0.07304581057147075,0.07217621758847706,0.0
292,0.0,0.05786397343818204,0.05993139483615114,0.05870000040662292,0.05826403602635702,0.05234848644883232,0.0528325162000654,0.05102978656972522,0.05152534318297161,0.05811265711391269,0.0,0.048030996705410674,0.06122969269610548,0.0571058828260404,0.05389913492334974,0.053612912643936035,0.057491155304996676,0.05556048826604316,0.059050859052816276,0.053410683358481204
293,0.0,0.06255316078975336,0.06217970908354587,0.06217970908354587,0.06021908762595658,0.05805476523770867,0.062419785180393546,0.0,0.0681549363828656,0.06217970908354587,0.0651206412699298,0.05713811104974485,0.0,0.058818643727678525,0.0651206412699298,0.06722130711734689,0.06217970908354587,0.06133944274457904,0.0651206412699298,0.0
294,0.0,0.05351468101273359,0.05356606544159831,0.05400076687477868,0.039362675105136385,0.05388910945971672,0.05809326453596063,0.06198265157630135,0.05997604705692356,0.05777415115279968,0.053797474905168854,0.06277442030004488,0.0,0.05079853622566148,0.055755497559831925,0.05177406594449094,0.05729686608483027,0.05473636281744582,0.06452915098509812,0.05637821296147886
295,0.0,0.07473878864033325,0.061271765238872684,0.0,0.0,0.08623180353372595,0.08864660175916982,0.0,0.09088645177099448,0.0,0.08209459170677083,0.09035191944404077,0.09035191944404077,0.0,0.0925231008573602,0.0,0.0639045364014805,0.08864660175916982,0.09035191944404077,0.0
296,0.07414963183512112,0.06181602707212692,0.048742406023353065,0.07414963183512112,0.0,0.07826412238405597,0.08100711608334589,0.0,0.082563047761139,0.06310858885128871,0.0,0.0,0.06500303054288462,0.0,0.076517683949616,0.08015856407565189,0.051899808842679584,0.08100711608334589,0.08161322466027018,0.0
297,0.0,0.0687881926366963,0.05745908694736926,0.0,0.0,0.07258156092967138,0.09542655816008389,0.0,0.08061861689044157,0.05764851250873421,0.0826526866089081,0.06366803590322051,0.0798744450422221,0.0,0.07547556256163597,0.06030047036784357,0.05980936706060109,0.07363626374665404,0.07206064063591777,0.0
298,0.0,0.052248384927697636,0.05332717866640462,0.052110335595761975,0.0378648137287914,0.04747985450422552,0.05675378558201349,0.06123669244030415,0.05294393730431151,0.0471218597398895,0.06376804526827687,0.051692329331244576,0.050785386898927636,0.05483275437915581,0.05779054061572745,0.040989552615499567,0.056974086558871005,0.055017085454703726,0.05591666419375892,0.05114671219443468
299,0.0,0.07534480888451302,0.07476074059858655,0.0,0.07359260402673364,0.07884921860007175,0.07359260402673364,0.0,0.08761024288896863,0.07359260402673364,0.0,0.08147752588674081,0.0,0.0,0.0,0.07359260402673364,0.07209071414863703,0.07779789568540414,0.07884921860007175,0.07884921860007175
300,0.0,0.07343332354210144,0.0,0.0,0.0,0.08057475752050848,0.076894438555869,0.0,0.07939687964915648,0.0,0.07764434680885196,0.07302952679049524,0.07637527130380385,0.0,0.07329872462489938,0.07963128320564444,0.0786497183128511,0.07628297490343673,0.07945181798270835,0.0753369367996736
301,0.0,0.051464343908099744,0.06132483440272237,0.06858385955713948,0.056957949067164455,0.058925641927870816,0.06883620490110792,0.0,0.06860495225306389,0.061139671910070206,0.0,0.03794192493239911,0.055936551246339776,0.06207695461623873,0.051730795513532275,0.05998609319478586,0.05145349293774277,0.0560026416935696,0.06292862015213226,0.06610546778602078
302,0.0,0.08853625882727581,0.08732527656368085,0.0,0.0,0.09151886329131524,0.09255492589461314,0.0,0.09891931045772887,0.0,0.0,0.0,0.0,0.0,0.08357571666603127,0.09151886329131524,0.09808059311220199,0.09201222643574282,0.0923822487940635,0.08357571666603127
303,0.0,0.07559290825438206,0.07477306424233736,0.0,0.07710372447724703,0.06900696512195054,0.06532977736112687,0.0,0.06440004430090228,0.0679867300289239,0.0,0.07875346632980074,0.07710372447724703,0.0,0.07026597864100469,0.06355847558259553,0.07726773390118512,0.07087067725237305,0.0679867300289239,0.0
304,0.0,0.056236920121295234,0.0594244378609638,0.05861028859309179,0.05957605075116378,0.055489171598906824,0.05397809645991357,0.0,0.06016216104427902,0.05716340677732474,0.0,0.05753509463933068,0.06468024718659773,0.05597117616113269,0.06098823885730494,0.05799299619660136,0.06045940355364209,0.05712981088735864,0.06558377665115041,0.05901872265994261
305,0.0,0.05409599714747724,0.0508854928092651,0.053044680696111964,0.0519320857568647,0.05797280811470998,0.0585870517823622,0.0,0.057211377799966004,0.04783124787849632,0.059691209052758015,0.05849911382144297,0.0491389376422438,0.05718133615171326,0.05386686284698427,0.0552608660339459,0.05464247811792146,0.05536544322911,0.06431065614654696,0.06048235497207992
306,0.0,0.06251077673635262,0.06578855592078368,0.06723643291947796,0.06550477018127569,0.06333395555534865,0.06819985701874738,0.0,0.057328815257265284,0.06172647025047585,0.0,0.057003318447355386,0.06258089937648931,0.06651996246590734,0.06280295440358886,0.0626629631908522,0.06110597869481809,0.05608699665462706,0.0,0.05960729292663453
307,0.0,0.05255805926306555,0.05499638407497389,0.05860172280528121,0.05055029044795666,0.04633631485313937,0.05533594559213463,0.047229161965976214,0.05424157044048098,0.0529617964570627,0.057533139390154274,0.03750162862426704,0.05787915821544102,0.05340798304664652,0.053024491081401295,0.04724613362435617,0.05210604577736057,0.04988304736883726,0.056955198282228815,0.06165192868923581
308,0.0,0.040824728489137006,0.07566414889662205,0.07968484843876084,0.07758832729267152,0.06129796027351893,0.0306912864213001,0.05339822314202138,0.054962456805491514,0.08616379951443524,0.0,0.043798542577163604,0.07990643197452638,0.08033066028231681,0.0381415879585867,0.0654978205206442,0.05592671043365803,0.036748777162346175,0.03937368981679947,0.0
309,0.0,0.06581707807027061,0.06192812661984149,0.06418350767781393,0.061056889077197925,0.06445752593719375,0.06410822793622606,0.0,0.06339844751554047,0.05633183063019958,0.06687099445250072,0.05403077986233051,0.0,0.0,0.05652504863360843,0.061520612285379174,0.06146440341166024,0.06281341638091477,0.06709393830258786,0.06839917320673439
310,0.0,0.054704087986093754,0.05934486132709413,0.0642448957485973,0.0642448957485973,0.05739392169631045,0.053991120014711014,0.06442637850494927,0.06853642916350859,0.062430068185077604,0.0,0.0,0.0,0.06896344741374852,0.06563626354729574,0.05751607355154735,0.062430068185077604,0.05480779241829487,0.07418107665886765,0.06714861985022881
311,0.0,0.07557256082707924,0.08202521073850859,0.0,0.0,0.05368094347220173,0.07737711546332644,0.0,0.08053384327053571,0.06707839455949147,0.0,0.06808092491296212,0.0,0.07272902018814427,0.06808092491296212,0.06015182120823963,0.08421254969153548,0.07305712103109832,0.06933864481095259,0.06808092491296212
312,0.0,0.054746867180824194,0.056867389162553586,0.0,0.060683973022648226,0.055733064888957747,0.06104554920671233,0.0,0.06279429383524672,0.058443552368120114,0.06380926570039332,0.05484468661084645,0.05993885574614227,0.06118071787365219,0.05537570637382446,0.057170382792017506,0.05652841804903205,0.056008706068556194,0.06732782020425791,0.05750075091621462
313,0.0,0.05875002336085013,0.056091830560956304,0.04807075832213507,0.037625087228831615,0.04982368227523685,0.05962566991351823,0.0,0.059670854444502146,0.05100793740722527,0.06196386762497436,0.0638342862280204,0.05947831135301212,0.05072135152966021,0.05784072263549082,0.056905235494008936,0.05593169287115165,0.060857278504925214,0.06305494514341788,0.04874646510208278
314,0.0,0.05379285831852432,0.05373447666200323,0.058894247465336405,0.05890798960910213,0.06072674151506674,0.05629392848388744,0.0,0.06448119235853766,0.06344289705179351,0.0,0.0532540790312012,0.0627649512926841,0.058879360142923526,0.05885454793890206,0.06524900737528964,0.05565377362013379,0.05238352513010542,0.06871988025783439,0.05396654374667453
315,0.0,0.07028760848343113,0.07028760848343113,0.0,0.07144619543645472,0.0695152171814154,0.07691730049239945,0.0,0.07741077271313174,0.07144619543645472,0.0,0.06597509038050998,0.0,0.07316262055204523,0.0,0.07675638563781284,0.06586781381078559,0.06597509038050998,0.07466449252818691,0.07028760848343113
316,0.0,0.06349515051752672,0.05993566191661071,0.05056713897002327,0.051880162491392316,0.06624641339813976,0.07146738396310943,0.06513626488360184,0.06405066046887516,0.0634090874894795,0.06790534281102066,0.06253800669845885,0.0,0.05356347708087924,0.06926890391164357,0.05490097477584921,0.0671816065345362,0.06845376408885362,0.0,0.0
317,0.0,0.053421220656898485,0.04732690564659379,0.05430077738071807,0.05430077738071807,0.05194887575497708,0.057080480932376776,0.05149432179487799,0.054431887250366295,0.04740126056512732,0.05042967443456601,0.0518043109909547,0.050869250226986205,0.05430077738071807,0.05526986981893845,0.056702441249351185,0.0494728712120477,0.052805004269551835,0.057468385428006745,0.049170907626225405
318,0.04969717125072137,0.04796860217725517,0.04780742717498642,0.0510801348914486,0.05006678378797839,0.05129917985393432,0.051454033427025495,0.053505780048604235,0.05171295586268129,0.048295597473756946,0.05262687032601588,0.04615878373329036,0.048835679968201116,0.04788694099675232,0.05000658602177011,0.04924422812096569,0.04778011939781429,0.04891001883680685,0.0500563029421027,0.05560680370788856
319,0.0,0.06535359546700419,0.06655182792782015,0.06771796487629282,0.0675461944491223,0.06473118027208033,0.06739059065039132,0.0,0.06641453045835163,0.06503531496959994,0.0,0.0,0.06694499795402539,0.06714539678572436,0.06891833703793168,0.06470071239540574,0.06654184265731336,0.06739059065039132,0.06761692344854546,0.0
320,0.0,0.09874884541103368,0.10345117138298765,0.09874884541103368,0.09874884541103368,0.10051221765051642,0.0,0.10227558988999916,0.08699303048114872,0.0,0.0,0.10227558988999916,0.10345117138298765,0.0,0.0,0.0,0.10479469308926023,0.0,0.0,0.0
321,0.0,0.06899411288095353,0.0716963238127101,0.06169463400036434,0.06354757863928313,0.0649466454247294,0.06639718289459007,0.0,0.07015922200997066,0.06522154567103364,0.0,0.0,0.06645333273213307,0.06169463400036434,0.06645333273213307,0.06683234413554827,0.06982997978074128,0.06583568451916014,0.07024344676628513,0.0
322,0.0,0.05853138317719323,0.0579695490517014,0.05122205474746063,0.051408537890981265,0.053103777771753964,0.05862992610922086,0.05822530758293655,0.056747631369604576,0.05030701323577553,0.056157777078686064,0.0499551855659346,0.056504392486751584,0.05409024657443557,0.056504392486751584,0.05337066487932878,0.057024315598849865,0.05980298200366363,0.060444862388970164,0.0
323,0.0,0.052398383606828525,0.05790803364887714,0.0649267189353785,0.06302626914684584,0.06085238346820593,0.05855042054852094,0.0,0.060399062191098474,0.06003707862720579,0.0,0.057421536922520736,0.052812560149701086,0.06484135816007916,0.05712605731571531,0.06122800950430825,0.05109243670267616,0.0592272456307761,0.06306191430576205,0.055090531135500165
324,0.0,0.0,0.09085076350571027,0.0,0.0,0.10085974592583087,0.10137302707558066,0.0,0.10701911972282818,0.09816501988964456,0.0,0.0,0.0,0.10586423713589119,0.0,0.10586423713589119,0.09816501988964456,0.10137302707558066,0.0,0.09046580264339793
325,0.0,0.04988486993185284,0.05118489164516588,0.05716921644738491,0.05585351480654684,0.05046822206854014,0.0599287472742538,0.0497843459499385,0.061096925134655256,0.05635808711919822,0.0662743998427766,0.057442037523411524,0.0,0.05389646362004942,0.0590224929503937,0.04864420493036709,0.05726162358603908,0.05581679947020657,0.054099245952096094,0.05581391174712362
326,0.0,0.0585702973657736,0.0614364493652308,0.0,0.0,0.056206290116687714,0.05964392178993882,0.06336709149098459,0.061346031408667206,0.051528573645092245,0.054170272789741215,0.055360581437276984,0.055890465298650514,0.06388083319499177,0.050002588333814074,0.06095118202577047,0.06330533019323509,0.058102141381533905,0.06427312086371166,0.061964829298899404
327,0.0,0.05113314612113717,0.050105654873078845,0.0538417190386548,0.06236312496524504,0.06392685023956575,0.053024100133118424,0.0,0.06369856917762114,0.05320579322323761,0.0,0.05937957301457943,0.06311563718015538,0.0538417190386548,0.05938840531757133,0.06746594787198655,0.06236312496524504,0.05320579322323761,0.0649704208084555,0.0649704208084555
328,0.0,0.05111990188453263,0.05484307333865348,0.05267180154293159,0.056256718200517614,0.053938594481905314,0.050953450408432736,0.05283929738583982,0.05467205373255618,0.06041487855024866,0.04864061920972595,0.058910883623563795,0.052357322772403014,0.0521928907174833,0.047679904711801585,0.049564524723055496,0.05063594932079961,0.05019564958324315,0.05436932417883046,0.04774316163347562
329,0.0,0.06637920134778102,0.07775849300740063,0.0,0.0,0.0918877801514283,0.0774424015724112,0.0,0.09474122374183293,0.07775849300740063,0.08022400620031821,0.08515503258615337,0.0,0.09411622476810381,0.08022400620031821,0.0,0.0,0.0925244786133356,0.0817886588035159,0.0
330,0.0,0.055301181066150416,0.05682632527020997,0.060582553467136625,0.05758780728204881,0.05786323357827288,0.058154230096898685,0.0,0.06049956366786658,0.06177855503147415,0.0,0.06270380921551176,0.05681244544315435,0.058075614855420565,0.062232187436300476,0.05744707331992532,0.05318347653357692,0.0558661461735556,0.06244712947671048,0.06263866808578644
331,0.0,0.04948380706325749,0.04798300651142752,0.048711549042859854,0.0467829780881912,0.053394949975209445,0.05648552150325231,0.04879861876003104,0.05944882825583345,0.04633918194383205,0.05805967049551138,0.05547863181656982,0.053411334912895285,0.048854026761867245,0.05546269025360396,0.04894757273899331,0.05150150490002418,0.054011444870670985,0.053442097147680966,0.06340258495828852
332,0.0,0.052473428761952295,0.054677587386438645,0.05848979164825254,0.05936277361315183,0.055579851765254894,0.0582860958564427,0.0,0.05792675730307484,0.054166452393513184,0.05619417240722107,0.052199844670388414,0.053717490240136404,0.05281540887640714,0.060665318132207914,0.05638354944722567,0.04978511962787811,0.0553512136315908,0.057169775440457954,0.05475536879840557
333,0.0,0.0867328740120525,0.07377926295830439,0.07265286199710891,0.07265286199710891,0.07687686560159199,0.07983366812473014,0.0,0.08654514051851991,0.0,0.0,0.06961157940188109,0.0,0.0,0.0,0.0867328740120525,0.06386693449978412,0.06386693449978412,0.07983366812473014,0.08701447425235137
334,0.0,0.0583116261629123,0.06019686119570812,0.06323296955262654,0.06200444694398483,0.061169942532456646,0.06027008814671543,0.0,0.05945704094812639,0.06341934579944801,0.0,0.05193542529951575,0.06071576747206183,0.055542211592267535,0.05095983172478841,0.06285519531125981,0.05956053073909387,0.055101126899141206,0.05548510687753243,0.05978248280236092
335,0.0,0.09852737447545096,0.09390039832605132,0.0,0.0,0.08155171470292596,0.08813287903618344,0.0,0.09344677321336509,0.0,0.0,0.08119889517083666,0.0,0.0,0.0,0.09253952298799262,0.08020091992292692,0.10493860940141646,0.090120189053666,0.09544272370918454
336,0.0,0.05605232412884221,0.05694265800657933,0.05335367237520418,0.05672975207929437,0.054749726955544184,0.05775259384184522,0.0,0.056993685047003015,0.05335367237520418,0.05530715338334481,0.0535129370688615,0.05530715338334481,0.04689349823872889,0.05783299188431647,0.054573042686018085,0.06013237589899412,0.05693712798249401,0.054958761865969416,0.058616872798411115
337,0.0,0.06646510824398533,0.06278838476476437,0.0611166501664856,0.06216455733195078,0.05758756926085446,0.06342568630279598,0.0,0.06114282058476984,0.063766841191404,0.0,0.05739826990193172,0.0,0.0607921369797609,0.0667415454030471,0.0642072519448161,0.06402374746422772,0.06453257844779825,0.063054715031647,0.0607921369797609
338,0.0,0.05874222529371113,0.05629463257313983,0.04738868595122915,0.05528680027643401,0.06582584657912922,0.0783229670582815,0.0663441603317208,0.07700661467074736,0.06252159640635799,0.0,0.053775051831375265,0.06252159640635799,0.0,0.05468210089841051,0.06401174844505875,0.05111149504722414,0.0681582584657913,0.0780062197650311,0.0
339,0.0,0.049196352734924766,0.04959459561862842,0.05311417282088333,0.05237290050605304,0.05255546699884504,0.05671059647719259,0.054807063819921994,0.055698098699971096,0.04534368520751021,0.05735355125867158,0.05272425839780549,0.045151454553284114,0.046691574706077835,0.05499983568471305,0.05515997559403063,0.05329592303283395,0.05528053133365936,0.055286502995994774,0.054663459558998644
340,0.0,0.06273249125827247,0.06486835189425483,0.062046292479448636,0.062046292479448636,0.058834086601766,0.0622904952654713,0.0,0.06407505408640608,0.062046292479448636,0.0,0.0,0.06451461910124687,0.062046292479448636,0.062046292479448636,0.058563585054171675,0.06350023829776814,0.06342295214131262,0.06120097514321637,0.06576568875887062
341,0.0,0.05732983821999451,0.05924211990906352,0.06029334391683544,0.05906125567331614,0.057559241611740766,0.06305172096202208,0.0,0.0585992225819964,0.06029334391683544,0.0,0.059207368702195035,0.059207368702195035,0.055384735946660796,0.06303000145772927,0.057322115729579286,0.05413948436720646,0.059384466198736385,0.05959831977946558,0.057296052324427915
342,0.0,0.07993240824176133,0.07383441489579934,0.0,0.06425185392357334,0.07837787052918235,0.08977455290143614,0.0,0.08277350081181414,0.07048660548172764,0.0,0.06964204447045046,0.0,0.0,0.08559739979160577,0.07718831123607843,0.06913530786368416,0.08683000234860491,0.0,0.07217572750428199
343,0.0,0.06388113871482207,0.06812757279124088,0.0648042765575218,0.0648042765575218,0.0652196885867367,0.06798910211483591,0.06688133670359622,0.06917703475978373,0.0,0.06688133670359622,0.06120403897099282,0.0,0.0,0.07082775098113761,0.06355804046987716,0.06665055224292128,0.06895839684967064,0.07103545699574507,0.0
344,0.0,0.062321211200755566,0.06391774614712815,0.06166851014915031,0.061085305324622426,0.06045650012286812,0.04881640383085103,0.0,0.04879676730477265,0.06103593348762537,0.04622438238850496,0.038448318061466744,0.0556324602162796,0.05901168817074558,0.04747239271259751,0.058349282691034926,0.05814375371808122,0.05234866834542068,0.055790175806686895,0.06048050032140836
345,0.0,0.08271447307607835,0.08008499426547845,0.0,0.0,0.08240488915573603,0.08084903150478484,0.0,0.08372398585980334,0.08450714919600935,0.0,0.08260863241955106,0.0,0.08821157217446456,0.08307168529185796,0.08527890398318753,0.08375082950457474,0.08279385356847382,0.0,0.0
346,0.0,0.05879712519838467,0.05641073191345132,0.0,0.0,0.058293879492164455,0.06136271258340068,0.0643478502266941,0.0635552051020593,0.06254839809592377,0.06377593133241827,0.06805083728888159,0.0,0.06219966706282874,0.06510331176996732,0.06399632934533432,0.060071012836816706,0.06428387611993322,0.06500346456891275,0.06219966706282874
347,0.0,0.057887270756865956,0.06177340921327094,0.06890956227160985,0.06719781080866956,0.06433987981885506,0.05707765857844825,0.0,0.061935331648954484,0.06685372563284205,0.0,0.0,0.06499566568337341,0.06582147010535946,0.06149814107260892,0.06480135876055315,0.056980505117038116,0.061935331648954484,0.059992262420751986,0.05800061646184443
348,0.0,0.06259461733721632,0.05948929934763211,0.0,0.0,0.061520450737045686,0.06530374920414019,0.06034863262776862,0.06327817790096127,0.060512687163067416,0.0,0.0618719961698288,0.0637469051446721,0.062047768886220364,0.06287975974380706,0.06361298307504043,0.06459061418335159,0.0652116777812684,0.06264204807021087,0.06034863262776862
349,0.0,0.07054304029494378,0.0662730221013029,0.06649822169096753,0.0678252907014912,0.06757194116311849,0.07006924375564938,0.0,0.06662369003378067,0.060514346879879014,0.0,0.0,0.0638440836699202,0.06649822169096753,0.0,0.0665947358008238,0.0654365664825486,0.06644996463603939,0.06982106461601899,0.0654365664825486
350,0.0,0.07505498682413946,0.0735866601392631,0.07208994580514581,0.0711500768861883,0.0707076385918918,0.06903837140019013,0.0,0.06989691832757827,0.0711500768861883,0.0,0.06992024840712686,0.0,0.06903837140019013,0.06992024840712686,0.06747059005452481,0.07738920673118288,0.0735866601392631,0.0,0.0
351,0.0,0.05835826522189413,0.05695493773349731,0.05743342034990411,0.058271041828278296,0.058321884866266334,0.063563638073032,0.0,0.06148107807974462,0.0571410143065444,0.0604244905017712,0.053524926236995916,0.05695493773349731,0.06276983064121892,0.056209438642763766,0.05937207241737903,0.056693267552649834,0.058258697932807524,0.06426705788175524,0.0
352,0.0,0.053415801039190615,0.05675768526049514,0.05603296496383705,0.05237334582886082,0.049509788298679316,0.05504562779412095,0.0,0.0591419589327104,0.05191613862306123,0.05141919210955702,0.056564069936696604,0.058278287704594284,0.051514957843930224,0.0585540212211772,0.05422515732356229,0.05663488901189853,0.05624182808731836,0.06548543566041976,0.056888850359890296
353,0.0,0.04944581809865138,0.051273775062212805,0.057830706955013814,0.05979898013909674,0.05373141884904083,0.05647418419927892,0.060958976190884445,0.060295092026374175,0.062103189983464153,0.0,0.05553100632756298,0.056934500092845466,0.05405423778738621,0.05405423778738621,0.05146002893007187,0.04599921549161288,0.05869106554269542,0.05673722185274553,0.05462634468367606
354,0.0,0.05334797675024287,0.05036565650481988,0.04631367910539231,0.04821054917418575,0.050869923448850614,0.05708708156631635,0.05314992370975679,0.05487776575261814,0.05162598849182939,0.05628633263538555,0.05443453670684066,0.04865958322287403,0.05276893990527494,0.05471678668030187,0.05493410842792884,0.05343968603992608,0.05495664549805312,0.0517139078313252,0.05224092854807756
355,0.0,0.07496951788833113,0.0724705339587201,0.06490218262904095,0.06490218262904095,0.06837879104100532,0.07582631237848349,0.0,0.07015004888122413,0.06747256609949802,0.0,0.0,0.0,0.0765760075573668,0.0765760075573668,0.0724705339587201,0.07250623372914311,0.07532651559256127,0.06747256609949802,0.0
356,0.0,0.052043154994226674,0.0546979320152824,0.05106641388319035,0.05751762454332474,0.05578918006760336,0.05830388642099067,0.0,0.05687856701240178,0.05075488340583766,0.057734933102478646,0.057734933102478646,0.052430628726767604,0.05027510342283703,0.059665192841932765,0.05663661309458719,0.056123171187249424,0.056324766914189306,0.05722787979778622,0.05879513546683554
357,0.0,0.05161540594314413,0.05283762557405971,0.05300758348910344,0.051981292533013576,0.05067138074636361,0.05142647550943614,0.05694795529249345,0.053997006274852676,0.053777556257473054,0.05134898709832197,0.05068753741122797,0.05516931770431146,0.05308783815317352,0.0535645816679567,0.051585652245545996,0.05062817267849106,0.05107046846887047,0.05506670886711061,0.051528454085050586
358,0.0,0.04783833100066433,0.06410699223856409,0.0669419122962836,0.0669419122962836,0.061980802195274444,0.0,0.050272582356892824,0.07388746643769643,0.0684412700156997,0.0,0.057363662394601916,0.06456057944779921,0.050272582356892824,0.05891593862176212,0.07127892912661508,0.06955003874938556,0.05594242247233187,0.07170457799325239,0.0
359,0.0,0.0527247980834358,0.056876006098456985,0.06787276523321169,0.06424540532818605,0.05623529716677892,0.06306584558292883,0.0,0.06449402068179037,0.06125825574866596,0.0,0.04893420698268402,0.05902873824827805,0.052186615045980544,0.060742696966288444,0.05922527218127657,0.054528568238269945,0.058810073199201354,0.063306779208432,0.0564646560061345
360,0.0,0.08128831310297484,0.0,0.0,0.0,0.08810488961003964,0.10547964246304496,0.0,0.08915162982273497,0.10150827038235805,0.10150827038235805,0.08120661630588644,0.0,0.0,0.1024613996817229,0.08125427277085466,0.08120661630588644,0.08683007917213913,0.0,0.0
361,0.0,0.06027034661458431,0.05928911204915625,0.05500629302550489,0.05500629302550489,0.064110810146271,0.0614383085046613,0.0,0.06089417042285794,0.061318231576040355,0.05478114878434061,0.05280817424992731,0.06695417313180187,0.05771140954716295,0.05861334076289474,0.05964719196566521,0.05056502662611686,0.05953503173294336,0.062050937834566215,0.0
362,0.0,0.05446238875569734,0.055109529734417864,0.05500885741004926,0.05423614377141151,0.053540005358224355,0.056653431673445345,0.0,0.05772209932291043,0.05558839263902756,0.055805239754735364,0.053086123112826324,0.05311536092618018,0.056445223002592096,0.05615609351498169,0.05603914226156625,0.055074294420888854,0.056256337446480655,0.057245202062413,0.05845613483215206
363,0.0,0.0926661106795229,0.08945300004569756,0.08456907188228303,0.08456907188228303,0.09676461179911346,0.09932367591280902,0.0,0.09860393913083212,0.0,0.0,0.08492894027327148,0.0,0.0,0.0,0.0944654526344651,0.09068683452908649,0.08396929123063564,0.0,0.0
364,0.0,0.07143210613609262,0.07550591356568295,0.07862272743961521,0.08028210158658197,0.08028210158658197,0.08028210158658197,0.0,0.07680531765960401,0.08028210158658197,0.0,0.0,0.0,0.07862272743961521,0.07332853373262604,0.07427674753089276,0.07427674753089276,0.07600077261865044,0.0,0.0
365,0.0,0.05910397673378633,0.05696118078745654,0.05416499896191563,0.05143168011313577,0.06305926008480495,0.05768042130208347,0.044954199646056875,0.053716516196107976,0.05605909368026801,0.0,0.055677219745116316,0.056394478614618625,0.05129521633925068,0.046913212933385046,0.055026024192541864,0.055994468860473115,0.04954659494835677,0.06850818396621308,0.06351327289442898
366,0.0,0.07051869345769031,0.06906971938864034,0.06994233029054797,0.0,0.06504544322925465,0.07417397986426937,0.0,0.07553572668711958,0.07443268333165845,0.06763247790314546,0.0,0.07539358192481789,0.0,0.07280654725092708,0.06994233029054797,0.06863033413450334,0.0712713838180688,0.07560476842880898,0.0
367,0.0,0.05298662406438442,0.05462959622557104,0.05944868718748378,0.059556811453201755,0.05256923841273486,0.055591231139511206,0.0,0.05578713075975041,0.0568496836598744,0.05462364182981908,0.05545300409526947,0.05462364182981908,0.0573586942785488,0.055591231139511206,0.05216209462596233,0.05701589120882931,0.05705105049803131,0.05526870136961383,0.05343304622208364
368,0.0,0.05764172030138015,0.059132803690873044,0.0,0.057354492620582724,0.06024317810799303,0.0622552567236575,0.0,0.06831876391884632,0.05356977097365288,0.07389372621766618,0.06312113163693618,0.0,0.05985833678483476,0.06549198615440181,0.06418331604709984,0.05888279058104659,0.061869947583975585,0.06807782719254493,0.06610495146450848
369,0.0,0.05295203857893819,0.05422107426798236,0.05499553503270154,0.05358724126333908,0.05821245804970711,0.057925784076434055,0.05556476663501602,0.05623318253167319,0.05465917090406116,0.0,0.060400000984221436,0.05695550293612527,0.05169657915565169,0.05837211340097609,0.054206373038583736,0.05422107426798236,0.05687611629737274,0.054779300950004155,0.054141687629229815
370,0.0,0.0584157403402855,0.05405954589839046,0.060638640193942384,0.060638640193942384,0.06254952171265905,0.0609358884301872,0.05915239901271831,0.06073375962954073,0.06050652986672246,0.05564486982502948,0.058974050070971416,0.05401425092905792,0.0,0.05958175757618304,0.06042881790953427,0.05405344849867262,0.06051974089944446,0.05915239901271831,0.0
371,0.0,0.058146271581009774,0.06396089873911075,0.0625704444186953,0.0615772627612557,0.0625704444186953,0.05839908145744895,0.0,0.06627832260646983,0.0625704444186953,0.06430851231921461,0.0625704444186953,0.06455680773357453,0.0615772627612557,0.06117999009827985,0.06396089873911075,0.06320246910979324,0.0625704444186953,0.0,0.0
372,0.0,0.06196683049572076,0.05787919223699074,0.04690502723831953,0.05055047147625913,0.05536177225380981,0.0573229175300867,0.0,0.05494608509418882,0.0527755703038753,0.04801897784786289,0.059697307394224866,0.05710433099538384,0.04842269736908891,0.056490442416776455,0.05803589805771017,0.058221593522119676,0.05819440632857517,0.06343707633259699,0.05466940310641029
373,0.0,0.04973338073055987,0.0508355055112925,0.06988848765820782,0.05822170962216671,0.04947162609513587,0.06625664209169983,0.0,0.07041907137866187,0.060393933155100936,0.0,0.05371205118900466,0.05300531367335986,0.07255838493953261,0.05721208459981699,0.05680075588700785,0.047452376050436444,0.06251908792242446,0.06419532433773584,0.057324265157855846
374,0.0,0.06443114202355892,0.06129606967677501,0.05751236167203582,0.05751236167203582,0.06757702496464207,0.06154831687709096,0.0,0.06501671588143522,0.06205281127772285,0.0,0.06205281127772285,0.05857179991336279,0.05751236167203582,0.0,0.06621489008293598,0.06271496017855221,0.0667096826681711,0.06911573288656936,0.060160957275353255
375,0.0,0.059821292756554865,0.06953821085025472,0.06343212754456312,0.064939593325996,0.07195966733667909,0.0741622351011668,0.0,0.0753123129276757,0.06317128515092192,0.0,0.0,0.06509203368591618,0.06317128515092192,0.07426894335311092,0.06486568284845895,0.05437039503819696,0.06386686486729845,0.07202807006228429,0.0
376,0.0,0.05896935453983982,0.05795904854437585,0.059347928970324024,0.05512119190481827,0.05243913915919719,0.060300034782682164,0.0,0.060204293944496376,0.05844467107093115,0.05795904854437585,0.05907193350106509,0.061431249609246286,0.0,0.06181704972756523,0.05450020209898567,0.05958745053261533,0.06209493372887187,0.06140454037028573,0.059347928970324024
377,0.0,0.05980923000492425,0.06521860578689492,0.061553812237637735,0.051137715058096764,0.05363264671158099,0.059384135936714794,0.0,0.06177125776999896,0.05589186510653981,0.0,0.059111731643427104,0.06284175885239265,0.04852380687537692,0.06412970546714757,0.052542747728738494,0.06354298852775872,0.062433630314730065,0.05820849635515742,0.06026586562288282
378,0.0,0.05861976867030091,0.06263521185905216,0.06553095512140901,0.06553095512140901,0.06072508022748343,0.06347235231630684,0.0,0.06244990058136265,0.06553095512140901,0.0,0.05480937405508774,0.06693379995861894,0.0,0.06553095512140901,0.06079635379582554,0.06332656547197069,0.06070471635081425,0.06460236234529458,0.05880069388224628
379,0.0,0.07465336795440786,0.08050633032906149,0.0,0.08349765231078993,0.06775863014970139,0.06407615332986967,0.0,0.08453815635271723,0.07121075404364406,0.0,0.0,0.08349765231078993,0.0,0.0,0.0744891046085904,0.07760146273986854,0.06913757771064269,0.08553550584912681,0.08349765231078993
380,0.0,0.0516161282509376,0.05261435045277871,0.05541775822118707,0.05134830253590224,0.05069366056600829,0.05145372934412317,0.05340246971546951,0.05268256674346545,0.05159839971020197,0.05860215907661445,0.04883303404765433,0.0518523434269688,0.05311161052244329,0.050143365343814535,0.05074765538583124,0.05237658972693742,0.05040952908197064,0.05637170811349302,0.056724639734198154
381,0.0,0.052153374218362455,0.054782495903873435,0.058183545529793546,0.055833364985976824,0.055410437705729024,0.05656514556809656,0.05895164632366258,0.05862532196502915,0.055958241546163544,0.0,0.05029250162973727,0.05605362979240274,0.058348420175234395,0.055266482944174085,0.05766151989183432,0.05139582156331124,0.05479486977358478,0.05761723696501843,0.05210594351801556
382,0.0,0.05489636943924988,0.058871707283298554,0.059880135401994064,0.05726423819419493,0.05076343658646556,0.05781013460543815,0.0,0.06448293679866383,0.057073092209823095,0.0,0.05517020273390615,0.06417307280734226,0.06110005472286629,0.0644744204521793,0.05897177343000774,0.05351490448817342,0.05957824294785562,0.06326926279854693,0.05870601509999419
383,0.0,0.08524549060186346,0.08524549060186346,0.0,0.0,0.08408537233019955,0.08524549060186346,0.0,0.08682546120041526,0.0,0.0,0.07963051816701018,0.08524549060186346,0.0,0.07268837042937339,0.08530220749514479,0.08524549060186346,0.07438015433182268,0.09086046303671673,0.0
384,0.0,0.061467780091346215,0.08618792510945547,0.0,0.06527884788306619,0.07272106181110305,0.08997991030135997,0.0,0.07352760716291,0.07093493046837421,0.0,0.0540092096491818,0.0,0.0,0.0662569674278939,0.07545493631527986,0.0683910464347907,0.07480690680317868,0.08408182919512668,0.056901041346933266
385,0.0,0.05113504288799901,0.05397587860399896,0.05330972259265329,0.050428673200598115,0.05407908757154863,0.050261364186082604,0.053673678888734394,0.05083039554930118,0.051510794691733426,0.051292445447707696,0.05329561575947186,0.05683360952137645,0.05237644420796554,0.05188090191756196,0.04892067723668661,0.05494550190112696,0.04882845191868323,0.06030542941126629,0.052116284505503666
386,0.0,0.05776112245166055,0.06132142866083527,0.06737884905092377,0.07315861215316191,0.07414130118173036,0.06607290705243149,0.0,0.06931282539098237,0.06105602095921359,0.0,0.06962314824210925,0.0,0.0,0.06616526504383831,0.06999719810730683,0.05920378144155004,0.06322273943761735,0.068426188673477,0.07315861215316191
387,0.0,0.050129665685586335,0.05051857426752865,0.052550503770219525,0.04386013303686302,0.04806903727274685,0.05580177711899365,0.0532825198125357,0.05647160609905476,0.05026977314766189,0.06480290580582697,0.04884492171638383,0.05582911083298778,0.04906047931527941,0.058093015181583746,0.05236473849427376,0.051819862405917065,0.05437434212431094,0.05547964018833496,0.04837739372391109
388,0.0,0.09448263416913366,0.09727748471630007,0.10044776294890677,0.09632296596050752,0.09955786028712243,0.0,0.0,0.07352125506538545,0.08431480102179312,0.0,0.0,0.10449403911420742,0.07837052933565557,0.0,0.08282873310025873,0.0,0.08838193428072934,0.0,0.0
389,0.0,0.08041950434082552,0.0848872545819825,0.08544572336212712,0.08544572336212712,0.07493635631758741,0.08616375465088448,0.0,0.082653379461404,0.08544572336212712,0.0,0.0,0.0,0.0,0.08041950434082552,0.08329162949585502,0.08544572336212712,0.08544572336212712,0.0,0.0
390,0.0,0.05411568353428724,0.05808066561926407,0.06528488198789092,0.0546733097964426,0.053867849639995954,0.05476054942308002,0.06385469104309377,0.05835623673718968,0.06329706478093841,0.0,0.05877769844695828,0.0,0.05831300989516214,0.056728025687485376,0.058968616999246604,0.06012853726031915,0.06051449120699368,0.06341377725441279,0.056864910687239284
391,0.0,0.04544912274906417,0.05134067569801693,0.05484347185933636,0.05836853997097682,0.05756697822796772,0.0569920700991951,0.0,0.05880323911776709,0.05895149763116336,0.06801768512312269,0.04700869016514545,0.05606403148075188,0.05645343596247965,0.059825934121443165,0.05675137591396551,0.04922948125157035,0.05299268774042186,0.059717539234562224,0.051623543653049775
392,0.0,0.10684598201873534,0.11467430149337536,0.0,0.0,0.12765097521710295,0.09556191791114613,0.0,0.10660185563179231,0.12821517842248242,0.0,0.0,0.0,0.0,0.0,0.11821820287716509,0.10102763646325966,0.10120394996494074,0.0,0.0
393,0.0,0.057053434017898016,0.06447539099457897,0.06151693440491762,0.059238364277278244,0.06330352363741766,0.05336396170446884,0.0631623206614713,0.05444643243114279,0.07074783599682355,0.03949224285151883,0.060029844116135364,0.06010263140868975,0.0,0.05108034545167025,0.0662256820659493,0.057026892105126153,0.05308221179544081,0.0656519520794726,0.0
394,0.0,0.07119256223767897,0.05921137493426471,0.05793801203245257,0.05857469348335864,0.06459422720101606,0.06952561443894309,0.0,0.08073120797488995,0.05984805638517079,0.0,0.0,0.06468683541205693,0.05793801203245257,0.0,0.07039877757161427,0.05793801203245257,0.07385504830510438,0.08404195151960153,0.06952561443894309
395,0.0,0.06896429310846112,0.06110174702381541,0.05056696305419207,0.049862197018593575,0.06388704112700364,0.06742261740558943,0.0,0.05842139505619109,0.056486997753219435,0.0,0.0,0.0625920335365914,0.05056696305419207,0.07523377430013942,0.0614203600024089,0.074095306088788,0.06980707582603099,0.06272417716826612,0.06684705847651733
396,0.0,0.05860455964596442,0.09841422263779377,0.10455586209564106,0.10455586209564106,0.0945059066191637,0.07769543892457403,0.0,0.08158021087080274,0.09498267408529176,0.0,0.0,0.0,0.0,0.06859397322198107,0.0730337125890996,0.07458762136759108,0.06888995584645564,0.0,0.0
397,0.0,0.0,0.0,0.0,0.08838684749680992,0.1011471263397481,0.09184803254682826,0.0,0.10674801209141942,0.0,0.09826388776149642,0.0,0.0,0.0,0.09843272605661926,0.11379701091279824,0.10155623451639191,0.09826388776149642,0.10155623451639191,0.0
398,0.0,0.05825239708373873,0.06252589914899875,0.0679777260555538,0.06937180051567746,0.062357171882991724,0.06187035223025013,0.0658866143653683,0.06490361314348622,0.06600515811197746,0.0,0.0,0.05825239708373873,0.0679777260555538,0.05825239708373873,0.061472045241643375,0.06164274823676056,0.051182448035968726,0.0,0.06206950572455351
399,0.0,0.06227207243258075,0.08232427193273671,0.08073864045875898,0.08073864045875898,0.08536697016658591,0.06486089826663041,0.0,0.0729312560021216,0.07831427727846867,0.0,0.0,0.0662108277647466,0.0,0.056439909492667494,0.07019633390204204,0.06156413166919019,0.06295997713663007,0.0750817930380816,0.0
400,0.0,0.06849743223162577,0.06310743643149332,0.07234595130580865,0.07234595130580865,0.07130105768620522,0.0773738552575637,0.0,0.07544183660943561,0.07234595130580865,0.0,0.0,0.06871468734065224,0.0,0.07281149796800819,0.07234595130580865,0.0664490269179478,0.07457341302802492,0.07234595130580865,0.0
401,0.0,0.05999026455182411,0.059316857853087886,0.05762240300308987,0.05755829620719323,0.057680634995385026,0.05803852649277504,0.0,0.05686023261811693,0.06003135377411989,0.0,0.062211650632189176,0.060102159308968846,0.05462869172586913,0.05803852649277504,0.05555605264573894,0.06316397896144009,0.06312331775187657,0.05803852649277504,0.05803852649277504
402,0.0,0.0784535991707058,0.07629645706152818,0.07576679570672087,0.07591812752238011,0.07357248437966206,0.07626206346706017,0.0,0.07542696285752121,0.0834342743667885,0.0,0.0,0.0,0.07576679570672087,0.0,0.07629645706152818,0.07602622167642241,0.08123996303972968,0.07553979798323203,0.0
403,0.0,0.08177707523793269,0.07839945586402244,0.0,0.0,0.08316276523748561,0.08820166108571302,0.0,0.08955651134362758,0.0,0.0,0.0,0.0830368627870857,0.0,0.08149365846646969,0.0822973024673292,0.08183659275993992,0.08252765732102385,0.08183659275993992,0.08587386466943028
404,0.0,0.06449646564188073,0.06821726358316939,0.07073270478298906,0.07185902173813219,0.06653569212908726,0.06358059211783013,0.0,0.06724978619862335,0.06298364413160427,0.0,0.06420006644315886,0.0,0.07073270478298906,0.0,0.0663864464149073,0.06512614927294322,0.0641073109292059,0.069431182968157,0.06436096886532217
405,0.0,0.05934283966194861,0.0584881747529238,0.05462630165478273,0.0,0.05745715345654962,0.06015590784800759,0.0,0.05983502966629481,0.0575480433529965,0.06087350814529253,0.05969076707881403,0.06090851303784301,0.055377740014866464,0.06157208404445219,0.05902602770512807,0.056550126098700144,0.06123805404650011,0.06008839841237452,0.057221331022525315
406,0.0,0.08233420620822181,0.0,0.07216948939239196,0.07216948939239196,0.08606126904069275,0.0,0.0,0.08030126284505584,0.06708713098447704,0.0,0.07440572709187453,0.08385891373059629,0.07196619505607536,0.07166125355160047,0.08276983692890023,0.08080949868584733,0.07440572709187453,0.0,0.0
407,0.0,0.07509605443856375,0.06858826978567131,0.06426774885429043,0.06426774885429043,0.07189616862375979,0.07466400234542565,0.0,0.07418180134861975,0.0717746539725647,0.0,0.0,0.07189616862375979,0.0,0.0763517058342463,0.06521286280803,0.07317882327526348,0.07672782261175491,0.07189616862375979,0.0
408,0.0,0.06378941101604675,0.06406722321263358,0.0,0.056538679559896436,0.06412895237986745,0.06497868038492015,0.0,0.06461119632606722,0.06038917382545638,0.0,0.053825670756272544,0.06209584358880378,0.0617315479730828,0.062045402657396255,0.06626584561083591,0.062493256987772125,0.06411459624653622,0.0655370823389615,0.0633874371354509
409,0.0,0.0594419539883727,0.06287705475072612,0.0,0.061831813722361635,0.0596634068864571,0.06819617020618098,0.06582695720855479,0.0636962977189037,0.06287705475072612,0.0,0.05766633466117574,0.0,0.06252864107460462,0.05585768055579836,0.057243076565739265,0.06785549905619552,0.06104207605648624,0.06287705475072612,0.07051892804699095
410,0.0,0.05975596121445961,0.06090739068500656,0.0,0.07053850634986183,0.0648336268235605,0.0646378786892708,0.07053850634986183,0.06593132934589926,0.06312954195293127,0.06948196953746533,0.0,0.0,0.0730565857527402,0.07158149781850968,0.06296176782022202,0.0,0.06410495183151878,0.0688090562105223,0.06973142961817005
411,0.0,0.0547731192234692,0.059579801052710046,0.05522912002242548,0.05701070453927791,0.050902414767212426,0.0554270738576313,0.060870804325791526,0.05666895405019615,0.059014987120736905,0.0,0.051962881741529354,0.060870804325791526,0.048622410772431034,0.050643189506823845,0.04792647932053555,0.05264810655570336,0.056602424754165895,0.06334522726586433,0.05790149679770413
412,0.0,0.04871896786861868,0.04917250064152596,0.04716740838235694,0.04068533763975233,0.05175047640331469,0.05327020902831979,0.05875238587977794,0.054522949650560745,0.04827073957258751,0.05875238587977794,0.05411839488080954,0.057407700991684435,0.0437539775125811,0.05736337072064838,0.0562181720522171,0.05259786658427303,0.056075185197600824,0.0539942701219086,0.057407700991684435
413,0.0,0.08276314078163777,0.07440315867477326,0.0,0.0,0.07239558070350283,0.0849355538637996,0.0,0.0791862188752944,0.0713276440638754,0.0,0.07855814026310474,0.07855814026310474,0.0,0.0,0.07262872679138432,0.06754260768008637,0.0806400232153977,0.08265790614926573,0.07440315867477326
414,0.05260896325177415,0.046544693090029746,0.0484022617527998,0.05314842595221768,0.04996292653032371,0.04686051029324534,0.04918866791446419,0.053011118674974746,0.05116508526225201,0.04894823426988631,0.05448082058980849,0.044085597049699145,0.05279010233039841,0.04846926165818621,0.05180756332908293,0.048892318534817056,0.04861687701787571,0.047525340184232184,0.053662657983343645,0.04982857433058847
415,0.0,0.056821604676612625,0.05608799240966106,0.05826215240080844,0.058155445161979125,0.057455178907161716,0.06204712093104842,0.0,0.060745677330335986,0.05455407585148959,0.05910818836581233,0.0,0.05826215240080844,0.05826215240080844,0.061841695230628345,0.056274028056304284,0.06055635803563881,0.06154721096762536,0.06175681447246866,0.05826215240080844
416,0.0,0.056490684996082834,0.03765341205936685,0.03518780041843544,0.03518780041843544,0.05485985901072392,0.06673001791063657,0.06506573005300786,0.06852361134116375,0.052187312107071476,0.06506573005300786,0.06506573005300786,0.0,0.047868088857511266,0.05964264240808168,0.04688824838721905,0.061393729859192156,0.060289007760333274,0.06666208779399867,0.0552385065127241
417,0.0,0.06702516524042113,0.06436431183999096,0.0648198583393151,0.0648198583393151,0.06930552185282132,0.06745592393838182,0.0,0.07001646285012378,0.0709623885560083,0.0,0.0586773281226219,0.0616562243555295,0.0,0.0673186288550971,0.07003292674690341,0.06716371855357962,0.06956819584235097,0.06681348656754009,0.0
418,0.0,0.037944839850969934,0.04879355707314046,0.04395566897806987,0.03307930668107037,0.05045226156287895,0.050456210859283084,0.057888786691873154,0.06133677453543592,0.050661574272298324,0.05745752352454114,0.059879232079559336,0.05434519073652275,0.05589834130418697,0.05407376636547463,0.057764383855142765,0.05527632712053503,0.05218627504956533,0.06265163815526509,0.05589834130418697
419,0.0,0.059320555717717036,0.05289731083108525,0.04602066042304417,0.03173838649865115,0.05865933933232847,0.0631593891323158,0.06469748017032734,0.05923586790481013,0.04194001073036045,0.05355852721647382,0.06225606582427726,0.06479920576807943,0.03967298312331394,0.05987013816791013,0.06281555661191374,0.05705352811067052,0.06059146513378857,0.06171352930293279,0.0
420,0.0,0.05337872266672772,0.05496019113806379,0.05469106404732765,0.054224947024197015,0.05645305251065125,0.058743692609546774,0.05305965446637043,0.05673809464057635,0.05496909876287926,0.05685073958783292,0.05339111546059666,0.05598583355602385,0.05804569413804054,0.05794611459218991,0.057755783474411564,0.05295866244469213,0.05485349876750954,0.05499404011236256,0.0
421,0.0,0.06981968685233461,0.07431741701338287,0.08221757517190804,0.08107566440563155,0.07281040552591593,0.0,0.0,0.09706241513350257,0.08378362422280154,0.0,0.0,0.0,0.0,0.09053721075477972,0.09522137532664861,0.0,0.08857964944116285,0.08235740098002355,0.08221757517190804
422,0.0,0.06827712576883276,0.05911995831277754,0.06586734485934455,0.0599767693028178,0.05504079294715112,0.06297560776795869,0.0,0.07044890362553202,0.06426082425301907,0.06811647370820022,0.05199284871380634,0.0,0.0,0.05900312045049933,0.06250825631884582,0.050240280779633086,0.05854875098608404,0.07454255613350212,0.0690803860719955
423,0.0,0.07067475070193291,0.07026479329195272,0.0,0.0,0.08016812491095081,0.07594699367214319,0.0,0.08367183068229309,0.08091891900480985,0.0,0.0,0.08091891900480985,0.0,0.0739115074621253,0.08091891900480985,0.07541309564984341,0.07126055547640071,0.07968427982824164,0.07624731130968682
424,0.0,0.058569155761574086,0.04809782125374255,0.06253844496192949,0.0,0.05576721258110618,0.06047966848774164,0.0,0.06108430746520062,0.06420561055208461,0.05844477342263089,0.0626061089543146,0.05450334586619876,0.06009408323701772,0.06131203509994953,0.0571511970976216,0.049920989937452205,0.06058394234855568,0.06253844496192949,0.0621028580109504
425,0.0,0.05505424117521418,0.05321047639649161,0.05355684134378348,0.05214207998674247,0.05333133508242942,0.05815770362450937,0.0,0.05811824492259546,0.05528053009162221,0.05580331989916898,0.05773771874344248,0.05571861254901001,0.05103774712541074,0.059180110438222154,0.05479029924960706,0.054489683691148164,0.05632869853534012,0.06032492074066107,0.055737436404600896
426,0.0,0.06310982381820479,0.07372597247599581,0.06925086542597379,0.0706892926920523,0.06523601463900783,0.057850671833354385,0.0,0.06220965268777457,0.07153495035340367,0.0,0.0,0.07320852460628782,0.0667973455006057,0.06686461372366774,0.06612735399890778,0.06853286565560633,0.05342319969727103,0.07143885289188645,0.0
427,0.0,0.06337911455047043,0.061173989814142085,0.0,0.0,0.059618357699732304,0.07134408274840835,0.06407215375331649,0.0643682509978761,0.061102956384260367,0.0,0.05513330693700014,0.06407215375331649,0.039485115890255204,0.06998213511947607,0.060829477679215725,0.06334287720653078,0.07002357128690706,0.06557806246680908,0.06649439371228333
428,0.0,0.05133961954856246,0.04511796189858314,0.04854114457571539,0.03569322103131568,0.047133175670718536,0.05305855148221117,0.06084685018567953,0.0556598715531019,0.05383590108943218,0.058350915089371166,0.05925484834046663,0.05387622063743095,0.04829971699883208,0.06148544979590616,0.05113294062166861,0.05150567302725566,0.05708979900543707,0.0601722731326232,0.04760586631568845
429,0.0,0.05279517597434355,0.05509061840801066,0.059681503275344876,0.057594737426556596,0.05509061840801066,0.05049973354067643,0.0,0.055979176769430185,0.05853378205851133,0.051647454757509995,0.05509061840801066,0.06059968024881173,0.059681503275344876,0.05279517597434355,0.05853378205851133,0.051647454757509995,0.05422982749538549,0.05738606084167777,0.05312309632201028
430,0.0,0.06945233712853292,0.06109335759355689,0.05993858346375259,0.06084821001292805,0.06589954042430662,0.07719729570262937,0.0,0.06981176403246243,0.05697042101025359,0.0,0.06343193648771364,0.07025413560652952,0.0,0.07833432888909868,0.06421576362051376,0.061476637866676294,0.07764375167333203,0.06343193648771364,0.0
431,0.0,0.07576927081276501,0.07151499050415915,0.0,0.06483738596913223,0.07564361696398761,0.09499430967570537,0.0,0.0683556937348991,0.08504252485253623,0.0,0.0,0.0,0.0,0.0799158478224188,0.07740277084687104,0.06332953978380358,0.0909015843155276,0.07237661689577551,0.0799158478224188
432,0.0,0.05280741885979662,0.0535666996446114,0.05548250819653414,0.05361340979141801,0.049682975413806785,0.051939141925519926,0.0,0.05778025868326472,0.05615289857039382,0.05468334916643012,0.05740488387032387,0.060206609102324275,0.06080565797895665,0.05537743866896669,0.05663672696219717,0.05596277902663303,0.0529254475913842,0.056443696033429004,0.05852810051400958
433,0.0,0.08051897698776621,0.0,0.0,0.0,0.10716962430061841,0.10067449555512638,0.0,0.08639183999743728,0.0,0.0,0.0,0.08867010582015453,0.0,0.08888274396360811,0.10142839442737099,0.09645266187055657,0.09139574020442348,0.07612445535639163,0.08229096151654629
434,0.0,0.05290553189723239,0.05253261231074002,0.057032808494943805,0.05405977932915713,0.05392912689109088,0.061003086236873165,0.05632636582168123,0.05903757056007361,0.05538396845272132,0.0,0.054369078978456796,0.05282629827582024,0.055142328101705954,0.0606678374615906,0.051911013338817744,0.05343613710149312,0.0556528482614875,0.06127999301749619,0.05250361546861818
435,0.0,0.0672065071528097,0.06556488686339314,0.06527734840276242,0.0651259318729622,0.06610733530685252,0.07132055034767795,0.0,0.06872716594721659,0.06576188129812313,0.0,0.0,0.06756542040863243,0.06547923710916272,0.06681394577925356,0.06589796924095592,0.06411312352918737,0.07087846584699627,0.0,0.06416023089401411
436,0.0,0.05351701525059228,0.058406568236821506,0.06574337218630008,0.06374902781231404,0.05521586451468642,0.051402498038126486,0.0,0.06256496684969876,0.06375183613953044,0.0,0.056792801297287525,0.059776929797435756,0.0630280536251215,0.056792801297287525,0.061557970918077576,0.051402498038126486,0.056919176022025585,0.06318736236903373,0.056191257607534316
437,0.0,0.06152122134590375,0.06244519013306465,0.0,0.061630515708276094,0.06519504587757748,0.06855920304919624,0.07260884679183452,0.06879527002217456,0.06427001564767425,0.0,0.0,0.06817954894832391,0.0,0.06509485937873617,0.06423857431426867,0.06376782768355739,0.0623968545415184,0.075492757750384,0.07580426880751003
438,0.0,0.050851320251407865,0.05101383192070078,0.05652032636656941,0.05533155704114992,0.05129197621471036,0.05238525361113103,0.05575835214271163,0.052148609708667415,0.05181355913309615,0.05858797810947289,0.047267549981314806,0.0597590834228839,0.05247161288469689,0.05178215519173094,0.05102285146609014,0.048116003693836285,0.05253105033263625,0.05074623758786537,0.05060069093932792
439,0.0,0.06616704434008681,0.06899741932460612,0.07232920179810481,0.07232920179810481,0.07642012458202097,0.07464879719104696,0.07232920179810481,0.07675752027553981,0.07232920179810481,0.0,0.0,0.07232920179810481,0.0,0.0,0.06899741932460612,0.063430390381545,0.06714174301025241,0.07579353257977166,0.0
440,0.0,0.06241728503843902,0.06345019519273942,0.06002683582420093,0.0630812987090607,0.0608679198069884,0.05909721668533056,0.0,0.062182927272337235,0.06321410144318505,0.06507333972092579,0.06222756684683282,0.0,0.0,0.06162046863369299,0.0645041851461072,0.06520614245505012,0.06285996081885348,0.0630812987090607,0.06108925769719563
441,0.0,0.06898751564643896,0.06883148664074137,0.06897162905676794,0.06734921108661421,0.07006581792035999,0.06857545722684667,0.0,0.06179442087872353,0.06628017599000127,0.0,0.06628017599000127,0.06734921108661421,0.0,0.06879555268791404,0.06595317701927263,0.0669341739314586,0.06844339995020626,0.055388594888039024,0.0
442,0.0,0.06799339882530278,0.09578200530173087,0.08425268984874473,0.0,0.11909402775612038,0.07538398565414003,0.0,0.08322937782629035,0.0,0.0,0.07449711523467956,0.0,0.0,0.06740215187899579,0.10938068506679142,0.08425268984874473,0.06334788710431935,0.07538398565414003,0.0
443,0.0,0.06254957284075957,0.0708611211384714,0.06799527981473621,0.06799527981473621,0.07388211947654895,0.0638070545256257,0.0,0.06778872403712874,0.06799527981473621,0.0,0.06212365162491782,0.06194111396098566,0.0,0.05540018100341595,0.07127081678418586,0.06604821139945966,0.0674725583225668,0.07286903544172536,0.0
444,0.0,0.06065649439446338,0.06264694930550795,0.06757070619072345,0.06558025127967888,0.06952892701413976,0.06833396333706386,0.0,0.071892088563386,0.06813641442859927,0.0,0.0,0.06757070619072345,0.06757070619072345,0.0,0.06898497678541302,0.05872590278901414,0.06833396333706386,0.07129719696403244,0.06317075322946704
445,0.0,0.06288475420216956,0.058625798098667525,0.06120473346259869,0.06120473346259869,0.06663811545390422,0.06263414337361478,0.0,0.06420312529614425,0.06181733771017702,0.0,0.0,0.05819740351994143,0.05961289060714894,0.067896970773265,0.06185446524033328,0.062374250662520954,0.06321508002194219,0.06591167923018708,0.06172451888478637
446,0.0,0.05868448682763328,0.058774576082055295,0.06544464588060837,0.06715547547179568,0.057967014217044054,0.05919686946215849,0.0,0.06531022888959409,0.06454050492577203,0.0,0.0,0.06445712905329012,0.06544464588060837,0.06445712905329012,0.060321180469869146,0.06210627927813575,0.060512967945137455,0.06544464588060837,0.06018222068239929
447,0.0,0.05739575687014565,0.0609095248529469,0.05886066949319121,0.057100188118963696,0.05709334624972337,0.05828246312369151,0.0,0.059068799155481834,0.06500849951777585,0.0,0.056243038740536024,0.05931695375282835,0.05886066949319121,0.051992390637600555,0.057864048610299555,0.05490693363576124,0.05880107681210799,0.06432578848267967,0.06396985245307552
448,0.038497431080376704,0.04601457793617783,0.050227945505003195,0.05714405932905544,0.05322412712194741,0.049547415569523565,0.04908821262776397,0.06414455446597365,0.05083015107917278,0.049897244258636717,0.055855841090059186,0.03657019059475382,0.045435833847838225,0.05429805854872488,0.04974881771019176,0.04812426834305577,0.04574957795399736,0.04700258693218871,0.05191555141349208,0.056683554592067024
449,0.0,0.07165738895992127,0.06583814634728985,0.0,0.06677616294847435,0.06548417781854098,0.08141984098281511,0.08102339623061637,0.08279596170919726,0.06677616294847435,0.0,0.0,0.0,0.0,0.07621650361020672,0.05971449079993439,0.059325125418310636,0.07653586188281127,0.07681117073850482,0.06962560960490276
450,0.0,0.06871814325703218,0.06631699505514485,0.0,0.06667037158296978,0.06345071877389821,0.06631699505514485,0.0,0.06797514645493875,0.0665290209718398,0.0,0.0636863031257815,0.0,0.06667037158296978,0.06643478723108649,0.06631699505514485,0.06643478723108649,0.0648249608265507,0.07312538282457179,0.0665290209718398
451,0.0,0.07003389460925,0.07501964091595612,0.0814394145884707,0.08131713318518471,0.07764869108660494,0.07795439459481993,0.0,0.0792049998556994,0.08131713318518471,0.0,0.0,0.0,0.07740412828003296,0.07657872880785252,0.07703728407017499,0.07336884197159521,0.0716757148491738,0.0,0.0
452,0.0,0.06165160682327874,0.059776429919859285,0.06231352826059814,0.06343658679214297,0.06554109858417582,0.06286501642533197,0.0,0.062166091127638226,0.06008618627400666,0.06408153443577426,0.06219059591427976,0.0,0.0,0.0636443196921717,0.06146373402533379,0.060506130073655316,0.06258445974424243,0.06706374144422993,0.06062894046328091
453,0.0,0.05227226231482747,0.05472585202322178,0.06589834827393655,0.06473659733303533,0.05719768262993096,0.05632275582122263,0.0,0.053478975890792625,0.05813689326221169,0.05479967909095777,0.045815847785833176,0.05479967909095777,0.05976813821199655,0.044418362916147126,0.05627520597799171,0.055621176115510915,0.05047589304968488,0.05548851199974456,0.05976813821199655
454,0.0,0.07779539620950905,0.07520781715632019,0.0,0.0,0.07762737159566561,0.07700697302147448,0.0,0.07620679986044389,0.07132644857653693,0.07888755619949137,0.07909376822557193,0.0,0.0,0.07838348235796107,0.08108387793758766,0.07676324501018511,0.07677044606506413,0.0738468177841884,0.0
455,0.0,0.0624191519913185,0.062071133661372575,0.06278978168168464,0.06499347644164491,0.06772171263038444,0.06091339625867111,0.0,0.07315168336990516,0.0758257225152524,0.0,0.0,0.0636153912678106,0.06278978168168464,0.0,0.07277122265326937,0.05924110889921343,0.06576632150534928,0.07662236334397042,0.06930775209846851
456,0.0,0.06741037484253888,0.07419712619601307,0.07481602165622626,0.07199934402196055,0.06565214910329688,0.07458393585864631,0.0,0.07405646813687371,0.0684653102860841,0.0,0.07516415035259617,0.0,0.06598621199375286,0.07458393585864631,0.06970485943224972,0.06598621199375286,0.07739390026736218,0.0,0.0
457,0.0,0.07022829206875464,0.07743898806133877,0.0,0.06480656626368794,0.07539587447670884,0.07827616631065053,0.0,0.07754631860612232,0.08132588707600055,0.0,0.05905808466233373,0.0,0.0,0.062204621959917085,0.07793730844783386,0.06472185179798377,0.07043402719975048,0.08132588707600055,0.05930012599291707
458,0.0,0.06890267058306246,0.06566233080552593,0.06221642491815667,0.06166092112424455,0.06495898211047801,0.06948847458391524,0.0,0.06839488090812587,0.06794821406443165,0.0,0.0,0.07272049665758572,0.05926720477593236,0.0,0.06690285692497887,0.06585244975103595,0.0734130728162294,0.0729802127170771,0.059630807259220285
459,0.0,0.07097915541497489,0.07222484774715277,0.07149486641660338,0.07121098478805639,0.06922450075294555,0.07177634226863724,0.0,0.07314041755157062,0.07116286925779419,0.0,0.0,0.0703998944207793,0.0,0.07223103402961505,0.0,0.06938259463809279,0.07116286925779419,0.07177634226863724,0.0738332811873463
460,0.0,0.0668336537905722,0.0654210095775161,0.06756051023014577,0.06335287801351935,0.0654443651005426,0.06817595071912778,0.0,0.06714632585508948,0.06616364222374942,0.0,0.06955803905860893,0.06702677477159759,0.0,0.06622670213592098,0.06708655031334353,0.0663163654485399,0.06523963934401343,0.06844759341771295,0.0
461,0.0,0.04487479131886478,0.05629895980480287,0.0,0.0,0.10451607379821068,0.06436368306151279,0.0,0.0909721330422499,0.09248234236548092,0.0,0.0,0.06436368306151279,0.0,0.08827533067933736,0.10499550532939514,0.047463721587260824,0.06807927742819228,0.08162321818415307,0.09169128033902658
462,0.0,0.04466037790833938,0.045010240802254776,0.052417765330826725,0.043848067108675295,0.05154776399930539,0.05703210430788286,0.06607997007037172,0.054029130011808,0.045436726561366506,0.06058520993927049,0.05473678164599678,0.046052465376084074,0.05849074483817821,0.0544835557265242,0.04725473800244961,0.046852506965274925,0.05365474062825041,0.05612528357765033,0.06170182719949031
463,0.0,0.059561710461587,0.05995502937709422,0.05819031530486276,0.05819031530486276,0.05592786136610448,0.06003044450838616,0.05819031530486276,0.061176754504023684,0.05819031530486276,0.0,0.05619935583875548,0.060181274770970045,0.05819031530486276,0.05619935583875548,0.058280813462413095,0.060181274770970045,0.05995502937709422,0.06139951919953218,0.0
464,0.0,0.05359877909260936,0.05090367148587196,0.048884084519565434,0.05013467644869147,0.04992072130774246,0.06379287401784474,0.0,0.06431853491113124,0.045121208803822324,0.061105105649456794,0.05023510437199406,0.05789405494386059,0.05344615507759028,0.06204859956048384,0.05540449958199093,0.05129276897477564,0.05487328872452193,0.06475527440026274,0.06227059812778431
465,0.0,0.06089679918013941,0.05994598936067948,0.0,0.0,0.06997492208476087,0.06839295544083021,0.0,0.06694964592496706,0.0652833731309991,0.07087965984540141,0.06868396372346955,0.0,0.0652833731309991,0.06887286915212715,0.06883688716571618,0.061728436552633235,0.06505397479592873,0.07074727960702432,0.06846987090432427
466,0.0,0.06130944911957416,0.06197127443031531,0.06394862385848347,0.06111421392963804,0.0597428434414048,0.06099293853321262,0.0,0.06405687735393578,0.0633926323694218,0.0,0.0643390662409575,0.06406306958656634,0.06071926396605791,0.06606139151691781,0.060855493083930484,0.0616204068886311,0.06195505667818762,0.06385739900276523,0.0
467,0.0,0.10813031809765535,0.12214721118438844,0.0,0.12214721118438844,0.12975638171718643,0.0,0.0,0.13907670543200118,0.0,0.0,0.0,0.0,0.0,0.0,0.12815445107870263,0.1121351446938648,0.0,0.13845257661181265,0.0
468,0.0,0.056309412939645684,0.061538811156262856,0.06555424192973676,0.06422354684782972,0.060640906242695344,0.05336363180138892,0.0,0.06475738124910939,0.06732850203894616,0.0,0.0,0.07347304494347134,0.06427801974591947,0.05523551866301894,0.07339833925466252,0.0581770551598661,0.05621603082863466,0.061227537452892784,0.06427801974591947
469,0.0,0.051655126847720494,0.05450166812456792,0.05250561768941471,0.0566550336070006,0.05814901297000009,0.0650469906706392,0.0,0.06338115572144307,0.06275811649555961,0.06891703090282471,0.053916497614467096,0.0,0.05339935817245198,0.06311243190273286,0.05834476787403092,0.05255074593019577,0.057202542693666744,0.06495386544217241,0.06295003734111178
470,0.0,0.0634443335188411,0.061527097528715526,0.05856445407128887,0.06085432824868126,0.06267158759463429,0.056971725884762556,0.0,0.0643120494321132,0.06693976107354939,0.0,0.0,0.05777523535773372,0.05856445407128887,0.05777523535773372,0.06709329575196112,0.06861203603202218,0.06158856316061235,0.06861203603202218,0.06469380688403964
471,0.0,0.06281951490376748,0.06134636045041279,0.06417575233701464,0.06417575233701464,0.06250383894947718,0.06385423053171899,0.0,0.06298612165742068,0.06777679655632608,0.0,0.0613463604504128,0.06051959009393823,0.06042037765116129,0.06337194782377549,0.0610569908256467,0.062069784512328044,0.0610569908256467,0.06051959009393823,0.0
472,0.0,0.0,0.0,0.0,0.0,0.13006759851246635,0.130647712214752,0.0,0.13783501566306997,0.12198264544061163,0.0,0.0,0.0,0.0,0.11150396003932563,0.12547554057437363,0.1262815932975495,0.11620593425785139,0.0,0.0
473,0.0,0.07204968386363203,0.07778537298254712,0.07825679948547165,0.0,0.06495583743867246,0.08212249680945279,0.07561681106909429,0.08326570607904477,0.07414865424570076,0.0,0.07127968724218864,0.0,0.0,0.08108535850301882,0.07358967710651883,0.08469962835877354,0.08114428681588438,0.0,0.0
474,0.0,0.04838372472745829,0.05161216610561246,0.05052360475250352,0.04970399520989268,0.048912929065458376,0.05318148481341508,0.058114745344275125,0.054603915836106846,0.04999951711186381,0.05832599289399796,0.04751736326245898,0.061189171889289885,0.05210208924585233,0.0536297304768848,0.05362139753571052,0.05204056781117774,0.053446317345048316,0.052088621889707934,0.05100266468328528
475,0.0,0.05872698340401043,0.059224882151621236,0.05522075053947455,0.056057842570053605,0.05694614785891821,0.058765971906370555,0.0,0.06073205692827038,0.06004964995577428,0.0,0.05787659267328797,0.05845434292036274,0.06161899847844549,0.06273470719378207,0.05893067176434881,0.058188259501309854,0.058685179206294465,0.057156163617099215,0.06063079933057596
476,0.0,0.060724382714037066,0.06450497010502898,0.07275658425367519,0.07003134925459845,0.061582133864289665,0.05921781979628569,0.0,0.06562738883114033,0.07185315404808369,0.0,0.0,0.07026961346300196,0.0748582822038638,0.0,0.0634515914994556,0.06730047486597371,0.06078001363328421,0.07026961346300196,0.0667726280042798
477,0.0,0.05170138498369877,0.05176084889632508,0.05189479712408975,0.0453674932888243,0.05031535535223352,0.054088719649973,0.05531733907031508,0.05474677811160017,0.049956488150312194,0.058224032294810095,0.050076289255234295,0.05603238600970214,0.048153506970221395,0.05559755451808563,0.050878449269039845,0.05280956173598174,0.051794359123320616,0.06088063170906507,0.05040402448716734
478,0.0,0.06581421928274452,0.06846348203854288,0.06503032783719322,0.06856328303276817,0.06759022333907168,0.07050940242016115,0.0,0.05768497466221252,0.06856328303276817,0.0,0.048952387667500416,0.07050940242016115,0.06934173078772538,0.0,0.0587685283138013,0.060853656228865204,0.04645023416942372,0.054341641355665604,0.05856322341139499
479,0.0,0.04495045820312648,0.05166525662414051,0.05916220009047713,0.05585576511829565,0.0609806713195214,0.05840189686157978,0.0573675308408706,0.06390915486022744,0.05807302151140558,0.0,0.05291180029012337,0.04845606973937614,0.05916220009047713,0.05322122602281415,0.06118060794679852,0.044875571975382826,0.056165656152840096,0.05824276362762452,0.05541814872491869
480,0.0,0.04864607927050989,0.05178431291753977,0.052055728920142,0.0532648266270252,0.04918046917029074,0.05418018420858716,0.05697187999885502,0.05862405708837965,0.053924620178334784,0.05320805651013742,0.04209720669413739,0.058836540327258956,0.055600763299995026,0.056257369897267755,0.052378357342457195,0.04833158001152237,0.05057041799884657,0.05869277852763501,0.04539477101107818
481,0.0,0.08631004121202203,0.07878347837647129,0.0,0.07289312485299682,0.06396555779398079,0.08958245983617452,0.0,0.08712814586806017,0.0,0.09847934797058913,0.0763905222575598,0.0,0.0,0.08631004121202203,0.09019603832820312,0.08528741039197439,0.08467383189994579,0.0,0.0
482,0.0,0.06649482521574963,0.06843010834579263,0.05681840956553458,0.06243010433743922,0.05471402402607034,0.0639996252189563,0.0,0.054187927641204274,0.06431528304987594,0.0,0.06662634931196615,0.07194368063043383,0.06668271678177322,0.06414618064045471,0.05524012041093639,0.07149649870329768,0.06657223654095135,0.04590190957956382,0.0
483,0.0,0.050404002440406964,0.05294404797290054,0.05435346876068914,0.05234294860427495,0.0534916506464205,0.05518035638124993,0.05417043297081679,0.054154132251134426,0.0560087159144749,0.05854813609801828,0.039813976101912715,0.05789211868621899,0.051710802800876254,0.051343287808775895,0.05262734042786019,0.05018705573037662,0.04947469058579891,0.05380902472329817,0.051543811094495906
484,0.0,0.05357979105610025,0.05381543215176797,0.06527342159009114,0.06230067266625402,0.055874982555274344,0.05668385907851435,0.057473896495164524,0.05631535169289564,0.05654034445159714,0.051701321089077004,0.04439745168346889,0.056113865640327144,0.06480427722347902,0.05222593107039425,0.055679754781611385,0.05119256880634154,0.048661120429210086,0.0573659575384314,0.0
485,0.0,0.06675140559347416,0.06808223109848571,0.06974926515213176,0.06974926515213176,0.07386957095909515,0.07254166393106827,0.0,0.07519747798712204,0.0,0.0,0.0,0.07421103276630206,0.06974926515213176,0.0,0.07542511919192664,0.062178569083772804,0.07574243723498761,0.07254166393106827,0.07421103276630206
486,0.0,0.061982429294327186,0.06319588175998733,0.057134641528290425,0.055611051087536015,0.058114092525918266,0.06063889954202557,0.0,0.07068371366214216,0.06033418145387469,0.0,0.0,0.0674188770033827,0.057134641528290425,0.06033418145387469,0.06536202990836426,0.05925678535648407,0.06325947510012317,0.0728058574903358,0.06673326130504321
487,0.0,0.06501028451850079,0.06501028451850079,0.06727868461272285,0.06727868461272285,0.05688528781737808,0.06447755419334257,0.0,0.06979196880802573,0.06691780277955116,0.0,0.06882532104060154,0.0655773845420563,0.0,0.06787524437776177,0.06588671182763205,0.0680520028266622,0.06924512235674005,0.07188766116780133,0.0
488,0.0,0.05002679935274783,0.06904531133400918,0.0657510225176714,0.0638442718982665,0.06218313928731624,0.06388324636061284,0.06315668033097763,0.05846032599449503,0.06314586883925556,0.0,0.0,0.06519812164292837,0.061261290688451014,0.06159441977713751,0.06331450460687708,0.0,0.06304563730141546,0.06471894088481775,0.06137041918302073
489,0.0,0.04727247288185096,0.049794020033520736,0.05638815121434398,0.05339741574888644,0.05003153027907975,0.05288918307292895,0.056553781116332184,0.05533556728351908,0.05169106691516506,0.05287428340895526,0.04532039714448975,0.05452660476548512,0.06273756737009575,0.053067909610678504,0.05330866619275118,0.04855931937021744,0.04785485030078468,0.05943424580950662,0.04896296748140848
490,0.0,0.06132880184855653,0.06118874760404061,0.07151378219974465,0.07151378219974465,0.059590122666637754,0.06942883228138474,0.0,0.07194767718275469,0.05839086212536173,0.0,0.05676276152734834,0.06817786233036881,0.0,0.07366823044871655,0.062414465056045365,0.07374467861238974,0.07152604661102911,0.06880334730587678,0.0
491,0.0,0.07697996904770364,0.07908977508480987,0.07038553113977099,0.07526033104450125,0.07243365651563768,0.0756610814661171,0.0,0.07356566517578013,0.07777668481127427,0.0,0.0,0.08582189905895211,0.0,0.08192176006768909,0.07476836504184595,0.0,0.07932166740684707,0.07701361413907064,0.0
492,0.0,0.07175543562720021,0.0671814270752431,0.07072380203046374,0.05840357346512192,0.06641776944509829,0.06752314024202781,0.0,0.06519508063829883,0.06336073370363672,0.0,0.06807977707479927,0.0,0.06230724695716923,0.06577591907249514,0.06290253912554983,0.07019527816904438,0.0683643948792102,0.0718138824946412,0.0
493,0.0,0.08539283844146636,0.07707095145112496,0.0,0.0,0.09321697273435765,0.08664456747023067,0.0,0.08816848236853099,0.08111126839168838,0.0,0.06971833694325057,0.0,0.0,0.0,0.0831177050308512,0.07570932359394233,0.08076441099396076,0.09295778259100075,0.08612735998959542
494,0.0,0.11838840036038123,0.10769287509417856,0.0,0.0,0.08962112550645683,0.11617553306392552,0.0,0.11570134721468499,0.0,0.0,0.1194948340086091,0.0,0.0,0.0,0.0,0.11119658164690013,0.10887307098562161,0.11285623211924192,0.0
495,0.0,0.05058285464857923,0.05026132015874328,0.050315502611398326,0.0483320378267044,0.05221427590005909,0.05400842915260253,0.05170554053367977,0.056362037031699126,0.04562053877058966,0.05435016024660501,0.05057950384754922,0.05497881562676941,0.0548781627189068,0.05733772048327949,0.05334079358827296,0.05076641288743533,0.05269636585371666,0.05530203904920144,0.05636748906420834
496,0.0,0.06458652825291968,0.06064538269327701,0.058098383862215414,0.06547127521528844,0.059499233219299286,0.0,0.0,0.06883331367228973,0.06971806063465849,0.0,0.06325940780936654,0.06591364869647282,0.0712221304706854,0.07653061224489797,0.07029716773729987,0.06878907632417129,0.07653061224489797,0.06060516692226024,0.0
497,0.0,0.06109800601754435,0.0642207929917744,0.07666668310645935,0.06886725863459012,0.07031927914797002,0.08131314874927506,0.0,0.08189395695462703,0.06056999855813347,0.0,0.0,0.07268399826976016,0.0,0.06783010112503303,0.07467534068810976,0.07031927914797002,0.07237763789770638,0.07716451871104675,0.0
498,0.0,0.059269980550906876,0.061465165015755274,0.0724410873399973,0.06859951452651258,0.06914831064272468,0.06350355059025736,0.0,0.06938350897824416,0.0,0.0,0.0,0.06997150481704284,0.0724410873399973,0.06997150481704284,0.06820751730064681,0.05644760052467321,0.06332262879370393,0.0740874756886336,0.061739563073861324
499,0.0,0.06789069391924309,0.0793021084290733,0.0,0.0,0.062473883234197086,0.07746039279615767,0.08287720348120366,0.08604990688244488,0.08016879813868066,0.0,0.07676394570808033,0.0,0.0814688327030917,0.0,0.08016879813868066,0.061968314236926135,0.07746039279615767,0.0,0.08594672953606305
500,0.0,0.06878071880443883,0.07321697519535011,0.07233761644151046,0.07448536962824447,0.06482982635218384,0.05164552228833298,0.0,0.06567658898048848,0.07063020034205818,0.0,0.05440974739726137,0.06963048059199364,0.07047024518204785,0.0,0.06457036062628246,0.07167990607962592,0.0580059614981879,0.06963048059199364,0.0
501,0.0,0.06889874731796931,0.06720105460732016,0.06303869126090625,0.060851942401377215,0.07009661171786896,0.06771380951231318,0.0,0.06435828108993241,0.05827308684979469,0.0,0.0713030938472643,0.0,0.05827308684979469,0.06695975818144109,0.0703982322502178,0.07027758403727827,0.06951466151427828,0.07284135856224336,0.0
502,0.0,0.05155033430347584,0.06655342688142141,0.07114918781696712,0.06263851941780837,0.07006601183889237,0.0664512988606315,0.0,0.0611795476922383,0.06490803099091738,0.0,0.0759832474676893,0.0,0.0759832474676893,0.06638321351343822,0.05537608238385958,0.08014618012464923,0.05809949627159038,0.0,0.07353217496873157
503,0.0,0.057630464534389685,0.05353351207933829,0.06107190459663286,0.05259462714172234,0.05495853902022573,0.06619504609518762,0.06080560268705452,0.06463873623401549,0.05219517427735483,0.0,0.051485035851812584,0.06080560268705452,0.06107190459663286,0.06351793695127836,0.06048857660422317,0.0550357279795238,0.060281068622733545,0.06369054004081988,0.0
504,0.0,0.05365183028801229,0.06131637747201405,0.06129143183431185,0.059121161354220214,0.057021985941579874,0.061029502638438725,0.06001088909893211,0.05994132524745362,0.05675132577251097,0.0,0.057362493896214936,0.05928330799928454,0.059719856659073076,0.060374679648755904,0.05733339065222904,0.057362493896214936,0.05914463960146936,0.05928330799928454,0.0
505,0.0,0.0713444317218036,0.07000253018471639,0.07358093428361562,0.07358093428361562,0.05944623809296363,0.06959995972359022,0.0,0.07266148323042623,0.07129970167056736,0.0,0.07799294388282663,0.0,0.07358093428361562,0.0729994436175445,0.06280099193568167,0.07278218336868275,0.07832728972035002,0.0,0.0
506,0.0,0.04995385171593121,0.04995385171593121,0.0,0.057585099701471326,0.05664270788895802,0.059459963412682025,0.05975330943552451,0.05978935384286811,0.04850837855989575,0.0,0.06192151916957769,0.06625793863768406,0.057585099701471326,0.06408972890363088,0.060497302971719236,0.06585405643232123,0.06264121903928442,0.057585099701471326,0.06192151916957769
507,0.0,0.06657154970278788,0.06455042853300055,0.06531706070085093,0.07187943205765003,0.06816455161000941,0.06317049063086991,0.0,0.06734096962397589,0.06531706070085093,0.0,0.0,0.06402911865886232,0.06531706070085093,0.0,0.07046201436064668,0.06644145454703144,0.0709682349667193,0.06644145454703144,0.06402911865886232
508,0.0,0.07312008859169027,0.09279766594969865,0.0,0.07882211384884043,0.08361373171199182,0.0,0.0,0.07975381732223097,0.06931873842025683,0.0,0.07462944821858296,0.0,0.07882211384884043,0.0,0.07211384884042847,0.10733224013459121,0.0,0.09978544200012777,0.08989075111272014
509,0.0,0.054310296424794874,0.05594828801601716,0.059438192366277474,0.056112161533746395,0.05437916399531689,0.05557642154040371,0.0,0.05581136719830771,0.05538481659905647,0.05740418364075706,0.04729349696538891,0.057472731260323706,0.057751217373191215,0.0566590553181395,0.05571677711845943,0.05448994447681173,0.053390323613613455,0.053111323557362006,0.05975023900203226
510,0.0,0.0532005897559012,0.05587199968960216,0.0,0.06123877839049018,0.06087939588819858,0.0628269067815693,0.0,0.06516323531551456,0.06253255539873998,0.0702664668480554,0.039927396004597764,0.066557639424406,0.06389820890744809,0.04867065888177791,0.05817204770426846,0.04911929462090238,0.05544326266932446,0.07298545217967878,0.0532461115395248
511,0.0,0.05631924213741662,0.05705180661737127,0.060344408258457743,0.057341156458557654,0.061007917377040324,0.06440927464808997,0.0,0.06040307643315348,0.05367439554007498,0.0,0.0548966491795692,0.0606736684225664,0.05667764733997508,0.0597856637375461,0.061007917377040324,0.057241380651252005,0.05771219774197554,0.0629425702806969,0.058511027799216415
512,0.0,0.06262909980798784,0.05641297784198691,0.05919055205379616,0.05709251805690816,0.06029526906985667,0.07008653645229924,0.0,0.06448470610915452,0.06282961987140721,0.0,0.0,0.06425554032238952,0.05919055205379616,0.06338662004757217,0.06639442099886295,0.057526978194316826,0.06471686752711908,0.07402532341232287,0.05748241818022363
513,0.0,0.0651621162576747,0.06618871676256342,0.06667500121224756,0.06667500121224756,0.06527017946871562,0.06872820222202505,0.0,0.07042396337989795,0.06483792662455193,0.0,0.0,0.06872820222202505,0.0,0.06667500121224756,0.062484550028549676,0.06498201090593983,0.0697779591292797,0.0697779591292797,0.06361321023275483
514,0.04927334153843126,0.05071333064507575,0.051781036853712735,0.05750422927269194,0.05432489062561827,0.05243136220930397,0.054726480958314214,0.0,0.058225355679410104,0.050284960259275875,0.053867592497725554,0.041723052790854205,0.0572199599945856,0.05265822349520544,0.04862153218358139,0.053849922301728276,0.04966069995264628,0.05172634338991162,0.053995500621024095,0.0574121847309033
515,0.0,0.06585047358340798,0.06650857264174034,0.06757798361153045,0.06757798361153045,0.06757798361153045,0.06650857264174034,0.0,0.06768052986890757,0.06409141086070794,0.0,0.06583469723611919,0.0680086778925144,0.0,0.06521941969185639,0.0680086778925144,0.0674754373541533,0.06516814656316783,0.06691143293857908,0.0
516,0.0,0.0743877183349237,0.07772417053343202,0.08274780594595871,0.08274780594595871,0.0742827250839217,0.07563888790936432,0.0,0.0803436991190377,0.07848245512400208,0.0,0.0,0.0,0.0,0.0,0.07563888790936432,0.07563888790936432,0.07762938495961075,0.07222660725179901,0.07251096397326279
517,0.048982133891681205,0.039796259063966624,0.05450330081131277,0.05732454417252862,0.06149512441330583,0.052267856233006726,0.04244543362937586,0.0,0.059434260679984606,0.06626584866074613,0.043894200969834034,0.036046711209018915,0.057312546099315714,0.0643948860093261,0.05022393446921678,0.057492342568019036,0.04954784304366963,0.04085057210332526,0.05962367495195138,0.05809852702041463
518,0.0,0.07568244945327665,0.066330489153143,0.07775812844672095,0.07775812844672095,0.07227620700249626,0.07242523010971791,0.0,0.0682216172670503,0.07264876477055036,0.0,0.07520344660863566,0.0,0.06243003741820922,0.07568244945327665,0.06425024822784499,0.06341085276675983,0.07592195087559714,0.0,0.0
519,0.0,0.09207810266642708,0.08475042119768524,0.0,0.0,0.08739499796835898,0.09466382758661707,0.0,0.09607251549713222,0.0,0.0,0.0,0.08822142820919454,0.0,0.09328331343431226,0.0873010854409913,0.08822142820919454,0.09472956635577445,0.09328331343431226,0.0
520,0.0,0.05400843125641337,0.05540069666577022,0.058534752990887846,0.05887726798395754,0.05495944798468233,0.05612008114111997,0.05351443658473506,0.05404462860751252,0.057971545347644406,0.05706847102313336,0.05623531213019737,0.05226178510234877,0.0,0.05694611901787703,0.05730475928725274,0.055174928084642465,0.05775014648099008,0.05393476150075172,0.04989242881008324
521,0.0,0.0761920272480938,0.07790676105004386,0.07772082605947096,0.07958017596519994,0.07426774766311715,0.07690271210095022,0.0,0.07831144308834957,0.07958017596519994,0.0,0.0,0.0,0.07883643600290835,0.07610938947450585,0.07690271210095022,0.07251464632342984,0.07517494695778053,0.0,0.0
522,0.0,0.05395872122689735,0.05328782304666239,0.05141922289343655,0.039694037849901595,0.05033779164698772,0.054571708729950735,0.05337689056369358,0.05105174861440386,0.051934595561011994,0.051633712016083085,0.05739583505667252,0.053073525261324174,0.05141922289343655,0.05600940492045763,0.05154117433605067,0.05520696424987109,0.05520696424987109,0.05083917321336038,0.058041483669927216
523,0.0,0.06361967677678461,0.06048474281534505,0.06044448942600966,0.06043160834142234,0.060952832228473634,0.06298206308971216,0.0,0.06219685364174329,0.06253518853979813,0.0,0.06517828801185059,0.06370233040288659,0.06258060262007394,0.06358425379416947,0.06357062957008672,0.06228004397970309,0.06287579414186674,0.06258060262007394,0.0
524,0.0,0.057143014984806895,0.06216053914103192,0.061994526840290276,0.05621422447261526,0.05649435485860746,0.04749058549882809,0.0,0.05751393389674967,0.06730541126128907,0.0,0.053138165863105956,0.0636878523078551,0.06099734628716876,0.05429930332657898,0.05823881779043494,0.05596597459696918,0.059698023346697444,0.06566339868668074,0.061994526840290276
525,0.047922373833313964,0.04861337323333055,0.049564173368368325,0.04691153324190392,0.04696987944656486,0.049893693852144046,0.052952734813332625,0.049758341274439025,0.051575294408593486,0.04941194753444924,0.049713261716732834,0.05194496173449541,0.048668990527093864,0.04887181535343886,0.0538503284819566,0.050197141076667874,0.04826245264812308,0.05174836554032148,0.05166518831457804,0.05150414960015171
526,0.0,0.06873284994655898,0.07322368411253309,0.06907692380803161,0.06907692380803161,0.07193745944066693,0.07399822267515549,0.0,0.07355663055347936,0.07356626847676992,0.0,0.0,0.06930630638234671,0.0,0.07356626847676992,0.07138167253091186,0.07176397682143702,0.07003190432150672,0.0707809086458009,0.0
527,0.0,0.06225495809849385,0.06081772129318519,0.057754403928868076,0.058011036869914136,0.06080791620054334,0.05869459189980313,0.0,0.05758651321977253,0.059478781420203596,0.0,0.0578439456403857,0.06260224815400198,0.05773761485795852,0.056279364127528625,0.05473237116514824,0.061528716216035256,0.059089534805961234,0.052178033948194556,0.06260224815400198
528,0.0,0.06286079202936921,0.051253938434392014,0.05340996427511927,0.05340996427511927,0.05738746022266782,0.06335194332433851,0.06450234549706775,0.058398322171351394,0.04705446741260111,0.062271973937694736,0.062271973937694736,0.05741472031950461,0.0,0.04960346348045599,0.062348443819730384,0.06084453613969601,0.06616925476775706,0.06744643595544016,0.0
529,0.0,0.10321893969361591,0.09303080062267174,0.08713420169669513,0.0868268500152253,0.07933515277939833,0.0,0.0,0.09860866447156855,0.08695491321583772,0.0,0.0,0.0,0.08713420169669513,0.08740313441798121,0.08713420169669513,0.0,0.10321893969361591,0.0,0.0
530,0.0,0.0717404442302464,0.0720721919492302,0.0,0.07184411539242884,0.07768638411664833,0.07754602931246289,0.0,0.07937064176687376,0.0855743241118708,0.0,0.0,0.07686179964205879,0.0,0.0,0.0791425652100724,0.0725935097933476,0.07614248127060834,0.07754602931246289,0.08187948389168875
531,0.0,0.11991970743975174,0.11706101542401624,0.0,0.0,0.09441297601605851,0.11299101323212164,0.0,0.11618887209718169,0.0,0.0,0.0,0.0,0.0,0.0,0.10233148368192148,0.11146822329637876,0.12009736626558841,0.0,0.10552934254698153
532,0.0,0.07201042763816665,0.0726112255385838,0.0,0.0,0.06927448643011307,0.06887822051709631,0.0,0.07041159731094379,0.06984186716920526,0.06984186716920526,0.07580515452905176,0.0,0.0,0.07402967738631429,0.068626051299722,0.07341212011927517,0.07140505900139804,0.07819818893882834,0.06565405695209625
533,0.0,0.06095468958392484,0.06162273847556014,0.06708165227578014,0.06708165227578014,0.05897917357580326,0.0611765772515037,0.0,0.06251506092367302,0.06601086533804468,0.0,0.061862690730514876,0.06078290558321862,0.0,0.057498559093525824,0.060216018380888074,0.06270402332444988,0.06270402332444988,0.0644046849314415,0.0644046849314415
534,0.0,0.05399325739007919,0.05391321480616093,0.056669714667596426,0.05678784522270919,0.05687110748786097,0.05548344308156128,0.0,0.05499340361124863,0.05542589554179864,0.057783597024438325,0.06079145598969295,0.0515852958415711,0.058265784528055996,0.05650309266991138,0.056994913609430216,0.052906812597897444,0.05508100333854519,0.05417449661857268,0.051775665972869506
535,0.0,0.09861491976814317,0.11875458648135549,0.0,0.0,0.14461342832610885,0.13000502099011552,0.0,0.13864171818875953,0.0,0.0,0.0,0.0,0.11875458648135549,0.0,0.14394495331073395,0.0,0.1066707864534281,0.0,0.0
536,0.0,0.08111921721750578,0.09119132632760679,0.0,0.0,0.08328859456429677,0.06951968936323562,0.0,0.08966623774170486,0.0,0.0,0.0782370444567692,0.09183051786728628,0.0,0.0,0.07712911245465809,0.07263109791617281,0.08328859456429677,0.10099226326935892,0.08110630425710823
537,0.0,0.069398793473955,0.07127885501683011,0.0,0.0,0.0645789993367661,0.0700363795624083,0.068565027050593,0.06494970373584684,0.06978414770323997,0.0,0.068565027050593,0.06679940403641464,0.0,0.06709367453877771,0.06097284808962605,0.06611277286423417,0.0719491378277682,0.05326296092771388,0.06665226878523312
538,0.0,0.07183959077417396,0.0729387757696258,0.0744619321204662,0.07429967147828045,0.07200783337551861,0.0,0.0,0.06731199543576519,0.07164330773927184,0.0,0.0,0.07238918327189987,0.07498011933260779,0.06979824721119196,0.06893460185762265,0.07388093433715595,0.0,0.06367421652224597,0.07183959077417396
539,0.0,0.06610064004041319,0.07185225417379978,0.0733116189539128,0.07349651584913074,0.06682173793176314,0.059851124982046845,0.0,0.06610064004041319,0.07198960615310454,0.0,0.06826393371446307,0.0685042996782464,0.06429789531203828,0.0,0.06895498586034012,0.058168563235563596,0.05798828876272611,0.06429789531203828,0.0
540,0.0,0.05992564801221059,0.056407442675319774,0.05667088949077554,0.056916441805558826,0.0559970053186259,0.06247367840328596,0.0,0.05942600996047324,0.05413638752824624,0.06209888802809041,0.059811374358793426,0.06125884063541072,0.05848022233654716,0.05926488198905016,0.05225525576002335,0.06247367840328596,0.060304467266212504,0.06209888802809041,0.0
541,0.0,0.05707685793114879,0.05943549816292951,0.06022916383333915,0.050071056225894015,0.053768775759255136,0.054254744463885084,0.0,0.06724530444450473,0.05382394652144172,0.0,0.05745692318176748,0.05613787319432613,0.059060223650764,0.06551430649488382,0.05865892885327437,0.055914305399844544,0.06052660620338856,0.07176526202858896,0.059060223650764
542,0.0,0.05574909194562642,0.05966284277317455,0.06437334829259388,0.06319344716622552,0.054501080293215105,0.06054227955571164,0.0,0.061159428175035925,0.06107028448557796,0.0,0.04940127757543384,0.04971474989001126,0.06626119009478328,0.05732135152342874,0.06319344716622552,0.05947618556821225,0.054936023129691265,0.06269201391302454,0.056751958452028364
543,0.0,0.05897803729820379,0.061909581336571005,0.06173600307114137,0.061909581336571005,0.05485624229689046,0.06046309579132402,0.0,0.053744974036732465,0.06173600307114137,0.0,0.06046309579132402,0.06046309579132402,0.06046309579132402,0.0562200715252662,0.05637160810619684,0.06075239290037342,0.06205422989109571,0.05218919847251126,0.05568969349200897
544,0.0,0.08630793819925411,0.08279168886521043,0.07831646244006392,0.07831646244006392,0.08076718167288226,0.0,0.0,0.08763985082578582,0.07831646244006392,0.0,0.08801278636121469,0.0,0.0,0.0831646244006393,0.08204581779435267,0.08801278636121469,0.08630793819925411,0.0,0.0
545,0.0,0.06909578266954536,0.06045880983585219,0.0,0.06504295421539463,0.06296711525107353,0.07597570609415245,0.0,0.06331308841179371,0.063832048152874,0.0,0.06642684685827537,0.06902164556367675,0.0,0.06642684685827537,0.06331308841179371,0.07196241742979832,0.07449955394174633,0.063832048152874,0.063832048152874
546,0.0,0.07888279112187241,0.07927061212050503,0.0,0.06949752295496331,0.0814967046526562,0.06904506512322527,0.0,0.07093246064990395,0.08285407814787031,0.0,0.08831976875526586,0.0,0.0,0.07017620970257037,0.08687190369370412,0.07597898139461076,0.0820629233106598,0.06461097837219244,0.0
547,0.0,0.07525918341226162,0.0,0.0,0.0,0.08191475745552285,0.07525918341226162,0.0716754127735825,0.07705106873160117,0.0806348393702803,0.0806348393702803,0.0,0.0,0.0716754127735825,0.07884295405094074,0.07679508511455267,0.08242672468961985,0.0761551260719314,0.0716754127735825,0.0
548,0.0,0.08103211399705917,0.08200157455182476,0.0,0.0,0.08431595623214226,0.08495925082060113,0.08139155382138964,0.08657611384753221,0.08397952055656896,0.0,0.0,0.0,0.0,0.08139155382138964,0.07563332783561565,0.07880358708621032,0.0899577237148332,0.0899577237148332,0.0
549,0.0,0.09666621635820537,0.08035504320459513,0.0,0.07209938808083537,0.0,0.10053553350711904,0.0,0.0905370178572322,0.08189609882769697,0.0,0.0,0.09631597644386404,0.0,0.1012693695181199,0.0,0.09649943544661425,0.10347087755112251,0.08035504320459513,0.0
550,0.0,0.07187980271318771,0.07118345140541255,0.06849887227466378,0.07123846787442414,0.07186722752027078,0.07268461505987141,0.0,0.0681575456097756,0.06986777184647847,0.0,0.0,0.07403644829844168,0.0,0.07431939013907267,0.06979232068897687,0.0744372825726689,0.07224448330777875,0.06979232068897687,0.0
551,0.0,0.05774197585847481,0.05787911662251275,0.059738373959964626,0.06259475893594238,0.058427378931374965,0.05831530044146676,0.058540535099070735,0.05745940874257164,0.05591031550242261,0.058540535099070735,0.058540535099070735,0.06133988012929163,0.0,0.05823339692961077,0.06078500633743208,0.057191245347718994,0.05797723062657181,0.06078500633743208,0.0
552,0.0,0.04643672067485765,0.05430987700744038,0.06613875399010359,0.056475842355001235,0.055197267518244886,0.05579827874698078,0.0,0.05713086746462598,0.06231623137008091,0.058786273216584445,0.047026576902608024,0.05786301649844848,0.06228905325023969,0.05644907788815635,0.054299581296159354,0.05321057739992558,0.05291890271480488,0.060446844041091935,0.04290625766464587
553,0.0,0.07777507686190387,0.07732714799892393,0.0,0.0,0.07313028068230311,0.07814835091438714,0.08325992008206633,0.07833940628655613,0.07594451043717464,0.07594451043717464,0.0,0.0,0.0,0.07436076195735272,0.07318641784646436,0.07855392459916694,0.0780851814593515,0.07594451043717464,0.0
554,0.0,0.05637771325360628,0.053936660157158714,0.05843972083818309,0.06275067233507348,0.05804399732379005,0.05797394971319633,0.0,0.06286596162880168,0.052890494544395476,0.0,0.04572198582389605,0.05692960351889007,0.06310417067492845,0.0612598194465014,0.06646032386936794,0.06469852033019274,0.05983056516974079,0.06384945838360229,0.05486638298867526
555,0.0,0.05291088923278663,0.05657244407288338,0.06113175420779102,0.059727613046506936,0.05596393722328621,0.057464221007878596,0.0,0.05991843076475503,0.055876208581881866,0.04557824797680221,0.04483152844337887,0.05768644699345166,0.054208057268137835,0.055934019126404964,0.05925623031639324,0.05114449007365832,0.05393599489733589,0.06312640575293485,0.05473308101373239
556,0.0,0.07134709731341916,0.07235606784861721,0.07862993250631144,0.0772721157754332,0.07480335808292736,0.0,0.0,0.06653301981303275,0.06937209115941449,0.0,0.07016209362101636,0.070853345774918,0.07574971519838794,0.06998928058254095,0.06492832731290395,0.0723346003904215,0.0656689546206557,0.0,0.0
557,0.0,0.0712343710712428,0.06946252781105118,0.07175181202333412,0.07175181202333412,0.07272920048839557,0.07692622154424764,0.0,0.06748292416858048,0.07244173329278926,0.0,0.0,0.07244173329278926,0.0,0.07459773725983655,0.06985452853233251,0.06266784864217484,0.07835534417383329,0.06830220567605845,0.0
558,0.0,0.07008706279128131,0.06844845903133781,0.07075756367335884,0.07459322313112593,0.06776931060721397,0.05723908265382498,0.0,0.06655707285328487,0.06419059915183474,0.0,0.05340342319605789,0.0,0.0710928141143976,0.06764170663311617,0.0665817236210083,0.06381590748243846,0.06496846782221881,0.07285358323750038,0.0
559,0.0,0.057157566138470256,0.06019976773753143,0.06532414641428379,0.06275416926636847,0.056284409756779494,0.05791015173302506,0.0,0.0614783844673207,0.061316762134287696,0.0,0.059047171925739106,0.05645227378729856,0.06214672012231576,0.05285119065640146,0.05767719464768043,0.057168455586440556,0.057450893479059933,0.058328468359698724,0.05645227378729856
560,0.0,0.053091431549511535,0.05122107368198701,0.04984187369713279,0.04813636828810668,0.05172715360425986,0.05630172217400973,0.053305177366813415,0.053704004611803025,0.052121402927851,0.058631862955589156,0.05429902667780588,0.05101666653944147,0.049605025666856484,0.05500170117918579,0.050474249596852545,0.05277494074795285,0.05555226398173996,0.05440003399890385,0.0487940207541969
561,0.0,0.05509731490440232,0.05418347169027026,0.05016146720387771,0.0515884908367164,0.05564698825945465,0.057282468174459665,0.0,0.05796980156373636,0.05562466771063246,0.057948396275514014,0.057572733467211985,0.048522989246965506,0.058404971073296494,0.058871900679256524,0.05454386241216791,0.05405859007316251,0.05371049632027304,0.06279669405787362,0.05601469605072854
562,0.0,0.05021103524455126,0.05128409321888424,0.055146030158599584,0.05390970124814608,0.05428115550683932,0.05497454729726164,0.05320970284932511,0.05459882642129644,0.05193032955744489,0.05175567108756363,0.05258807747697499,0.049899924845075265,0.05285601944781555,0.05400352559493542,0.05479667943576746,0.0505631753276847,0.05269800811334486,0.05216294288324129,0.04913055428524834
563,0.0,0.06517835845413347,0.06085658000987259,0.06603802505244938,0.06261275606071795,0.05937326437023296,0.06187254962606411,0.0,0.060958176971491744,0.06121216937553962,0.0,0.06357067027026995,0.06461566758978124,0.06814253354313184,0.06197414658768327,0.059450609153917214,0.062228138991731144,0.058418252931012916,0.06349810101197056,0.0
564,0.0,0.05661693502529588,0.05902453361764645,0.050801416454512346,0.05257897408642621,0.06290958637312569,0.06233675774581513,0.0,0.06176942493187224,0.06557379181936317,0.0,0.061460202992741214,0.04807932635398005,0.061460202992741214,0.06229104173828521,0.061362542999843936,0.060333204024503304,0.05746725757418932,0.0523428409692716,0.06359196030038698
565,0.0,0.07161488220687354,0.07467534725844932,0.07271664962544082,0.07528744026876448,0.07368069611668719,0.06977860317592806,0.0,0.08713978674123074,0.0,0.0,0.0,0.07436930075329175,0.07271664962544082,0.0,0.0795720913409706,0.0,0.07712371929970996,0.08593785864824824,0.0853869749389646
566,0.0,0.06076988749206438,0.05845484415903335,0.0595544897422231,0.06178271895026546,0.06334092119365171,0.062289134679366,0.0,0.06337431124172427,0.06178271895026546,0.0,0.0,0.060769887492064384,0.0595544897422231,0.06532762905396922,0.06713625665789968,0.060217433969409255,0.06228913467936598,0.07562474887901346,0.057731393117461165
567,0.0,0.04433491705270464,0.04621931823487342,0.05628824558613106,0.05294933137820286,0.05399048254669063,0.042347419367674166,0.054143357910201785,0.06001655571052627,0.0482533195252772,0.06341142682306573,0.0504771802111842,0.04434056047803893,0.03942910417225283,0.06209651670238941,0.05702714317643499,0.04925109648149912,0.0539358842025795,0.05524214958543823,0.06624599085483512
568,0.0,0.07305733245510611,0.07027250307522778,0.0,0.0684001497049266,0.07412386285591059,0.0805230452607374,0.0,0.08220488166200599,0.07554590339031654,0.0,0.0,0.0,0.08301161619594782,0.0,0.07872010101175841,0.07238186320126329,0.07690869223578893,0.08432700369027334,0.0805230452607374
569,0.0,0.06705191584385882,0.06705191584385882,0.06628361264148128,0.06628361264148128,0.06592041476399371,0.07014259008978668,0.0,0.06809960202891911,0.06673760998834073,0.0,0.0,0.06673760998834073,0.06628361264148128,0.0,0.06381905561567278,0.06900759672263805,0.06719160733520019,0.06265163386660559,0.06673760998834073
570,0.0,0.05868900229831851,0.05853337349222537,0.06038990726022711,0.05651557359826992,0.055802001397420746,0.061250340015954,0.0,0.06137428303048493,0.058916258407666414,0.0,0.05792442220261799,0.06055051147606454,0.05659257029254549,0.05800942612887401,0.0587956090420908,0.060004457142217284,0.059801190111571874,0.060258503810905584,0.05659257029254549
571,0.0,0.07310831105956744,0.0790610745214553,0.07529198810840068,0.0,0.06730511451883255,0.07529198810840068,0.0,0.07943285515403552,0.06908360118126958,0.05617733558505223,0.06402168069681577,0.0,0.06892043726728453,0.07027651068573804,0.08062255317829221,0.07105027022450269,0.07035627971035295,0.0,0.0
572,0.0,0.05283433821512923,0.0516570390095141,0.05491493521564409,0.056984844217868647,0.05308609995263445,0.06050119565538263,0.0,0.05737079971168562,0.049960454230399784,0.05854351063520641,0.057608310784803746,0.05517679117375684,0.05181007171230727,0.05879289726198045,0.05223337269722637,0.05205945833908131,0.05407699614968331,0.059449935105596666,0.06293894993209889
573,0.0,0.052343508178502175,0.05066640787620785,0.05501217534943762,0.053326626948174236,0.05348025145327524,0.053649246686960764,0.05126747249215179,0.05237307659040285,0.05342462661381727,0.05276946618243837,0.053761587080331304,0.05266745216012123,0.05251551638220207,0.056887123083239795,0.04931053967255298,0.051282468750751604,0.05299052439119109,0.054129993618998534,0.0481419364892433
574,0.0,0.07042618658698153,0.07395402895775798,0.07793192529353059,0.07200033847376537,0.07064395463456033,0.06276075131220804,0.0,0.07064395463456033,0.0643896563080974,0.0,0.0,0.07167181981913223,0.07793192529353059,0.0,0.07186345570100157,0.07186345570100157,0.06860564570922283,0.07531290157464965,0.0
575,0.0,0.0,0.10498378059569449,0.07549395458566796,0.07549395458566796,0.0917723385432026,0.09790622235328814,0.0,0.10262459451489238,0.0,0.0,0.0839870244765556,0.0,0.0,0.09023886759068123,0.08935417281038044,0.0,0.09790622235328814,0.09023886759068123,0.0
576,0.0,0.08443253156521126,0.08532129505537138,0.09332016646681245,0.0,0.09282640897227905,0.10665161881921423,0.0,0.08887634901601185,0.1102066727798547,0.0,0.10220780136841363,0.0,0.0,0.0,0.067546025252169,0.07617972772801015,0.09243140297665232,0.0,0.0
577,0.0,0.06261186912213067,0.06317344064793573,0.060273852211906384,0.05777698439199223,0.06208858091415384,0.056711323684733576,0.0,0.06573210961900217,0.059756068562615436,0.0,0.06481884202234922,0.0,0.060273852211906384,0.06380884428669525,0.06609987712503944,0.06093639258035396,0.06067657282802157,0.07044254776881488,0.06481884202234922
578,0.0,0.11662873362215172,0.1149415186692092,0.0,0.10466005254971572,0.11059166761865427,0.1149415186692092,0.0,0.10342979164652848,0.0,0.0,0.0,0.0,0.0,0.1149415186692092,0.10896596571087111,0.0,0.11089923284445109,0.0,0.0
579,0.0,0.06238505498777037,0.061389359880308594,0.06085620848731102,0.0597349416401821,0.06387263616233235,0.05635355259923251,0.0,0.06497694267059714,0.060865002737092416,0.0,0.06265902969249869,0.06655048522076966,0.059609494253594436,0.06265902969249869,0.06693401222512532,0.0589801018672783,0.06523734383295558,0.06693680405045274,0.0
580,0.0,0.05739781825388857,0.055480127009544286,0.04955089702725794,0.04862730620674522,0.04808826082550789,0.05509087116239489,0.05008816822946526,0.05307497195226249,0.05454043625494309,0.03869147958659074,0.05470641565097635,0.06004314969075881,0.04627336595984525,0.055434431102064925,0.050550879797320196,0.05466406262270085,0.0569018069958252,0.06022313242466388,0.05057241924724422
581,0.0,0.07175488951093577,0.071219921910863,0.07073215733432608,0.07073215733432608,0.0726548938263523,0.06976397087380225,0.0,0.07034472232153982,0.07175488951093577,0.0,0.0,0.0726548938263523,0.0,0.07226216467053419,0.07014579088640319,0.0715243098929365,0.0719639814225982,0.07249125667809476,0.0
582,0.0,0.06152766064159543,0.06475735179819746,0.06104116285977817,0.06374551817635062,0.05837973381807194,0.06291765430393047,0.0,0.06084799462288013,0.06799521938810733,0.0,0.06181383580737029,0.06497477059297445,0.0,0.06353088680201946,0.06335918170255454,0.05988215343838997,0.06095531031004571,0.06052604756138341,0.06374551817635062
583,0.0,0.06891282458453589,0.07093828696125157,0.07042956617826251,0.07183639896084953,0.07157476237628303,0.06990200388479238,0.0,0.07021233464565717,0.06874796136782647,0.0,0.06779175471091185,0.07623275140643394,0.07113298256955601,0.0,0.07391147731516537,0.0,0.0741884475192372,0.0741884475192372,0.0
584,0.0,0.05849447790242901,0.060818390399943974,0.06181415749717227,0.05872016687364148,0.05292769052342273,0.05037879368509213,0.0,0.059759232293873546,0.06027263343319384,0.0,0.05564806124125856,0.06108648154150544,0.06112903569095964,0.059969435118332665,0.059979148565490685,0.057328418217831315,0.060075394950473614,0.06223544357676887,0.059363038488610305
585,0.0,0.07237962988684175,0.06912343137848505,0.07082231755675812,0.0,0.07230884296274703,0.07483821144691698,0.0,0.07302695767954996,0.07153903516321707,0.07153903516321707,0.0,0.07153903516321707,0.0,0.07056571495691479,0.07252120373503117,0.06272227095677764,0.0728542240370222,0.07422008991330424,0.0
586,0.05773402941138605,0.05612047329183311,0.056960859127274256,0.0589414207864103,0.0581751350403142,0.05691402905865674,0.05570648315401964,0.0,0.05232561910845478,0.05804093012819703,0.0,0.056631760221970244,0.05575680724671412,0.05750885768981279,0.05034839694378285,0.05331520496014821,0.05537239786376676,0.05422281508636549,0.050462483949379966,0.05546229693151352
587,0.0,0.06002864608233493,0.060408355747030545,0.06155899109459302,0.05799202151714932,0.05701095348396447,0.06276377398792315,0.0,0.06259276503966871,0.05925772039946806,0.058941295678888374,0.04780889869122132,0.0,0.0517354418147783,0.06083025537447012,0.06054924987122188,0.060063165142761804,0.06014438646141328,0.05544624081066732,0.06286783880244536
588,0.0,0.07325506482611721,0.0688317103962633,0.0,0.0,0.08380306385115346,0.08030366212897384,0.0,0.0815537092832968,0.0,0.0,0.07654560897515487,0.07654560897515487,0.0,0.07547753071038527,0.07387541331323086,0.06830426433958696,0.07820706405368538,0.0878197684366118,0.07547753071038527
589,0.0,0.06829308293766936,0.06861370774019364,0.0,0.060790462558601474,0.06680654976232958,0.0679724581351451,0.06829308293766936,0.06633085914622083,0.07002445687130042,0.0,0.0,0.06444558530737814,0.0,0.06059808767708691,0.07139245602873731,0.06444558530737814,0.06765183333262083,0.0660487093199995,0.06829308293766936
590,0.0,0.049063368296000644,0.049645154896891766,0.05765224099998141,0.051555883020200706,0.046019766178544655,0.053900835633702064,0.05355492345827031,0.05616318657060066,0.050491096969212244,0.05700032307670292,0.04671535591102395,0.05502077338074959,0.05617952017778243,0.051555883020200706,0.05180439820684297,0.04884099919943514,0.0503206101154866,0.05979394957083848,0.054721731317532586
591,0.0,0.0698995629587031,0.08302001722237072,0.07130761170895035,0.07130761170895035,0.07410782896038193,0.058936897688920874,0.0,0.06127023561790205,0.06718404036894053,0.0,0.05682482456355,0.0,0.0,0.06718404036894053,0.06427651113141697,0.06260788193063695,0.049885155723045665,0.06851665793613881,0.0736711221111511
592,0.0,0.057749755905666306,0.0576967258267814,0.06299973371527233,0.06261791714730099,0.05536340235584539,0.054545223995906784,0.0,0.061784862817181686,0.05650885205975943,0.0,0.04799979711639797,0.06414518341918637,0.06327245983525187,0.05854520708893995,0.06198904280005406,0.05822702661563049,0.05373714660337483,0.06363609466189125,0.05918156803555886
593,0.0,0.05362592374954684,0.05352660518430356,0.06413242122175417,0.06419972395598302,0.05970508844165009,0.06769510644459713,0.0,0.07176788291225476,0.053962078893447174,0.06627548196956755,0.0,0.06165284680279653,0.06692489431738978,0.06479279767415001,0.06322289665547264,0.05590456356646697,0.06498509120051817,0.0676265970101016,0.0
594,0.0,0.06396186559183326,0.06208557850105489,0.06381356777983799,0.06319077777147643,0.06286639631041373,0.06123457838623812,0.0,0.05781007695601699,0.06167556493062035,0.0,0.0332517407242157,0.06274519186805809,0.06395925540417162,0.04055449874961298,0.06530240204225134,0.06328626046506605,0.05465793650306833,0.06001170080571721,0.059592607210346864
595,0.0,0.09834050399508298,0.09834050399508298,0.0,0.0,0.09834050399508298,0.09834050399508298,0.0,0.10141364474492932,0.10817455439459128,0.0,0.0,0.0,0.0,0.09219422249539029,0.09834050399508298,0.10325752919483713,0.10325752919483713,0.0,0.0
596,0.052172908528526116,0.05022050684591519,0.05257561834704507,0.0584369234617163,0.05618775078533075,0.05260638382487922,0.0503477966284781,0.0,0.05318312100598261,0.05219283611354537,0.0552298000704792,0.05151588432833258,0.052029914641428525,0.05592486251384183,0.055637105674283385,0.05274877506704162,0.05231287608997085,0.05128904294861417,0.0473720211709716,0.048015871953617395
597,0.0,0.049145207997652686,0.0529269219359817,0.05236457339041189,0.05797388199201995,0.05566363107023246,0.05425009498438124,0.06134230252380279,0.05715905557933595,0.054685461600306254,0.05901351795861959,0.0589757130143796,0.0,0.053518458122325016,0.053873499578298296,0.0546402613960888,0.05378058196720721,0.05179054978853268,0.06299957676692321,0.05589671033350067
598,0.0,0.08195294388381291,0.07235485135687988,0.0524203514932497,0.0524203514932497,0.06737122639097233,0.07752305502522844,0.0,0.08449602822855587,0.07137043161052777,0.0,0.0,0.08195294388381291,0.060910971805536625,0.0671866476885313,0.07248909041320062,0.08582909663507435,0.0717220100913678,0.0,0.0
599,0.04746360080670736,0.049607707566936846,0.05027771335818033,0.05102515724011148,0.04314354656738475,0.04419944693724138,0.0510047970988695,0.055901104606249766,0.05202593904907571,0.04942886840405794,0.06039361651723618,0.04364522136301563,0.053524830089780095,0.04821646864738374,0.05185025993056104,0.04960218719552745,0.04967270739473432,0.049754217721340054,0.053184269170554445,0.046078340335052016
600,0.0,0.045640133329923116,0.05476056040302482,0.05558619534685039,0.052072763783226665,0.054397321812425424,0.05208434943469895,0.0589748028005857,0.05213086338123622,0.06103973546770565,0.0505575887728778,0.048949336961132114,0.048086729171195795,0.06073852198114609,0.0490792967034954,0.05328595731567801,0.051564425533646346,0.046684991512549276,0.04575003389177708,0.05861639239682523
601,0.06055737630491397,0.057612375478296056,0.058550601651534764,0.060658025683814114,0.060658025683814114,0.057334732302722645,0.05969682411531783,0.05721078445648452,0.05876841476381805,0.05889546334617009,0.0,0.0,0.059746081311355316,0.0,0.06103546085468961,0.057461209696843187,0.057334732302722645,0.0585443887269113,0.058724718864107364,0.05721078445648452
602,0.0,0.06140254446069171,0.05547416800654658,0.0,0.050340334022116594,0.05755849276147086,0.0615484858637545,0.05702150844555125,0.05914992148925094,0.06501623767076443,0.05958813782801922,0.05702150844555125,0.06138742440541944,0.0,0.059072165941852973,0.059418793208969777,0.05745621003462903,0.06344852667674478,0.06646776297690243,0.04862777776176425
603,0.0,0.05043045112064615,0.049054846121289034,0.044410650975650584,0.054859438876227504,0.053267548152707636,0.05954986044085486,0.06155340002492201,0.057597598754092254,0.05846037387205212,0.0678897586258182,0.05529007160133345,0.0,0.056089963251176315,0.05818724013795944,0.054561714977086305,0.05079157953719793,0.05852247705351963,0.05144535957484373,0.05803766690262296
604,0.0,0.0617993530279209,0.060189913492680484,0.058508205434619806,0.06101206184376671,0.05551304326742248,0.06175339530275698,0.0,0.05916035832073057,0.06064696306943565,0.0,0.05972114469600852,0.0571311970943959,0.055197525808124044,0.0571311970943959,0.05443126912125641,0.06117432796569161,0.061266043599823086,0.055970994322632785,0.05939300653833814
605,0.0,0.057462313419689715,0.05896284507237019,0.05562535278858829,0.059002415513121215,0.0611861069162211,0.05795866089467381,0.0,0.05727210805846266,0.05809402838785129,0.0,0.054823834736879525,0.06746581749755659,0.058942404417967637,0.061075675540207895,0.06101996719335154,0.05909350867582336,0.05739431719042974,0.05356277966885774,0.061057864027947696
606,0.0,0.043887931953706445,0.05077185897287259,0.05408070679512798,0.052666490177988884,0.05232077877671309,0.05285053532915897,0.05669236116832555,0.05497836847964018,0.051628440182002376,0.056427538400441256,0.04850196958788491,0.04859127189554646,0.055326111186673174,0.05632506519157812,0.054978616153316937,0.05174953675135624,0.05254222533210666,0.05472610406545321,0.050954089600107035
607,0.0,0.0603879670482039,0.05577683893578615,0.05483922089709521,0.05559388907457817,0.05386224736500486,0.05767253651080316,0.0,0.06343329062734056,0.05383299666045126,0.0,0.061505456464861365,0.063958128041681,0.05584544513373915,0.06808185058292716,0.05845248065595302,0.049322955885493555,0.06304381851896125,0.06371555612749004,0.0606753214696301
608,0.0,0.05363274486904458,0.052357152763191694,0.05146961995876996,0.04178012661225031,0.04590104887754669,0.05899708801536876,0.048554758828451866,0.056602908497351286,0.04740485948346399,0.057882706796867,0.05521826504603999,0.06096883734266028,0.04705559790635056,0.05780828786518181,0.0487560115835368,0.05324455925524156,0.05865808777544226,0.05738676851222759,0.046320570011012974
609,0.0,0.06476437979827741,0.0671136474936023,0.06532269341722809,0.06532269341722809,0.06820288272133868,0.0699145380792101,0.0,0.0668779956414478,0.06532269341722809,0.0,0.06532269341722809,0.06532269341722809,0.0,0.0,0.06695205765212493,0.06376739119300837,0.06754455373754197,0.06774205243268099,0.07050703416462714
610,0.0,0.04973317804506132,0.05151137444252951,0.05445020031391124,0.05258561399252922,0.05164252446422237,0.0525980839243913,0.05420499380713955,0.05444634122504169,0.05050123443400242,0.06051832988375681,0.04893346493514039,0.05078402048678591,0.05600450098006474,0.05327057608020124,0.051976271918711646,0.05145752369728533,0.05031324352144603,0.05347253653450386,0.05159598731327542
